solid p1
   facet normal -0.000000e+00 1.000000e+00 -0.000000e+00
      outer loop
         vertex 3.922753e+01 5.250000e+00 7.708221e+00
         vertex 3.875000e+01 5.250000e+00 7.750000e+00
         vertex 4.925000e+01 5.250000e+00 7.500000e+00
      endloop
   endfacet
   facet normal 0.000000e+00 1.000000e+00 0.000000e+00
      outer loop
         vertex 3.875000e+01 5.250000e+00 2.250000e+00
         vertex 3.922753e+01 5.250000e+00 2.291779e+00
         vertex 4.925000e+01 5.250000e+00 2.500000e+00
      endloop
   endfacet
   facet normal 0.000000e+00 1.000000e+00 0.000000e+00
      outer loop
         vertex 2.125000e+01 5.250000e+00 7.500000e+00
         vertex 2.125000e+01 5.250000e+00 1.000000e+01
         vertex 2.825000e+01 5.250000e+00 7.500000e+00
      endloop
   endfacet
   facet normal 0.000000e+00 1.000000e+00 -0.000000e+00
      outer loop
         vertex 2.825000e+01 5.250000e+00 7.500000e+00
         vertex 2.125000e+01 5.250000e+00 1.000000e+01
         vertex 5.625000e+01 5.250000e+00 1.000000e+01
      endloop
   endfacet
   facet normal 0.000000e+00 1.000000e+00 0.000000e+00
      outer loop
         vertex 4.085662e+01 5.250000e+00 3.232334e+00
         vertex 4.113157e+01 5.250000e+00 3.625000e+00
         vertex 4.925000e+01 5.250000e+00 7.500000e+00
      endloop
   endfacet
   facet normal 0.000000e+00 1.000000e+00 0.000000e+00
      outer loop
         vertex 4.925000e+01 5.250000e+00 7.500000e+00
         vertex 4.113157e+01 5.250000e+00 3.625000e+00
         vertex 4.133416e+01 5.250000e+00 4.059444e+00
      endloop
   endfacet
   facet normal 0.000000e+00 1.000000e+00 0.000000e+00
      outer loop
         vertex 4.925000e+01 5.250000e+00 7.500000e+00
         vertex 4.133416e+01 5.250000e+00 4.059444e+00
         vertex 4.145822e+01 5.250000e+00 4.522467e+00
      endloop
   endfacet
   facet normal 0.000000e+00 1.000000e+00 0.000000e+00
      outer loop
         vertex 2.125000e+01 5.250000e+00 0.000000e+00
         vertex 2.125000e+01 5.250000e+00 2.500000e+00
         vertex 2.825000e+01 5.250000e+00 2.500000e+00
      endloop
   endfacet
   facet normal 0.000000e+00 1.000000e+00 0.000000e+00
      outer loop
         vertex 3.922753e+01 5.250000e+00 2.291779e+00
         vertex 3.969056e+01 5.250000e+00 2.415845e+00
         vertex 4.925000e+01 5.250000e+00 2.500000e+00
      endloop
   endfacet
   facet normal 0.000000e+00 1.000000e+00 0.000000e+00
      outer loop
         vertex 4.925000e+01 5.250000e+00 2.500000e+00
         vertex 3.969056e+01 5.250000e+00 2.415845e+00
         vertex 4.012500e+01 5.250000e+00 2.618430e+00
      endloop
   endfacet
   facet normal 0.000000e+00 1.000000e+00 -0.000000e+00
      outer loop
         vertex 4.925000e+01 5.250000e+00 2.500000e+00
         vertex 4.012500e+01 5.250000e+00 2.618430e+00
         vertex 4.925000e+01 5.250000e+00 7.500000e+00
      endloop
   endfacet
   facet normal 0.000000e+00 1.000000e+00 0.000000e+00
      outer loop
         vertex 4.925000e+01 5.250000e+00 7.500000e+00
         vertex 4.012500e+01 5.250000e+00 2.618430e+00
         vertex 4.051767e+01 5.250000e+00 2.893378e+00
      endloop
   endfacet
   facet normal 0.000000e+00 1.000000e+00 0.000000e+00
      outer loop
         vertex 4.925000e+01 5.250000e+00 7.500000e+00
         vertex 4.051767e+01 5.250000e+00 2.893378e+00
         vertex 4.085662e+01 5.250000e+00 3.232334e+00
      endloop
   endfacet
   facet normal 0.000000e+00 1.000000e+00 0.000000e+00
      outer loop
         vertex 4.145822e+01 5.250000e+00 4.522467e+00
         vertex 4.150000e+01 5.250000e+00 5.000000e+00
         vertex 4.925000e+01 5.250000e+00 7.500000e+00
      endloop
   endfacet
   facet normal 0.000000e+00 1.000000e+00 0.000000e+00
      outer loop
         vertex 4.925000e+01 5.250000e+00 7.500000e+00
         vertex 4.150000e+01 5.250000e+00 5.000000e+00
         vertex 4.145822e+01 5.250000e+00 5.477532e+00
      endloop
   endfacet
   facet normal 0.000000e+00 1.000000e+00 0.000000e+00
      outer loop
         vertex 4.925000e+01 5.250000e+00 7.500000e+00
         vertex 4.145822e+01 5.250000e+00 5.477532e+00
         vertex 4.133416e+01 5.250000e+00 5.940555e+00
      endloop
   endfacet
   facet normal 0.000000e+00 1.000000e+00 -0.000000e+00
      outer loop
         vertex 4.133416e+01 5.250000e+00 5.940555e+00
         vertex 4.113157e+01 5.250000e+00 6.375000e+00
         vertex 4.925000e+01 5.250000e+00 7.500000e+00
      endloop
   endfacet
   facet normal 0.000000e+00 1.000000e+00 0.000000e+00
      outer loop
         vertex 4.925000e+01 5.250000e+00 7.500000e+00
         vertex 4.113157e+01 5.250000e+00 6.375000e+00
         vertex 4.085662e+01 5.250000e+00 6.767666e+00
      endloop
   endfacet
   facet normal 0.000000e+00 1.000000e+00 0.000000e+00
      outer loop
         vertex 4.925000e+01 5.250000e+00 7.500000e+00
         vertex 4.085662e+01 5.250000e+00 6.767666e+00
         vertex 4.051767e+01 5.250000e+00 7.106622e+00
      endloop
   endfacet
   facet normal 0.000000e+00 1.000000e+00 -0.000000e+00
      outer loop
         vertex 5.625000e+01 5.250000e+00 7.500000e+00
         vertex 4.925000e+01 5.250000e+00 7.500000e+00
         vertex 5.625000e+01 5.250000e+00 1.000000e+01
      endloop
   endfacet
   facet normal 0.000000e+00 1.000000e+00 0.000000e+00
      outer loop
         vertex 5.625000e+01 5.250000e+00 1.000000e+01
         vertex 4.925000e+01 5.250000e+00 7.500000e+00
         vertex 3.875000e+01 5.250000e+00 7.750000e+00
      endloop
   endfacet
   facet normal 0.000000e+00 1.000000e+00 0.000000e+00
      outer loop
         vertex 5.625000e+01 5.250000e+00 1.000000e+01
         vertex 3.875000e+01 5.250000e+00 7.750000e+00
         vertex 2.825000e+01 5.250000e+00 7.500000e+00
      endloop
   endfacet
   facet normal 0.000000e+00 1.000000e+00 0.000000e+00
      outer loop
         vertex 2.825000e+01 5.250000e+00 7.500000e+00
         vertex 3.875000e+01 5.250000e+00 7.750000e+00
         vertex 3.827247e+01 5.250000e+00 7.708221e+00
      endloop
   endfacet
   facet normal 0.000000e+00 1.000000e+00 0.000000e+00
      outer loop
         vertex 2.825000e+01 5.250000e+00 7.500000e+00
         vertex 3.827247e+01 5.250000e+00 7.708221e+00
         vertex 3.780944e+01 5.250000e+00 7.584155e+00
      endloop
   endfacet
   facet normal 0.000000e+00 1.000000e+00 0.000000e+00
      outer loop
         vertex 3.664338e+01 5.250000e+00 6.767666e+00
         vertex 3.636843e+01 5.250000e+00 6.375000e+00
         vertex 2.825000e+01 5.250000e+00 7.500000e+00
      endloop
   endfacet
   facet normal 0.000000e+00 1.000000e+00 0.000000e+00
      outer loop
         vertex 2.825000e+01 5.250000e+00 7.500000e+00
         vertex 3.636843e+01 5.250000e+00 6.375000e+00
         vertex 3.616585e+01 5.250000e+00 5.940555e+00
      endloop
   endfacet
   facet normal 0.000000e+00 1.000000e+00 0.000000e+00
      outer loop
         vertex 3.616585e+01 5.250000e+00 4.059444e+00
         vertex 3.636843e+01 5.250000e+00 3.625000e+00
         vertex 2.825000e+01 5.250000e+00 2.500000e+00
      endloop
   endfacet
   facet normal 0.000000e+00 1.000000e+00 0.000000e+00
      outer loop
         vertex 2.825000e+01 5.250000e+00 2.500000e+00
         vertex 3.636843e+01 5.250000e+00 3.625000e+00
         vertex 3.664338e+01 5.250000e+00 3.232334e+00
      endloop
   endfacet
   facet normal 0.000000e+00 1.000000e+00 -0.000000e+00
      outer loop
         vertex 4.051767e+01 5.250000e+00 7.106622e+00
         vertex 4.012500e+01 5.250000e+00 7.381570e+00
         vertex 4.925000e+01 5.250000e+00 7.500000e+00
      endloop
   endfacet
   facet normal 0.000000e+00 1.000000e+00 0.000000e+00
      outer loop
         vertex 4.925000e+01 5.250000e+00 7.500000e+00
         vertex 4.012500e+01 5.250000e+00 7.381570e+00
         vertex 3.969056e+01 5.250000e+00 7.584155e+00
      endloop
   endfacet
   facet normal 0.000000e+00 1.000000e+00 0.000000e+00
      outer loop
         vertex 4.925000e+01 5.250000e+00 7.500000e+00
         vertex 3.969056e+01 5.250000e+00 7.584155e+00
         vertex 3.922753e+01 5.250000e+00 7.708221e+00
      endloop
   endfacet
   facet normal 0.000000e+00 1.000000e+00 0.000000e+00
      outer loop
         vertex 3.780944e+01 5.250000e+00 7.584155e+00
         vertex 3.737500e+01 5.250000e+00 7.381570e+00
         vertex 2.825000e+01 5.250000e+00 7.500000e+00
      endloop
   endfacet
   facet normal 0.000000e+00 1.000000e+00 0.000000e+00
      outer loop
         vertex 2.825000e+01 5.250000e+00 7.500000e+00
         vertex 3.737500e+01 5.250000e+00 7.381570e+00
         vertex 3.698233e+01 5.250000e+00 7.106622e+00
      endloop
   endfacet
   facet normal 0.000000e+00 1.000000e+00 0.000000e+00
      outer loop
         vertex 2.825000e+01 5.250000e+00 7.500000e+00
         vertex 3.698233e+01 5.250000e+00 7.106622e+00
         vertex 3.664338e+01 5.250000e+00 6.767666e+00
      endloop
   endfacet
   facet normal 0.000000e+00 1.000000e+00 0.000000e+00
      outer loop
         vertex 3.664338e+01 5.250000e+00 3.232334e+00
         vertex 3.698233e+01 5.250000e+00 2.893378e+00
         vertex 2.825000e+01 5.250000e+00 2.500000e+00
      endloop
   endfacet
   facet normal 0.000000e+00 1.000000e+00 0.000000e+00
      outer loop
         vertex 2.825000e+01 5.250000e+00 2.500000e+00
         vertex 3.698233e+01 5.250000e+00 2.893378e+00
         vertex 3.737500e+01 5.250000e+00 2.618430e+00
      endloop
   endfacet
   facet normal -0.000000e+00 1.000000e+00 0.000000e+00
      outer loop
         vertex 2.825000e+01 5.250000e+00 2.500000e+00
         vertex 3.737500e+01 5.250000e+00 2.618430e+00
         vertex 3.780944e+01 5.250000e+00 2.415845e+00
      endloop
   endfacet
   facet normal 0.000000e+00 1.000000e+00 0.000000e+00
      outer loop
         vertex 5.625000e+01 5.250000e+00 2.500000e+00
         vertex 5.625000e+01 5.250000e+00 0.000000e+00
         vertex 4.925000e+01 5.250000e+00 2.500000e+00
      endloop
   endfacet
   facet normal 0.000000e+00 1.000000e+00 0.000000e+00
      outer loop
         vertex 4.925000e+01 5.250000e+00 2.500000e+00
         vertex 5.625000e+01 5.250000e+00 0.000000e+00
         vertex 2.125000e+01 5.250000e+00 0.000000e+00
      endloop
   endfacet
   facet normal 0.000000e+00 1.000000e+00 0.000000e+00
      outer loop
         vertex 4.925000e+01 5.250000e+00 2.500000e+00
         vertex 2.125000e+01 5.250000e+00 0.000000e+00
         vertex 3.875000e+01 5.250000e+00 2.250000e+00
      endloop
   endfacet
   facet normal 0.000000e+00 1.000000e+00 0.000000e+00
      outer loop
         vertex 3.875000e+01 5.250000e+00 2.250000e+00
         vertex 2.125000e+01 5.250000e+00 0.000000e+00
         vertex 2.825000e+01 5.250000e+00 2.500000e+00
      endloop
   endfacet
   facet normal 0.000000e+00 1.000000e+00 0.000000e+00
      outer loop
         vertex 3.875000e+01 5.250000e+00 2.250000e+00
         vertex 2.825000e+01 5.250000e+00 2.500000e+00
         vertex 3.827247e+01 5.250000e+00 2.291779e+00
      endloop
   endfacet
   facet normal 0.000000e+00 1.000000e+00 0.000000e+00
      outer loop
         vertex 3.827247e+01 5.250000e+00 2.291779e+00
         vertex 2.825000e+01 5.250000e+00 2.500000e+00
         vertex 3.780944e+01 5.250000e+00 2.415845e+00
      endloop
   endfacet
   facet normal 0.000000e+00 1.000000e+00 0.000000e+00
      outer loop
         vertex 3.616585e+01 5.250000e+00 5.940555e+00
         vertex 3.604178e+01 5.250000e+00 5.477532e+00
         vertex 2.825000e+01 5.250000e+00 7.500000e+00
      endloop
   endfacet
   facet normal 0.000000e+00 1.000000e+00 0.000000e+00
      outer loop
         vertex 2.825000e+01 5.250000e+00 7.500000e+00
         vertex 3.604178e+01 5.250000e+00 5.477532e+00
         vertex 3.600000e+01 5.250000e+00 5.000000e+00
      endloop
   endfacet
   facet normal 0.000000e+00 1.000000e+00 0.000000e+00
      outer loop
         vertex 2.825000e+01 5.250000e+00 7.500000e+00
         vertex 3.600000e+01 5.250000e+00 5.000000e+00
         vertex 2.825000e+01 5.250000e+00 2.500000e+00
      endloop
   endfacet
   facet normal 0.000000e+00 1.000000e+00 0.000000e+00
      outer loop
         vertex 2.825000e+01 5.250000e+00 2.500000e+00
         vertex 3.600000e+01 5.250000e+00 5.000000e+00
         vertex 3.604178e+01 5.250000e+00 4.522467e+00
      endloop
   endfacet
   facet normal 0.000000e+00 1.000000e+00 0.000000e+00
      outer loop
         vertex 2.825000e+01 5.250000e+00 2.500000e+00
         vertex 3.604178e+01 5.250000e+00 4.522467e+00
         vertex 3.616585e+01 5.250000e+00 4.059444e+00
      endloop
   endfacet
   facet normal 0.000000e+00 -1.000000e+00 0.000000e+00
      outer loop
         vertex 4.925000e+01 2.250000e+00 7.500000e+00
         vertex 5.625000e+01 2.250000e+00 7.500000e+00
         vertex 5.625000e+01 2.250000e+00 1.000000e+01
      endloop
   endfacet
   facet normal 0.000000e+00 -1.000000e+00 0.000000e+00
      outer loop
         vertex 2.125000e+01 2.250000e+00 2.500000e+00
         vertex 2.125000e+01 2.250000e+00 0.000000e+00
         vertex 2.825000e+01 2.250000e+00 2.500000e+00
      endloop
   endfacet
   facet normal 0.000000e+00 -1.000000e+00 -0.000000e+00
      outer loop
         vertex 2.825000e+01 2.250000e+00 2.500000e+00
         vertex 2.125000e+01 2.250000e+00 0.000000e+00
         vertex 5.625000e+01 2.250000e+00 0.000000e+00
      endloop
   endfacet
   facet normal 0.000000e+00 -1.000000e+00 0.000000e+00
      outer loop
         vertex 3.780944e+01 2.250000e+00 2.415845e+00
         vertex 3.737500e+01 2.250000e+00 2.618430e+00
         vertex 2.825000e+01 2.250000e+00 2.500000e+00
      endloop
   endfacet
   facet normal 0.000000e+00 -1.000000e+00 0.000000e+00
      outer loop
         vertex 3.922753e+01 2.250000e+00 7.708221e+00
         vertex 3.969056e+01 2.250000e+00 7.584155e+00
         vertex 4.925000e+01 2.250000e+00 7.500000e+00
      endloop
   endfacet
   facet normal -0.000000e+00 -1.000000e+00 0.000000e+00
      outer loop
         vertex 4.925000e+01 2.250000e+00 7.500000e+00
         vertex 3.969056e+01 2.250000e+00 7.584155e+00
         vertex 4.012500e+01 2.250000e+00 7.381570e+00
      endloop
   endfacet
   facet normal 0.000000e+00 -1.000000e+00 -0.000000e+00
      outer loop
         vertex 4.925000e+01 2.250000e+00 7.500000e+00
         vertex 4.012500e+01 2.250000e+00 7.381570e+00
         vertex 4.925000e+01 2.250000e+00 2.500000e+00
      endloop
   endfacet
   facet normal 0.000000e+00 -1.000000e+00 0.000000e+00
      outer loop
         vertex 4.925000e+01 2.250000e+00 2.500000e+00
         vertex 4.012500e+01 2.250000e+00 7.381570e+00
         vertex 4.051767e+01 2.250000e+00 7.106622e+00
      endloop
   endfacet
   facet normal 0.000000e+00 -1.000000e+00 0.000000e+00
      outer loop
         vertex 3.875000e+01 2.250000e+00 2.250000e+00
         vertex 4.925000e+01 2.250000e+00 2.500000e+00
         vertex 3.922753e+01 2.250000e+00 2.291779e+00
      endloop
   endfacet
   facet normal 0.000000e+00 -1.000000e+00 0.000000e+00
      outer loop
         vertex 3.922753e+01 2.250000e+00 2.291779e+00
         vertex 4.925000e+01 2.250000e+00 2.500000e+00
         vertex 3.969056e+01 2.250000e+00 2.415845e+00
      endloop
   endfacet
   facet normal -0.000000e+00 -1.000000e+00 -0.000000e+00
      outer loop
         vertex 5.625000e+01 2.250000e+00 2.500000e+00
         vertex 4.925000e+01 2.250000e+00 2.500000e+00
         vertex 5.625000e+01 2.250000e+00 0.000000e+00
      endloop
   endfacet
   facet normal 0.000000e+00 -1.000000e+00 0.000000e+00
      outer loop
         vertex 5.625000e+01 2.250000e+00 0.000000e+00
         vertex 4.925000e+01 2.250000e+00 2.500000e+00
         vertex 3.875000e+01 2.250000e+00 2.250000e+00
      endloop
   endfacet
   facet normal 0.000000e+00 -1.000000e+00 0.000000e+00
      outer loop
         vertex 5.625000e+01 2.250000e+00 0.000000e+00
         vertex 3.875000e+01 2.250000e+00 2.250000e+00
         vertex 2.825000e+01 2.250000e+00 2.500000e+00
      endloop
   endfacet
   facet normal 0.000000e+00 -1.000000e+00 0.000000e+00
      outer loop
         vertex 2.825000e+01 2.250000e+00 2.500000e+00
         vertex 3.875000e+01 2.250000e+00 2.250000e+00
         vertex 3.827247e+01 2.250000e+00 2.291779e+00
      endloop
   endfacet
   facet normal 0.000000e+00 -1.000000e+00 0.000000e+00
      outer loop
         vertex 2.825000e+01 2.250000e+00 2.500000e+00
         vertex 3.827247e+01 2.250000e+00 2.291779e+00
         vertex 3.780944e+01 2.250000e+00 2.415845e+00
      endloop
   endfacet
   facet normal 0.000000e+00 -1.000000e+00 0.000000e+00
      outer loop
         vertex 3.616585e+01 2.250000e+00 5.940555e+00
         vertex 3.636843e+01 2.250000e+00 6.375000e+00
         vertex 2.825000e+01 2.250000e+00 7.500000e+00
      endloop
   endfacet
   facet normal -0.000000e+00 -1.000000e+00 0.000000e+00
      outer loop
         vertex 3.737500e+01 2.250000e+00 2.618430e+00
         vertex 3.698233e+01 2.250000e+00 2.893378e+00
         vertex 2.825000e+01 2.250000e+00 2.500000e+00
      endloop
   endfacet
   facet normal 0.000000e+00 -1.000000e+00 0.000000e+00
      outer loop
         vertex 2.825000e+01 2.250000e+00 2.500000e+00
         vertex 3.698233e+01 2.250000e+00 2.893378e+00
         vertex 3.664338e+01 2.250000e+00 3.232334e+00
      endloop
   endfacet
   facet normal 0.000000e+00 -1.000000e+00 0.000000e+00
      outer loop
         vertex 2.825000e+01 2.250000e+00 2.500000e+00
         vertex 3.664338e+01 2.250000e+00 3.232334e+00
         vertex 3.636843e+01 2.250000e+00 3.625000e+00
      endloop
   endfacet
   facet normal 0.000000e+00 -1.000000e+00 0.000000e+00
      outer loop
         vertex 4.051767e+01 2.250000e+00 7.106622e+00
         vertex 4.085662e+01 2.250000e+00 6.767666e+00
         vertex 4.925000e+01 2.250000e+00 2.500000e+00
      endloop
   endfacet
   facet normal 0.000000e+00 -1.000000e+00 0.000000e+00
      outer loop
         vertex 4.925000e+01 2.250000e+00 2.500000e+00
         vertex 4.085662e+01 2.250000e+00 6.767666e+00
         vertex 4.113157e+01 2.250000e+00 6.375000e+00
      endloop
   endfacet
   facet normal 0.000000e+00 -1.000000e+00 0.000000e+00
      outer loop
         vertex 4.925000e+01 2.250000e+00 2.500000e+00
         vertex 4.113157e+01 2.250000e+00 6.375000e+00
         vertex 4.133416e+01 2.250000e+00 5.940555e+00
      endloop
   endfacet
   facet normal 0.000000e+00 -1.000000e+00 0.000000e+00
      outer loop
         vertex 4.133416e+01 2.250000e+00 5.940555e+00
         vertex 4.145822e+01 2.250000e+00 5.477532e+00
         vertex 4.925000e+01 2.250000e+00 2.500000e+00
      endloop
   endfacet
   facet normal 0.000000e+00 -1.000000e+00 0.000000e+00
      outer loop
         vertex 4.925000e+01 2.250000e+00 2.500000e+00
         vertex 4.145822e+01 2.250000e+00 5.477532e+00
         vertex 4.150000e+01 2.250000e+00 5.000000e+00
      endloop
   endfacet
   facet normal 0.000000e+00 -1.000000e+00 0.000000e+00
      outer loop
         vertex 4.925000e+01 2.250000e+00 2.500000e+00
         vertex 4.150000e+01 2.250000e+00 5.000000e+00
         vertex 4.145822e+01 2.250000e+00 4.522467e+00
      endloop
   endfacet
   facet normal 0.000000e+00 -1.000000e+00 -0.000000e+00
      outer loop
         vertex 4.145822e+01 2.250000e+00 4.522467e+00
         vertex 4.133416e+01 2.250000e+00 4.059444e+00
         vertex 4.925000e+01 2.250000e+00 2.500000e+00
      endloop
   endfacet
   facet normal 0.000000e+00 -1.000000e+00 0.000000e+00
      outer loop
         vertex 4.925000e+01 2.250000e+00 2.500000e+00
         vertex 4.133416e+01 2.250000e+00 4.059444e+00
         vertex 4.113157e+01 2.250000e+00 3.625000e+00
      endloop
   endfacet
   facet normal 0.000000e+00 -1.000000e+00 0.000000e+00
      outer loop
         vertex 4.925000e+01 2.250000e+00 2.500000e+00
         vertex 4.113157e+01 2.250000e+00 3.625000e+00
         vertex 4.085662e+01 2.250000e+00 3.232334e+00
      endloop
   endfacet
   facet normal 0.000000e+00 -1.000000e+00 -0.000000e+00
      outer loop
         vertex 4.085662e+01 2.250000e+00 3.232334e+00
         vertex 4.051767e+01 2.250000e+00 2.893378e+00
         vertex 4.925000e+01 2.250000e+00 2.500000e+00
      endloop
   endfacet
   facet normal 0.000000e+00 -1.000000e+00 0.000000e+00
      outer loop
         vertex 4.925000e+01 2.250000e+00 2.500000e+00
         vertex 4.051767e+01 2.250000e+00 2.893378e+00
         vertex 4.012500e+01 2.250000e+00 2.618430e+00
      endloop
   endfacet
   facet normal -0.000000e+00 -1.000000e+00 0.000000e+00
      outer loop
         vertex 4.925000e+01 2.250000e+00 2.500000e+00
         vertex 4.012500e+01 2.250000e+00 2.618430e+00
         vertex 3.969056e+01 2.250000e+00 2.415845e+00
      endloop
   endfacet
   facet normal -0.000000e+00 -1.000000e+00 0.000000e+00
      outer loop
         vertex 3.616585e+01 2.250000e+00 5.940555e+00
         vertex 2.825000e+01 2.250000e+00 7.500000e+00
         vertex 3.604178e+01 2.250000e+00 5.477532e+00
      endloop
   endfacet
   facet normal -0.000000e+00 -1.000000e+00 0.000000e+00
      outer loop
         vertex 3.636843e+01 2.250000e+00 3.625000e+00
         vertex 3.616585e+01 2.250000e+00 4.059444e+00
         vertex 2.825000e+01 2.250000e+00 2.500000e+00
      endloop
   endfacet
   facet normal 0.000000e+00 -1.000000e+00 0.000000e+00
      outer loop
         vertex 2.825000e+01 2.250000e+00 2.500000e+00
         vertex 3.616585e+01 2.250000e+00 4.059444e+00
         vertex 3.604178e+01 2.250000e+00 4.522467e+00
      endloop
   endfacet
   facet normal 0.000000e+00 -1.000000e+00 0.000000e+00
      outer loop
         vertex 2.825000e+01 2.250000e+00 2.500000e+00
         vertex 3.604178e+01 2.250000e+00 4.522467e+00
         vertex 2.825000e+01 2.250000e+00 7.500000e+00
      endloop
   endfacet
   facet normal 0.000000e+00 -1.000000e+00 0.000000e+00
      outer loop
         vertex 2.825000e+01 2.250000e+00 7.500000e+00
         vertex 3.604178e+01 2.250000e+00 4.522467e+00
         vertex 3.600000e+01 2.250000e+00 5.000000e+00
      endloop
   endfacet
   facet normal 0.000000e+00 -1.000000e+00 0.000000e+00
      outer loop
         vertex 2.825000e+01 2.250000e+00 7.500000e+00
         vertex 3.600000e+01 2.250000e+00 5.000000e+00
         vertex 3.604178e+01 2.250000e+00 5.477532e+00
      endloop
   endfacet
   facet normal 0.000000e+00 -1.000000e+00 0.000000e+00
      outer loop
         vertex 3.636843e+01 2.250000e+00 6.375000e+00
         vertex 3.664338e+01 2.250000e+00 6.767666e+00
         vertex 2.825000e+01 2.250000e+00 7.500000e+00
      endloop
   endfacet
   facet normal 0.000000e+00 -1.000000e+00 0.000000e+00
      outer loop
         vertex 2.825000e+01 2.250000e+00 7.500000e+00
         vertex 3.664338e+01 2.250000e+00 6.767666e+00
         vertex 3.698233e+01 2.250000e+00 7.106622e+00
      endloop
   endfacet
   facet normal 0.000000e+00 -1.000000e+00 0.000000e+00
      outer loop
         vertex 2.825000e+01 2.250000e+00 7.500000e+00
         vertex 3.698233e+01 2.250000e+00 7.106622e+00
         vertex 3.737500e+01 2.250000e+00 7.381570e+00
      endloop
   endfacet
   facet normal 0.000000e+00 -1.000000e+00 0.000000e+00
      outer loop
         vertex 3.737500e+01 2.250000e+00 7.381570e+00
         vertex 3.780944e+01 2.250000e+00 7.584155e+00
         vertex 2.825000e+01 2.250000e+00 7.500000e+00
      endloop
   endfacet
   facet normal 0.000000e+00 -1.000000e+00 0.000000e+00
      outer loop
         vertex 2.825000e+01 2.250000e+00 7.500000e+00
         vertex 3.780944e+01 2.250000e+00 7.584155e+00
         vertex 3.827247e+01 2.250000e+00 7.708221e+00
      endloop
   endfacet
   facet normal 0.000000e+00 -1.000000e+00 0.000000e+00
      outer loop
         vertex 2.825000e+01 2.250000e+00 7.500000e+00
         vertex 3.827247e+01 2.250000e+00 7.708221e+00
         vertex 3.875000e+01 2.250000e+00 7.750000e+00
      endloop
   endfacet
   facet normal 0.000000e+00 -1.000000e+00 0.000000e+00
      outer loop
         vertex 3.922753e+01 2.250000e+00 7.708221e+00
         vertex 4.925000e+01 2.250000e+00 7.500000e+00
         vertex 3.875000e+01 2.250000e+00 7.750000e+00
      endloop
   endfacet
   facet normal 0.000000e+00 -1.000000e+00 0.000000e+00
      outer loop
         vertex 3.875000e+01 2.250000e+00 7.750000e+00
         vertex 4.925000e+01 2.250000e+00 7.500000e+00
         vertex 5.625000e+01 2.250000e+00 1.000000e+01
      endloop
   endfacet
   facet normal -0.000000e+00 -1.000000e+00 0.000000e+00
      outer loop
         vertex 3.875000e+01 2.250000e+00 7.750000e+00
         vertex 5.625000e+01 2.250000e+00 1.000000e+01
         vertex 2.825000e+01 2.250000e+00 7.500000e+00
      endloop
   endfacet
   facet normal 0.000000e+00 -1.000000e+00 0.000000e+00
      outer loop
         vertex 2.825000e+01 2.250000e+00 7.500000e+00
         vertex 5.625000e+01 2.250000e+00 1.000000e+01
         vertex 2.125000e+01 2.250000e+00 1.000000e+01
      endloop
   endfacet
   facet normal 0.000000e+00 -1.000000e+00 0.000000e+00
      outer loop
         vertex 2.825000e+01 2.250000e+00 7.500000e+00
         vertex 2.125000e+01 2.250000e+00 1.000000e+01
         vertex 2.125000e+01 2.250000e+00 7.500000e+00
      endloop
   endfacet
   facet normal 1.000000e+00 0.000000e+00 -0.000000e+00
      outer loop
         vertex 5.625000e+01 5.250000e+00 7.500000e+00
         vertex 5.625000e+01 5.250000e+00 1.000000e+01
         vertex 5.625000e+01 2.250000e+00 7.500000e+00
      endloop
   endfacet
   facet normal 1.000000e+00 0.000000e+00 0.000000e+00
      outer loop
         vertex 5.625000e+01 2.250000e+00 7.500000e+00
         vertex 5.625000e+01 5.250000e+00 1.000000e+01
         vertex 5.625000e+01 2.250000e+00 1.000000e+01
      endloop
   endfacet
   facet normal 0.000000e+00 0.000000e+00 -1.000000e+00
      outer loop
         vertex 5.492462e+01 4.177525e+00 7.500000e+00
         vertex 5.483253e+01 4.375000e+00 7.500000e+00
         vertex 5.625000e+01 5.250000e+00 7.500000e+00
      endloop
   endfacet
   facet normal -0.000000e+00 0.000000e+00 -1.000000e+00
      outer loop
         vertex 5.279244e+01 4.553484e+00 7.500000e+00
         vertex 5.266747e+01 4.375000e+00 7.500000e+00
         vertex 4.925000e+01 5.250000e+00 7.500000e+00
      endloop
   endfacet
   facet normal 0.000000e+00 0.000000e+00 -1.000000e+00
      outer loop
         vertex 4.925000e+01 5.250000e+00 7.500000e+00
         vertex 5.266747e+01 4.375000e+00 7.500000e+00
         vertex 5.257538e+01 4.177525e+00 7.500000e+00
      endloop
   endfacet
   facet normal -0.000000e+00 0.000000e+00 -1.000000e+00
      outer loop
         vertex 5.257538e+01 4.177525e+00 7.500000e+00
         vertex 5.251899e+01 3.967060e+00 7.500000e+00
         vertex 4.925000e+01 5.250000e+00 7.500000e+00
      endloop
   endfacet
   facet normal 0.000000e+00 0.000000e+00 -1.000000e+00
      outer loop
         vertex 4.925000e+01 5.250000e+00 7.500000e+00
         vertex 5.251899e+01 3.967060e+00 7.500000e+00
         vertex 5.250000e+01 3.750000e+00 7.500000e+00
      endloop
   endfacet
   facet normal 0.000000e+00 0.000000e+00 -1.000000e+00
      outer loop
         vertex 4.925000e+01 5.250000e+00 7.500000e+00
         vertex 5.250000e+01 3.750000e+00 7.500000e+00
         vertex 4.925000e+01 2.250000e+00 7.500000e+00
      endloop
   endfacet
   facet normal 0.000000e+00 0.000000e+00 -1.000000e+00
      outer loop
         vertex 4.925000e+01 2.250000e+00 7.500000e+00
         vertex 5.250000e+01 3.750000e+00 7.500000e+00
         vertex 5.251899e+01 3.532940e+00 7.500000e+00
      endloop
   endfacet
   facet normal 0.000000e+00 0.000000e+00 -1.000000e+00
      outer loop
         vertex 5.625000e+01 2.250000e+00 7.500000e+00
         vertex 5.500000e+01 3.750000e+00 7.500000e+00
         vertex 5.625000e+01 5.250000e+00 7.500000e+00
      endloop
   endfacet
   facet normal 0.000000e+00 0.000000e+00 -1.000000e+00
      outer loop
         vertex 5.625000e+01 5.250000e+00 7.500000e+00
         vertex 5.500000e+01 3.750000e+00 7.500000e+00
         vertex 5.498101e+01 3.967060e+00 7.500000e+00
      endloop
   endfacet
   facet normal 0.000000e+00 0.000000e+00 -1.000000e+00
      outer loop
         vertex 5.625000e+01 5.250000e+00 7.500000e+00
         vertex 5.498101e+01 3.967060e+00 7.500000e+00
         vertex 5.492462e+01 4.177525e+00 7.500000e+00
      endloop
   endfacet
   facet normal -0.000000e+00 0.000000e+00 -1.000000e+00
      outer loop
         vertex 5.332248e+01 4.924616e+00 7.500000e+00
         vertex 5.312500e+01 4.832532e+00 7.500000e+00
         vertex 4.925000e+01 5.250000e+00 7.500000e+00
      endloop
   endfacet
   facet normal 0.000000e+00 0.000000e+00 -1.000000e+00
      outer loop
         vertex 4.925000e+01 5.250000e+00 7.500000e+00
         vertex 5.312500e+01 4.832532e+00 7.500000e+00
         vertex 5.294652e+01 4.707555e+00 7.500000e+00
      endloop
   endfacet
   facet normal 0.000000e+00 0.000000e+00 -1.000000e+00
      outer loop
         vertex 4.925000e+01 5.250000e+00 7.500000e+00
         vertex 5.294652e+01 4.707555e+00 7.500000e+00
         vertex 5.279244e+01 4.553484e+00 7.500000e+00
      endloop
   endfacet
   facet normal 0.000000e+00 0.000000e+00 -1.000000e+00
      outer loop
         vertex 5.483253e+01 3.125000e+00 7.500000e+00
         vertex 5.492462e+01 3.322475e+00 7.500000e+00
         vertex 5.625000e+01 2.250000e+00 7.500000e+00
      endloop
   endfacet
   facet normal 0.000000e+00 0.000000e+00 -1.000000e+00
      outer loop
         vertex 5.625000e+01 2.250000e+00 7.500000e+00
         vertex 5.492462e+01 3.322475e+00 7.500000e+00
         vertex 5.498101e+01 3.532940e+00 7.500000e+00
      endloop
   endfacet
   facet normal 0.000000e+00 0.000000e+00 -1.000000e+00
      outer loop
         vertex 5.625000e+01 2.250000e+00 7.500000e+00
         vertex 5.498101e+01 3.532940e+00 7.500000e+00
         vertex 5.500000e+01 3.750000e+00 7.500000e+00
      endloop
   endfacet
   facet normal 0.000000e+00 0.000000e+00 -1.000000e+00
      outer loop
         vertex 5.625000e+01 5.250000e+00 7.500000e+00
         vertex 5.437500e+01 4.832532e+00 7.500000e+00
         vertex 5.417753e+01 4.924616e+00 7.500000e+00
      endloop
   endfacet
   facet normal 0.000000e+00 -0.000000e+00 -1.000000e+00
      outer loop
         vertex 5.251899e+01 3.532940e+00 7.500000e+00
         vertex 5.257538e+01 3.322475e+00 7.500000e+00
         vertex 4.925000e+01 2.250000e+00 7.500000e+00
      endloop
   endfacet
   facet normal 0.000000e+00 0.000000e+00 -1.000000e+00
      outer loop
         vertex 4.925000e+01 2.250000e+00 7.500000e+00
         vertex 5.257538e+01 3.322475e+00 7.500000e+00
         vertex 5.266747e+01 3.125000e+00 7.500000e+00
      endloop
   endfacet
   facet normal 0.000000e+00 0.000000e+00 -1.000000e+00
      outer loop
         vertex 4.925000e+01 2.250000e+00 7.500000e+00
         vertex 5.266747e+01 3.125000e+00 7.500000e+00
         vertex 5.279244e+01 2.946515e+00 7.500000e+00
      endloop
   endfacet
   facet normal 0.000000e+00 0.000000e+00 -1.000000e+00
      outer loop
         vertex 5.483253e+01 4.375000e+00 7.500000e+00
         vertex 5.470756e+01 4.553484e+00 7.500000e+00
         vertex 5.625000e+01 5.250000e+00 7.500000e+00
      endloop
   endfacet
   facet normal 0.000000e+00 0.000000e+00 -1.000000e+00
      outer loop
         vertex 5.625000e+01 5.250000e+00 7.500000e+00
         vertex 5.470756e+01 4.553484e+00 7.500000e+00
         vertex 5.455348e+01 4.707555e+00 7.500000e+00
      endloop
   endfacet
   facet normal 0.000000e+00 0.000000e+00 -1.000000e+00
      outer loop
         vertex 5.625000e+01 5.250000e+00 7.500000e+00
         vertex 5.455348e+01 4.707555e+00 7.500000e+00
         vertex 5.437500e+01 4.832532e+00 7.500000e+00
      endloop
   endfacet
   facet normal 0.000000e+00 -0.000000e+00 -1.000000e+00
      outer loop
         vertex 5.279244e+01 2.946515e+00 7.500000e+00
         vertex 5.294652e+01 2.792444e+00 7.500000e+00
         vertex 4.925000e+01 2.250000e+00 7.500000e+00
      endloop
   endfacet
   facet normal 0.000000e+00 0.000000e+00 -1.000000e+00
      outer loop
         vertex 4.925000e+01 2.250000e+00 7.500000e+00
         vertex 5.294652e+01 2.792444e+00 7.500000e+00
         vertex 5.312500e+01 2.667468e+00 7.500000e+00
      endloop
   endfacet
   facet normal 0.000000e+00 0.000000e+00 -1.000000e+00
      outer loop
         vertex 4.925000e+01 2.250000e+00 7.500000e+00
         vertex 5.312500e+01 2.667468e+00 7.500000e+00
         vertex 5.332248e+01 2.575384e+00 7.500000e+00
      endloop
   endfacet
   facet normal 0.000000e+00 0.000000e+00 -1.000000e+00
      outer loop
         vertex 5.625000e+01 2.250000e+00 7.500000e+00
         vertex 5.417753e+01 2.575384e+00 7.500000e+00
         vertex 5.437500e+01 2.667468e+00 7.500000e+00
      endloop
   endfacet
   facet normal 0.000000e+00 -0.000000e+00 -1.000000e+00
      outer loop
         vertex 5.332248e+01 2.575384e+00 7.500000e+00
         vertex 5.353294e+01 2.518990e+00 7.500000e+00
         vertex 4.925000e+01 2.250000e+00 7.500000e+00
      endloop
   endfacet
   facet normal 0.000000e+00 0.000000e+00 -1.000000e+00
      outer loop
         vertex 4.925000e+01 2.250000e+00 7.500000e+00
         vertex 5.353294e+01 2.518990e+00 7.500000e+00
         vertex 5.375000e+01 2.500000e+00 7.500000e+00
      endloop
   endfacet
   facet normal 0.000000e+00 0.000000e+00 -1.000000e+00
      outer loop
         vertex 4.925000e+01 2.250000e+00 7.500000e+00
         vertex 5.375000e+01 2.500000e+00 7.500000e+00
         vertex 5.625000e+01 2.250000e+00 7.500000e+00
      endloop
   endfacet
   facet normal 0.000000e+00 0.000000e+00 -1.000000e+00
      outer loop
         vertex 5.625000e+01 2.250000e+00 7.500000e+00
         vertex 5.375000e+01 2.500000e+00 7.500000e+00
         vertex 5.396706e+01 2.518990e+00 7.500000e+00
      endloop
   endfacet
   facet normal 0.000000e+00 0.000000e+00 -1.000000e+00
      outer loop
         vertex 5.625000e+01 2.250000e+00 7.500000e+00
         vertex 5.396706e+01 2.518990e+00 7.500000e+00
         vertex 5.417753e+01 2.575384e+00 7.500000e+00
      endloop
   endfacet
   facet normal 0.000000e+00 0.000000e+00 -1.000000e+00
      outer loop
         vertex 5.437500e+01 2.667468e+00 7.500000e+00
         vertex 5.455348e+01 2.792444e+00 7.500000e+00
         vertex 5.625000e+01 2.250000e+00 7.500000e+00
      endloop
   endfacet
   facet normal 0.000000e+00 0.000000e+00 -1.000000e+00
      outer loop
         vertex 5.625000e+01 2.250000e+00 7.500000e+00
         vertex 5.455348e+01 2.792444e+00 7.500000e+00
         vertex 5.470756e+01 2.946515e+00 7.500000e+00
      endloop
   endfacet
   facet normal 0.000000e+00 0.000000e+00 -1.000000e+00
      outer loop
         vertex 5.625000e+01 2.250000e+00 7.500000e+00
         vertex 5.470756e+01 2.946515e+00 7.500000e+00
         vertex 5.483253e+01 3.125000e+00 7.500000e+00
      endloop
   endfacet
   facet normal 0.000000e+00 0.000000e+00 -1.000000e+00
      outer loop
         vertex 5.417753e+01 4.924616e+00 7.500000e+00
         vertex 5.396706e+01 4.981010e+00 7.500000e+00
         vertex 5.625000e+01 5.250000e+00 7.500000e+00
      endloop
   endfacet
   facet normal 0.000000e+00 0.000000e+00 -1.000000e+00
      outer loop
         vertex 5.625000e+01 5.250000e+00 7.500000e+00
         vertex 5.396706e+01 4.981010e+00 7.500000e+00
         vertex 5.375000e+01 5.000000e+00 7.500000e+00
      endloop
   endfacet
   facet normal -0.000000e+00 0.000000e+00 -1.000000e+00
      outer loop
         vertex 5.625000e+01 5.250000e+00 7.500000e+00
         vertex 5.375000e+01 5.000000e+00 7.500000e+00
         vertex 4.925000e+01 5.250000e+00 7.500000e+00
      endloop
   endfacet
   facet normal 0.000000e+00 0.000000e+00 -1.000000e+00
      outer loop
         vertex 4.925000e+01 5.250000e+00 7.500000e+00
         vertex 5.375000e+01 5.000000e+00 7.500000e+00
         vertex 5.353294e+01 4.981010e+00 7.500000e+00
      endloop
   endfacet
   facet normal 0.000000e+00 0.000000e+00 -1.000000e+00
      outer loop
         vertex 4.925000e+01 5.250000e+00 7.500000e+00
         vertex 5.353294e+01 4.981010e+00 7.500000e+00
         vertex 5.332248e+01 4.924616e+00 7.500000e+00
      endloop
   endfacet
   facet normal 1.000000e+00 0.000000e+00 -0.000000e+00
      outer loop
         vertex 4.925000e+01 5.250000e+00 2.500000e+00
         vertex 4.925000e+01 5.250000e+00 7.500000e+00
         vertex 4.925000e+01 2.250000e+00 2.500000e+00
      endloop
   endfacet
   facet normal 1.000000e+00 0.000000e+00 0.000000e+00
      outer loop
         vertex 4.925000e+01 2.250000e+00 2.500000e+00
         vertex 4.925000e+01 5.250000e+00 7.500000e+00
         vertex 4.925000e+01 2.250000e+00 7.500000e+00
      endloop
   endfacet
   facet normal 0.000000e+00 0.000000e+00 1.000000e+00
      outer loop
         vertex 5.483253e+01 3.125000e+00 2.500000e+00
         vertex 5.470756e+01 2.946515e+00 2.500000e+00
         vertex 5.625000e+01 2.250000e+00 2.500000e+00
      endloop
   endfacet
   facet normal -0.000000e+00 0.000000e+00 1.000000e+00
      outer loop
         vertex 5.483253e+01 3.125000e+00 2.500000e+00
         vertex 5.625000e+01 2.250000e+00 2.500000e+00
         vertex 5.492462e+01 3.322475e+00 2.500000e+00
      endloop
   endfacet
   facet normal -0.000000e+00 0.000000e+00 1.000000e+00
      outer loop
         vertex 5.492462e+01 4.177525e+00 2.500000e+00
         vertex 5.498101e+01 3.967060e+00 2.500000e+00
         vertex 5.625000e+01 5.250000e+00 2.500000e+00
      endloop
   endfacet
   facet normal 0.000000e+00 0.000000e+00 1.000000e+00
      outer loop
         vertex 5.625000e+01 5.250000e+00 2.500000e+00
         vertex 5.498101e+01 3.967060e+00 2.500000e+00
         vertex 5.500000e+01 3.750000e+00 2.500000e+00
      endloop
   endfacet
   facet normal 0.000000e+00 0.000000e+00 1.000000e+00
      outer loop
         vertex 5.625000e+01 5.250000e+00 2.500000e+00
         vertex 5.500000e+01 3.750000e+00 2.500000e+00
         vertex 5.625000e+01 2.250000e+00 2.500000e+00
      endloop
   endfacet
   facet normal 0.000000e+00 0.000000e+00 1.000000e+00
      outer loop
         vertex 5.625000e+01 2.250000e+00 2.500000e+00
         vertex 5.500000e+01 3.750000e+00 2.500000e+00
         vertex 5.498101e+01 3.532940e+00 2.500000e+00
      endloop
   endfacet
   facet normal 0.000000e+00 0.000000e+00 1.000000e+00
      outer loop
         vertex 5.625000e+01 2.250000e+00 2.500000e+00
         vertex 5.498101e+01 3.532940e+00 2.500000e+00
         vertex 5.492462e+01 3.322475e+00 2.500000e+00
      endloop
   endfacet
   facet normal 0.000000e+00 0.000000e+00 1.000000e+00
      outer loop
         vertex 5.332248e+01 2.575384e+00 2.500000e+00
         vertex 5.312500e+01 2.667468e+00 2.500000e+00
         vertex 4.925000e+01 2.250000e+00 2.500000e+00
      endloop
   endfacet
   facet normal 0.000000e+00 0.000000e+00 1.000000e+00
      outer loop
         vertex 5.251899e+01 3.967060e+00 2.500000e+00
         vertex 4.925000e+01 5.250000e+00 2.500000e+00
         vertex 5.250000e+01 3.750000e+00 2.500000e+00
      endloop
   endfacet
   facet normal 0.000000e+00 0.000000e+00 1.000000e+00
      outer loop
         vertex 5.250000e+01 3.750000e+00 2.500000e+00
         vertex 4.925000e+01 5.250000e+00 2.500000e+00
         vertex 4.925000e+01 2.250000e+00 2.500000e+00
      endloop
   endfacet
   facet normal 0.000000e+00 0.000000e+00 1.000000e+00
      outer loop
         vertex 5.312500e+01 2.667468e+00 2.500000e+00
         vertex 5.294652e+01 2.792444e+00 2.500000e+00
         vertex 4.925000e+01 2.250000e+00 2.500000e+00
      endloop
   endfacet
   facet normal 0.000000e+00 0.000000e+00 1.000000e+00
      outer loop
         vertex 4.925000e+01 2.250000e+00 2.500000e+00
         vertex 5.294652e+01 2.792444e+00 2.500000e+00
         vertex 5.279244e+01 2.946515e+00 2.500000e+00
      endloop
   endfacet
   facet normal 0.000000e+00 0.000000e+00 1.000000e+00
      outer loop
         vertex 4.925000e+01 2.250000e+00 2.500000e+00
         vertex 5.279244e+01 2.946515e+00 2.500000e+00
         vertex 5.266747e+01 3.125000e+00 2.500000e+00
      endloop
   endfacet
   facet normal 0.000000e+00 0.000000e+00 1.000000e+00
      outer loop
         vertex 5.266747e+01 3.125000e+00 2.500000e+00
         vertex 5.257538e+01 3.322475e+00 2.500000e+00
         vertex 4.925000e+01 2.250000e+00 2.500000e+00
      endloop
   endfacet
   facet normal 0.000000e+00 0.000000e+00 1.000000e+00
      outer loop
         vertex 4.925000e+01 2.250000e+00 2.500000e+00
         vertex 5.257538e+01 3.322475e+00 2.500000e+00
         vertex 5.251899e+01 3.532940e+00 2.500000e+00
      endloop
   endfacet
   facet normal 0.000000e+00 0.000000e+00 1.000000e+00
      outer loop
         vertex 4.925000e+01 2.250000e+00 2.500000e+00
         vertex 5.251899e+01 3.532940e+00 2.500000e+00
         vertex 5.250000e+01 3.750000e+00 2.500000e+00
      endloop
   endfacet
   facet normal 0.000000e+00 -0.000000e+00 1.000000e+00
      outer loop
         vertex 5.251899e+01 3.967060e+00 2.500000e+00
         vertex 5.257538e+01 4.177525e+00 2.500000e+00
         vertex 4.925000e+01 5.250000e+00 2.500000e+00
      endloop
   endfacet
   facet normal 0.000000e+00 0.000000e+00 1.000000e+00
      outer loop
         vertex 4.925000e+01 5.250000e+00 2.500000e+00
         vertex 5.257538e+01 4.177525e+00 2.500000e+00
         vertex 5.266747e+01 4.375000e+00 2.500000e+00
      endloop
   endfacet
   facet normal 0.000000e+00 0.000000e+00 1.000000e+00
      outer loop
         vertex 4.925000e+01 5.250000e+00 2.500000e+00
         vertex 5.266747e+01 4.375000e+00 2.500000e+00
         vertex 5.279244e+01 4.553484e+00 2.500000e+00
      endloop
   endfacet
   facet normal 0.000000e+00 -0.000000e+00 1.000000e+00
      outer loop
         vertex 5.279244e+01 4.553484e+00 2.500000e+00
         vertex 5.294652e+01 4.707555e+00 2.500000e+00
         vertex 4.925000e+01 5.250000e+00 2.500000e+00
      endloop
   endfacet
   facet normal 0.000000e+00 0.000000e+00 1.000000e+00
      outer loop
         vertex 4.925000e+01 5.250000e+00 2.500000e+00
         vertex 5.294652e+01 4.707555e+00 2.500000e+00
         vertex 5.312500e+01 4.832532e+00 2.500000e+00
      endloop
   endfacet
   facet normal 0.000000e+00 0.000000e+00 1.000000e+00
      outer loop
         vertex 4.925000e+01 5.250000e+00 2.500000e+00
         vertex 5.312500e+01 4.832532e+00 2.500000e+00
         vertex 5.332248e+01 4.924616e+00 2.500000e+00
      endloop
   endfacet
   facet normal 0.000000e+00 0.000000e+00 1.000000e+00
      outer loop
         vertex 5.470756e+01 2.946515e+00 2.500000e+00
         vertex 5.455348e+01 2.792444e+00 2.500000e+00
         vertex 5.625000e+01 2.250000e+00 2.500000e+00
      endloop
   endfacet
   facet normal 0.000000e+00 0.000000e+00 1.000000e+00
      outer loop
         vertex 5.625000e+01 2.250000e+00 2.500000e+00
         vertex 5.455348e+01 2.792444e+00 2.500000e+00
         vertex 5.437500e+01 2.667468e+00 2.500000e+00
      endloop
   endfacet
   facet normal 0.000000e+00 0.000000e+00 1.000000e+00
      outer loop
         vertex 5.625000e+01 2.250000e+00 2.500000e+00
         vertex 5.437500e+01 2.667468e+00 2.500000e+00
         vertex 5.417753e+01 2.575384e+00 2.500000e+00
      endloop
   endfacet
   facet normal -0.000000e+00 0.000000e+00 1.000000e+00
      outer loop
         vertex 5.417753e+01 4.924616e+00 2.500000e+00
         vertex 5.437500e+01 4.832532e+00 2.500000e+00
         vertex 5.625000e+01 5.250000e+00 2.500000e+00
      endloop
   endfacet
   facet normal 0.000000e+00 0.000000e+00 1.000000e+00
      outer loop
         vertex 5.625000e+01 5.250000e+00 2.500000e+00
         vertex 5.437500e+01 4.832532e+00 2.500000e+00
         vertex 5.455348e+01 4.707555e+00 2.500000e+00
      endloop
   endfacet
   facet normal 0.000000e+00 0.000000e+00 1.000000e+00
      outer loop
         vertex 5.417753e+01 2.575384e+00 2.500000e+00
         vertex 5.396706e+01 2.518990e+00 2.500000e+00
         vertex 5.625000e+01 2.250000e+00 2.500000e+00
      endloop
   endfacet
   facet normal 0.000000e+00 0.000000e+00 1.000000e+00
      outer loop
         vertex 5.625000e+01 2.250000e+00 2.500000e+00
         vertex 5.396706e+01 2.518990e+00 2.500000e+00
         vertex 5.375000e+01 2.500000e+00 2.500000e+00
      endloop
   endfacet
   facet normal 0.000000e+00 0.000000e+00 1.000000e+00
      outer loop
         vertex 5.625000e+01 2.250000e+00 2.500000e+00
         vertex 5.375000e+01 2.500000e+00 2.500000e+00
         vertex 4.925000e+01 2.250000e+00 2.500000e+00
      endloop
   endfacet
   facet normal 0.000000e+00 0.000000e+00 1.000000e+00
      outer loop
         vertex 4.925000e+01 2.250000e+00 2.500000e+00
         vertex 5.375000e+01 2.500000e+00 2.500000e+00
         vertex 5.353294e+01 2.518990e+00 2.500000e+00
      endloop
   endfacet
   facet normal 0.000000e+00 0.000000e+00 1.000000e+00
      outer loop
         vertex 4.925000e+01 2.250000e+00 2.500000e+00
         vertex 5.353294e+01 2.518990e+00 2.500000e+00
         vertex 5.332248e+01 2.575384e+00 2.500000e+00
      endloop
   endfacet
   facet normal 0.000000e+00 -0.000000e+00 1.000000e+00
      outer loop
         vertex 5.332248e+01 4.924616e+00 2.500000e+00
         vertex 5.353294e+01 4.981010e+00 2.500000e+00
         vertex 4.925000e+01 5.250000e+00 2.500000e+00
      endloop
   endfacet
   facet normal 0.000000e+00 0.000000e+00 1.000000e+00
      outer loop
         vertex 4.925000e+01 5.250000e+00 2.500000e+00
         vertex 5.353294e+01 4.981010e+00 2.500000e+00
         vertex 5.375000e+01 5.000000e+00 2.500000e+00
      endloop
   endfacet
   facet normal -0.000000e+00 0.000000e+00 1.000000e+00
      outer loop
         vertex 4.925000e+01 5.250000e+00 2.500000e+00
         vertex 5.375000e+01 5.000000e+00 2.500000e+00
         vertex 5.625000e+01 5.250000e+00 2.500000e+00
      endloop
   endfacet
   facet normal 0.000000e+00 0.000000e+00 1.000000e+00
      outer loop
         vertex 5.625000e+01 5.250000e+00 2.500000e+00
         vertex 5.375000e+01 5.000000e+00 2.500000e+00
         vertex 5.396706e+01 4.981010e+00 2.500000e+00
      endloop
   endfacet
   facet normal 0.000000e+00 0.000000e+00 1.000000e+00
      outer loop
         vertex 5.625000e+01 5.250000e+00 2.500000e+00
         vertex 5.396706e+01 4.981010e+00 2.500000e+00
         vertex 5.417753e+01 4.924616e+00 2.500000e+00
      endloop
   endfacet
   facet normal -0.000000e+00 0.000000e+00 1.000000e+00
      outer loop
         vertex 5.455348e+01 4.707555e+00 2.500000e+00
         vertex 5.470756e+01 4.553484e+00 2.500000e+00
         vertex 5.625000e+01 5.250000e+00 2.500000e+00
      endloop
   endfacet
   facet normal 0.000000e+00 0.000000e+00 1.000000e+00
      outer loop
         vertex 5.625000e+01 5.250000e+00 2.500000e+00
         vertex 5.470756e+01 4.553484e+00 2.500000e+00
         vertex 5.483253e+01 4.375000e+00 2.500000e+00
      endloop
   endfacet
   facet normal 0.000000e+00 0.000000e+00 1.000000e+00
      outer loop
         vertex 5.625000e+01 5.250000e+00 2.500000e+00
         vertex 5.483253e+01 4.375000e+00 2.500000e+00
         vertex 5.492462e+01 4.177525e+00 2.500000e+00
      endloop
   endfacet
   facet normal 1.000000e+00 0.000000e+00 -0.000000e+00
      outer loop
         vertex 5.625000e+01 5.250000e+00 0.000000e+00
         vertex 5.625000e+01 5.250000e+00 2.500000e+00
         vertex 5.625000e+01 2.250000e+00 0.000000e+00
      endloop
   endfacet
   facet normal 1.000000e+00 0.000000e+00 0.000000e+00
      outer loop
         vertex 5.625000e+01 2.250000e+00 0.000000e+00
         vertex 5.625000e+01 5.250000e+00 2.500000e+00
         vertex 5.625000e+01 2.250000e+00 2.500000e+00
      endloop
   endfacet
   facet normal 0.000000e+00 0.000000e+00 -1.000000e+00
      outer loop
         vertex 2.125000e+01 5.250000e+00 0.000000e+00
         vertex 5.625000e+01 5.250000e+00 0.000000e+00
         vertex 2.125000e+01 2.250000e+00 0.000000e+00
      endloop
   endfacet
   facet normal 0.000000e+00 0.000000e+00 -1.000000e+00
      outer loop
         vertex 2.125000e+01 2.250000e+00 0.000000e+00
         vertex 5.625000e+01 5.250000e+00 0.000000e+00
         vertex 5.625000e+01 2.250000e+00 0.000000e+00
      endloop
   endfacet
   facet normal -1.000000e+00 -0.000000e+00 -0.000000e+00
      outer loop
         vertex 2.125000e+01 5.250000e+00 2.500000e+00
         vertex 2.125000e+01 5.250000e+00 0.000000e+00
         vertex 2.125000e+01 2.250000e+00 2.500000e+00
      endloop
   endfacet
   facet normal -1.000000e+00 0.000000e+00 0.000000e+00
      outer loop
         vertex 2.125000e+01 2.250000e+00 2.500000e+00
         vertex 2.125000e+01 5.250000e+00 0.000000e+00
         vertex 2.125000e+01 2.250000e+00 0.000000e+00
      endloop
   endfacet
   facet normal -0.000000e+00 0.000000e+00 1.000000e+00
      outer loop
         vertex 2.492462e+01 4.177525e+00 2.500000e+00
         vertex 2.498101e+01 3.967060e+00 2.500000e+00
         vertex 2.825000e+01 5.250000e+00 2.500000e+00
      endloop
   endfacet
   facet normal 0.000000e+00 0.000000e+00 1.000000e+00
      outer loop
         vertex 2.825000e+01 5.250000e+00 2.500000e+00
         vertex 2.498101e+01 3.967060e+00 2.500000e+00
         vertex 2.500000e+01 3.750000e+00 2.500000e+00
      endloop
   endfacet
   facet normal 0.000000e+00 0.000000e+00 1.000000e+00
      outer loop
         vertex 2.825000e+01 5.250000e+00 2.500000e+00
         vertex 2.500000e+01 3.750000e+00 2.500000e+00
         vertex 2.825000e+01 2.250000e+00 2.500000e+00
      endloop
   endfacet
   facet normal 0.000000e+00 0.000000e+00 1.000000e+00
      outer loop
         vertex 2.825000e+01 2.250000e+00 2.500000e+00
         vertex 2.500000e+01 3.750000e+00 2.500000e+00
         vertex 2.498101e+01 3.532940e+00 2.500000e+00
      endloop
   endfacet
   facet normal 0.000000e+00 0.000000e+00 1.000000e+00
      outer loop
         vertex 2.251899e+01 3.967060e+00 2.500000e+00
         vertex 2.125000e+01 5.250000e+00 2.500000e+00
         vertex 2.250000e+01 3.750000e+00 2.500000e+00
      endloop
   endfacet
   facet normal 0.000000e+00 0.000000e+00 1.000000e+00
      outer loop
         vertex 2.250000e+01 3.750000e+00 2.500000e+00
         vertex 2.125000e+01 5.250000e+00 2.500000e+00
         vertex 2.125000e+01 2.250000e+00 2.500000e+00
      endloop
   endfacet
   facet normal 0.000000e+00 0.000000e+00 1.000000e+00
      outer loop
         vertex 2.250000e+01 3.750000e+00 2.500000e+00
         vertex 2.125000e+01 2.250000e+00 2.500000e+00
         vertex 2.251899e+01 3.532940e+00 2.500000e+00
      endloop
   endfacet
   facet normal 0.000000e+00 0.000000e+00 1.000000e+00
      outer loop
         vertex 2.251899e+01 3.532940e+00 2.500000e+00
         vertex 2.125000e+01 2.250000e+00 2.500000e+00
         vertex 2.257538e+01 3.322475e+00 2.500000e+00
      endloop
   endfacet
   facet normal 0.000000e+00 -0.000000e+00 1.000000e+00
      outer loop
         vertex 2.251899e+01 3.967060e+00 2.500000e+00
         vertex 2.257538e+01 4.177525e+00 2.500000e+00
         vertex 2.125000e+01 5.250000e+00 2.500000e+00
      endloop
   endfacet
   facet normal 0.000000e+00 0.000000e+00 1.000000e+00
      outer loop
         vertex 2.125000e+01 5.250000e+00 2.500000e+00
         vertex 2.257538e+01 4.177525e+00 2.500000e+00
         vertex 2.266747e+01 4.375000e+00 2.500000e+00
      endloop
   endfacet
   facet normal 0.000000e+00 0.000000e+00 1.000000e+00
      outer loop
         vertex 2.125000e+01 5.250000e+00 2.500000e+00
         vertex 2.266747e+01 4.375000e+00 2.500000e+00
         vertex 2.279245e+01 4.553484e+00 2.500000e+00
      endloop
   endfacet
   facet normal 0.000000e+00 -0.000000e+00 1.000000e+00
      outer loop
         vertex 2.279245e+01 4.553484e+00 2.500000e+00
         vertex 2.294652e+01 4.707555e+00 2.500000e+00
         vertex 2.125000e+01 5.250000e+00 2.500000e+00
      endloop
   endfacet
   facet normal 0.000000e+00 0.000000e+00 1.000000e+00
      outer loop
         vertex 2.125000e+01 5.250000e+00 2.500000e+00
         vertex 2.294652e+01 4.707555e+00 2.500000e+00
         vertex 2.312500e+01 4.832532e+00 2.500000e+00
      endloop
   endfacet
   facet normal 0.000000e+00 0.000000e+00 1.000000e+00
      outer loop
         vertex 2.125000e+01 5.250000e+00 2.500000e+00
         vertex 2.312500e+01 4.832532e+00 2.500000e+00
         vertex 2.332248e+01 4.924616e+00 2.500000e+00
      endloop
   endfacet
   facet normal -0.000000e+00 0.000000e+00 1.000000e+00
      outer loop
         vertex 2.417753e+01 4.924616e+00 2.500000e+00
         vertex 2.437500e+01 4.832532e+00 2.500000e+00
         vertex 2.825000e+01 5.250000e+00 2.500000e+00
      endloop
   endfacet
   facet normal 0.000000e+00 0.000000e+00 1.000000e+00
      outer loop
         vertex 2.825000e+01 5.250000e+00 2.500000e+00
         vertex 2.437500e+01 4.832532e+00 2.500000e+00
         vertex 2.455349e+01 4.707555e+00 2.500000e+00
      endloop
   endfacet
   facet normal 0.000000e+00 0.000000e+00 1.000000e+00
      outer loop
         vertex 2.312500e+01 2.667468e+00 2.500000e+00
         vertex 2.294652e+01 2.792444e+00 2.500000e+00
         vertex 2.125000e+01 2.250000e+00 2.500000e+00
      endloop
   endfacet
   facet normal -0.000000e+00 0.000000e+00 1.000000e+00
      outer loop
         vertex 2.455349e+01 4.707555e+00 2.500000e+00
         vertex 2.470756e+01 4.553484e+00 2.500000e+00
         vertex 2.825000e+01 5.250000e+00 2.500000e+00
      endloop
   endfacet
   facet normal 0.000000e+00 0.000000e+00 1.000000e+00
      outer loop
         vertex 2.825000e+01 5.250000e+00 2.500000e+00
         vertex 2.470756e+01 4.553484e+00 2.500000e+00
         vertex 2.483253e+01 4.375000e+00 2.500000e+00
      endloop
   endfacet
   facet normal 0.000000e+00 0.000000e+00 1.000000e+00
      outer loop
         vertex 2.825000e+01 5.250000e+00 2.500000e+00
         vertex 2.483253e+01 4.375000e+00 2.500000e+00
         vertex 2.492462e+01 4.177525e+00 2.500000e+00
      endloop
   endfacet
   facet normal 0.000000e+00 0.000000e+00 1.000000e+00
      outer loop
         vertex 2.498101e+01 3.532940e+00 2.500000e+00
         vertex 2.492462e+01 3.322475e+00 2.500000e+00
         vertex 2.825000e+01 2.250000e+00 2.500000e+00
      endloop
   endfacet
   facet normal 0.000000e+00 0.000000e+00 1.000000e+00
      outer loop
         vertex 2.825000e+01 2.250000e+00 2.500000e+00
         vertex 2.492462e+01 3.322475e+00 2.500000e+00
         vertex 2.483253e+01 3.125000e+00 2.500000e+00
      endloop
   endfacet
   facet normal 0.000000e+00 0.000000e+00 1.000000e+00
      outer loop
         vertex 2.825000e+01 2.250000e+00 2.500000e+00
         vertex 2.483253e+01 3.125000e+00 2.500000e+00
         vertex 2.470756e+01 2.946515e+00 2.500000e+00
      endloop
   endfacet
   facet normal 0.000000e+00 0.000000e+00 1.000000e+00
      outer loop
         vertex 2.312500e+01 2.667468e+00 2.500000e+00
         vertex 2.125000e+01 2.250000e+00 2.500000e+00
         vertex 2.332248e+01 2.575384e+00 2.500000e+00
      endloop
   endfacet
   facet normal 0.000000e+00 0.000000e+00 1.000000e+00
      outer loop
         vertex 2.294652e+01 2.792444e+00 2.500000e+00
         vertex 2.279245e+01 2.946515e+00 2.500000e+00
         vertex 2.125000e+01 2.250000e+00 2.500000e+00
      endloop
   endfacet
   facet normal 0.000000e+00 0.000000e+00 1.000000e+00
      outer loop
         vertex 2.125000e+01 2.250000e+00 2.500000e+00
         vertex 2.279245e+01 2.946515e+00 2.500000e+00
         vertex 2.266747e+01 3.125000e+00 2.500000e+00
      endloop
   endfacet
   facet normal 0.000000e+00 0.000000e+00 1.000000e+00
      outer loop
         vertex 2.125000e+01 2.250000e+00 2.500000e+00
         vertex 2.266747e+01 3.125000e+00 2.500000e+00
         vertex 2.257538e+01 3.322475e+00 2.500000e+00
      endloop
   endfacet
   facet normal 0.000000e+00 0.000000e+00 1.000000e+00
      outer loop
         vertex 2.470756e+01 2.946515e+00 2.500000e+00
         vertex 2.455349e+01 2.792444e+00 2.500000e+00
         vertex 2.825000e+01 2.250000e+00 2.500000e+00
      endloop
   endfacet
   facet normal 0.000000e+00 0.000000e+00 1.000000e+00
      outer loop
         vertex 2.825000e+01 2.250000e+00 2.500000e+00
         vertex 2.455349e+01 2.792444e+00 2.500000e+00
         vertex 2.437500e+01 2.667468e+00 2.500000e+00
      endloop
   endfacet
   facet normal 0.000000e+00 0.000000e+00 1.000000e+00
      outer loop
         vertex 2.825000e+01 2.250000e+00 2.500000e+00
         vertex 2.437500e+01 2.667468e+00 2.500000e+00
         vertex 2.417753e+01 2.575384e+00 2.500000e+00
      endloop
   endfacet
   facet normal 0.000000e+00 -0.000000e+00 1.000000e+00
      outer loop
         vertex 2.332248e+01 4.924616e+00 2.500000e+00
         vertex 2.353294e+01 4.981010e+00 2.500000e+00
         vertex 2.125000e+01 5.250000e+00 2.500000e+00
      endloop
   endfacet
   facet normal 0.000000e+00 0.000000e+00 1.000000e+00
      outer loop
         vertex 2.125000e+01 5.250000e+00 2.500000e+00
         vertex 2.353294e+01 4.981010e+00 2.500000e+00
         vertex 2.375000e+01 5.000000e+00 2.500000e+00
      endloop
   endfacet
   facet normal -0.000000e+00 0.000000e+00 1.000000e+00
      outer loop
         vertex 2.125000e+01 5.250000e+00 2.500000e+00
         vertex 2.375000e+01 5.000000e+00 2.500000e+00
         vertex 2.825000e+01 5.250000e+00 2.500000e+00
      endloop
   endfacet
   facet normal 0.000000e+00 0.000000e+00 1.000000e+00
      outer loop
         vertex 2.825000e+01 5.250000e+00 2.500000e+00
         vertex 2.375000e+01 5.000000e+00 2.500000e+00
         vertex 2.396706e+01 4.981010e+00 2.500000e+00
      endloop
   endfacet
   facet normal 0.000000e+00 0.000000e+00 1.000000e+00
      outer loop
         vertex 2.825000e+01 5.250000e+00 2.500000e+00
         vertex 2.396706e+01 4.981010e+00 2.500000e+00
         vertex 2.417753e+01 4.924616e+00 2.500000e+00
      endloop
   endfacet
   facet normal 0.000000e+00 0.000000e+00 1.000000e+00
      outer loop
         vertex 2.417753e+01 2.575384e+00 2.500000e+00
         vertex 2.396706e+01 2.518990e+00 2.500000e+00
         vertex 2.825000e+01 2.250000e+00 2.500000e+00
      endloop
   endfacet
   facet normal 0.000000e+00 0.000000e+00 1.000000e+00
      outer loop
         vertex 2.825000e+01 2.250000e+00 2.500000e+00
         vertex 2.396706e+01 2.518990e+00 2.500000e+00
         vertex 2.375000e+01 2.500000e+00 2.500000e+00
      endloop
   endfacet
   facet normal 0.000000e+00 0.000000e+00 1.000000e+00
      outer loop
         vertex 2.825000e+01 2.250000e+00 2.500000e+00
         vertex 2.375000e+01 2.500000e+00 2.500000e+00
         vertex 2.125000e+01 2.250000e+00 2.500000e+00
      endloop
   endfacet
   facet normal 0.000000e+00 0.000000e+00 1.000000e+00
      outer loop
         vertex 2.125000e+01 2.250000e+00 2.500000e+00
         vertex 2.375000e+01 2.500000e+00 2.500000e+00
         vertex 2.353294e+01 2.518990e+00 2.500000e+00
      endloop
   endfacet
   facet normal 0.000000e+00 0.000000e+00 1.000000e+00
      outer loop
         vertex 2.125000e+01 2.250000e+00 2.500000e+00
         vertex 2.353294e+01 2.518990e+00 2.500000e+00
         vertex 2.332248e+01 2.575384e+00 2.500000e+00
      endloop
   endfacet
   facet normal -1.000000e+00 -0.000000e+00 -0.000000e+00
      outer loop
         vertex 2.825000e+01 5.250000e+00 7.500000e+00
         vertex 2.825000e+01 5.250000e+00 2.500000e+00
         vertex 2.825000e+01 2.250000e+00 7.500000e+00
      endloop
   endfacet
   facet normal -1.000000e+00 0.000000e+00 0.000000e+00
      outer loop
         vertex 2.825000e+01 2.250000e+00 7.500000e+00
         vertex 2.825000e+01 5.250000e+00 2.500000e+00
         vertex 2.825000e+01 2.250000e+00 2.500000e+00
      endloop
   endfacet
   facet normal 0.000000e+00 0.000000e+00 -1.000000e+00
      outer loop
         vertex 2.492462e+01 4.177525e+00 7.500000e+00
         vertex 2.483253e+01 4.375000e+00 7.500000e+00
         vertex 2.825000e+01 5.250000e+00 7.500000e+00
      endloop
   endfacet
   facet normal -0.000000e+00 0.000000e+00 -1.000000e+00
      outer loop
         vertex 2.257538e+01 4.177525e+00 7.500000e+00
         vertex 2.251899e+01 3.967060e+00 7.500000e+00
         vertex 2.125000e+01 5.250000e+00 7.500000e+00
      endloop
   endfacet
   facet normal 0.000000e+00 0.000000e+00 -1.000000e+00
      outer loop
         vertex 2.125000e+01 5.250000e+00 7.500000e+00
         vertex 2.251899e+01 3.967060e+00 7.500000e+00
         vertex 2.250000e+01 3.750000e+00 7.500000e+00
      endloop
   endfacet
   facet normal 0.000000e+00 0.000000e+00 -1.000000e+00
      outer loop
         vertex 2.125000e+01 5.250000e+00 7.500000e+00
         vertex 2.250000e+01 3.750000e+00 7.500000e+00
         vertex 2.125000e+01 2.250000e+00 7.500000e+00
      endloop
   endfacet
   facet normal 0.000000e+00 0.000000e+00 -1.000000e+00
      outer loop
         vertex 2.125000e+01 2.250000e+00 7.500000e+00
         vertex 2.250000e+01 3.750000e+00 7.500000e+00
         vertex 2.251899e+01 3.532940e+00 7.500000e+00
      endloop
   endfacet
   facet normal 0.000000e+00 0.000000e+00 -1.000000e+00
      outer loop
         vertex 2.825000e+01 2.250000e+00 7.500000e+00
         vertex 2.500000e+01 3.750000e+00 7.500000e+00
         vertex 2.825000e+01 5.250000e+00 7.500000e+00
      endloop
   endfacet
   facet normal 0.000000e+00 0.000000e+00 -1.000000e+00
      outer loop
         vertex 2.825000e+01 5.250000e+00 7.500000e+00
         vertex 2.500000e+01 3.750000e+00 7.500000e+00
         vertex 2.498101e+01 3.967060e+00 7.500000e+00
      endloop
   endfacet
   facet normal 0.000000e+00 0.000000e+00 -1.000000e+00
      outer loop
         vertex 2.825000e+01 5.250000e+00 7.500000e+00
         vertex 2.498101e+01 3.967060e+00 7.500000e+00
         vertex 2.492462e+01 4.177525e+00 7.500000e+00
      endloop
   endfacet
   facet normal 0.000000e+00 0.000000e+00 -1.000000e+00
      outer loop
         vertex 2.825000e+01 5.250000e+00 7.500000e+00
         vertex 2.437500e+01 4.832532e+00 7.500000e+00
         vertex 2.417753e+01 4.924616e+00 7.500000e+00
      endloop
   endfacet
   facet normal 0.000000e+00 0.000000e+00 -1.000000e+00
      outer loop
         vertex 2.294652e+01 4.707555e+00 7.500000e+00
         vertex 2.125000e+01 5.250000e+00 7.500000e+00
         vertex 2.312500e+01 4.832532e+00 7.500000e+00
      endloop
   endfacet
   facet normal 0.000000e+00 0.000000e+00 -1.000000e+00
      outer loop
         vertex 2.312500e+01 4.832532e+00 7.500000e+00
         vertex 2.125000e+01 5.250000e+00 7.500000e+00
         vertex 2.332248e+01 4.924616e+00 7.500000e+00
      endloop
   endfacet
   facet normal -0.000000e+00 0.000000e+00 -1.000000e+00
      outer loop
         vertex 2.294652e+01 4.707555e+00 7.500000e+00
         vertex 2.279245e+01 4.553484e+00 7.500000e+00
         vertex 2.125000e+01 5.250000e+00 7.500000e+00
      endloop
   endfacet
   facet normal 0.000000e+00 0.000000e+00 -1.000000e+00
      outer loop
         vertex 2.125000e+01 5.250000e+00 7.500000e+00
         vertex 2.279245e+01 4.553484e+00 7.500000e+00
         vertex 2.266747e+01 4.375000e+00 7.500000e+00
      endloop
   endfacet
   facet normal 0.000000e+00 0.000000e+00 -1.000000e+00
      outer loop
         vertex 2.125000e+01 5.250000e+00 7.500000e+00
         vertex 2.266747e+01 4.375000e+00 7.500000e+00
         vertex 2.257538e+01 4.177525e+00 7.500000e+00
      endloop
   endfacet
   facet normal 0.000000e+00 -0.000000e+00 -1.000000e+00
      outer loop
         vertex 2.251899e+01 3.532940e+00 7.500000e+00
         vertex 2.257538e+01 3.322475e+00 7.500000e+00
         vertex 2.125000e+01 2.250000e+00 7.500000e+00
      endloop
   endfacet
   facet normal 0.000000e+00 0.000000e+00 -1.000000e+00
      outer loop
         vertex 2.125000e+01 2.250000e+00 7.500000e+00
         vertex 2.257538e+01 3.322475e+00 7.500000e+00
         vertex 2.266747e+01 3.125000e+00 7.500000e+00
      endloop
   endfacet
   facet normal 0.000000e+00 0.000000e+00 -1.000000e+00
      outer loop
         vertex 2.125000e+01 2.250000e+00 7.500000e+00
         vertex 2.266747e+01 3.125000e+00 7.500000e+00
         vertex 2.279245e+01 2.946515e+00 7.500000e+00
      endloop
   endfacet
   facet normal 0.000000e+00 0.000000e+00 -1.000000e+00
      outer loop
         vertex 2.417753e+01 2.575384e+00 7.500000e+00
         vertex 2.437500e+01 2.667468e+00 7.500000e+00
         vertex 2.825000e+01 2.250000e+00 7.500000e+00
      endloop
   endfacet
   facet normal 0.000000e+00 0.000000e+00 -1.000000e+00
      outer loop
         vertex 2.483253e+01 4.375000e+00 7.500000e+00
         vertex 2.470756e+01 4.553484e+00 7.500000e+00
         vertex 2.825000e+01 5.250000e+00 7.500000e+00
      endloop
   endfacet
   facet normal 0.000000e+00 0.000000e+00 -1.000000e+00
      outer loop
         vertex 2.825000e+01 5.250000e+00 7.500000e+00
         vertex 2.470756e+01 4.553484e+00 7.500000e+00
         vertex 2.455349e+01 4.707555e+00 7.500000e+00
      endloop
   endfacet
   facet normal 0.000000e+00 0.000000e+00 -1.000000e+00
      outer loop
         vertex 2.825000e+01 5.250000e+00 7.500000e+00
         vertex 2.455349e+01 4.707555e+00 7.500000e+00
         vertex 2.437500e+01 4.832532e+00 7.500000e+00
      endloop
   endfacet
   facet normal 0.000000e+00 0.000000e+00 -1.000000e+00
      outer loop
         vertex 2.483253e+01 3.125000e+00 7.500000e+00
         vertex 2.492462e+01 3.322475e+00 7.500000e+00
         vertex 2.825000e+01 2.250000e+00 7.500000e+00
      endloop
   endfacet
   facet normal 0.000000e+00 0.000000e+00 -1.000000e+00
      outer loop
         vertex 2.825000e+01 2.250000e+00 7.500000e+00
         vertex 2.492462e+01 3.322475e+00 7.500000e+00
         vertex 2.498101e+01 3.532940e+00 7.500000e+00
      endloop
   endfacet
   facet normal 0.000000e+00 0.000000e+00 -1.000000e+00
      outer loop
         vertex 2.825000e+01 2.250000e+00 7.500000e+00
         vertex 2.498101e+01 3.532940e+00 7.500000e+00
         vertex 2.500000e+01 3.750000e+00 7.500000e+00
      endloop
   endfacet
   facet normal 0.000000e+00 0.000000e+00 -1.000000e+00
      outer loop
         vertex 2.417753e+01 4.924616e+00 7.500000e+00
         vertex 2.396706e+01 4.981010e+00 7.500000e+00
         vertex 2.825000e+01 5.250000e+00 7.500000e+00
      endloop
   endfacet
   facet normal 0.000000e+00 0.000000e+00 -1.000000e+00
      outer loop
         vertex 2.825000e+01 5.250000e+00 7.500000e+00
         vertex 2.396706e+01 4.981010e+00 7.500000e+00
         vertex 2.375000e+01 5.000000e+00 7.500000e+00
      endloop
   endfacet
   facet normal -0.000000e+00 0.000000e+00 -1.000000e+00
      outer loop
         vertex 2.825000e+01 5.250000e+00 7.500000e+00
         vertex 2.375000e+01 5.000000e+00 7.500000e+00
         vertex 2.125000e+01 5.250000e+00 7.500000e+00
      endloop
   endfacet
   facet normal 0.000000e+00 0.000000e+00 -1.000000e+00
      outer loop
         vertex 2.125000e+01 5.250000e+00 7.500000e+00
         vertex 2.375000e+01 5.000000e+00 7.500000e+00
         vertex 2.353294e+01 4.981010e+00 7.500000e+00
      endloop
   endfacet
   facet normal 0.000000e+00 0.000000e+00 -1.000000e+00
      outer loop
         vertex 2.125000e+01 5.250000e+00 7.500000e+00
         vertex 2.353294e+01 4.981010e+00 7.500000e+00
         vertex 2.332248e+01 4.924616e+00 7.500000e+00
      endloop
   endfacet
   facet normal 0.000000e+00 0.000000e+00 -1.000000e+00
      outer loop
         vertex 2.437500e+01 2.667468e+00 7.500000e+00
         vertex 2.455349e+01 2.792444e+00 7.500000e+00
         vertex 2.825000e+01 2.250000e+00 7.500000e+00
      endloop
   endfacet
   facet normal 0.000000e+00 0.000000e+00 -1.000000e+00
      outer loop
         vertex 2.825000e+01 2.250000e+00 7.500000e+00
         vertex 2.455349e+01 2.792444e+00 7.500000e+00
         vertex 2.470756e+01 2.946515e+00 7.500000e+00
      endloop
   endfacet
   facet normal 0.000000e+00 0.000000e+00 -1.000000e+00
      outer loop
         vertex 2.825000e+01 2.250000e+00 7.500000e+00
         vertex 2.470756e+01 2.946515e+00 7.500000e+00
         vertex 2.483253e+01 3.125000e+00 7.500000e+00
      endloop
   endfacet
   facet normal 0.000000e+00 -0.000000e+00 -1.000000e+00
      outer loop
         vertex 2.279245e+01 2.946515e+00 7.500000e+00
         vertex 2.294652e+01 2.792444e+00 7.500000e+00
         vertex 2.125000e+01 2.250000e+00 7.500000e+00
      endloop
   endfacet
   facet normal 0.000000e+00 0.000000e+00 -1.000000e+00
      outer loop
         vertex 2.125000e+01 2.250000e+00 7.500000e+00
         vertex 2.294652e+01 2.792444e+00 7.500000e+00
         vertex 2.312500e+01 2.667468e+00 7.500000e+00
      endloop
   endfacet
   facet normal 0.000000e+00 0.000000e+00 -1.000000e+00
      outer loop
         vertex 2.125000e+01 2.250000e+00 7.500000e+00
         vertex 2.312500e+01 2.667468e+00 7.500000e+00
         vertex 2.332248e+01 2.575384e+00 7.500000e+00
      endloop
   endfacet
   facet normal 0.000000e+00 -0.000000e+00 -1.000000e+00
      outer loop
         vertex 2.332248e+01 2.575384e+00 7.500000e+00
         vertex 2.353294e+01 2.518990e+00 7.500000e+00
         vertex 2.125000e+01 2.250000e+00 7.500000e+00
      endloop
   endfacet
   facet normal 0.000000e+00 0.000000e+00 -1.000000e+00
      outer loop
         vertex 2.125000e+01 2.250000e+00 7.500000e+00
         vertex 2.353294e+01 2.518990e+00 7.500000e+00
         vertex 2.375000e+01 2.500000e+00 7.500000e+00
      endloop
   endfacet
   facet normal 0.000000e+00 0.000000e+00 -1.000000e+00
      outer loop
         vertex 2.125000e+01 2.250000e+00 7.500000e+00
         vertex 2.375000e+01 2.500000e+00 7.500000e+00
         vertex 2.825000e+01 2.250000e+00 7.500000e+00
      endloop
   endfacet
   facet normal 0.000000e+00 0.000000e+00 -1.000000e+00
      outer loop
         vertex 2.825000e+01 2.250000e+00 7.500000e+00
         vertex 2.375000e+01 2.500000e+00 7.500000e+00
         vertex 2.396706e+01 2.518990e+00 7.500000e+00
      endloop
   endfacet
   facet normal 0.000000e+00 0.000000e+00 -1.000000e+00
      outer loop
         vertex 2.825000e+01 2.250000e+00 7.500000e+00
         vertex 2.396706e+01 2.518990e+00 7.500000e+00
         vertex 2.417753e+01 2.575384e+00 7.500000e+00
      endloop
   endfacet
   facet normal -1.000000e+00 -0.000000e+00 -0.000000e+00
      outer loop
         vertex 2.125000e+01 5.250000e+00 1.000000e+01
         vertex 2.125000e+01 5.250000e+00 7.500000e+00
         vertex 2.125000e+01 2.250000e+00 1.000000e+01
      endloop
   endfacet
   facet normal -1.000000e+00 0.000000e+00 0.000000e+00
      outer loop
         vertex 2.125000e+01 2.250000e+00 1.000000e+01
         vertex 2.125000e+01 5.250000e+00 7.500000e+00
         vertex 2.125000e+01 2.250000e+00 7.500000e+00
      endloop
   endfacet
   facet normal 0.000000e+00 0.000000e+00 1.000000e+00
      outer loop
         vertex 5.625000e+01 5.250000e+00 1.000000e+01
         vertex 2.125000e+01 5.250000e+00 1.000000e+01
         vertex 5.625000e+01 2.250000e+00 1.000000e+01
      endloop
   endfacet
   facet normal 0.000000e+00 0.000000e+00 1.000000e+00
      outer loop
         vertex 5.625000e+01 2.250000e+00 1.000000e+01
         vertex 2.125000e+01 5.250000e+00 1.000000e+01
         vertex 2.125000e+01 2.250000e+00 1.000000e+01
      endloop
   endfacet
   facet normal -8.715572e-02 0.000000e+00 9.961947e-01
      outer loop
         vertex 3.875000e+01 5.250000e+00 2.250000e+00
         vertex 3.875000e+01 2.250000e+00 2.250000e+00
         vertex 3.922753e+01 5.250000e+00 2.291779e+00
      endloop
   endfacet
   facet normal -8.715572e-02 0.000000e+00 9.961947e-01
      outer loop
         vertex 3.922753e+01 5.250000e+00 2.291779e+00
         vertex 3.875000e+01 2.250000e+00 2.250000e+00
         vertex 3.922753e+01 2.250000e+00 2.291779e+00
      endloop
   endfacet
   facet normal -2.588190e-01 0.000000e+00 9.659258e-01
      outer loop
         vertex 3.922753e+01 5.250000e+00 2.291779e+00
         vertex 3.922753e+01 2.250000e+00 2.291779e+00
         vertex 3.969056e+01 5.250000e+00 2.415845e+00
      endloop
   endfacet
   facet normal -2.588190e-01 0.000000e+00 9.659258e-01
      outer loop
         vertex 3.969056e+01 5.250000e+00 2.415845e+00
         vertex 3.922753e+01 2.250000e+00 2.291779e+00
         vertex 3.969056e+01 2.250000e+00 2.415845e+00
      endloop
   endfacet
   facet normal -4.226182e-01 0.000000e+00 9.063078e-01
      outer loop
         vertex 3.969056e+01 5.250000e+00 2.415845e+00
         vertex 3.969056e+01 2.250000e+00 2.415845e+00
         vertex 4.012500e+01 5.250000e+00 2.618430e+00
      endloop
   endfacet
   facet normal -4.226182e-01 0.000000e+00 9.063078e-01
      outer loop
         vertex 4.012500e+01 5.250000e+00 2.618430e+00
         vertex 3.969056e+01 2.250000e+00 2.415845e+00
         vertex 4.012500e+01 2.250000e+00 2.618430e+00
      endloop
   endfacet
   facet normal -5.735764e-01 0.000000e+00 8.191521e-01
      outer loop
         vertex 4.012500e+01 5.250000e+00 2.618430e+00
         vertex 4.012500e+01 2.250000e+00 2.618430e+00
         vertex 4.051767e+01 5.250000e+00 2.893378e+00
      endloop
   endfacet
   facet normal -5.735764e-01 0.000000e+00 8.191521e-01
      outer loop
         vertex 4.051767e+01 5.250000e+00 2.893378e+00
         vertex 4.012500e+01 2.250000e+00 2.618430e+00
         vertex 4.051767e+01 2.250000e+00 2.893378e+00
      endloop
   endfacet
   facet normal -7.071068e-01 0.000000e+00 7.071068e-01
      outer loop
         vertex 4.051767e+01 5.250000e+00 2.893378e+00
         vertex 4.051767e+01 2.250000e+00 2.893378e+00
         vertex 4.085662e+01 5.250000e+00 3.232334e+00
      endloop
   endfacet
   facet normal -7.071068e-01 0.000000e+00 7.071068e-01
      outer loop
         vertex 4.085662e+01 5.250000e+00 3.232334e+00
         vertex 4.051767e+01 2.250000e+00 2.893378e+00
         vertex 4.085662e+01 2.250000e+00 3.232334e+00
      endloop
   endfacet
   facet normal -8.191521e-01 0.000000e+00 5.735764e-01
      outer loop
         vertex 4.085662e+01 5.250000e+00 3.232334e+00
         vertex 4.085662e+01 2.250000e+00 3.232334e+00
         vertex 4.113157e+01 5.250000e+00 3.625000e+00
      endloop
   endfacet
   facet normal -8.191521e-01 0.000000e+00 5.735764e-01
      outer loop
         vertex 4.113157e+01 5.250000e+00 3.625000e+00
         vertex 4.085662e+01 2.250000e+00 3.232334e+00
         vertex 4.113157e+01 2.250000e+00 3.625000e+00
      endloop
   endfacet
   facet normal -9.063078e-01 0.000000e+00 4.226182e-01
      outer loop
         vertex 4.113157e+01 5.250000e+00 3.625000e+00
         vertex 4.113157e+01 2.250000e+00 3.625000e+00
         vertex 4.133416e+01 5.250000e+00 4.059444e+00
      endloop
   endfacet
   facet normal -9.063078e-01 0.000000e+00 4.226182e-01
      outer loop
         vertex 4.133416e+01 5.250000e+00 4.059444e+00
         vertex 4.113157e+01 2.250000e+00 3.625000e+00
         vertex 4.133416e+01 2.250000e+00 4.059444e+00
      endloop
   endfacet
   facet normal -9.659258e-01 0.000000e+00 2.588190e-01
      outer loop
         vertex 4.133416e+01 5.250000e+00 4.059444e+00
         vertex 4.133416e+01 2.250000e+00 4.059444e+00
         vertex 4.145822e+01 5.250000e+00 4.522467e+00
      endloop
   endfacet
   facet normal -9.659258e-01 0.000000e+00 2.588190e-01
      outer loop
         vertex 4.145822e+01 5.250000e+00 4.522467e+00
         vertex 4.133416e+01 2.250000e+00 4.059444e+00
         vertex 4.145822e+01 2.250000e+00 4.522467e+00
      endloop
   endfacet
   facet normal -9.961947e-01 0.000000e+00 8.715572e-02
      outer loop
         vertex 4.145822e+01 5.250000e+00 4.522467e+00
         vertex 4.145822e+01 2.250000e+00 4.522467e+00
         vertex 4.150000e+01 5.250000e+00 5.000000e+00
      endloop
   endfacet
   facet normal -9.961947e-01 0.000000e+00 8.715572e-02
      outer loop
         vertex 4.150000e+01 5.250000e+00 5.000000e+00
         vertex 4.145822e+01 2.250000e+00 4.522467e+00
         vertex 4.150000e+01 2.250000e+00 5.000000e+00
      endloop
   endfacet
   facet normal -9.961947e-01 -0.000000e+00 -8.715572e-02
      outer loop
         vertex 4.150000e+01 5.250000e+00 5.000000e+00
         vertex 4.150000e+01 2.250000e+00 5.000000e+00
         vertex 4.145822e+01 5.250000e+00 5.477532e+00
      endloop
   endfacet
   facet normal -9.961947e-01 -0.000000e+00 -8.715572e-02
      outer loop
         vertex 4.145822e+01 5.250000e+00 5.477532e+00
         vertex 4.150000e+01 2.250000e+00 5.000000e+00
         vertex 4.145822e+01 2.250000e+00 5.477532e+00
      endloop
   endfacet
   facet normal -9.659258e-01 -0.000000e+00 -2.588190e-01
      outer loop
         vertex 4.145822e+01 5.250000e+00 5.477532e+00
         vertex 4.145822e+01 2.250000e+00 5.477532e+00
         vertex 4.133416e+01 5.250000e+00 5.940555e+00
      endloop
   endfacet
   facet normal -9.659258e-01 -0.000000e+00 -2.588190e-01
      outer loop
         vertex 4.133416e+01 5.250000e+00 5.940555e+00
         vertex 4.145822e+01 2.250000e+00 5.477532e+00
         vertex 4.133416e+01 2.250000e+00 5.940555e+00
      endloop
   endfacet
   facet normal -9.063078e-01 -0.000000e+00 -4.226182e-01
      outer loop
         vertex 4.133416e+01 5.250000e+00 5.940555e+00
         vertex 4.133416e+01 2.250000e+00 5.940555e+00
         vertex 4.113157e+01 5.250000e+00 6.375000e+00
      endloop
   endfacet
   facet normal -9.063078e-01 -0.000000e+00 -4.226182e-01
      outer loop
         vertex 4.113157e+01 5.250000e+00 6.375000e+00
         vertex 4.133416e+01 2.250000e+00 5.940555e+00
         vertex 4.113157e+01 2.250000e+00 6.375000e+00
      endloop
   endfacet
   facet normal -8.191521e-01 -0.000000e+00 -5.735764e-01
      outer loop
         vertex 4.113157e+01 5.250000e+00 6.375000e+00
         vertex 4.113157e+01 2.250000e+00 6.375000e+00
         vertex 4.085662e+01 5.250000e+00 6.767666e+00
      endloop
   endfacet
   facet normal -8.191521e-01 -0.000000e+00 -5.735764e-01
      outer loop
         vertex 4.085662e+01 5.250000e+00 6.767666e+00
         vertex 4.113157e+01 2.250000e+00 6.375000e+00
         vertex 4.085662e+01 2.250000e+00 6.767666e+00
      endloop
   endfacet
   facet normal -7.071068e-01 -0.000000e+00 -7.071068e-01
      outer loop
         vertex 4.085662e+01 5.250000e+00 6.767666e+00
         vertex 4.085662e+01 2.250000e+00 6.767666e+00
         vertex 4.051767e+01 5.250000e+00 7.106622e+00
      endloop
   endfacet
   facet normal -7.071068e-01 -0.000000e+00 -7.071068e-01
      outer loop
         vertex 4.051767e+01 5.250000e+00 7.106622e+00
         vertex 4.085662e+01 2.250000e+00 6.767666e+00
         vertex 4.051767e+01 2.250000e+00 7.106622e+00
      endloop
   endfacet
   facet normal -5.735764e-01 -0.000000e+00 -8.191521e-01
      outer loop
         vertex 4.051767e+01 5.250000e+00 7.106622e+00
         vertex 4.051767e+01 2.250000e+00 7.106622e+00
         vertex 4.012500e+01 5.250000e+00 7.381570e+00
      endloop
   endfacet
   facet normal -5.735764e-01 -0.000000e+00 -8.191521e-01
      outer loop
         vertex 4.012500e+01 5.250000e+00 7.381570e+00
         vertex 4.051767e+01 2.250000e+00 7.106622e+00
         vertex 4.012500e+01 2.250000e+00 7.381570e+00
      endloop
   endfacet
   facet normal -4.226182e-01 -0.000000e+00 -9.063078e-01
      outer loop
         vertex 4.012500e+01 5.250000e+00 7.381570e+00
         vertex 4.012500e+01 2.250000e+00 7.381570e+00
         vertex 3.969056e+01 5.250000e+00 7.584155e+00
      endloop
   endfacet
   facet normal -4.226182e-01 -0.000000e+00 -9.063078e-01
      outer loop
         vertex 3.969056e+01 5.250000e+00 7.584155e+00
         vertex 4.012500e+01 2.250000e+00 7.381570e+00
         vertex 3.969056e+01 2.250000e+00 7.584155e+00
      endloop
   endfacet
   facet normal -2.588190e-01 -0.000000e+00 -9.659258e-01
      outer loop
         vertex 3.969056e+01 5.250000e+00 7.584155e+00
         vertex 3.969056e+01 2.250000e+00 7.584155e+00
         vertex 3.922753e+01 5.250000e+00 7.708221e+00
      endloop
   endfacet
   facet normal -2.588190e-01 -0.000000e+00 -9.659258e-01
      outer loop
         vertex 3.922753e+01 5.250000e+00 7.708221e+00
         vertex 3.969056e+01 2.250000e+00 7.584155e+00
         vertex 3.922753e+01 2.250000e+00 7.708221e+00
      endloop
   endfacet
   facet normal -8.715572e-02 -0.000000e+00 -9.961947e-01
      outer loop
         vertex 3.922753e+01 5.250000e+00 7.708221e+00
         vertex 3.922753e+01 2.250000e+00 7.708221e+00
         vertex 3.875000e+01 5.250000e+00 7.750000e+00
      endloop
   endfacet
   facet normal -8.715572e-02 -0.000000e+00 -9.961947e-01
      outer loop
         vertex 3.875000e+01 5.250000e+00 7.750000e+00
         vertex 3.922753e+01 2.250000e+00 7.708221e+00
         vertex 3.875000e+01 2.250000e+00 7.750000e+00
      endloop
   endfacet
   facet normal 8.715572e-02 0.000000e+00 -9.961947e-01
      outer loop
         vertex 3.875000e+01 5.250000e+00 7.750000e+00
         vertex 3.875000e+01 2.250000e+00 7.750000e+00
         vertex 3.827247e+01 5.250000e+00 7.708221e+00
      endloop
   endfacet
   facet normal 8.715572e-02 0.000000e+00 -9.961947e-01
      outer loop
         vertex 3.827247e+01 5.250000e+00 7.708221e+00
         vertex 3.875000e+01 2.250000e+00 7.750000e+00
         vertex 3.827247e+01 2.250000e+00 7.708221e+00
      endloop
   endfacet
   facet normal 2.588190e-01 0.000000e+00 -9.659258e-01
      outer loop
         vertex 3.827247e+01 5.250000e+00 7.708221e+00
         vertex 3.827247e+01 2.250000e+00 7.708221e+00
         vertex 3.780944e+01 5.250000e+00 7.584155e+00
      endloop
   endfacet
   facet normal 2.588190e-01 0.000000e+00 -9.659258e-01
      outer loop
         vertex 3.780944e+01 5.250000e+00 7.584155e+00
         vertex 3.827247e+01 2.250000e+00 7.708221e+00
         vertex 3.780944e+01 2.250000e+00 7.584155e+00
      endloop
   endfacet
   facet normal 4.226182e-01 0.000000e+00 -9.063078e-01
      outer loop
         vertex 3.780944e+01 5.250000e+00 7.584155e+00
         vertex 3.780944e+01 2.250000e+00 7.584155e+00
         vertex 3.737500e+01 5.250000e+00 7.381570e+00
      endloop
   endfacet
   facet normal 4.226182e-01 0.000000e+00 -9.063078e-01
      outer loop
         vertex 3.737500e+01 5.250000e+00 7.381570e+00
         vertex 3.780944e+01 2.250000e+00 7.584155e+00
         vertex 3.737500e+01 2.250000e+00 7.381570e+00
      endloop
   endfacet
   facet normal 5.735764e-01 0.000000e+00 -8.191521e-01
      outer loop
         vertex 3.737500e+01 5.250000e+00 7.381570e+00
         vertex 3.737500e+01 2.250000e+00 7.381570e+00
         vertex 3.698233e+01 5.250000e+00 7.106622e+00
      endloop
   endfacet
   facet normal 5.735764e-01 0.000000e+00 -8.191521e-01
      outer loop
         vertex 3.698233e+01 5.250000e+00 7.106622e+00
         vertex 3.737500e+01 2.250000e+00 7.381570e+00
         vertex 3.698233e+01 2.250000e+00 7.106622e+00
      endloop
   endfacet
   facet normal 7.071068e-01 0.000000e+00 -7.071068e-01
      outer loop
         vertex 3.698233e+01 5.250000e+00 7.106622e+00
         vertex 3.698233e+01 2.250000e+00 7.106622e+00
         vertex 3.664338e+01 5.250000e+00 6.767666e+00
      endloop
   endfacet
   facet normal 7.071068e-01 0.000000e+00 -7.071068e-01
      outer loop
         vertex 3.664338e+01 5.250000e+00 6.767666e+00
         vertex 3.698233e+01 2.250000e+00 7.106622e+00
         vertex 3.664338e+01 2.250000e+00 6.767666e+00
      endloop
   endfacet
   facet normal 8.191521e-01 0.000000e+00 -5.735764e-01
      outer loop
         vertex 3.664338e+01 5.250000e+00 6.767666e+00
         vertex 3.664338e+01 2.250000e+00 6.767666e+00
         vertex 3.636843e+01 5.250000e+00 6.375000e+00
      endloop
   endfacet
   facet normal 8.191521e-01 0.000000e+00 -5.735764e-01
      outer loop
         vertex 3.636843e+01 5.250000e+00 6.375000e+00
         vertex 3.664338e+01 2.250000e+00 6.767666e+00
         vertex 3.636843e+01 2.250000e+00 6.375000e+00
      endloop
   endfacet
   facet normal 9.063078e-01 0.000000e+00 -4.226182e-01
      outer loop
         vertex 3.636843e+01 5.250000e+00 6.375000e+00
         vertex 3.636843e+01 2.250000e+00 6.375000e+00
         vertex 3.616585e+01 5.250000e+00 5.940555e+00
      endloop
   endfacet
   facet normal 9.063078e-01 0.000000e+00 -4.226182e-01
      outer loop
         vertex 3.616585e+01 5.250000e+00 5.940555e+00
         vertex 3.636843e+01 2.250000e+00 6.375000e+00
         vertex 3.616585e+01 2.250000e+00 5.940555e+00
      endloop
   endfacet
   facet normal 9.659258e-01 0.000000e+00 -2.588190e-01
      outer loop
         vertex 3.616585e+01 5.250000e+00 5.940555e+00
         vertex 3.616585e+01 2.250000e+00 5.940555e+00
         vertex 3.604178e+01 5.250000e+00 5.477532e+00
      endloop
   endfacet
   facet normal 9.659258e-01 0.000000e+00 -2.588190e-01
      outer loop
         vertex 3.604178e+01 5.250000e+00 5.477532e+00
         vertex 3.616585e+01 2.250000e+00 5.940555e+00
         vertex 3.604178e+01 2.250000e+00 5.477532e+00
      endloop
   endfacet
   facet normal 9.961947e-01 0.000000e+00 -8.715572e-02
      outer loop
         vertex 3.604178e+01 5.250000e+00 5.477532e+00
         vertex 3.604178e+01 2.250000e+00 5.477532e+00
         vertex 3.600000e+01 5.250000e+00 5.000000e+00
      endloop
   endfacet
   facet normal 9.961947e-01 0.000000e+00 -8.715572e-02
      outer loop
         vertex 3.600000e+01 5.250000e+00 5.000000e+00
         vertex 3.604178e+01 2.250000e+00 5.477532e+00
         vertex 3.600000e+01 2.250000e+00 5.000000e+00
      endloop
   endfacet
   facet normal 9.961947e-01 0.000000e+00 8.715572e-02
      outer loop
         vertex 3.600000e+01 5.250000e+00 5.000000e+00
         vertex 3.600000e+01 2.250000e+00 5.000000e+00
         vertex 3.604178e+01 5.250000e+00 4.522467e+00
      endloop
   endfacet
   facet normal 9.961947e-01 0.000000e+00 8.715572e-02
      outer loop
         vertex 3.604178e+01 5.250000e+00 4.522467e+00
         vertex 3.600000e+01 2.250000e+00 5.000000e+00
         vertex 3.604178e+01 2.250000e+00 4.522467e+00
      endloop
   endfacet
   facet normal 9.659258e-01 0.000000e+00 2.588190e-01
      outer loop
         vertex 3.604178e+01 5.250000e+00 4.522467e+00
         vertex 3.604178e+01 2.250000e+00 4.522467e+00
         vertex 3.616585e+01 5.250000e+00 4.059444e+00
      endloop
   endfacet
   facet normal 9.659258e-01 0.000000e+00 2.588190e-01
      outer loop
         vertex 3.616585e+01 5.250000e+00 4.059444e+00
         vertex 3.604178e+01 2.250000e+00 4.522467e+00
         vertex 3.616585e+01 2.250000e+00 4.059444e+00
      endloop
   endfacet
   facet normal 9.063078e-01 0.000000e+00 4.226182e-01
      outer loop
         vertex 3.616585e+01 5.250000e+00 4.059444e+00
         vertex 3.616585e+01 2.250000e+00 4.059444e+00
         vertex 3.636843e+01 5.250000e+00 3.625000e+00
      endloop
   endfacet
   facet normal 9.063078e-01 0.000000e+00 4.226182e-01
      outer loop
         vertex 3.636843e+01 5.250000e+00 3.625000e+00
         vertex 3.616585e+01 2.250000e+00 4.059444e+00
         vertex 3.636843e+01 2.250000e+00 3.625000e+00
      endloop
   endfacet
   facet normal 8.191521e-01 0.000000e+00 5.735764e-01
      outer loop
         vertex 3.636843e+01 5.250000e+00 3.625000e+00
         vertex 3.636843e+01 2.250000e+00 3.625000e+00
         vertex 3.664338e+01 5.250000e+00 3.232334e+00
      endloop
   endfacet
   facet normal 8.191521e-01 0.000000e+00 5.735764e-01
      outer loop
         vertex 3.664338e+01 5.250000e+00 3.232334e+00
         vertex 3.636843e+01 2.250000e+00 3.625000e+00
         vertex 3.664338e+01 2.250000e+00 3.232334e+00
      endloop
   endfacet
   facet normal 7.071068e-01 0.000000e+00 7.071068e-01
      outer loop
         vertex 3.664338e+01 5.250000e+00 3.232334e+00
         vertex 3.664338e+01 2.250000e+00 3.232334e+00
         vertex 3.698233e+01 5.250000e+00 2.893378e+00
      endloop
   endfacet
   facet normal 7.071068e-01 0.000000e+00 7.071068e-01
      outer loop
         vertex 3.698233e+01 5.250000e+00 2.893378e+00
         vertex 3.664338e+01 2.250000e+00 3.232334e+00
         vertex 3.698233e+01 2.250000e+00 2.893378e+00
      endloop
   endfacet
   facet normal 5.735764e-01 0.000000e+00 8.191521e-01
      outer loop
         vertex 3.698233e+01 5.250000e+00 2.893378e+00
         vertex 3.698233e+01 2.250000e+00 2.893378e+00
         vertex 3.737500e+01 5.250000e+00 2.618430e+00
      endloop
   endfacet
   facet normal 5.735764e-01 0.000000e+00 8.191521e-01
      outer loop
         vertex 3.737500e+01 5.250000e+00 2.618430e+00
         vertex 3.698233e+01 2.250000e+00 2.893378e+00
         vertex 3.737500e+01 2.250000e+00 2.618430e+00
      endloop
   endfacet
   facet normal 4.226182e-01 0.000000e+00 9.063078e-01
      outer loop
         vertex 3.737500e+01 5.250000e+00 2.618430e+00
         vertex 3.737500e+01 2.250000e+00 2.618430e+00
         vertex 3.780944e+01 5.250000e+00 2.415845e+00
      endloop
   endfacet
   facet normal 4.226182e-01 0.000000e+00 9.063078e-01
      outer loop
         vertex 3.780944e+01 5.250000e+00 2.415845e+00
         vertex 3.737500e+01 2.250000e+00 2.618430e+00
         vertex 3.780944e+01 2.250000e+00 2.415845e+00
      endloop
   endfacet
   facet normal 2.588190e-01 0.000000e+00 9.659258e-01
      outer loop
         vertex 3.780944e+01 5.250000e+00 2.415845e+00
         vertex 3.780944e+01 2.250000e+00 2.415845e+00
         vertex 3.827247e+01 5.250000e+00 2.291779e+00
      endloop
   endfacet
   facet normal 2.588190e-01 0.000000e+00 9.659258e-01
      outer loop
         vertex 3.827247e+01 5.250000e+00 2.291779e+00
         vertex 3.780944e+01 2.250000e+00 2.415845e+00
         vertex 3.827247e+01 2.250000e+00 2.291779e+00
      endloop
   endfacet
   facet normal 8.715572e-02 0.000000e+00 9.961947e-01
      outer loop
         vertex 3.827247e+01 5.250000e+00 2.291779e+00
         vertex 3.827247e+01 2.250000e+00 2.291779e+00
         vertex 3.875000e+01 5.250000e+00 2.250000e+00
      endloop
   endfacet
   facet normal 8.715572e-02 0.000000e+00 9.961947e-01
      outer loop
         vertex 3.875000e+01 5.250000e+00 2.250000e+00
         vertex 3.827247e+01 2.250000e+00 2.291779e+00
         vertex 3.875000e+01 2.250000e+00 2.250000e+00
      endloop
   endfacet
   facet normal -9.961950e-01 8.715282e-02 0.000000e+00
      outer loop
         vertex 2.250000e+01 3.750000e+00 2.500000e+00
         vertex 2.251899e+01 3.967060e+00 7.500000e+00
         vertex 2.251899e+01 3.967060e+00 2.500000e+00
      endloop
   endfacet
   facet normal -9.659264e-01 2.588170e-01 0.000000e+00
      outer loop
         vertex 2.251899e+01 3.967060e+00 2.500000e+00
         vertex 2.251899e+01 3.967060e+00 7.500000e+00
         vertex 2.257538e+01 4.177525e+00 7.500000e+00
      endloop
   endfacet
   facet normal -9.659264e-01 2.588170e-01 0.000000e+00
      outer loop
         vertex 2.251899e+01 3.967060e+00 2.500000e+00
         vertex 2.257538e+01 4.177525e+00 7.500000e+00
         vertex 2.257538e+01 4.177525e+00 2.500000e+00
      endloop
   endfacet
   facet normal -9.063053e-01 4.226237e-01 0.000000e+00
      outer loop
         vertex 2.257538e+01 4.177525e+00 2.500000e+00
         vertex 2.257538e+01 4.177525e+00 7.500000e+00
         vertex 2.266747e+01 4.375000e+00 7.500000e+00
      endloop
   endfacet
   facet normal -9.063053e-01 4.226237e-01 0.000000e+00
      outer loop
         vertex 2.257538e+01 4.177525e+00 2.500000e+00
         vertex 2.266747e+01 4.375000e+00 7.500000e+00
         vertex 2.266747e+01 4.375000e+00 2.500000e+00
      endloop
   endfacet
   facet normal -8.191524e-01 5.735759e-01 0.000000e+00
      outer loop
         vertex 2.266747e+01 4.375000e+00 2.500000e+00
         vertex 2.266747e+01 4.375000e+00 7.500000e+00
         vertex 2.279245e+01 4.553484e+00 7.500000e+00
      endloop
   endfacet
   facet normal -8.191524e-01 5.735759e-01 0.000000e+00
      outer loop
         vertex 2.266747e+01 4.375000e+00 2.500000e+00
         vertex 2.279245e+01 4.553484e+00 7.500000e+00
         vertex 2.279245e+01 4.553484e+00 2.500000e+00
      endloop
   endfacet
   facet normal -7.071078e-01 7.071057e-01 0.000000e+00
      outer loop
         vertex 2.279245e+01 4.553484e+00 2.500000e+00
         vertex 2.279245e+01 4.553484e+00 7.500000e+00
         vertex 2.294652e+01 4.707555e+00 7.500000e+00
      endloop
   endfacet
   facet normal -7.071078e-01 7.071057e-01 0.000000e+00
      outer loop
         vertex 2.279245e+01 4.553484e+00 2.500000e+00
         vertex 2.294652e+01 4.707555e+00 7.500000e+00
         vertex 2.294652e+01 4.707555e+00 2.500000e+00
      endloop
   endfacet
   facet normal -5.735770e-01 8.191516e-01 0.000000e+00
      outer loop
         vertex 2.294652e+01 4.707555e+00 2.500000e+00
         vertex 2.294652e+01 4.707555e+00 7.500000e+00
         vertex 2.312500e+01 4.832532e+00 7.500000e+00
      endloop
   endfacet
   facet normal -5.735770e-01 8.191516e-01 0.000000e+00
      outer loop
         vertex 2.294652e+01 4.707555e+00 2.500000e+00
         vertex 2.312500e+01 4.832532e+00 7.500000e+00
         vertex 2.312500e+01 4.832532e+00 2.500000e+00
      endloop
   endfacet
   facet normal -4.226183e-01 9.063077e-01 0.000000e+00
      outer loop
         vertex 2.312500e+01 4.832532e+00 2.500000e+00
         vertex 2.312500e+01 4.832532e+00 7.500000e+00
         vertex 2.332248e+01 4.924616e+00 7.500000e+00
      endloop
   endfacet
   facet normal -4.226183e-01 9.063077e-01 0.000000e+00
      outer loop
         vertex 2.312500e+01 4.832532e+00 2.500000e+00
         vertex 2.332248e+01 4.924616e+00 7.500000e+00
         vertex 2.332248e+01 4.924616e+00 2.500000e+00
      endloop
   endfacet
   facet normal -2.588191e-01 9.659258e-01 0.000000e+00
      outer loop
         vertex 2.332248e+01 4.924616e+00 2.500000e+00
         vertex 2.332248e+01 4.924616e+00 7.500000e+00
         vertex 2.353294e+01 4.981010e+00 7.500000e+00
      endloop
   endfacet
   facet normal -2.588191e-01 9.659258e-01 0.000000e+00
      outer loop
         vertex 2.332248e+01 4.924616e+00 2.500000e+00
         vertex 2.353294e+01 4.981010e+00 7.500000e+00
         vertex 2.353294e+01 4.981010e+00 2.500000e+00
      endloop
   endfacet
   facet normal -8.715534e-02 9.961947e-01 0.000000e+00
      outer loop
         vertex 2.353294e+01 4.981010e+00 2.500000e+00
         vertex 2.353294e+01 4.981010e+00 7.500000e+00
         vertex 2.375000e+01 5.000000e+00 7.500000e+00
      endloop
   endfacet
   facet normal -8.715534e-02 9.961947e-01 0.000000e+00
      outer loop
         vertex 2.353294e+01 4.981010e+00 2.500000e+00
         vertex 2.375000e+01 5.000000e+00 7.500000e+00
         vertex 2.375000e+01 5.000000e+00 2.500000e+00
      endloop
   endfacet
   facet normal 8.715571e-02 9.961947e-01 -0.000000e+00
      outer loop
         vertex 2.375000e+01 5.000000e+00 2.500000e+00
         vertex 2.375000e+01 5.000000e+00 7.500000e+00
         vertex 2.396706e+01 4.981010e+00 7.500000e+00
      endloop
   endfacet
   facet normal 8.715571e-02 9.961947e-01 0.000000e+00
      outer loop
         vertex 2.375000e+01 5.000000e+00 2.500000e+00
         vertex 2.396706e+01 4.981010e+00 7.500000e+00
         vertex 2.396706e+01 4.981010e+00 2.500000e+00
      endloop
   endfacet
   facet normal 2.588191e-01 9.659258e-01 -0.000000e+00
      outer loop
         vertex 2.396706e+01 4.981010e+00 2.500000e+00
         vertex 2.396706e+01 4.981010e+00 7.500000e+00
         vertex 2.417753e+01 4.924616e+00 7.500000e+00
      endloop
   endfacet
   facet normal 2.588191e-01 9.659258e-01 0.000000e+00
      outer loop
         vertex 2.396706e+01 4.981010e+00 2.500000e+00
         vertex 2.417753e+01 4.924616e+00 7.500000e+00
         vertex 2.417753e+01 4.924616e+00 2.500000e+00
      endloop
   endfacet
   facet normal 4.226183e-01 9.063077e-01 -0.000000e+00
      outer loop
         vertex 2.417753e+01 4.924616e+00 2.500000e+00
         vertex 2.417753e+01 4.924616e+00 7.500000e+00
         vertex 2.437500e+01 4.832532e+00 7.500000e+00
      endloop
   endfacet
   facet normal 4.226183e-01 9.063077e-01 0.000000e+00
      outer loop
         vertex 2.417753e+01 4.924616e+00 2.500000e+00
         vertex 2.437500e+01 4.832532e+00 7.500000e+00
         vertex 2.437500e+01 4.832532e+00 2.500000e+00
      endloop
   endfacet
   facet normal 5.735750e-01 8.191530e-01 -0.000000e+00
      outer loop
         vertex 2.437500e+01 4.832532e+00 2.500000e+00
         vertex 2.437500e+01 4.832532e+00 7.500000e+00
         vertex 2.455349e+01 4.707555e+00 7.500000e+00
      endloop
   endfacet
   facet normal 5.735750e-01 8.191530e-01 0.000000e+00
      outer loop
         vertex 2.437500e+01 4.832532e+00 2.500000e+00
         vertex 2.455349e+01 4.707555e+00 7.500000e+00
         vertex 2.455349e+01 4.707555e+00 2.500000e+00
      endloop
   endfacet
   facet normal 7.071078e-01 7.071057e-01 -0.000000e+00
      outer loop
         vertex 2.455349e+01 4.707555e+00 2.500000e+00
         vertex 2.455349e+01 4.707555e+00 7.500000e+00
         vertex 2.470756e+01 4.553484e+00 7.500000e+00
      endloop
   endfacet
   facet normal 7.071078e-01 7.071057e-01 0.000000e+00
      outer loop
         vertex 2.455349e+01 4.707555e+00 2.500000e+00
         vertex 2.470756e+01 4.553484e+00 7.500000e+00
         vertex 2.470756e+01 4.553484e+00 2.500000e+00
      endloop
   endfacet
   facet normal 8.191524e-01 5.735759e-01 -0.000000e+00
      outer loop
         vertex 2.470756e+01 4.553484e+00 2.500000e+00
         vertex 2.470756e+01 4.553484e+00 7.500000e+00
         vertex 2.483253e+01 4.375000e+00 7.500000e+00
      endloop
   endfacet
   facet normal 8.191524e-01 5.735759e-01 0.000000e+00
      outer loop
         vertex 2.470756e+01 4.553484e+00 2.500000e+00
         vertex 2.483253e+01 4.375000e+00 7.500000e+00
         vertex 2.483253e+01 4.375000e+00 2.500000e+00
      endloop
   endfacet
   facet normal 9.063069e-01 4.226201e-01 -0.000000e+00
      outer loop
         vertex 2.483253e+01 4.375000e+00 2.500000e+00
         vertex 2.483253e+01 4.375000e+00 7.500000e+00
         vertex 2.492462e+01 4.177525e+00 7.500000e+00
      endloop
   endfacet
   facet normal 9.063069e-01 4.226201e-01 0.000000e+00
      outer loop
         vertex 2.483253e+01 4.375000e+00 2.500000e+00
         vertex 2.492462e+01 4.177525e+00 7.500000e+00
         vertex 2.492462e+01 4.177525e+00 2.500000e+00
      endloop
   endfacet
   facet normal 9.659264e-01 2.588170e-01 -0.000000e+00
      outer loop
         vertex 2.492462e+01 4.177525e+00 2.500000e+00
         vertex 2.492462e+01 4.177525e+00 7.500000e+00
         vertex 2.498101e+01 3.967060e+00 7.500000e+00
      endloop
   endfacet
   facet normal 9.659264e-01 2.588170e-01 0.000000e+00
      outer loop
         vertex 2.492462e+01 4.177525e+00 2.500000e+00
         vertex 2.498101e+01 3.967060e+00 7.500000e+00
         vertex 2.498101e+01 3.967060e+00 2.500000e+00
      endloop
   endfacet
   facet normal 9.961946e-01 8.715706e-02 -0.000000e+00
      outer loop
         vertex 2.498101e+01 3.967060e+00 2.500000e+00
         vertex 2.498101e+01 3.967060e+00 7.500000e+00
         vertex 2.500000e+01 3.750000e+00 7.500000e+00
      endloop
   endfacet
   facet normal 9.961946e-01 8.715706e-02 0.000000e+00
      outer loop
         vertex 2.498101e+01 3.967060e+00 2.500000e+00
         vertex 2.500000e+01 3.750000e+00 7.500000e+00
         vertex 2.500000e+01 3.750000e+00 2.500000e+00
      endloop
   endfacet
   facet normal 9.961946e-01 -8.715706e-02 0.000000e+00
      outer loop
         vertex 2.500000e+01 3.750000e+00 2.500000e+00
         vertex 2.500000e+01 3.750000e+00 7.500000e+00
         vertex 2.498101e+01 3.532940e+00 7.500000e+00
      endloop
   endfacet
   facet normal 9.961946e-01 -8.715706e-02 0.000000e+00
      outer loop
         vertex 2.500000e+01 3.750000e+00 2.500000e+00
         vertex 2.498101e+01 3.532940e+00 7.500000e+00
         vertex 2.498101e+01 3.532940e+00 2.500000e+00
      endloop
   endfacet
   facet normal 9.659264e-01 -2.588170e-01 0.000000e+00
      outer loop
         vertex 2.498101e+01 3.532940e+00 2.500000e+00
         vertex 2.498101e+01 3.532940e+00 7.500000e+00
         vertex 2.492462e+01 3.322475e+00 7.500000e+00
      endloop
   endfacet
   facet normal 9.659264e-01 -2.588170e-01 0.000000e+00
      outer loop
         vertex 2.498101e+01 3.532940e+00 2.500000e+00
         vertex 2.492462e+01 3.322475e+00 7.500000e+00
         vertex 2.492462e+01 3.322475e+00 2.500000e+00
      endloop
   endfacet
   facet normal 9.063069e-01 -4.226201e-01 0.000000e+00
      outer loop
         vertex 2.492462e+01 3.322475e+00 2.500000e+00
         vertex 2.492462e+01 3.322475e+00 7.500000e+00
         vertex 2.483253e+01 3.125000e+00 7.500000e+00
      endloop
   endfacet
   facet normal 9.063069e-01 -4.226201e-01 0.000000e+00
      outer loop
         vertex 2.492462e+01 3.322475e+00 2.500000e+00
         vertex 2.483253e+01 3.125000e+00 7.500000e+00
         vertex 2.483253e+01 3.125000e+00 2.500000e+00
      endloop
   endfacet
   facet normal 8.191524e-01 -5.735759e-01 0.000000e+00
      outer loop
         vertex 2.483253e+01 3.125000e+00 2.500000e+00
         vertex 2.483253e+01 3.125000e+00 7.500000e+00
         vertex 2.470756e+01 2.946515e+00 7.500000e+00
      endloop
   endfacet
   facet normal 8.191524e-01 -5.735759e-01 0.000000e+00
      outer loop
         vertex 2.483253e+01 3.125000e+00 2.500000e+00
         vertex 2.470756e+01 2.946515e+00 7.500000e+00
         vertex 2.470756e+01 2.946515e+00 2.500000e+00
      endloop
   endfacet
   facet normal 7.071078e-01 -7.071057e-01 0.000000e+00
      outer loop
         vertex 2.470756e+01 2.946515e+00 2.500000e+00
         vertex 2.470756e+01 2.946515e+00 7.500000e+00
         vertex 2.455349e+01 2.792444e+00 7.500000e+00
      endloop
   endfacet
   facet normal 7.071078e-01 -7.071057e-01 0.000000e+00
      outer loop
         vertex 2.470756e+01 2.946515e+00 2.500000e+00
         vertex 2.455349e+01 2.792444e+00 7.500000e+00
         vertex 2.455349e+01 2.792444e+00 2.500000e+00
      endloop
   endfacet
   facet normal 5.735750e-01 -8.191530e-01 0.000000e+00
      outer loop
         vertex 2.455349e+01 2.792444e+00 2.500000e+00
         vertex 2.455349e+01 2.792444e+00 7.500000e+00
         vertex 2.437500e+01 2.667468e+00 7.500000e+00
      endloop
   endfacet
   facet normal 5.735750e-01 -8.191530e-01 0.000000e+00
      outer loop
         vertex 2.455349e+01 2.792444e+00 2.500000e+00
         vertex 2.437500e+01 2.667468e+00 7.500000e+00
         vertex 2.437500e+01 2.667468e+00 2.500000e+00
      endloop
   endfacet
   facet normal 4.226183e-01 -9.063077e-01 0.000000e+00
      outer loop
         vertex 2.437500e+01 2.667468e+00 2.500000e+00
         vertex 2.437500e+01 2.667468e+00 7.500000e+00
         vertex 2.417753e+01 2.575384e+00 7.500000e+00
      endloop
   endfacet
   facet normal 4.226183e-01 -9.063077e-01 0.000000e+00
      outer loop
         vertex 2.437500e+01 2.667468e+00 2.500000e+00
         vertex 2.417753e+01 2.575384e+00 7.500000e+00
         vertex 2.417753e+01 2.575384e+00 2.500000e+00
      endloop
   endfacet
   facet normal 2.588191e-01 -9.659258e-01 0.000000e+00
      outer loop
         vertex 2.417753e+01 2.575384e+00 2.500000e+00
         vertex 2.417753e+01 2.575384e+00 7.500000e+00
         vertex 2.396706e+01 2.518990e+00 7.500000e+00
      endloop
   endfacet
   facet normal 2.588191e-01 -9.659258e-01 0.000000e+00
      outer loop
         vertex 2.417753e+01 2.575384e+00 2.500000e+00
         vertex 2.396706e+01 2.518990e+00 7.500000e+00
         vertex 2.396706e+01 2.518990e+00 2.500000e+00
      endloop
   endfacet
   facet normal 8.715571e-02 -9.961947e-01 0.000000e+00
      outer loop
         vertex 2.396706e+01 2.518990e+00 2.500000e+00
         vertex 2.396706e+01 2.518990e+00 7.500000e+00
         vertex 2.375000e+01 2.500000e+00 7.500000e+00
      endloop
   endfacet
   facet normal 8.715571e-02 -9.961947e-01 0.000000e+00
      outer loop
         vertex 2.396706e+01 2.518990e+00 2.500000e+00
         vertex 2.375000e+01 2.500000e+00 7.500000e+00
         vertex 2.375000e+01 2.500000e+00 2.500000e+00
      endloop
   endfacet
   facet normal -8.715534e-02 -9.961947e-01 0.000000e+00
      outer loop
         vertex 2.375000e+01 2.500000e+00 2.500000e+00
         vertex 2.375000e+01 2.500000e+00 7.500000e+00
         vertex 2.353294e+01 2.518990e+00 7.500000e+00
      endloop
   endfacet
   facet normal -8.715534e-02 -9.961947e-01 0.000000e+00
      outer loop
         vertex 2.375000e+01 2.500000e+00 2.500000e+00
         vertex 2.353294e+01 2.518990e+00 7.500000e+00
         vertex 2.353294e+01 2.518990e+00 2.500000e+00
      endloop
   endfacet
   facet normal -2.588191e-01 -9.659258e-01 0.000000e+00
      outer loop
         vertex 2.353294e+01 2.518990e+00 2.500000e+00
         vertex 2.353294e+01 2.518990e+00 7.500000e+00
         vertex 2.332248e+01 2.575384e+00 7.500000e+00
      endloop
   endfacet
   facet normal -2.588191e-01 -9.659258e-01 0.000000e+00
      outer loop
         vertex 2.353294e+01 2.518990e+00 2.500000e+00
         vertex 2.332248e+01 2.575384e+00 7.500000e+00
         vertex 2.332248e+01 2.575384e+00 2.500000e+00
      endloop
   endfacet
   facet normal -4.226183e-01 -9.063077e-01 0.000000e+00
      outer loop
         vertex 2.332248e+01 2.575384e+00 2.500000e+00
         vertex 2.332248e+01 2.575384e+00 7.500000e+00
         vertex 2.312500e+01 2.667468e+00 7.500000e+00
      endloop
   endfacet
   facet normal -4.226183e-01 -9.063077e-01 0.000000e+00
      outer loop
         vertex 2.332248e+01 2.575384e+00 2.500000e+00
         vertex 2.312500e+01 2.667468e+00 7.500000e+00
         vertex 2.312500e+01 2.667468e+00 2.500000e+00
      endloop
   endfacet
   facet normal -5.735770e-01 -8.191516e-01 0.000000e+00
      outer loop
         vertex 2.312500e+01 2.667468e+00 2.500000e+00
         vertex 2.312500e+01 2.667468e+00 7.500000e+00
         vertex 2.294652e+01 2.792444e+00 7.500000e+00
      endloop
   endfacet
   facet normal -5.735770e-01 -8.191516e-01 0.000000e+00
      outer loop
         vertex 2.312500e+01 2.667468e+00 2.500000e+00
         vertex 2.294652e+01 2.792444e+00 7.500000e+00
         vertex 2.294652e+01 2.792444e+00 2.500000e+00
      endloop
   endfacet
   facet normal -7.071078e-01 -7.071057e-01 0.000000e+00
      outer loop
         vertex 2.294652e+01 2.792444e+00 2.500000e+00
         vertex 2.294652e+01 2.792444e+00 7.500000e+00
         vertex 2.279245e+01 2.946515e+00 7.500000e+00
      endloop
   endfacet
   facet normal -7.071078e-01 -7.071057e-01 0.000000e+00
      outer loop
         vertex 2.294652e+01 2.792444e+00 2.500000e+00
         vertex 2.279245e+01 2.946515e+00 7.500000e+00
         vertex 2.279245e+01 2.946515e+00 2.500000e+00
      endloop
   endfacet
   facet normal -8.191524e-01 -5.735759e-01 0.000000e+00
      outer loop
         vertex 2.279245e+01 2.946515e+00 2.500000e+00
         vertex 2.279245e+01 2.946515e+00 7.500000e+00
         vertex 2.266747e+01 3.125000e+00 7.500000e+00
      endloop
   endfacet
   facet normal -8.191524e-01 -5.735759e-01 0.000000e+00
      outer loop
         vertex 2.279245e+01 2.946515e+00 2.500000e+00
         vertex 2.266747e+01 3.125000e+00 7.500000e+00
         vertex 2.266747e+01 3.125000e+00 2.500000e+00
      endloop
   endfacet
   facet normal -9.063053e-01 -4.226237e-01 0.000000e+00
      outer loop
         vertex 2.266747e+01 3.125000e+00 2.500000e+00
         vertex 2.266747e+01 3.125000e+00 7.500000e+00
         vertex 2.257538e+01 3.322475e+00 7.500000e+00
      endloop
   endfacet
   facet normal -9.063053e-01 -4.226237e-01 0.000000e+00
      outer loop
         vertex 2.266747e+01 3.125000e+00 2.500000e+00
         vertex 2.257538e+01 3.322475e+00 7.500000e+00
         vertex 2.257538e+01 3.322475e+00 2.500000e+00
      endloop
   endfacet
   facet normal -9.659264e-01 -2.588170e-01 0.000000e+00
      outer loop
         vertex 2.257538e+01 3.322475e+00 2.500000e+00
         vertex 2.257538e+01 3.322475e+00 7.500000e+00
         vertex 2.251899e+01 3.532940e+00 7.500000e+00
      endloop
   endfacet
   facet normal -9.659264e-01 -2.588170e-01 0.000000e+00
      outer loop
         vertex 2.257538e+01 3.322475e+00 2.500000e+00
         vertex 2.251899e+01 3.532940e+00 7.500000e+00
         vertex 2.251899e+01 3.532940e+00 2.500000e+00
      endloop
   endfacet
   facet normal -9.961950e-01 -8.715282e-02 0.000000e+00
      outer loop
         vertex 2.251899e+01 3.532940e+00 2.500000e+00
         vertex 2.251899e+01 3.532940e+00 7.500000e+00
         vertex 2.250000e+01 3.750000e+00 7.500000e+00
      endloop
   endfacet
   facet normal -9.961950e-01 -8.715282e-02 0.000000e+00
      outer loop
         vertex 2.251899e+01 3.532940e+00 2.500000e+00
         vertex 2.250000e+01 3.750000e+00 7.500000e+00
         vertex 2.250000e+01 3.750000e+00 2.500000e+00
      endloop
   endfacet
   facet normal -9.961950e-01 8.715282e-02 0.000000e+00
      outer loop
         vertex 2.250000e+01 3.750000e+00 2.500000e+00
         vertex 2.250000e+01 3.750000e+00 7.500000e+00
         vertex 2.251899e+01 3.967060e+00 7.500000e+00
      endloop
   endfacet
   facet normal -9.961946e-01 8.715706e-02 0.000000e+00
      outer loop
         vertex 5.250000e+01 3.750000e+00 2.500000e+00
         vertex 5.251899e+01 3.967060e+00 7.500000e+00
         vertex 5.251899e+01 3.967060e+00 2.500000e+00
      endloop
   endfacet
   facet normal -9.659264e-01 2.588170e-01 0.000000e+00
      outer loop
         vertex 5.251899e+01 3.967060e+00 2.500000e+00
         vertex 5.251899e+01 3.967060e+00 7.500000e+00
         vertex 5.257538e+01 4.177525e+00 7.500000e+00
      endloop
   endfacet
   facet normal -9.659264e-01 2.588170e-01 0.000000e+00
      outer loop
         vertex 5.251899e+01 3.967060e+00 2.500000e+00
         vertex 5.257538e+01 4.177525e+00 7.500000e+00
         vertex 5.257538e+01 4.177525e+00 2.500000e+00
      endloop
   endfacet
   facet normal -9.063069e-01 4.226201e-01 0.000000e+00
      outer loop
         vertex 5.257538e+01 4.177525e+00 2.500000e+00
         vertex 5.257538e+01 4.177525e+00 7.500000e+00
         vertex 5.266747e+01 4.375000e+00 7.500000e+00
      endloop
   endfacet
   facet normal -9.063069e-01 4.226201e-01 0.000000e+00
      outer loop
         vertex 5.257538e+01 4.177525e+00 2.500000e+00
         vertex 5.266747e+01 4.375000e+00 7.500000e+00
         vertex 5.266747e+01 4.375000e+00 2.500000e+00
      endloop
   endfacet
   facet normal -8.191524e-01 5.735759e-01 0.000000e+00
      outer loop
         vertex 5.266747e+01 4.375000e+00 2.500000e+00
         vertex 5.266747e+01 4.375000e+00 7.500000e+00
         vertex 5.279244e+01 4.553484e+00 7.500000e+00
      endloop
   endfacet
   facet normal -8.191524e-01 5.735759e-01 0.000000e+00
      outer loop
         vertex 5.266747e+01 4.375000e+00 2.500000e+00
         vertex 5.279244e+01 4.553484e+00 7.500000e+00
         vertex 5.279244e+01 4.553484e+00 2.500000e+00
      endloop
   endfacet
   facet normal -7.071078e-01 7.071057e-01 0.000000e+00
      outer loop
         vertex 5.279244e+01 4.553484e+00 2.500000e+00
         vertex 5.279244e+01 4.553484e+00 7.500000e+00
         vertex 5.294652e+01 4.707555e+00 7.500000e+00
      endloop
   endfacet
   facet normal -7.071078e-01 7.071057e-01 0.000000e+00
      outer loop
         vertex 5.279244e+01 4.553484e+00 2.500000e+00
         vertex 5.294652e+01 4.707555e+00 7.500000e+00
         vertex 5.294652e+01 4.707555e+00 2.500000e+00
      endloop
   endfacet
   facet normal -5.735750e-01 8.191530e-01 0.000000e+00
      outer loop
         vertex 5.294652e+01 4.707555e+00 2.500000e+00
         vertex 5.294652e+01 4.707555e+00 7.500000e+00
         vertex 5.312500e+01 4.832532e+00 7.500000e+00
      endloop
   endfacet
   facet normal -5.735750e-01 8.191530e-01 0.000000e+00
      outer loop
         vertex 5.294652e+01 4.707555e+00 2.500000e+00
         vertex 5.312500e+01 4.832532e+00 7.500000e+00
         vertex 5.312500e+01 4.832532e+00 2.500000e+00
      endloop
   endfacet
   facet normal -4.226183e-01 9.063077e-01 0.000000e+00
      outer loop
         vertex 5.312500e+01 4.832532e+00 2.500000e+00
         vertex 5.312500e+01 4.832532e+00 7.500000e+00
         vertex 5.332248e+01 4.924616e+00 7.500000e+00
      endloop
   endfacet
   facet normal -4.226183e-01 9.063077e-01 0.000000e+00
      outer loop
         vertex 5.312500e+01 4.832532e+00 2.500000e+00
         vertex 5.332248e+01 4.924616e+00 7.500000e+00
         vertex 5.332248e+01 4.924616e+00 2.500000e+00
      endloop
   endfacet
   facet normal -2.588191e-01 9.659258e-01 0.000000e+00
      outer loop
         vertex 5.332248e+01 4.924616e+00 2.500000e+00
         vertex 5.332248e+01 4.924616e+00 7.500000e+00
         vertex 5.353294e+01 4.981010e+00 7.500000e+00
      endloop
   endfacet
   facet normal -2.588191e-01 9.659258e-01 0.000000e+00
      outer loop
         vertex 5.332248e+01 4.924616e+00 2.500000e+00
         vertex 5.353294e+01 4.981010e+00 7.500000e+00
         vertex 5.353294e+01 4.981010e+00 2.500000e+00
      endloop
   endfacet
   facet normal -8.715571e-02 9.961947e-01 0.000000e+00
      outer loop
         vertex 5.353294e+01 4.981010e+00 2.500000e+00
         vertex 5.353294e+01 4.981010e+00 7.500000e+00
         vertex 5.375000e+01 5.000000e+00 7.500000e+00
      endloop
   endfacet
   facet normal -8.715571e-02 9.961947e-01 0.000000e+00
      outer loop
         vertex 5.353294e+01 4.981010e+00 2.500000e+00
         vertex 5.375000e+01 5.000000e+00 7.500000e+00
         vertex 5.375000e+01 5.000000e+00 2.500000e+00
      endloop
   endfacet
   facet normal 8.715534e-02 9.961947e-01 -0.000000e+00
      outer loop
         vertex 5.375000e+01 5.000000e+00 2.500000e+00
         vertex 5.375000e+01 5.000000e+00 7.500000e+00
         vertex 5.396706e+01 4.981010e+00 7.500000e+00
      endloop
   endfacet
   facet normal 8.715534e-02 9.961947e-01 0.000000e+00
      outer loop
         vertex 5.375000e+01 5.000000e+00 2.500000e+00
         vertex 5.396706e+01 4.981010e+00 7.500000e+00
         vertex 5.396706e+01 4.981010e+00 2.500000e+00
      endloop
   endfacet
   facet normal 2.588191e-01 9.659258e-01 -0.000000e+00
      outer loop
         vertex 5.396706e+01 4.981010e+00 2.500000e+00
         vertex 5.396706e+01 4.981010e+00 7.500000e+00
         vertex 5.417753e+01 4.924616e+00 7.500000e+00
      endloop
   endfacet
   facet normal 2.588191e-01 9.659258e-01 0.000000e+00
      outer loop
         vertex 5.396706e+01 4.981010e+00 2.500000e+00
         vertex 5.417753e+01 4.924616e+00 7.500000e+00
         vertex 5.417753e+01 4.924616e+00 2.500000e+00
      endloop
   endfacet
   facet normal 4.226183e-01 9.063077e-01 -0.000000e+00
      outer loop
         vertex 5.417753e+01 4.924616e+00 2.500000e+00
         vertex 5.417753e+01 4.924616e+00 7.500000e+00
         vertex 5.437500e+01 4.832532e+00 7.500000e+00
      endloop
   endfacet
   facet normal 4.226183e-01 9.063077e-01 0.000000e+00
      outer loop
         vertex 5.417753e+01 4.924616e+00 2.500000e+00
         vertex 5.437500e+01 4.832532e+00 7.500000e+00
         vertex 5.437500e+01 4.832532e+00 2.500000e+00
      endloop
   endfacet
   facet normal 5.735770e-01 8.191516e-01 -0.000000e+00
      outer loop
         vertex 5.437500e+01 4.832532e+00 2.500000e+00
         vertex 5.437500e+01 4.832532e+00 7.500000e+00
         vertex 5.455348e+01 4.707555e+00 7.500000e+00
      endloop
   endfacet
   facet normal 5.735770e-01 8.191516e-01 0.000000e+00
      outer loop
         vertex 5.437500e+01 4.832532e+00 2.500000e+00
         vertex 5.455348e+01 4.707555e+00 7.500000e+00
         vertex 5.455348e+01 4.707555e+00 2.500000e+00
      endloop
   endfacet
   facet normal 7.071078e-01 7.071057e-01 -0.000000e+00
      outer loop
         vertex 5.455348e+01 4.707555e+00 2.500000e+00
         vertex 5.455348e+01 4.707555e+00 7.500000e+00
         vertex 5.470756e+01 4.553484e+00 7.500000e+00
      endloop
   endfacet
   facet normal 7.071078e-01 7.071057e-01 0.000000e+00
      outer loop
         vertex 5.455348e+01 4.707555e+00 2.500000e+00
         vertex 5.470756e+01 4.553484e+00 7.500000e+00
         vertex 5.470756e+01 4.553484e+00 2.500000e+00
      endloop
   endfacet
   facet normal 8.191524e-01 5.735759e-01 -0.000000e+00
      outer loop
         vertex 5.470756e+01 4.553484e+00 2.500000e+00
         vertex 5.470756e+01 4.553484e+00 7.500000e+00
         vertex 5.483253e+01 4.375000e+00 7.500000e+00
      endloop
   endfacet
   facet normal 8.191524e-01 5.735759e-01 0.000000e+00
      outer loop
         vertex 5.470756e+01 4.553484e+00 2.500000e+00
         vertex 5.483253e+01 4.375000e+00 7.500000e+00
         vertex 5.483253e+01 4.375000e+00 2.500000e+00
      endloop
   endfacet
   facet normal 9.063053e-01 4.226237e-01 -0.000000e+00
      outer loop
         vertex 5.483253e+01 4.375000e+00 2.500000e+00
         vertex 5.483253e+01 4.375000e+00 7.500000e+00
         vertex 5.492462e+01 4.177525e+00 7.500000e+00
      endloop
   endfacet
   facet normal 9.063053e-01 4.226237e-01 0.000000e+00
      outer loop
         vertex 5.483253e+01 4.375000e+00 2.500000e+00
         vertex 5.492462e+01 4.177525e+00 7.500000e+00
         vertex 5.492462e+01 4.177525e+00 2.500000e+00
      endloop
   endfacet
   facet normal 9.659264e-01 2.588170e-01 -0.000000e+00
      outer loop
         vertex 5.492462e+01 4.177525e+00 2.500000e+00
         vertex 5.492462e+01 4.177525e+00 7.500000e+00
         vertex 5.498101e+01 3.967060e+00 7.500000e+00
      endloop
   endfacet
   facet normal 9.659264e-01 2.588170e-01 0.000000e+00
      outer loop
         vertex 5.492462e+01 4.177525e+00 2.500000e+00
         vertex 5.498101e+01 3.967060e+00 7.500000e+00
         vertex 5.498101e+01 3.967060e+00 2.500000e+00
      endloop
   endfacet
   facet normal 9.961950e-01 8.715282e-02 -0.000000e+00
      outer loop
         vertex 5.498101e+01 3.967060e+00 2.500000e+00
         vertex 5.498101e+01 3.967060e+00 7.500000e+00
         vertex 5.500000e+01 3.750000e+00 7.500000e+00
      endloop
   endfacet
   facet normal 9.961950e-01 8.715282e-02 0.000000e+00
      outer loop
         vertex 5.498101e+01 3.967060e+00 2.500000e+00
         vertex 5.500000e+01 3.750000e+00 7.500000e+00
         vertex 5.500000e+01 3.750000e+00 2.500000e+00
      endloop
   endfacet
   facet normal 9.961950e-01 -8.715282e-02 0.000000e+00
      outer loop
         vertex 5.500000e+01 3.750000e+00 2.500000e+00
         vertex 5.500000e+01 3.750000e+00 7.500000e+00
         vertex 5.498101e+01 3.532940e+00 7.500000e+00
      endloop
   endfacet
   facet normal 9.961950e-01 -8.715282e-02 0.000000e+00
      outer loop
         vertex 5.500000e+01 3.750000e+00 2.500000e+00
         vertex 5.498101e+01 3.532940e+00 7.500000e+00
         vertex 5.498101e+01 3.532940e+00 2.500000e+00
      endloop
   endfacet
   facet normal 9.659264e-01 -2.588170e-01 0.000000e+00
      outer loop
         vertex 5.498101e+01 3.532940e+00 2.500000e+00
         vertex 5.498101e+01 3.532940e+00 7.500000e+00
         vertex 5.492462e+01 3.322475e+00 7.500000e+00
      endloop
   endfacet
   facet normal 9.659264e-01 -2.588170e-01 0.000000e+00
      outer loop
         vertex 5.498101e+01 3.532940e+00 2.500000e+00
         vertex 5.492462e+01 3.322475e+00 7.500000e+00
         vertex 5.492462e+01 3.322475e+00 2.500000e+00
      endloop
   endfacet
   facet normal 9.063053e-01 -4.226237e-01 0.000000e+00
      outer loop
         vertex 5.492462e+01 3.322475e+00 2.500000e+00
         vertex 5.492462e+01 3.322475e+00 7.500000e+00
         vertex 5.483253e+01 3.125000e+00 7.500000e+00
      endloop
   endfacet
   facet normal 9.063053e-01 -4.226237e-01 0.000000e+00
      outer loop
         vertex 5.492462e+01 3.322475e+00 2.500000e+00
         vertex 5.483253e+01 3.125000e+00 7.500000e+00
         vertex 5.483253e+01 3.125000e+00 2.500000e+00
      endloop
   endfacet
   facet normal 8.191524e-01 -5.735759e-01 0.000000e+00
      outer loop
         vertex 5.483253e+01 3.125000e+00 2.500000e+00
         vertex 5.483253e+01 3.125000e+00 7.500000e+00
         vertex 5.470756e+01 2.946515e+00 7.500000e+00
      endloop
   endfacet
   facet normal 8.191524e-01 -5.735759e-01 0.000000e+00
      outer loop
         vertex 5.483253e+01 3.125000e+00 2.500000e+00
         vertex 5.470756e+01 2.946515e+00 7.500000e+00
         vertex 5.470756e+01 2.946515e+00 2.500000e+00
      endloop
   endfacet
   facet normal 7.071078e-01 -7.071057e-01 0.000000e+00
      outer loop
         vertex 5.470756e+01 2.946515e+00 2.500000e+00
         vertex 5.470756e+01 2.946515e+00 7.500000e+00
         vertex 5.455348e+01 2.792444e+00 7.500000e+00
      endloop
   endfacet
   facet normal 7.071078e-01 -7.071057e-01 0.000000e+00
      outer loop
         vertex 5.470756e+01 2.946515e+00 2.500000e+00
         vertex 5.455348e+01 2.792444e+00 7.500000e+00
         vertex 5.455348e+01 2.792444e+00 2.500000e+00
      endloop
   endfacet
   facet normal 5.735770e-01 -8.191516e-01 0.000000e+00
      outer loop
         vertex 5.455348e+01 2.792444e+00 2.500000e+00
         vertex 5.455348e+01 2.792444e+00 7.500000e+00
         vertex 5.437500e+01 2.667468e+00 7.500000e+00
      endloop
   endfacet
   facet normal 5.735770e-01 -8.191516e-01 0.000000e+00
      outer loop
         vertex 5.455348e+01 2.792444e+00 2.500000e+00
         vertex 5.437500e+01 2.667468e+00 7.500000e+00
         vertex 5.437500e+01 2.667468e+00 2.500000e+00
      endloop
   endfacet
   facet normal 4.226183e-01 -9.063077e-01 0.000000e+00
      outer loop
         vertex 5.437500e+01 2.667468e+00 2.500000e+00
         vertex 5.437500e+01 2.667468e+00 7.500000e+00
         vertex 5.417753e+01 2.575384e+00 7.500000e+00
      endloop
   endfacet
   facet normal 4.226183e-01 -9.063077e-01 0.000000e+00
      outer loop
         vertex 5.437500e+01 2.667468e+00 2.500000e+00
         vertex 5.417753e+01 2.575384e+00 7.500000e+00
         vertex 5.417753e+01 2.575384e+00 2.500000e+00
      endloop
   endfacet
   facet normal 2.588191e-01 -9.659258e-01 0.000000e+00
      outer loop
         vertex 5.417753e+01 2.575384e+00 2.500000e+00
         vertex 5.417753e+01 2.575384e+00 7.500000e+00
         vertex 5.396706e+01 2.518990e+00 7.500000e+00
      endloop
   endfacet
   facet normal 2.588191e-01 -9.659258e-01 0.000000e+00
      outer loop
         vertex 5.417753e+01 2.575384e+00 2.500000e+00
         vertex 5.396706e+01 2.518990e+00 7.500000e+00
         vertex 5.396706e+01 2.518990e+00 2.500000e+00
      endloop
   endfacet
   facet normal 8.715534e-02 -9.961947e-01 0.000000e+00
      outer loop
         vertex 5.396706e+01 2.518990e+00 2.500000e+00
         vertex 5.396706e+01 2.518990e+00 7.500000e+00
         vertex 5.375000e+01 2.500000e+00 7.500000e+00
      endloop
   endfacet
   facet normal 8.715534e-02 -9.961947e-01 0.000000e+00
      outer loop
         vertex 5.396706e+01 2.518990e+00 2.500000e+00
         vertex 5.375000e+01 2.500000e+00 7.500000e+00
         vertex 5.375000e+01 2.500000e+00 2.500000e+00
      endloop
   endfacet
   facet normal -8.715571e-02 -9.961947e-01 0.000000e+00
      outer loop
         vertex 5.375000e+01 2.500000e+00 2.500000e+00
         vertex 5.375000e+01 2.500000e+00 7.500000e+00
         vertex 5.353294e+01 2.518990e+00 7.500000e+00
      endloop
   endfacet
   facet normal -8.715571e-02 -9.961947e-01 0.000000e+00
      outer loop
         vertex 5.375000e+01 2.500000e+00 2.500000e+00
         vertex 5.353294e+01 2.518990e+00 7.500000e+00
         vertex 5.353294e+01 2.518990e+00 2.500000e+00
      endloop
   endfacet
   facet normal -2.588191e-01 -9.659258e-01 0.000000e+00
      outer loop
         vertex 5.353294e+01 2.518990e+00 2.500000e+00
         vertex 5.353294e+01 2.518990e+00 7.500000e+00
         vertex 5.332248e+01 2.575384e+00 7.500000e+00
      endloop
   endfacet
   facet normal -2.588191e-01 -9.659258e-01 0.000000e+00
      outer loop
         vertex 5.353294e+01 2.518990e+00 2.500000e+00
         vertex 5.332248e+01 2.575384e+00 7.500000e+00
         vertex 5.332248e+01 2.575384e+00 2.500000e+00
      endloop
   endfacet
   facet normal -4.226183e-01 -9.063077e-01 0.000000e+00
      outer loop
         vertex 5.332248e+01 2.575384e+00 2.500000e+00
         vertex 5.332248e+01 2.575384e+00 7.500000e+00
         vertex 5.312500e+01 2.667468e+00 7.500000e+00
      endloop
   endfacet
   facet normal -4.226183e-01 -9.063077e-01 0.000000e+00
      outer loop
         vertex 5.332248e+01 2.575384e+00 2.500000e+00
         vertex 5.312500e+01 2.667468e+00 7.500000e+00
         vertex 5.312500e+01 2.667468e+00 2.500000e+00
      endloop
   endfacet
   facet normal -5.735750e-01 -8.191530e-01 0.000000e+00
      outer loop
         vertex 5.312500e+01 2.667468e+00 2.500000e+00
         vertex 5.312500e+01 2.667468e+00 7.500000e+00
         vertex 5.294652e+01 2.792444e+00 7.500000e+00
      endloop
   endfacet
   facet normal -5.735750e-01 -8.191530e-01 0.000000e+00
      outer loop
         vertex 5.312500e+01 2.667468e+00 2.500000e+00
         vertex 5.294652e+01 2.792444e+00 7.500000e+00
         vertex 5.294652e+01 2.792444e+00 2.500000e+00
      endloop
   endfacet
   facet normal -7.071078e-01 -7.071057e-01 0.000000e+00
      outer loop
         vertex 5.294652e+01 2.792444e+00 2.500000e+00
         vertex 5.294652e+01 2.792444e+00 7.500000e+00
         vertex 5.279244e+01 2.946515e+00 7.500000e+00
      endloop
   endfacet
   facet normal -7.071078e-01 -7.071057e-01 0.000000e+00
      outer loop
         vertex 5.294652e+01 2.792444e+00 2.500000e+00
         vertex 5.279244e+01 2.946515e+00 7.500000e+00
         vertex 5.279244e+01 2.946515e+00 2.500000e+00
      endloop
   endfacet
   facet normal -8.191524e-01 -5.735759e-01 0.000000e+00
      outer loop
         vertex 5.279244e+01 2.946515e+00 2.500000e+00
         vertex 5.279244e+01 2.946515e+00 7.500000e+00
         vertex 5.266747e+01 3.125000e+00 7.500000e+00
      endloop
   endfacet
   facet normal -8.191524e-01 -5.735759e-01 0.000000e+00
      outer loop
         vertex 5.279244e+01 2.946515e+00 2.500000e+00
         vertex 5.266747e+01 3.125000e+00 7.500000e+00
         vertex 5.266747e+01 3.125000e+00 2.500000e+00
      endloop
   endfacet
   facet normal -9.063069e-01 -4.226201e-01 0.000000e+00
      outer loop
         vertex 5.266747e+01 3.125000e+00 2.500000e+00
         vertex 5.266747e+01 3.125000e+00 7.500000e+00
         vertex 5.257538e+01 3.322475e+00 7.500000e+00
      endloop
   endfacet
   facet normal -9.063069e-01 -4.226201e-01 0.000000e+00
      outer loop
         vertex 5.266747e+01 3.125000e+00 2.500000e+00
         vertex 5.257538e+01 3.322475e+00 7.500000e+00
         vertex 5.257538e+01 3.322475e+00 2.500000e+00
      endloop
   endfacet
   facet normal -9.659264e-01 -2.588170e-01 0.000000e+00
      outer loop
         vertex 5.257538e+01 3.322475e+00 2.500000e+00
         vertex 5.257538e+01 3.322475e+00 7.500000e+00
         vertex 5.251899e+01 3.532940e+00 7.500000e+00
      endloop
   endfacet
   facet normal -9.659264e-01 -2.588170e-01 0.000000e+00
      outer loop
         vertex 5.257538e+01 3.322475e+00 2.500000e+00
         vertex 5.251899e+01 3.532940e+00 7.500000e+00
         vertex 5.251899e+01 3.532940e+00 2.500000e+00
      endloop
   endfacet
   facet normal -9.961946e-01 -8.715706e-02 0.000000e+00
      outer loop
         vertex 5.251899e+01 3.532940e+00 2.500000e+00
         vertex 5.251899e+01 3.532940e+00 7.500000e+00
         vertex 5.250000e+01 3.750000e+00 7.500000e+00
      endloop
   endfacet
   facet normal -9.961946e-01 -8.715706e-02 0.000000e+00
      outer loop
         vertex 5.251899e+01 3.532940e+00 2.500000e+00
         vertex 5.250000e+01 3.750000e+00 7.500000e+00
         vertex 5.250000e+01 3.750000e+00 2.500000e+00
      endloop
   endfacet
   facet normal -9.961946e-01 8.715706e-02 0.000000e+00
      outer loop
         vertex 5.250000e+01 3.750000e+00 2.500000e+00
         vertex 5.250000e+01 3.750000e+00 7.500000e+00
         vertex 5.251899e+01 3.967060e+00 7.500000e+00
      endloop
   endfacet
   facet normal 0.000000e+00 0.000000e+00 1.000000e+00
      outer loop
         vertex 2.436723e+01 5.114498e-02 6.500000e+00
         vertex 5.473413e+00 3.446116e+00 6.500000e+00
         vertex 2.375000e+01 0.000000e+00 6.500000e+00
      endloop
   endfacet
   facet normal 0.000000e+00 0.000000e+00 1.000000e+00
      outer loop
         vertex 2.375000e+01 0.000000e+00 6.500000e+00
         vertex 5.473413e+00 3.446116e+00 6.500000e+00
         vertex 5.394462e+00 3.151465e+00 6.500000e+00
      endloop
   endfacet
   facet normal 0.000000e+00 0.000000e+00 1.000000e+00
      outer loop
         vertex 2.375000e+01 0.000000e+00 6.500000e+00
         vertex 5.394462e+00 3.151465e+00 6.500000e+00
         vertex 5.265545e+00 2.875000e+00 6.500000e+00
      endloop
   endfacet
   facet normal 0.000000e+00 0.000000e+00 1.000000e+00
      outer loop
         vertex 2.571962e+01 3.402704e+00 6.500000e+00
         vertex 2.562939e+01 3.065960e+00 6.500000e+00
         vertex 2.718415e+01 2.243642e+00 6.500000e+00
      endloop
   endfacet
   facet normal 0.000000e+00 0.000000e+00 1.000000e+00
      outer loop
         vertex 2.246442e+01 2.217911e+00 6.500000e+00
         vertex 2.221791e+01 2.464425e+00 6.500000e+00
         vertex 5.473413e+00 3.446116e+00 6.500000e+00
      endloop
   endfacet
   facet normal 0.000000e+00 0.000000e+00 1.000000e+00
      outer loop
         vertex 5.473413e+00 3.446116e+00 6.500000e+00
         vertex 2.221791e+01 2.464425e+00 6.500000e+00
         vertex 2.201795e+01 2.750000e+00 6.500000e+00
      endloop
   endfacet
   facet normal -0.000000e+00 0.000000e+00 1.000000e+00
      outer loop
         vertex 5.394462e+00 4.348535e+00 6.500000e+00
         vertex 5.473413e+00 4.053884e+00 6.500000e+00
         vertex 2.375000e+01 7.500000e+00 6.500000e+00
      endloop
   endfacet
   facet normal 0.000000e+00 0.000000e+00 1.000000e+00
      outer loop
         vertex 2.375000e+01 7.500000e+00 6.500000e+00
         vertex 5.473413e+00 4.053884e+00 6.500000e+00
         vertex 2.436723e+01 7.448855e+00 6.500000e+00
      endloop
   endfacet
   facet normal 0.000000e+00 0.000000e+00 1.000000e+00
      outer loop
         vertex 2.201795e+01 2.750000e+00 6.500000e+00
         vertex 2.187061e+01 3.065960e+00 6.500000e+00
         vertex 5.473413e+00 3.446116e+00 6.500000e+00
      endloop
   endfacet
   facet normal 0.000000e+00 0.000000e+00 1.000000e+00
      outer loop
         vertex 5.473413e+00 3.446116e+00 6.500000e+00
         vertex 2.187061e+01 3.065960e+00 6.500000e+00
         vertex 2.178038e+01 3.402704e+00 6.500000e+00
      endloop
   endfacet
   facet normal -0.000000e+00 0.000000e+00 1.000000e+00
      outer loop
         vertex 5.473413e+00 3.446116e+00 6.500000e+00
         vertex 2.178038e+01 3.402704e+00 6.500000e+00
         vertex 5.500000e+00 3.750000e+00 6.500000e+00
      endloop
   endfacet
   facet normal 0.000000e+00 0.000000e+00 1.000000e+00
      outer loop
         vertex 5.500000e+00 3.750000e+00 6.500000e+00
         vertex 2.178038e+01 3.402704e+00 6.500000e+00
         vertex 2.175000e+01 3.750000e+00 6.500000e+00
      endloop
   endfacet
   facet normal -0.000000e+00 -0.000000e+00 1.000000e+00
      outer loop
         vertex 5.500000e+00 3.750000e+00 6.500000e+00
         vertex 2.175000e+01 3.750000e+00 6.500000e+00
         vertex 5.473413e+00 4.053884e+00 6.500000e+00
      endloop
   endfacet
   facet normal -0.000000e+00 0.000000e+00 1.000000e+00
      outer loop
         vertex 5.473413e+00 4.053884e+00 6.500000e+00
         vertex 2.175000e+01 3.750000e+00 6.500000e+00
         vertex 2.178038e+01 4.097296e+00 6.500000e+00
      endloop
   endfacet
   facet normal 0.000000e+00 -0.000000e+00 1.000000e+00
      outer loop
         vertex 2.178038e+01 4.097296e+00 6.500000e+00
         vertex 2.187061e+01 4.434040e+00 6.500000e+00
         vertex 5.473413e+00 4.053884e+00 6.500000e+00
      endloop
   endfacet
   facet normal 0.000000e+00 0.000000e+00 1.000000e+00
      outer loop
         vertex 5.473413e+00 4.053884e+00 6.500000e+00
         vertex 2.187061e+01 4.434040e+00 6.500000e+00
         vertex 2.201795e+01 4.750000e+00 6.500000e+00
      endloop
   endfacet
   facet normal 0.000000e+00 0.000000e+00 1.000000e+00
      outer loop
         vertex 5.473413e+00 4.053884e+00 6.500000e+00
         vertex 2.201795e+01 4.750000e+00 6.500000e+00
         vertex 2.221791e+01 5.035575e+00 6.500000e+00
      endloop
   endfacet
   facet normal 0.000000e+00 0.000000e+00 1.000000e+00
      outer loop
         vertex 2.375000e+01 1.750000e+00 6.500000e+00
         vertex 2.340270e+01 1.780384e+00 6.500000e+00
         vertex 2.436723e+01 5.114498e-02 6.500000e+00
      endloop
   endfacet
   facet normal 0.000000e+00 0.000000e+00 1.000000e+00
      outer loop
         vertex 2.436723e+01 5.114498e-02 6.500000e+00
         vertex 2.340270e+01 1.780384e+00 6.500000e+00
         vertex 2.306596e+01 1.870615e+00 6.500000e+00
      endloop
   endfacet
   facet normal 0.000000e+00 0.000000e+00 1.000000e+00
      outer loop
         vertex 2.436723e+01 5.114498e-02 6.500000e+00
         vertex 2.306596e+01 1.870615e+00 6.500000e+00
         vertex 5.473413e+00 3.446116e+00 6.500000e+00
      endloop
   endfacet
   facet normal 0.000000e+00 0.000000e+00 1.000000e+00
      outer loop
         vertex 5.473413e+00 3.446116e+00 6.500000e+00
         vertex 2.306596e+01 1.870615e+00 6.500000e+00
         vertex 2.275000e+01 2.017949e+00 6.500000e+00
      endloop
   endfacet
   facet normal 0.000000e+00 0.000000e+00 1.000000e+00
      outer loop
         vertex 5.473413e+00 3.446116e+00 6.500000e+00
         vertex 2.275000e+01 2.017949e+00 6.500000e+00
         vertex 2.246442e+01 2.217911e+00 6.500000e+00
      endloop
   endfacet
   facet normal 0.000000e+00 0.000000e+00 1.000000e+00
      outer loop
         vertex 5.265545e+00 2.875000e+00 6.500000e+00
         vertex 5.090579e+00 2.625122e+00 6.500000e+00
         vertex 2.375000e+01 0.000000e+00 6.500000e+00
      endloop
   endfacet
   facet normal 0.000000e+00 0.000000e+00 1.000000e+00
      outer loop
         vertex 2.375000e+01 0.000000e+00 6.500000e+00
         vertex 5.090579e+00 2.625122e+00 6.500000e+00
         vertex 4.874878e+00 2.409422e+00 6.500000e+00
      endloop
   endfacet
   facet normal 0.000000e+00 0.000000e+00 1.000000e+00
      outer loop
         vertex 2.375000e+01 0.000000e+00 6.500000e+00
         vertex 4.874878e+00 2.409422e+00 6.500000e+00
         vertex 3.750000e+00 0.000000e+00 6.500000e+00
      endloop
   endfacet
   facet normal 0.000000e+00 0.000000e+00 1.000000e+00
      outer loop
         vertex 3.750000e+00 0.000000e+00 6.500000e+00
         vertex 4.874878e+00 2.409422e+00 6.500000e+00
         vertex 4.625000e+00 2.234455e+00 6.500000e+00
      endloop
   endfacet
   facet normal 0.000000e+00 0.000000e+00 1.000000e+00
      outer loop
         vertex 3.750000e+00 0.000000e+00 6.500000e+00
         vertex 4.625000e+00 2.234455e+00 6.500000e+00
         vertex 4.348535e+00 2.105538e+00 6.500000e+00
      endloop
   endfacet
   facet normal 0.000000e+00 0.000000e+00 1.000000e+00
      outer loop
         vertex 2.000000e+00 3.750000e+00 6.500000e+00
         vertex 1.280755e-02 3.440327e+00 6.500000e+00
         vertex 2.026588e+00 3.446116e+00 6.500000e+00
      endloop
   endfacet
   facet normal 0.000000e+00 0.000000e+00 1.000000e+00
      outer loop
         vertex 2.026588e+00 3.446116e+00 6.500000e+00
         vertex 1.280755e-02 3.440327e+00 6.500000e+00
         vertex 1.147501e-01 2.829429e+00 6.500000e+00
      endloop
   endfacet
   facet normal 0.000000e+00 0.000000e+00 1.000000e+00
      outer loop
         vertex 2.026588e+00 3.446116e+00 6.500000e+00
         vertex 1.147501e-01 2.829429e+00 6.500000e+00
         vertex 2.105538e+00 3.151465e+00 6.500000e+00
      endloop
   endfacet
   facet normal 0.000000e+00 0.000000e+00 1.000000e+00
      outer loop
         vertex 2.105538e+00 3.151465e+00 6.500000e+00
         vertex 1.147501e-01 2.829429e+00 6.500000e+00
         vertex 3.158487e-01 2.243642e+00 6.500000e+00
      endloop
   endfacet
   facet normal 0.000000e+00 0.000000e+00 1.000000e+00
      outer loop
         vertex 2.105538e+00 3.151465e+00 6.500000e+00
         vertex 3.158487e-01 2.243642e+00 6.500000e+00
         vertex 2.234455e+00 2.875000e+00 6.500000e+00
      endloop
   endfacet
   facet normal 0.000000e+00 0.000000e+00 1.000000e+00
      outer loop
         vertex 2.234455e+00 2.875000e+00 6.500000e+00
         vertex 3.158487e-01 2.243642e+00 6.500000e+00
         vertex 6.106272e-01 1.698944e+00 6.500000e+00
      endloop
   endfacet
   facet normal 0.000000e+00 0.000000e+00 1.000000e+00
      outer loop
         vertex 2.234455e+00 2.875000e+00 6.500000e+00
         vertex 6.106272e-01 1.698944e+00 6.500000e+00
         vertex 2.409421e+00 2.625122e+00 6.500000e+00
      endloop
   endfacet
   facet normal 0.000000e+00 0.000000e+00 1.000000e+00
      outer loop
         vertex 2.409421e+00 2.625122e+00 6.500000e+00
         vertex 6.106272e-01 1.698944e+00 6.500000e+00
         vertex 9.910353e-01 1.210194e+00 6.500000e+00
      endloop
   endfacet
   facet normal 0.000000e+00 0.000000e+00 1.000000e+00
      outer loop
         vertex 2.409421e+00 2.625122e+00 6.500000e+00
         vertex 9.910353e-01 1.210194e+00 6.500000e+00
         vertex 2.625123e+00 2.409422e+00 6.500000e+00
      endloop
   endfacet
   facet normal 0.000000e+00 0.000000e+00 1.000000e+00
      outer loop
         vertex 2.625123e+00 2.409422e+00 6.500000e+00
         vertex 9.910353e-01 1.210194e+00 6.500000e+00
         vertex 1.446702e+00 7.907229e-01 6.500000e+00
      endloop
   endfacet
   facet normal 0.000000e+00 0.000000e+00 1.000000e+00
      outer loop
         vertex 2.625123e+00 2.409422e+00 6.500000e+00
         vertex 1.446702e+00 7.907229e-01 6.500000e+00
         vertex 2.875000e+00 2.234455e+00 6.500000e+00
      endloop
   endfacet
   facet normal 0.000000e+00 0.000000e+00 1.000000e+00
      outer loop
         vertex 2.875000e+00 2.234455e+00 6.500000e+00
         vertex 1.446702e+00 7.907229e-01 6.500000e+00
         vertex 1.965199e+00 4.519734e-01 6.500000e+00
      endloop
   endfacet
   facet normal 0.000000e+00 0.000000e+00 1.000000e+00
      outer loop
         vertex 2.875000e+00 2.234455e+00 6.500000e+00
         vertex 1.965199e+00 4.519734e-01 6.500000e+00
         vertex 3.151465e+00 2.105538e+00 6.500000e+00
      endloop
   endfacet
   facet normal 0.000000e+00 0.000000e+00 1.000000e+00
      outer loop
         vertex 3.151465e+00 2.105538e+00 6.500000e+00
         vertex 1.965199e+00 4.519734e-01 6.500000e+00
         vertex 2.532378e+00 2.031852e-01 6.500000e+00
      endloop
   endfacet
   facet normal 0.000000e+00 0.000000e+00 1.000000e+00
      outer loop
         vertex 3.151465e+00 2.105538e+00 6.500000e+00
         vertex 2.532378e+00 2.031852e-01 6.500000e+00
         vertex 3.446117e+00 2.026586e+00 6.500000e+00
      endloop
   endfacet
   facet normal 0.000000e+00 0.000000e+00 1.000000e+00
      outer loop
         vertex 3.446117e+00 2.026586e+00 6.500000e+00
         vertex 2.532378e+00 2.031852e-01 6.500000e+00
         vertex 3.132772e+00 5.114498e-02 6.500000e+00
      endloop
   endfacet
   facet normal 0.000000e+00 0.000000e+00 1.000000e+00
      outer loop
         vertex 3.446117e+00 2.026586e+00 6.500000e+00
         vertex 3.132772e+00 5.114498e-02 6.500000e+00
         vertex 3.750000e+00 2.000000e+00 6.500000e+00
      endloop
   endfacet
   facet normal 0.000000e+00 0.000000e+00 1.000000e+00
      outer loop
         vertex 3.750000e+00 2.000000e+00 6.500000e+00
         vertex 3.132772e+00 5.114498e-02 6.500000e+00
         vertex 3.750000e+00 0.000000e+00 6.500000e+00
      endloop
   endfacet
   facet normal -0.000000e+00 0.000000e+00 1.000000e+00
      outer loop
         vertex 3.750000e+00 2.000000e+00 6.500000e+00
         vertex 3.750000e+00 0.000000e+00 6.500000e+00
         vertex 4.053883e+00 2.026586e+00 6.500000e+00
      endloop
   endfacet
   facet normal -0.000000e+00 0.000000e+00 1.000000e+00
      outer loop
         vertex 4.053883e+00 2.026586e+00 6.500000e+00
         vertex 3.750000e+00 0.000000e+00 6.500000e+00
         vertex 4.348535e+00 2.105538e+00 6.500000e+00
      endloop
   endfacet
   facet normal 0.000000e+00 0.000000e+00 1.000000e+00
      outer loop
         vertex 2.718415e+01 2.243642e+00 6.500000e+00
         vertex 2.562939e+01 3.065960e+00 6.500000e+00
         vertex 2.688937e+01 1.698944e+00 6.500000e+00
      endloop
   endfacet
   facet normal 0.000000e+00 0.000000e+00 1.000000e+00
      outer loop
         vertex 2.688937e+01 1.698944e+00 6.500000e+00
         vertex 2.562939e+01 3.065960e+00 6.500000e+00
         vertex 2.548205e+01 2.750000e+00 6.500000e+00
      endloop
   endfacet
   facet normal 0.000000e+00 0.000000e+00 1.000000e+00
      outer loop
         vertex 2.688937e+01 1.698944e+00 6.500000e+00
         vertex 2.548205e+01 2.750000e+00 6.500000e+00
         vertex 2.650896e+01 1.210194e+00 6.500000e+00
      endloop
   endfacet
   facet normal 0.000000e+00 0.000000e+00 1.000000e+00
      outer loop
         vertex 2.650896e+01 1.210194e+00 6.500000e+00
         vertex 2.548205e+01 2.750000e+00 6.500000e+00
         vertex 2.528209e+01 2.464425e+00 6.500000e+00
      endloop
   endfacet
   facet normal 0.000000e+00 0.000000e+00 1.000000e+00
      outer loop
         vertex 2.650896e+01 1.210194e+00 6.500000e+00
         vertex 2.528209e+01 2.464425e+00 6.500000e+00
         vertex 2.605330e+01 7.907229e-01 6.500000e+00
      endloop
   endfacet
   facet normal 0.000000e+00 0.000000e+00 1.000000e+00
      outer loop
         vertex 2.605330e+01 7.907229e-01 6.500000e+00
         vertex 2.528209e+01 2.464425e+00 6.500000e+00
         vertex 2.503558e+01 2.217911e+00 6.500000e+00
      endloop
   endfacet
   facet normal 0.000000e+00 0.000000e+00 1.000000e+00
      outer loop
         vertex 2.605330e+01 7.907229e-01 6.500000e+00
         vertex 2.503558e+01 2.217911e+00 6.500000e+00
         vertex 2.553480e+01 4.519734e-01 6.500000e+00
      endloop
   endfacet
   facet normal 0.000000e+00 0.000000e+00 1.000000e+00
      outer loop
         vertex 2.553480e+01 4.519734e-01 6.500000e+00
         vertex 2.503558e+01 2.217911e+00 6.500000e+00
         vertex 2.475000e+01 2.017949e+00 6.500000e+00
      endloop
   endfacet
   facet normal 0.000000e+00 0.000000e+00 1.000000e+00
      outer loop
         vertex 2.553480e+01 4.519734e-01 6.500000e+00
         vertex 2.475000e+01 2.017949e+00 6.500000e+00
         vertex 2.496762e+01 2.031852e-01 6.500000e+00
      endloop
   endfacet
   facet normal 0.000000e+00 0.000000e+00 1.000000e+00
      outer loop
         vertex 2.496762e+01 2.031852e-01 6.500000e+00
         vertex 2.475000e+01 2.017949e+00 6.500000e+00
         vertex 2.443404e+01 1.870615e+00 6.500000e+00
      endloop
   endfacet
   facet normal 0.000000e+00 0.000000e+00 1.000000e+00
      outer loop
         vertex 2.496762e+01 2.031852e-01 6.500000e+00
         vertex 2.443404e+01 1.870615e+00 6.500000e+00
         vertex 2.436723e+01 5.114498e-02 6.500000e+00
      endloop
   endfacet
   facet normal 0.000000e+00 -0.000000e+00 1.000000e+00
      outer loop
         vertex 2.436723e+01 5.114498e-02 6.500000e+00
         vertex 2.443404e+01 1.870615e+00 6.500000e+00
         vertex 2.409730e+01 1.780384e+00 6.500000e+00
      endloop
   endfacet
   facet normal 0.000000e+00 0.000000e+00 1.000000e+00
      outer loop
         vertex 2.436723e+01 5.114498e-02 6.500000e+00
         vertex 2.409730e+01 1.780384e+00 6.500000e+00
         vertex 2.375000e+01 1.750000e+00 6.500000e+00
      endloop
   endfacet
   facet normal -0.000000e+00 0.000000e+00 1.000000e+00
      outer loop
         vertex 3.750000e+00 7.500000e+00 6.500000e+00
         vertex 4.625000e+00 5.265544e+00 6.500000e+00
         vertex 2.375000e+01 7.500000e+00 6.500000e+00
      endloop
   endfacet
   facet normal 0.000000e+00 0.000000e+00 1.000000e+00
      outer loop
         vertex 2.375000e+01 7.500000e+00 6.500000e+00
         vertex 4.625000e+00 5.265544e+00 6.500000e+00
         vertex 4.874878e+00 5.090578e+00 6.500000e+00
      endloop
   endfacet
   facet normal -0.000000e+00 0.000000e+00 1.000000e+00
      outer loop
         vertex 4.874878e+00 5.090578e+00 6.500000e+00
         vertex 5.090579e+00 4.874878e+00 6.500000e+00
         vertex 2.375000e+01 7.500000e+00 6.500000e+00
      endloop
   endfacet
   facet normal 0.000000e+00 0.000000e+00 1.000000e+00
      outer loop
         vertex 2.375000e+01 7.500000e+00 6.500000e+00
         vertex 5.090579e+00 4.874878e+00 6.500000e+00
         vertex 5.265545e+00 4.625000e+00 6.500000e+00
      endloop
   endfacet
   facet normal 0.000000e+00 0.000000e+00 1.000000e+00
      outer loop
         vertex 2.375000e+01 7.500000e+00 6.500000e+00
         vertex 5.265545e+00 4.625000e+00 6.500000e+00
         vertex 5.394462e+00 4.348535e+00 6.500000e+00
      endloop
   endfacet
   facet normal -0.000000e+00 0.000000e+00 1.000000e+00
      outer loop
         vertex 3.750000e+00 5.500000e+00 6.500000e+00
         vertex 4.053883e+00 5.473414e+00 6.500000e+00
         vertex 3.750000e+00 7.500000e+00 6.500000e+00
      endloop
   endfacet
   facet normal 0.000000e+00 0.000000e+00 1.000000e+00
      outer loop
         vertex 3.750000e+00 7.500000e+00 6.500000e+00
         vertex 4.053883e+00 5.473414e+00 6.500000e+00
         vertex 4.348535e+00 5.394462e+00 6.500000e+00
      endloop
   endfacet
   facet normal 0.000000e+00 0.000000e+00 1.000000e+00
      outer loop
         vertex 3.750000e+00 7.500000e+00 6.500000e+00
         vertex 4.348535e+00 5.394462e+00 6.500000e+00
         vertex 4.625000e+00 5.265544e+00 6.500000e+00
      endloop
   endfacet
   facet normal 0.000000e+00 -0.000000e+00 1.000000e+00
      outer loop
         vertex 2.221791e+01 5.035575e+00 6.500000e+00
         vertex 2.246442e+01 5.282089e+00 6.500000e+00
         vertex 5.473413e+00 4.053884e+00 6.500000e+00
      endloop
   endfacet
   facet normal 0.000000e+00 0.000000e+00 1.000000e+00
      outer loop
         vertex 5.473413e+00 4.053884e+00 6.500000e+00
         vertex 2.246442e+01 5.282089e+00 6.500000e+00
         vertex 2.275000e+01 5.482051e+00 6.500000e+00
      endloop
   endfacet
   facet normal 0.000000e+00 0.000000e+00 1.000000e+00
      outer loop
         vertex 5.473413e+00 4.053884e+00 6.500000e+00
         vertex 2.275000e+01 5.482051e+00 6.500000e+00
         vertex 2.436723e+01 7.448855e+00 6.500000e+00
      endloop
   endfacet
   facet normal 0.000000e+00 0.000000e+00 1.000000e+00
      outer loop
         vertex 2.436723e+01 7.448855e+00 6.500000e+00
         vertex 2.275000e+01 5.482051e+00 6.500000e+00
         vertex 2.306596e+01 5.629385e+00 6.500000e+00
      endloop
   endfacet
   facet normal 0.000000e+00 0.000000e+00 1.000000e+00
      outer loop
         vertex 2.436723e+01 7.448855e+00 6.500000e+00
         vertex 2.306596e+01 5.629385e+00 6.500000e+00
         vertex 2.340270e+01 5.719615e+00 6.500000e+00
      endloop
   endfacet
   facet normal 0.000000e+00 -0.000000e+00 1.000000e+00
      outer loop
         vertex 2.718415e+01 2.243642e+00 6.500000e+00
         vertex 2.738525e+01 2.829429e+00 6.500000e+00
         vertex 2.571962e+01 3.402704e+00 6.500000e+00
      endloop
   endfacet
   facet normal -0.000000e+00 0.000000e+00 1.000000e+00
      outer loop
         vertex 2.571962e+01 3.402704e+00 6.500000e+00
         vertex 2.738525e+01 2.829429e+00 6.500000e+00
         vertex 2.748719e+01 3.440327e+00 6.500000e+00
      endloop
   endfacet
   facet normal 0.000000e+00 0.000000e+00 1.000000e+00
      outer loop
         vertex 2.571962e+01 3.402704e+00 6.500000e+00
         vertex 2.748719e+01 3.440327e+00 6.500000e+00
         vertex 2.575000e+01 3.750000e+00 6.500000e+00
      endloop
   endfacet
   facet normal -0.000000e+00 0.000000e+00 1.000000e+00
      outer loop
         vertex 2.575000e+01 3.750000e+00 6.500000e+00
         vertex 2.748719e+01 3.440327e+00 6.500000e+00
         vertex 2.748719e+01 4.059672e+00 6.500000e+00
      endloop
   endfacet
   facet normal 0.000000e+00 -0.000000e+00 1.000000e+00
      outer loop
         vertex 2.575000e+01 3.750000e+00 6.500000e+00
         vertex 2.748719e+01 4.059672e+00 6.500000e+00
         vertex 2.571962e+01 4.097296e+00 6.500000e+00
      endloop
   endfacet
   facet normal -0.000000e+00 0.000000e+00 1.000000e+00
      outer loop
         vertex 2.571962e+01 4.097296e+00 6.500000e+00
         vertex 2.748719e+01 4.059672e+00 6.500000e+00
         vertex 2.738525e+01 4.670570e+00 6.500000e+00
      endloop
   endfacet
   facet normal 0.000000e+00 -0.000000e+00 1.000000e+00
      outer loop
         vertex 2.571962e+01 4.097296e+00 6.500000e+00
         vertex 2.738525e+01 4.670570e+00 6.500000e+00
         vertex 2.562939e+01 4.434040e+00 6.500000e+00
      endloop
   endfacet
   facet normal 0.000000e+00 0.000000e+00 1.000000e+00
      outer loop
         vertex 2.562939e+01 4.434040e+00 6.500000e+00
         vertex 2.738525e+01 4.670570e+00 6.500000e+00
         vertex 2.718415e+01 5.256358e+00 6.500000e+00
      endloop
   endfacet
   facet normal 0.000000e+00 -0.000000e+00 1.000000e+00
      outer loop
         vertex 2.562939e+01 4.434040e+00 6.500000e+00
         vertex 2.718415e+01 5.256358e+00 6.500000e+00
         vertex 2.548205e+01 4.750000e+00 6.500000e+00
      endloop
   endfacet
   facet normal 0.000000e+00 0.000000e+00 1.000000e+00
      outer loop
         vertex 2.548205e+01 4.750000e+00 6.500000e+00
         vertex 2.718415e+01 5.256358e+00 6.500000e+00
         vertex 2.688937e+01 5.801056e+00 6.500000e+00
      endloop
   endfacet
   facet normal 0.000000e+00 -0.000000e+00 1.000000e+00
      outer loop
         vertex 2.548205e+01 4.750000e+00 6.500000e+00
         vertex 2.688937e+01 5.801056e+00 6.500000e+00
         vertex 2.528209e+01 5.035575e+00 6.500000e+00
      endloop
   endfacet
   facet normal 0.000000e+00 0.000000e+00 1.000000e+00
      outer loop
         vertex 2.528209e+01 5.035575e+00 6.500000e+00
         vertex 2.688937e+01 5.801056e+00 6.500000e+00
         vertex 2.650896e+01 6.289806e+00 6.500000e+00
      endloop
   endfacet
   facet normal 0.000000e+00 -0.000000e+00 1.000000e+00
      outer loop
         vertex 2.528209e+01 5.035575e+00 6.500000e+00
         vertex 2.650896e+01 6.289806e+00 6.500000e+00
         vertex 2.503558e+01 5.282089e+00 6.500000e+00
      endloop
   endfacet
   facet normal 0.000000e+00 0.000000e+00 1.000000e+00
      outer loop
         vertex 2.503558e+01 5.282089e+00 6.500000e+00
         vertex 2.650896e+01 6.289806e+00 6.500000e+00
         vertex 2.605330e+01 6.709277e+00 6.500000e+00
      endloop
   endfacet
   facet normal 0.000000e+00 -0.000000e+00 1.000000e+00
      outer loop
         vertex 2.503558e+01 5.282089e+00 6.500000e+00
         vertex 2.605330e+01 6.709277e+00 6.500000e+00
         vertex 2.475000e+01 5.482051e+00 6.500000e+00
      endloop
   endfacet
   facet normal 0.000000e+00 0.000000e+00 1.000000e+00
      outer loop
         vertex 2.475000e+01 5.482051e+00 6.500000e+00
         vertex 2.605330e+01 6.709277e+00 6.500000e+00
         vertex 2.553480e+01 7.048026e+00 6.500000e+00
      endloop
   endfacet
   facet normal 0.000000e+00 -0.000000e+00 1.000000e+00
      outer loop
         vertex 2.475000e+01 5.482051e+00 6.500000e+00
         vertex 2.553480e+01 7.048026e+00 6.500000e+00
         vertex 2.443404e+01 5.629385e+00 6.500000e+00
      endloop
   endfacet
   facet normal 0.000000e+00 0.000000e+00 1.000000e+00
      outer loop
         vertex 2.443404e+01 5.629385e+00 6.500000e+00
         vertex 2.553480e+01 7.048026e+00 6.500000e+00
         vertex 2.496762e+01 7.296815e+00 6.500000e+00
      endloop
   endfacet
   facet normal 0.000000e+00 -0.000000e+00 1.000000e+00
      outer loop
         vertex 2.443404e+01 5.629385e+00 6.500000e+00
         vertex 2.496762e+01 7.296815e+00 6.500000e+00
         vertex 2.409730e+01 5.719615e+00 6.500000e+00
      endloop
   endfacet
   facet normal 0.000000e+00 0.000000e+00 1.000000e+00
      outer loop
         vertex 2.409730e+01 5.719615e+00 6.500000e+00
         vertex 2.496762e+01 7.296815e+00 6.500000e+00
         vertex 2.436723e+01 7.448855e+00 6.500000e+00
      endloop
   endfacet
   facet normal 0.000000e+00 -0.000000e+00 1.000000e+00
      outer loop
         vertex 2.409730e+01 5.719615e+00 6.500000e+00
         vertex 2.436723e+01 7.448855e+00 6.500000e+00
         vertex 2.375000e+01 5.750000e+00 6.500000e+00
      endloop
   endfacet
   facet normal 0.000000e+00 -0.000000e+00 1.000000e+00
      outer loop
         vertex 2.375000e+01 5.750000e+00 6.500000e+00
         vertex 2.436723e+01 7.448855e+00 6.500000e+00
         vertex 2.340270e+01 5.719615e+00 6.500000e+00
      endloop
   endfacet
   facet normal 0.000000e+00 -0.000000e+00 1.000000e+00
      outer loop
         vertex 3.750000e+00 5.500000e+00 6.500000e+00
         vertex 3.750000e+00 7.500000e+00 6.500000e+00
         vertex 3.446117e+00 5.473414e+00 6.500000e+00
      endloop
   endfacet
   facet normal 0.000000e+00 -0.000000e+00 1.000000e+00
      outer loop
         vertex 3.446117e+00 5.473414e+00 6.500000e+00
         vertex 3.750000e+00 7.500000e+00 6.500000e+00
         vertex 3.132772e+00 7.448855e+00 6.500000e+00
      endloop
   endfacet
   facet normal 0.000000e+00 0.000000e+00 1.000000e+00
      outer loop
         vertex 3.446117e+00 5.473414e+00 6.500000e+00
         vertex 3.132772e+00 7.448855e+00 6.500000e+00
         vertex 3.151465e+00 5.394462e+00 6.500000e+00
      endloop
   endfacet
   facet normal 0.000000e+00 0.000000e+00 1.000000e+00
      outer loop
         vertex 3.151465e+00 5.394462e+00 6.500000e+00
         vertex 3.132772e+00 7.448855e+00 6.500000e+00
         vertex 2.532378e+00 7.296815e+00 6.500000e+00
      endloop
   endfacet
   facet normal 0.000000e+00 0.000000e+00 1.000000e+00
      outer loop
         vertex 3.151465e+00 5.394462e+00 6.500000e+00
         vertex 2.532378e+00 7.296815e+00 6.500000e+00
         vertex 2.875000e+00 5.265544e+00 6.500000e+00
      endloop
   endfacet
   facet normal 0.000000e+00 0.000000e+00 1.000000e+00
      outer loop
         vertex 2.875000e+00 5.265544e+00 6.500000e+00
         vertex 2.532378e+00 7.296815e+00 6.500000e+00
         vertex 1.965199e+00 7.048026e+00 6.500000e+00
      endloop
   endfacet
   facet normal 0.000000e+00 0.000000e+00 1.000000e+00
      outer loop
         vertex 2.875000e+00 5.265544e+00 6.500000e+00
         vertex 1.965199e+00 7.048026e+00 6.500000e+00
         vertex 2.625123e+00 5.090578e+00 6.500000e+00
      endloop
   endfacet
   facet normal 0.000000e+00 0.000000e+00 1.000000e+00
      outer loop
         vertex 2.625123e+00 5.090578e+00 6.500000e+00
         vertex 1.965199e+00 7.048026e+00 6.500000e+00
         vertex 1.446702e+00 6.709277e+00 6.500000e+00
      endloop
   endfacet
   facet normal 0.000000e+00 0.000000e+00 1.000000e+00
      outer loop
         vertex 2.625123e+00 5.090578e+00 6.500000e+00
         vertex 1.446702e+00 6.709277e+00 6.500000e+00
         vertex 2.409421e+00 4.874878e+00 6.500000e+00
      endloop
   endfacet
   facet normal 0.000000e+00 0.000000e+00 1.000000e+00
      outer loop
         vertex 2.409421e+00 4.874878e+00 6.500000e+00
         vertex 1.446702e+00 6.709277e+00 6.500000e+00
         vertex 9.910353e-01 6.289806e+00 6.500000e+00
      endloop
   endfacet
   facet normal 0.000000e+00 0.000000e+00 1.000000e+00
      outer loop
         vertex 2.409421e+00 4.874878e+00 6.500000e+00
         vertex 9.910353e-01 6.289806e+00 6.500000e+00
         vertex 2.234455e+00 4.625000e+00 6.500000e+00
      endloop
   endfacet
   facet normal 0.000000e+00 0.000000e+00 1.000000e+00
      outer loop
         vertex 2.234455e+00 4.625000e+00 6.500000e+00
         vertex 9.910353e-01 6.289806e+00 6.500000e+00
         vertex 6.106272e-01 5.801056e+00 6.500000e+00
      endloop
   endfacet
   facet normal 0.000000e+00 0.000000e+00 1.000000e+00
      outer loop
         vertex 2.234455e+00 4.625000e+00 6.500000e+00
         vertex 6.106272e-01 5.801056e+00 6.500000e+00
         vertex 2.105538e+00 4.348535e+00 6.500000e+00
      endloop
   endfacet
   facet normal 0.000000e+00 0.000000e+00 1.000000e+00
      outer loop
         vertex 2.105538e+00 4.348535e+00 6.500000e+00
         vertex 6.106272e-01 5.801056e+00 6.500000e+00
         vertex 3.158487e-01 5.256358e+00 6.500000e+00
      endloop
   endfacet
   facet normal 0.000000e+00 0.000000e+00 1.000000e+00
      outer loop
         vertex 2.105538e+00 4.348535e+00 6.500000e+00
         vertex 3.158487e-01 5.256358e+00 6.500000e+00
         vertex 2.026588e+00 4.053884e+00 6.500000e+00
      endloop
   endfacet
   facet normal 0.000000e+00 0.000000e+00 1.000000e+00
      outer loop
         vertex 2.026588e+00 4.053884e+00 6.500000e+00
         vertex 3.158487e-01 5.256358e+00 6.500000e+00
         vertex 1.147501e-01 4.670570e+00 6.500000e+00
      endloop
   endfacet
   facet normal 0.000000e+00 0.000000e+00 1.000000e+00
      outer loop
         vertex 2.026588e+00 4.053884e+00 6.500000e+00
         vertex 1.147501e-01 4.670570e+00 6.500000e+00
         vertex 2.000000e+00 3.750000e+00 6.500000e+00
      endloop
   endfacet
   facet normal 0.000000e+00 0.000000e+00 1.000000e+00
      outer loop
         vertex 2.000000e+00 3.750000e+00 6.500000e+00
         vertex 1.147501e-01 4.670570e+00 6.500000e+00
         vertex 1.280755e-02 4.059672e+00 6.500000e+00
      endloop
   endfacet
   facet normal 0.000000e+00 0.000000e+00 1.000000e+00
      outer loop
         vertex 2.000000e+00 3.750000e+00 6.500000e+00
         vertex 1.280755e-02 4.059672e+00 6.500000e+00
         vertex 1.280755e-02 3.440327e+00 6.500000e+00
      endloop
   endfacet
   facet normal 0.000000e+00 0.000000e+00 -1.000000e+00
      outer loop
         vertex 5.265545e+00 2.875000e+00 3.500000e+00
         vertex 2.221791e+01 5.035575e+00 3.500000e+00
         vertex 2.201795e+01 4.750000e+00 3.500000e+00
      endloop
   endfacet
   facet normal 0.000000e+00 0.000000e+00 -1.000000e+00
      outer loop
         vertex 2.306596e+01 5.629385e+00 3.500000e+00
         vertex 2.275000e+01 5.482051e+00 3.500000e+00
         vertex 5.265545e+00 2.875000e+00 3.500000e+00
      endloop
   endfacet
   facet normal 0.000000e+00 0.000000e+00 -1.000000e+00
      outer loop
         vertex 5.265545e+00 2.875000e+00 3.500000e+00
         vertex 2.275000e+01 5.482051e+00 3.500000e+00
         vertex 2.246442e+01 5.282089e+00 3.500000e+00
      endloop
   endfacet
   facet normal 0.000000e+00 0.000000e+00 -1.000000e+00
      outer loop
         vertex 5.265545e+00 2.875000e+00 3.500000e+00
         vertex 2.246442e+01 5.282089e+00 3.500000e+00
         vertex 2.221791e+01 5.035575e+00 3.500000e+00
      endloop
   endfacet
   facet normal 0.000000e+00 0.000000e+00 -1.000000e+00
      outer loop
         vertex 5.473413e+00 3.446116e+00 3.500000e+00
         vertex 5.500000e+00 3.750000e+00 3.500000e+00
         vertex 2.340270e+01 5.719615e+00 3.500000e+00
      endloop
   endfacet
   facet normal 0.000000e+00 0.000000e+00 -1.000000e+00
      outer loop
         vertex 2.340270e+01 5.719615e+00 3.500000e+00
         vertex 5.500000e+00 3.750000e+00 3.500000e+00
         vertex 5.473413e+00 4.053884e+00 3.500000e+00
      endloop
   endfacet
   facet normal 0.000000e+00 0.000000e+00 -1.000000e+00
      outer loop
         vertex 2.201795e+01 4.750000e+00 3.500000e+00
         vertex 2.187061e+01 4.434040e+00 3.500000e+00
         vertex 5.265545e+00 2.875000e+00 3.500000e+00
      endloop
   endfacet
   facet normal 0.000000e+00 0.000000e+00 -1.000000e+00
      outer loop
         vertex 5.265545e+00 2.875000e+00 3.500000e+00
         vertex 2.187061e+01 4.434040e+00 3.500000e+00
         vertex 2.178038e+01 4.097296e+00 3.500000e+00
      endloop
   endfacet
   facet normal 0.000000e+00 -0.000000e+00 -1.000000e+00
      outer loop
         vertex 5.265545e+00 2.875000e+00 3.500000e+00
         vertex 2.178038e+01 4.097296e+00 3.500000e+00
         vertex 5.090579e+00 2.625122e+00 3.500000e+00
      endloop
   endfacet
   facet normal 0.000000e+00 0.000000e+00 -1.000000e+00
      outer loop
         vertex 5.090579e+00 2.625122e+00 3.500000e+00
         vertex 2.178038e+01 4.097296e+00 3.500000e+00
         vertex 2.175000e+01 3.750000e+00 3.500000e+00
      endloop
   endfacet
   facet normal 0.000000e+00 -0.000000e+00 -1.000000e+00
      outer loop
         vertex 5.090579e+00 2.625122e+00 3.500000e+00
         vertex 2.175000e+01 3.750000e+00 3.500000e+00
         vertex 4.874878e+00 2.409422e+00 3.500000e+00
      endloop
   endfacet
   facet normal 0.000000e+00 -0.000000e+00 -1.000000e+00
      outer loop
         vertex 4.874878e+00 2.409422e+00 3.500000e+00
         vertex 2.175000e+01 3.750000e+00 3.500000e+00
         vertex 4.625000e+00 2.234455e+00 3.500000e+00
      endloop
   endfacet
   facet normal -0.000000e+00 0.000000e+00 -1.000000e+00
      outer loop
         vertex 2.306596e+01 5.629385e+00 3.500000e+00
         vertex 5.265545e+00 2.875000e+00 3.500000e+00
         vertex 2.340270e+01 5.719615e+00 3.500000e+00
      endloop
   endfacet
   facet normal 0.000000e+00 0.000000e+00 -1.000000e+00
      outer loop
         vertex 2.340270e+01 5.719615e+00 3.500000e+00
         vertex 5.265545e+00 2.875000e+00 3.500000e+00
         vertex 5.394462e+00 3.151465e+00 3.500000e+00
      endloop
   endfacet
   facet normal 0.000000e+00 0.000000e+00 -1.000000e+00
      outer loop
         vertex 2.340270e+01 5.719615e+00 3.500000e+00
         vertex 5.394462e+00 3.151465e+00 3.500000e+00
         vertex 5.473413e+00 3.446116e+00 3.500000e+00
      endloop
   endfacet
   facet normal 0.000000e+00 0.000000e+00 -1.000000e+00
      outer loop
         vertex 2.409730e+01 5.719615e+00 3.500000e+00
         vertex 2.375000e+01 5.750000e+00 3.500000e+00
         vertex 2.436723e+01 7.448855e+00 3.500000e+00
      endloop
   endfacet
   facet normal 0.000000e+00 0.000000e+00 -1.000000e+00
      outer loop
         vertex 5.265545e+00 4.625000e+00 3.500000e+00
         vertex 5.090579e+00 4.874878e+00 3.500000e+00
         vertex 2.375000e+01 7.500000e+00 3.500000e+00
      endloop
   endfacet
   facet normal 0.000000e+00 0.000000e+00 -1.000000e+00
      outer loop
         vertex 2.375000e+01 7.500000e+00 3.500000e+00
         vertex 5.090579e+00 4.874878e+00 3.500000e+00
         vertex 4.874878e+00 5.090578e+00 3.500000e+00
      endloop
   endfacet
   facet normal -0.000000e+00 0.000000e+00 -1.000000e+00
      outer loop
         vertex 2.375000e+01 7.500000e+00 3.500000e+00
         vertex 4.874878e+00 5.090578e+00 3.500000e+00
         vertex 3.750000e+00 7.500000e+00 3.500000e+00
      endloop
   endfacet
   facet normal 0.000000e+00 0.000000e+00 -1.000000e+00
      outer loop
         vertex 3.750000e+00 7.500000e+00 3.500000e+00
         vertex 4.874878e+00 5.090578e+00 3.500000e+00
         vertex 4.625000e+00 5.265544e+00 3.500000e+00
      endloop
   endfacet
   facet normal 0.000000e+00 0.000000e+00 -1.000000e+00
      outer loop
         vertex 3.750000e+00 7.500000e+00 3.500000e+00
         vertex 4.625000e+00 5.265544e+00 3.500000e+00
         vertex 4.348535e+00 5.394462e+00 3.500000e+00
      endloop
   endfacet
   facet normal -0.000000e+00 0.000000e+00 -1.000000e+00
      outer loop
         vertex 2.221791e+01 2.464425e+00 3.500000e+00
         vertex 3.750000e+00 0.000000e+00 3.500000e+00
         vertex 2.201795e+01 2.750000e+00 3.500000e+00
      endloop
   endfacet
   facet normal -0.000000e+00 0.000000e+00 -1.000000e+00
      outer loop
         vertex 2.201795e+01 2.750000e+00 3.500000e+00
         vertex 3.750000e+00 0.000000e+00 3.500000e+00
         vertex 2.187061e+01 3.065960e+00 3.500000e+00
      endloop
   endfacet
   facet normal -0.000000e+00 0.000000e+00 -1.000000e+00
      outer loop
         vertex 2.375000e+01 5.750000e+00 3.500000e+00
         vertex 2.340270e+01 5.719615e+00 3.500000e+00
         vertex 2.436723e+01 7.448855e+00 3.500000e+00
      endloop
   endfacet
   facet normal 0.000000e+00 0.000000e+00 -1.000000e+00
      outer loop
         vertex 2.436723e+01 7.448855e+00 3.500000e+00
         vertex 2.340270e+01 5.719615e+00 3.500000e+00
         vertex 5.473413e+00 4.053884e+00 3.500000e+00
      endloop
   endfacet
   facet normal -0.000000e+00 0.000000e+00 -1.000000e+00
      outer loop
         vertex 2.436723e+01 7.448855e+00 3.500000e+00
         vertex 5.473413e+00 4.053884e+00 3.500000e+00
         vertex 2.375000e+01 7.500000e+00 3.500000e+00
      endloop
   endfacet
   facet normal 0.000000e+00 0.000000e+00 -1.000000e+00
      outer loop
         vertex 2.375000e+01 7.500000e+00 3.500000e+00
         vertex 5.473413e+00 4.053884e+00 3.500000e+00
         vertex 5.394462e+00 4.348535e+00 3.500000e+00
      endloop
   endfacet
   facet normal 0.000000e+00 0.000000e+00 -1.000000e+00
      outer loop
         vertex 2.375000e+01 7.500000e+00 3.500000e+00
         vertex 5.394462e+00 4.348535e+00 3.500000e+00
         vertex 5.265545e+00 4.625000e+00 3.500000e+00
      endloop
   endfacet
   facet normal 0.000000e+00 0.000000e+00 -1.000000e+00
      outer loop
         vertex 3.750000e+00 0.000000e+00 3.500000e+00
         vertex 3.750000e+00 2.000000e+00 3.500000e+00
         vertex 4.053883e+00 2.026586e+00 3.500000e+00
      endloop
   endfacet
   facet normal 0.000000e+00 -0.000000e+00 -1.000000e+00
      outer loop
         vertex 2.221791e+01 2.464425e+00 3.500000e+00
         vertex 2.246442e+01 2.217911e+00 3.500000e+00
         vertex 3.750000e+00 0.000000e+00 3.500000e+00
      endloop
   endfacet
   facet normal 0.000000e+00 0.000000e+00 -1.000000e+00
      outer loop
         vertex 3.750000e+00 0.000000e+00 3.500000e+00
         vertex 2.246442e+01 2.217911e+00 3.500000e+00
         vertex 2.275000e+01 2.017949e+00 3.500000e+00
      endloop
   endfacet
   facet normal 0.000000e+00 0.000000e+00 -1.000000e+00
      outer loop
         vertex 3.750000e+00 0.000000e+00 3.500000e+00
         vertex 2.275000e+01 2.017949e+00 3.500000e+00
         vertex 2.375000e+01 0.000000e+00 3.500000e+00
      endloop
   endfacet
   facet normal 0.000000e+00 0.000000e+00 -1.000000e+00
      outer loop
         vertex 2.375000e+01 0.000000e+00 3.500000e+00
         vertex 2.275000e+01 2.017949e+00 3.500000e+00
         vertex 2.306596e+01 1.870615e+00 3.500000e+00
      endloop
   endfacet
   facet normal -0.000000e+00 0.000000e+00 -1.000000e+00
      outer loop
         vertex 2.026588e+00 3.446116e+00 3.500000e+00
         vertex 1.280755e-02 3.440327e+00 3.500000e+00
         vertex 2.000000e+00 3.750000e+00 3.500000e+00
      endloop
   endfacet
   facet normal -0.000000e+00 0.000000e+00 -1.000000e+00
      outer loop
         vertex 2.000000e+00 3.750000e+00 3.500000e+00
         vertex 1.280755e-02 3.440327e+00 3.500000e+00
         vertex 1.280755e-02 4.059672e+00 3.500000e+00
      endloop
   endfacet
   facet normal 0.000000e+00 0.000000e+00 -1.000000e+00
      outer loop
         vertex 2.000000e+00 3.750000e+00 3.500000e+00
         vertex 1.280755e-02 4.059672e+00 3.500000e+00
         vertex 2.026588e+00 4.053884e+00 3.500000e+00
      endloop
   endfacet
   facet normal 0.000000e+00 0.000000e+00 -1.000000e+00
      outer loop
         vertex 2.026588e+00 4.053884e+00 3.500000e+00
         vertex 1.280755e-02 4.059672e+00 3.500000e+00
         vertex 1.147501e-01 4.670570e+00 3.500000e+00
      endloop
   endfacet
   facet normal 0.000000e+00 0.000000e+00 -1.000000e+00
      outer loop
         vertex 2.026588e+00 4.053884e+00 3.500000e+00
         vertex 1.147501e-01 4.670570e+00 3.500000e+00
         vertex 2.105538e+00 4.348535e+00 3.500000e+00
      endloop
   endfacet
   facet normal 0.000000e+00 0.000000e+00 -1.000000e+00
      outer loop
         vertex 2.105538e+00 4.348535e+00 3.500000e+00
         vertex 1.147501e-01 4.670570e+00 3.500000e+00
         vertex 3.158487e-01 5.256358e+00 3.500000e+00
      endloop
   endfacet
   facet normal 0.000000e+00 0.000000e+00 -1.000000e+00
      outer loop
         vertex 2.105538e+00 4.348535e+00 3.500000e+00
         vertex 3.158487e-01 5.256358e+00 3.500000e+00
         vertex 2.234455e+00 4.625000e+00 3.500000e+00
      endloop
   endfacet
   facet normal 0.000000e+00 0.000000e+00 -1.000000e+00
      outer loop
         vertex 2.234455e+00 4.625000e+00 3.500000e+00
         vertex 3.158487e-01 5.256358e+00 3.500000e+00
         vertex 6.106272e-01 5.801056e+00 3.500000e+00
      endloop
   endfacet
   facet normal 0.000000e+00 0.000000e+00 -1.000000e+00
      outer loop
         vertex 2.234455e+00 4.625000e+00 3.500000e+00
         vertex 6.106272e-01 5.801056e+00 3.500000e+00
         vertex 2.409421e+00 4.874878e+00 3.500000e+00
      endloop
   endfacet
   facet normal 0.000000e+00 0.000000e+00 -1.000000e+00
      outer loop
         vertex 2.409421e+00 4.874878e+00 3.500000e+00
         vertex 6.106272e-01 5.801056e+00 3.500000e+00
         vertex 9.910353e-01 6.289806e+00 3.500000e+00
      endloop
   endfacet
   facet normal 0.000000e+00 0.000000e+00 -1.000000e+00
      outer loop
         vertex 2.409421e+00 4.874878e+00 3.500000e+00
         vertex 9.910353e-01 6.289806e+00 3.500000e+00
         vertex 2.625123e+00 5.090578e+00 3.500000e+00
      endloop
   endfacet
   facet normal 0.000000e+00 0.000000e+00 -1.000000e+00
      outer loop
         vertex 2.625123e+00 5.090578e+00 3.500000e+00
         vertex 9.910353e-01 6.289806e+00 3.500000e+00
         vertex 1.446702e+00 6.709277e+00 3.500000e+00
      endloop
   endfacet
   facet normal 0.000000e+00 0.000000e+00 -1.000000e+00
      outer loop
         vertex 2.625123e+00 5.090578e+00 3.500000e+00
         vertex 1.446702e+00 6.709277e+00 3.500000e+00
         vertex 2.875000e+00 5.265544e+00 3.500000e+00
      endloop
   endfacet
   facet normal 0.000000e+00 0.000000e+00 -1.000000e+00
      outer loop
         vertex 2.875000e+00 5.265544e+00 3.500000e+00
         vertex 1.446702e+00 6.709277e+00 3.500000e+00
         vertex 1.965199e+00 7.048026e+00 3.500000e+00
      endloop
   endfacet
   facet normal 0.000000e+00 0.000000e+00 -1.000000e+00
      outer loop
         vertex 2.875000e+00 5.265544e+00 3.500000e+00
         vertex 1.965199e+00 7.048026e+00 3.500000e+00
         vertex 3.151465e+00 5.394462e+00 3.500000e+00
      endloop
   endfacet
   facet normal 0.000000e+00 0.000000e+00 -1.000000e+00
      outer loop
         vertex 3.151465e+00 5.394462e+00 3.500000e+00
         vertex 1.965199e+00 7.048026e+00 3.500000e+00
         vertex 2.532378e+00 7.296815e+00 3.500000e+00
      endloop
   endfacet
   facet normal 0.000000e+00 0.000000e+00 -1.000000e+00
      outer loop
         vertex 3.151465e+00 5.394462e+00 3.500000e+00
         vertex 2.532378e+00 7.296815e+00 3.500000e+00
         vertex 3.446117e+00 5.473414e+00 3.500000e+00
      endloop
   endfacet
   facet normal 0.000000e+00 0.000000e+00 -1.000000e+00
      outer loop
         vertex 3.446117e+00 5.473414e+00 3.500000e+00
         vertex 2.532378e+00 7.296815e+00 3.500000e+00
         vertex 3.132772e+00 7.448855e+00 3.500000e+00
      endloop
   endfacet
   facet normal 0.000000e+00 0.000000e+00 -1.000000e+00
      outer loop
         vertex 3.446117e+00 5.473414e+00 3.500000e+00
         vertex 3.132772e+00 7.448855e+00 3.500000e+00
         vertex 3.750000e+00 5.500000e+00 3.500000e+00
      endloop
   endfacet
   facet normal 0.000000e+00 0.000000e+00 -1.000000e+00
      outer loop
         vertex 3.750000e+00 5.500000e+00 3.500000e+00
         vertex 3.132772e+00 7.448855e+00 3.500000e+00
         vertex 3.750000e+00 7.500000e+00 3.500000e+00
      endloop
   endfacet
   facet normal 0.000000e+00 0.000000e+00 -1.000000e+00
      outer loop
         vertex 3.750000e+00 5.500000e+00 3.500000e+00
         vertex 3.750000e+00 7.500000e+00 3.500000e+00
         vertex 4.053883e+00 5.473414e+00 3.500000e+00
      endloop
   endfacet
   facet normal 0.000000e+00 0.000000e+00 -1.000000e+00
      outer loop
         vertex 4.053883e+00 5.473414e+00 3.500000e+00
         vertex 3.750000e+00 7.500000e+00 3.500000e+00
         vertex 4.348535e+00 5.394462e+00 3.500000e+00
      endloop
   endfacet
   facet normal -0.000000e+00 -0.000000e+00 -1.000000e+00
      outer loop
         vertex 3.750000e+00 2.000000e+00 3.500000e+00
         vertex 3.750000e+00 0.000000e+00 3.500000e+00
         vertex 3.446117e+00 2.026586e+00 3.500000e+00
      endloop
   endfacet
   facet normal 0.000000e+00 -0.000000e+00 -1.000000e+00
      outer loop
         vertex 3.446117e+00 2.026586e+00 3.500000e+00
         vertex 3.750000e+00 0.000000e+00 3.500000e+00
         vertex 3.132772e+00 5.114498e-02 3.500000e+00
      endloop
   endfacet
   facet normal -0.000000e+00 0.000000e+00 -1.000000e+00
      outer loop
         vertex 3.446117e+00 2.026586e+00 3.500000e+00
         vertex 3.132772e+00 5.114498e-02 3.500000e+00
         vertex 3.151465e+00 2.105538e+00 3.500000e+00
      endloop
   endfacet
   facet normal 0.000000e+00 0.000000e+00 -1.000000e+00
      outer loop
         vertex 3.151465e+00 2.105538e+00 3.500000e+00
         vertex 3.132772e+00 5.114498e-02 3.500000e+00
         vertex 2.532378e+00 2.031852e-01 3.500000e+00
      endloop
   endfacet
   facet normal -0.000000e+00 0.000000e+00 -1.000000e+00
      outer loop
         vertex 3.151465e+00 2.105538e+00 3.500000e+00
         vertex 2.532378e+00 2.031852e-01 3.500000e+00
         vertex 2.875000e+00 2.234455e+00 3.500000e+00
      endloop
   endfacet
   facet normal 0.000000e+00 0.000000e+00 -1.000000e+00
      outer loop
         vertex 2.875000e+00 2.234455e+00 3.500000e+00
         vertex 2.532378e+00 2.031852e-01 3.500000e+00
         vertex 1.965199e+00 4.519734e-01 3.500000e+00
      endloop
   endfacet
   facet normal -0.000000e+00 0.000000e+00 -1.000000e+00
      outer loop
         vertex 2.875000e+00 2.234455e+00 3.500000e+00
         vertex 1.965199e+00 4.519734e-01 3.500000e+00
         vertex 2.625123e+00 2.409422e+00 3.500000e+00
      endloop
   endfacet
   facet normal 0.000000e+00 0.000000e+00 -1.000000e+00
      outer loop
         vertex 2.625123e+00 2.409422e+00 3.500000e+00
         vertex 1.965199e+00 4.519734e-01 3.500000e+00
         vertex 1.446702e+00 7.907229e-01 3.500000e+00
      endloop
   endfacet
   facet normal -0.000000e+00 0.000000e+00 -1.000000e+00
      outer loop
         vertex 2.625123e+00 2.409422e+00 3.500000e+00
         vertex 1.446702e+00 7.907229e-01 3.500000e+00
         vertex 2.409421e+00 2.625122e+00 3.500000e+00
      endloop
   endfacet
   facet normal 0.000000e+00 0.000000e+00 -1.000000e+00
      outer loop
         vertex 2.409421e+00 2.625122e+00 3.500000e+00
         vertex 1.446702e+00 7.907229e-01 3.500000e+00
         vertex 9.910353e-01 1.210194e+00 3.500000e+00
      endloop
   endfacet
   facet normal -0.000000e+00 0.000000e+00 -1.000000e+00
      outer loop
         vertex 2.409421e+00 2.625122e+00 3.500000e+00
         vertex 9.910353e-01 1.210194e+00 3.500000e+00
         vertex 2.234455e+00 2.875000e+00 3.500000e+00
      endloop
   endfacet
   facet normal 0.000000e+00 0.000000e+00 -1.000000e+00
      outer loop
         vertex 2.234455e+00 2.875000e+00 3.500000e+00
         vertex 9.910353e-01 1.210194e+00 3.500000e+00
         vertex 6.106272e-01 1.698944e+00 3.500000e+00
      endloop
   endfacet
   facet normal -0.000000e+00 0.000000e+00 -1.000000e+00
      outer loop
         vertex 2.234455e+00 2.875000e+00 3.500000e+00
         vertex 6.106272e-01 1.698944e+00 3.500000e+00
         vertex 2.105538e+00 3.151465e+00 3.500000e+00
      endloop
   endfacet
   facet normal 0.000000e+00 0.000000e+00 -1.000000e+00
      outer loop
         vertex 2.105538e+00 3.151465e+00 3.500000e+00
         vertex 6.106272e-01 1.698944e+00 3.500000e+00
         vertex 3.158487e-01 2.243642e+00 3.500000e+00
      endloop
   endfacet
   facet normal -0.000000e+00 0.000000e+00 -1.000000e+00
      outer loop
         vertex 2.105538e+00 3.151465e+00 3.500000e+00
         vertex 3.158487e-01 2.243642e+00 3.500000e+00
         vertex 2.026588e+00 3.446116e+00 3.500000e+00
      endloop
   endfacet
   facet normal 0.000000e+00 0.000000e+00 -1.000000e+00
      outer loop
         vertex 2.026588e+00 3.446116e+00 3.500000e+00
         vertex 3.158487e-01 2.243642e+00 3.500000e+00
         vertex 1.147501e-01 2.829429e+00 3.500000e+00
      endloop
   endfacet
   facet normal 0.000000e+00 0.000000e+00 -1.000000e+00
      outer loop
         vertex 2.026588e+00 3.446116e+00 3.500000e+00
         vertex 1.147501e-01 2.829429e+00 3.500000e+00
         vertex 1.280755e-02 3.440327e+00 3.500000e+00
      endloop
   endfacet
   facet normal -0.000000e+00 0.000000e+00 -1.000000e+00
      outer loop
         vertex 2.187061e+01 3.065960e+00 3.500000e+00
         vertex 3.750000e+00 0.000000e+00 3.500000e+00
         vertex 2.178038e+01 3.402704e+00 3.500000e+00
      endloop
   endfacet
   facet normal 0.000000e+00 0.000000e+00 -1.000000e+00
      outer loop
         vertex 2.178038e+01 3.402704e+00 3.500000e+00
         vertex 3.750000e+00 0.000000e+00 3.500000e+00
         vertex 4.053883e+00 2.026586e+00 3.500000e+00
      endloop
   endfacet
   facet normal -0.000000e+00 0.000000e+00 -1.000000e+00
      outer loop
         vertex 2.178038e+01 3.402704e+00 3.500000e+00
         vertex 4.053883e+00 2.026586e+00 3.500000e+00
         vertex 2.175000e+01 3.750000e+00 3.500000e+00
      endloop
   endfacet
   facet normal 0.000000e+00 0.000000e+00 -1.000000e+00
      outer loop
         vertex 2.175000e+01 3.750000e+00 3.500000e+00
         vertex 4.053883e+00 2.026586e+00 3.500000e+00
         vertex 4.348535e+00 2.105538e+00 3.500000e+00
      endloop
   endfacet
   facet normal 0.000000e+00 0.000000e+00 -1.000000e+00
      outer loop
         vertex 2.175000e+01 3.750000e+00 3.500000e+00
         vertex 4.348535e+00 2.105538e+00 3.500000e+00
         vertex 4.625000e+00 2.234455e+00 3.500000e+00
      endloop
   endfacet
   facet normal 0.000000e+00 0.000000e+00 -1.000000e+00
      outer loop
         vertex 2.409730e+01 5.719615e+00 3.500000e+00
         vertex 2.436723e+01 7.448855e+00 3.500000e+00
         vertex 2.443404e+01 5.629385e+00 3.500000e+00
      endloop
   endfacet
   facet normal 0.000000e+00 0.000000e+00 -1.000000e+00
      outer loop
         vertex 2.443404e+01 5.629385e+00 3.500000e+00
         vertex 2.436723e+01 7.448855e+00 3.500000e+00
         vertex 2.496762e+01 7.296815e+00 3.500000e+00
      endloop
   endfacet
   facet normal 0.000000e+00 0.000000e+00 -1.000000e+00
      outer loop
         vertex 2.443404e+01 5.629385e+00 3.500000e+00
         vertex 2.496762e+01 7.296815e+00 3.500000e+00
         vertex 2.475000e+01 5.482051e+00 3.500000e+00
      endloop
   endfacet
   facet normal 0.000000e+00 0.000000e+00 -1.000000e+00
      outer loop
         vertex 2.475000e+01 5.482051e+00 3.500000e+00
         vertex 2.496762e+01 7.296815e+00 3.500000e+00
         vertex 2.553480e+01 7.048026e+00 3.500000e+00
      endloop
   endfacet
   facet normal 0.000000e+00 0.000000e+00 -1.000000e+00
      outer loop
         vertex 2.475000e+01 5.482051e+00 3.500000e+00
         vertex 2.553480e+01 7.048026e+00 3.500000e+00
         vertex 2.503558e+01 5.282089e+00 3.500000e+00
      endloop
   endfacet
   facet normal 0.000000e+00 0.000000e+00 -1.000000e+00
      outer loop
         vertex 2.503558e+01 5.282089e+00 3.500000e+00
         vertex 2.553480e+01 7.048026e+00 3.500000e+00
         vertex 2.605330e+01 6.709277e+00 3.500000e+00
      endloop
   endfacet
   facet normal 0.000000e+00 0.000000e+00 -1.000000e+00
      outer loop
         vertex 2.503558e+01 5.282089e+00 3.500000e+00
         vertex 2.605330e+01 6.709277e+00 3.500000e+00
         vertex 2.528209e+01 5.035575e+00 3.500000e+00
      endloop
   endfacet
   facet normal 0.000000e+00 0.000000e+00 -1.000000e+00
      outer loop
         vertex 2.528209e+01 5.035575e+00 3.500000e+00
         vertex 2.605330e+01 6.709277e+00 3.500000e+00
         vertex 2.650896e+01 6.289806e+00 3.500000e+00
      endloop
   endfacet
   facet normal 0.000000e+00 0.000000e+00 -1.000000e+00
      outer loop
         vertex 2.528209e+01 5.035575e+00 3.500000e+00
         vertex 2.650896e+01 6.289806e+00 3.500000e+00
         vertex 2.548205e+01 4.750000e+00 3.500000e+00
      endloop
   endfacet
   facet normal 0.000000e+00 0.000000e+00 -1.000000e+00
      outer loop
         vertex 2.548205e+01 4.750000e+00 3.500000e+00
         vertex 2.650896e+01 6.289806e+00 3.500000e+00
         vertex 2.688937e+01 5.801056e+00 3.500000e+00
      endloop
   endfacet
   facet normal 0.000000e+00 0.000000e+00 -1.000000e+00
      outer loop
         vertex 2.548205e+01 4.750000e+00 3.500000e+00
         vertex 2.688937e+01 5.801056e+00 3.500000e+00
         vertex 2.562939e+01 4.434040e+00 3.500000e+00
      endloop
   endfacet
   facet normal 0.000000e+00 0.000000e+00 -1.000000e+00
      outer loop
         vertex 2.562939e+01 4.434040e+00 3.500000e+00
         vertex 2.688937e+01 5.801056e+00 3.500000e+00
         vertex 2.718415e+01 5.256358e+00 3.500000e+00
      endloop
   endfacet
   facet normal 0.000000e+00 0.000000e+00 -1.000000e+00
      outer loop
         vertex 2.562939e+01 4.434040e+00 3.500000e+00
         vertex 2.718415e+01 5.256358e+00 3.500000e+00
         vertex 2.571962e+01 4.097296e+00 3.500000e+00
      endloop
   endfacet
   facet normal 0.000000e+00 0.000000e+00 -1.000000e+00
      outer loop
         vertex 2.571962e+01 4.097296e+00 3.500000e+00
         vertex 2.718415e+01 5.256358e+00 3.500000e+00
         vertex 2.738525e+01 4.670570e+00 3.500000e+00
      endloop
   endfacet
   facet normal 0.000000e+00 0.000000e+00 -1.000000e+00
      outer loop
         vertex 2.571962e+01 4.097296e+00 3.500000e+00
         vertex 2.738525e+01 4.670570e+00 3.500000e+00
         vertex 2.575000e+01 3.750000e+00 3.500000e+00
      endloop
   endfacet
   facet normal 0.000000e+00 0.000000e+00 -1.000000e+00
      outer loop
         vertex 2.306596e+01 1.870615e+00 3.500000e+00
         vertex 2.340270e+01 1.780384e+00 3.500000e+00
         vertex 2.375000e+01 0.000000e+00 3.500000e+00
      endloop
   endfacet
   facet normal 0.000000e+00 0.000000e+00 -1.000000e+00
      outer loop
         vertex 2.375000e+01 0.000000e+00 3.500000e+00
         vertex 2.340270e+01 1.780384e+00 3.500000e+00
         vertex 2.375000e+01 1.750000e+00 3.500000e+00
      endloop
   endfacet
   facet normal 0.000000e+00 0.000000e+00 -1.000000e+00
      outer loop
         vertex 2.375000e+01 0.000000e+00 3.500000e+00
         vertex 2.375000e+01 1.750000e+00 3.500000e+00
         vertex 2.436723e+01 5.114498e-02 3.500000e+00
      endloop
   endfacet
   facet normal 0.000000e+00 0.000000e+00 -1.000000e+00
      outer loop
         vertex 2.436723e+01 5.114498e-02 3.500000e+00
         vertex 2.375000e+01 1.750000e+00 3.500000e+00
         vertex 2.409730e+01 1.780384e+00 3.500000e+00
      endloop
   endfacet
   facet normal 0.000000e+00 0.000000e+00 -1.000000e+00
      outer loop
         vertex 2.436723e+01 5.114498e-02 3.500000e+00
         vertex 2.409730e+01 1.780384e+00 3.500000e+00
         vertex 2.496762e+01 2.031852e-01 3.500000e+00
      endloop
   endfacet
   facet normal 0.000000e+00 0.000000e+00 -1.000000e+00
      outer loop
         vertex 2.496762e+01 2.031852e-01 3.500000e+00
         vertex 2.409730e+01 1.780384e+00 3.500000e+00
         vertex 2.443404e+01 1.870615e+00 3.500000e+00
      endloop
   endfacet
   facet normal 0.000000e+00 0.000000e+00 -1.000000e+00
      outer loop
         vertex 2.496762e+01 2.031852e-01 3.500000e+00
         vertex 2.443404e+01 1.870615e+00 3.500000e+00
         vertex 2.553480e+01 4.519734e-01 3.500000e+00
      endloop
   endfacet
   facet normal 0.000000e+00 0.000000e+00 -1.000000e+00
      outer loop
         vertex 2.553480e+01 4.519734e-01 3.500000e+00
         vertex 2.443404e+01 1.870615e+00 3.500000e+00
         vertex 2.475000e+01 2.017949e+00 3.500000e+00
      endloop
   endfacet
   facet normal 0.000000e+00 0.000000e+00 -1.000000e+00
      outer loop
         vertex 2.553480e+01 4.519734e-01 3.500000e+00
         vertex 2.475000e+01 2.017949e+00 3.500000e+00
         vertex 2.605330e+01 7.907229e-01 3.500000e+00
      endloop
   endfacet
   facet normal 0.000000e+00 0.000000e+00 -1.000000e+00
      outer loop
         vertex 2.605330e+01 7.907229e-01 3.500000e+00
         vertex 2.475000e+01 2.017949e+00 3.500000e+00
         vertex 2.503558e+01 2.217911e+00 3.500000e+00
      endloop
   endfacet
   facet normal 0.000000e+00 0.000000e+00 -1.000000e+00
      outer loop
         vertex 2.605330e+01 7.907229e-01 3.500000e+00
         vertex 2.503558e+01 2.217911e+00 3.500000e+00
         vertex 2.650896e+01 1.210194e+00 3.500000e+00
      endloop
   endfacet
   facet normal 0.000000e+00 0.000000e+00 -1.000000e+00
      outer loop
         vertex 2.650896e+01 1.210194e+00 3.500000e+00
         vertex 2.503558e+01 2.217911e+00 3.500000e+00
         vertex 2.528209e+01 2.464425e+00 3.500000e+00
      endloop
   endfacet
   facet normal 0.000000e+00 0.000000e+00 -1.000000e+00
      outer loop
         vertex 2.650896e+01 1.210194e+00 3.500000e+00
         vertex 2.528209e+01 2.464425e+00 3.500000e+00
         vertex 2.688937e+01 1.698944e+00 3.500000e+00
      endloop
   endfacet
   facet normal 0.000000e+00 0.000000e+00 -1.000000e+00
      outer loop
         vertex 2.688937e+01 1.698944e+00 3.500000e+00
         vertex 2.528209e+01 2.464425e+00 3.500000e+00
         vertex 2.548205e+01 2.750000e+00 3.500000e+00
      endloop
   endfacet
   facet normal 0.000000e+00 0.000000e+00 -1.000000e+00
      outer loop
         vertex 2.688937e+01 1.698944e+00 3.500000e+00
         vertex 2.548205e+01 2.750000e+00 3.500000e+00
         vertex 2.718415e+01 2.243642e+00 3.500000e+00
      endloop
   endfacet
   facet normal 0.000000e+00 0.000000e+00 -1.000000e+00
      outer loop
         vertex 2.718415e+01 2.243642e+00 3.500000e+00
         vertex 2.548205e+01 2.750000e+00 3.500000e+00
         vertex 2.562939e+01 3.065960e+00 3.500000e+00
      endloop
   endfacet
   facet normal 0.000000e+00 0.000000e+00 -1.000000e+00
      outer loop
         vertex 2.718415e+01 2.243642e+00 3.500000e+00
         vertex 2.562939e+01 3.065960e+00 3.500000e+00
         vertex 2.738525e+01 2.829429e+00 3.500000e+00
      endloop
   endfacet
   facet normal 0.000000e+00 0.000000e+00 -1.000000e+00
      outer loop
         vertex 2.738525e+01 2.829429e+00 3.500000e+00
         vertex 2.562939e+01 3.065960e+00 3.500000e+00
         vertex 2.571962e+01 3.402704e+00 3.500000e+00
      endloop
   endfacet
   facet normal 0.000000e+00 0.000000e+00 -1.000000e+00
      outer loop
         vertex 2.738525e+01 2.829429e+00 3.500000e+00
         vertex 2.571962e+01 3.402704e+00 3.500000e+00
         vertex 2.748719e+01 3.440327e+00 3.500000e+00
      endloop
   endfacet
   facet normal -0.000000e+00 0.000000e+00 -1.000000e+00
      outer loop
         vertex 2.748719e+01 3.440327e+00 3.500000e+00
         vertex 2.571962e+01 3.402704e+00 3.500000e+00
         vertex 2.575000e+01 3.750000e+00 3.500000e+00
      endloop
   endfacet
   facet normal 0.000000e+00 0.000000e+00 -1.000000e+00
      outer loop
         vertex 2.748719e+01 3.440327e+00 3.500000e+00
         vertex 2.575000e+01 3.750000e+00 3.500000e+00
         vertex 2.748719e+01 4.059672e+00 3.500000e+00
      endloop
   endfacet
   facet normal -0.000000e+00 0.000000e+00 -1.000000e+00
      outer loop
         vertex 2.748719e+01 4.059672e+00 3.500000e+00
         vertex 2.575000e+01 3.750000e+00 3.500000e+00
         vertex 2.738525e+01 4.670570e+00 3.500000e+00
      endloop
   endfacet
   facet normal -8.257930e-02 9.965845e-01 0.000000e+00
      outer loop
         vertex 3.750000e+00 7.500000e+00 6.500000e+00
         vertex 3.750000e+00 7.500000e+00 3.500000e+00
         vertex 3.132772e+00 7.448855e+00 3.500000e+00
      endloop
   endfacet
   facet normal -8.257930e-02 9.965845e-01 0.000000e+00
      outer loop
         vertex 3.750000e+00 7.500000e+00 6.500000e+00
         vertex 3.132772e+00 7.448855e+00 3.500000e+00
         vertex 3.132772e+00 7.448855e+00 6.500000e+00
      endloop
   endfacet
   facet normal -2.454853e-01 9.694003e-01 0.000000e+00
      outer loop
         vertex 3.132772e+00 7.448855e+00 6.500000e+00
         vertex 3.132772e+00 7.448855e+00 3.500000e+00
         vertex 2.532378e+00 7.296815e+00 3.500000e+00
      endloop
   endfacet
   facet normal -2.454853e-01 9.694003e-01 0.000000e+00
      outer loop
         vertex 3.132772e+00 7.448855e+00 6.500000e+00
         vertex 2.532378e+00 7.296815e+00 3.500000e+00
         vertex 2.532378e+00 7.296815e+00 6.500000e+00
      endloop
   endfacet
   facet normal -4.016958e-01 9.157731e-01 0.000000e+00
      outer loop
         vertex 2.532378e+00 7.296815e+00 6.500000e+00
         vertex 2.532378e+00 7.296815e+00 3.500000e+00
         vertex 1.965199e+00 7.048026e+00 3.500000e+00
      endloop
   endfacet
   facet normal -4.016958e-01 9.157731e-01 0.000000e+00
      outer loop
         vertex 2.532378e+00 7.296815e+00 6.500000e+00
         vertex 1.965199e+00 7.048026e+00 3.500000e+00
         vertex 1.965199e+00 7.048026e+00 6.500000e+00
      endloop
   endfacet
   facet normal -5.469464e-01 8.371676e-01 0.000000e+00
      outer loop
         vertex 1.965199e+00 7.048026e+00 6.500000e+00
         vertex 1.965199e+00 7.048026e+00 3.500000e+00
         vertex 1.446702e+00 6.709277e+00 3.500000e+00
      endloop
   endfacet
   facet normal -5.469464e-01 8.371676e-01 0.000000e+00
      outer loop
         vertex 1.965199e+00 7.048026e+00 6.500000e+00
         vertex 1.446702e+00 6.709277e+00 3.500000e+00
         vertex 1.446702e+00 6.709277e+00 6.500000e+00
      endloop
   endfacet
   facet normal -6.772822e-01 7.357233e-01 0.000000e+00
      outer loop
         vertex 1.446702e+00 6.709277e+00 6.500000e+00
         vertex 1.446702e+00 6.709277e+00 3.500000e+00
         vertex 9.910353e-01 6.289806e+00 3.500000e+00
      endloop
   endfacet
   facet normal -6.772822e-01 7.357233e-01 0.000000e+00
      outer loop
         vertex 1.446702e+00 6.709277e+00 6.500000e+00
         vertex 9.910353e-01 6.289806e+00 3.500000e+00
         vertex 9.910353e-01 6.289806e+00 6.500000e+00
      endloop
   endfacet
   facet normal -7.891417e-01 6.142112e-01 0.000000e+00
      outer loop
         vertex 9.910353e-01 6.289806e+00 6.500000e+00
         vertex 9.910353e-01 6.289806e+00 3.500000e+00
         vertex 6.106272e-01 5.801056e+00 3.500000e+00
      endloop
   endfacet
   facet normal -7.891417e-01 6.142112e-01 0.000000e+00
      outer loop
         vertex 9.910353e-01 6.289806e+00 6.500000e+00
         vertex 6.106272e-01 5.801056e+00 3.500000e+00
         vertex 6.106272e-01 5.801056e+00 6.500000e+00
      endloop
   endfacet
   facet normal -8.794719e-01 4.759508e-01 0.000000e+00
      outer loop
         vertex 6.106272e-01 5.801056e+00 6.500000e+00
         vertex 6.106272e-01 5.801056e+00 3.500000e+00
         vertex 3.158487e-01 5.256358e+00 3.500000e+00
      endloop
   endfacet
   facet normal -8.794719e-01 4.759508e-01 0.000000e+00
      outer loop
         vertex 6.106272e-01 5.801056e+00 6.500000e+00
         vertex 3.158487e-01 5.256358e+00 3.500000e+00
         vertex 3.158487e-01 5.256358e+00 6.500000e+00
      endloop
   endfacet
   facet normal -9.458184e-01 3.246960e-01 0.000000e+00
      outer loop
         vertex 3.158487e-01 5.256358e+00 6.500000e+00
         vertex 3.158487e-01 5.256358e+00 3.500000e+00
         vertex 1.147501e-01 4.670570e+00 3.500000e+00
      endloop
   endfacet
   facet normal -9.458184e-01 3.246960e-01 0.000000e+00
      outer loop
         vertex 3.158487e-01 5.256358e+00 6.500000e+00
         vertex 1.147501e-01 4.670570e+00 3.500000e+00
         vertex 1.147501e-01 4.670570e+00 6.500000e+00
      endloop
   endfacet
   facet normal -9.863609e-01 1.645973e-01 0.000000e+00
      outer loop
         vertex 1.147501e-01 4.670570e+00 6.500000e+00
         vertex 1.147501e-01 4.670570e+00 3.500000e+00
         vertex 1.280755e-02 4.059672e+00 3.500000e+00
      endloop
   endfacet
   facet normal -9.863609e-01 1.645973e-01 0.000000e+00
      outer loop
         vertex 1.147501e-01 4.670570e+00 6.500000e+00
         vertex 1.280755e-02 4.059672e+00 3.500000e+00
         vertex 1.280755e-02 4.059672e+00 6.500000e+00
      endloop
   endfacet
   facet normal -1.000000e+00 0.000000e+00 -0.000000e+00
      outer loop
         vertex 1.280755e-02 4.059672e+00 6.500000e+00
         vertex 1.280755e-02 4.059672e+00 3.500000e+00
         vertex 1.280755e-02 3.440327e+00 3.500000e+00
      endloop
   endfacet
   facet normal -1.000000e+00 -0.000000e+00 0.000000e+00
      outer loop
         vertex 1.280755e-02 4.059672e+00 6.500000e+00
         vertex 1.280755e-02 3.440327e+00 3.500000e+00
         vertex 1.280755e-02 3.440327e+00 6.500000e+00
      endloop
   endfacet
   facet normal -9.863609e-01 -1.645973e-01 -0.000000e+00
      outer loop
         vertex 1.280755e-02 3.440327e+00 6.500000e+00
         vertex 1.280755e-02 3.440327e+00 3.500000e+00
         vertex 1.147501e-01 2.829429e+00 3.500000e+00
      endloop
   endfacet
   facet normal -9.863609e-01 -1.645973e-01 0.000000e+00
      outer loop
         vertex 1.280755e-02 3.440327e+00 6.500000e+00
         vertex 1.147501e-01 2.829429e+00 3.500000e+00
         vertex 1.147501e-01 2.829429e+00 6.500000e+00
      endloop
   endfacet
   facet normal -9.458184e-01 -3.246960e-01 -0.000000e+00
      outer loop
         vertex 1.147501e-01 2.829429e+00 6.500000e+00
         vertex 1.147501e-01 2.829429e+00 3.500000e+00
         vertex 3.158487e-01 2.243642e+00 3.500000e+00
      endloop
   endfacet
   facet normal -9.458184e-01 -3.246960e-01 0.000000e+00
      outer loop
         vertex 1.147501e-01 2.829429e+00 6.500000e+00
         vertex 3.158487e-01 2.243642e+00 3.500000e+00
         vertex 3.158487e-01 2.243642e+00 6.500000e+00
      endloop
   endfacet
   facet normal -8.794719e-01 -4.759508e-01 -0.000000e+00
      outer loop
         vertex 3.158487e-01 2.243642e+00 6.500000e+00
         vertex 3.158487e-01 2.243642e+00 3.500000e+00
         vertex 6.106272e-01 1.698944e+00 3.500000e+00
      endloop
   endfacet
   facet normal -8.794719e-01 -4.759508e-01 0.000000e+00
      outer loop
         vertex 3.158487e-01 2.243642e+00 6.500000e+00
         vertex 6.106272e-01 1.698944e+00 3.500000e+00
         vertex 6.106272e-01 1.698944e+00 6.500000e+00
      endloop
   endfacet
   facet normal -7.891417e-01 -6.142112e-01 -0.000000e+00
      outer loop
         vertex 6.106272e-01 1.698944e+00 6.500000e+00
         vertex 6.106272e-01 1.698944e+00 3.500000e+00
         vertex 9.910353e-01 1.210194e+00 3.500000e+00
      endloop
   endfacet
   facet normal -7.891417e-01 -6.142112e-01 0.000000e+00
      outer loop
         vertex 6.106272e-01 1.698944e+00 6.500000e+00
         vertex 9.910353e-01 1.210194e+00 3.500000e+00
         vertex 9.910353e-01 1.210194e+00 6.500000e+00
      endloop
   endfacet
   facet normal -6.772822e-01 -7.357233e-01 -0.000000e+00
      outer loop
         vertex 9.910353e-01 1.210194e+00 6.500000e+00
         vertex 9.910353e-01 1.210194e+00 3.500000e+00
         vertex 1.446702e+00 7.907229e-01 3.500000e+00
      endloop
   endfacet
   facet normal -6.772822e-01 -7.357233e-01 0.000000e+00
      outer loop
         vertex 9.910353e-01 1.210194e+00 6.500000e+00
         vertex 1.446702e+00 7.907229e-01 3.500000e+00
         vertex 1.446702e+00 7.907229e-01 6.500000e+00
      endloop
   endfacet
   facet normal -5.469464e-01 -8.371676e-01 -0.000000e+00
      outer loop
         vertex 1.446702e+00 7.907229e-01 6.500000e+00
         vertex 1.446702e+00 7.907229e-01 3.500000e+00
         vertex 1.965199e+00 4.519734e-01 3.500000e+00
      endloop
   endfacet
   facet normal -5.469464e-01 -8.371676e-01 0.000000e+00
      outer loop
         vertex 1.446702e+00 7.907229e-01 6.500000e+00
         vertex 1.965199e+00 4.519734e-01 3.500000e+00
         vertex 1.965199e+00 4.519734e-01 6.500000e+00
      endloop
   endfacet
   facet normal -4.016958e-01 -9.157731e-01 -0.000000e+00
      outer loop
         vertex 1.965199e+00 4.519734e-01 6.500000e+00
         vertex 1.965199e+00 4.519734e-01 3.500000e+00
         vertex 2.532378e+00 2.031852e-01 3.500000e+00
      endloop
   endfacet
   facet normal -4.016958e-01 -9.157731e-01 0.000000e+00
      outer loop
         vertex 1.965199e+00 4.519734e-01 6.500000e+00
         vertex 2.532378e+00 2.031852e-01 3.500000e+00
         vertex 2.532378e+00 2.031852e-01 6.500000e+00
      endloop
   endfacet
   facet normal -2.454853e-01 -9.694003e-01 -0.000000e+00
      outer loop
         vertex 2.532378e+00 2.031852e-01 6.500000e+00
         vertex 2.532378e+00 2.031852e-01 3.500000e+00
         vertex 3.132772e+00 5.114498e-02 3.500000e+00
      endloop
   endfacet
   facet normal -2.454853e-01 -9.694003e-01 0.000000e+00
      outer loop
         vertex 2.532378e+00 2.031852e-01 6.500000e+00
         vertex 3.132772e+00 5.114498e-02 3.500000e+00
         vertex 3.132772e+00 5.114498e-02 6.500000e+00
      endloop
   endfacet
   facet normal -8.257930e-02 -9.965845e-01 -0.000000e+00
      outer loop
         vertex 3.132772e+00 5.114498e-02 6.500000e+00
         vertex 3.132772e+00 5.114498e-02 3.500000e+00
         vertex 3.750000e+00 0.000000e+00 3.500000e+00
      endloop
   endfacet
   facet normal -8.257930e-02 -9.965845e-01 0.000000e+00
      outer loop
         vertex 3.132772e+00 5.114498e-02 6.500000e+00
         vertex 3.750000e+00 0.000000e+00 3.500000e+00
         vertex 3.750000e+00 0.000000e+00 6.500000e+00
      endloop
   endfacet
   facet normal -0.000000e+00 -1.000000e+00 -0.000000e+00
      outer loop
         vertex 2.375000e+01 0.000000e+00 6.500000e+00
         vertex 3.750000e+00 0.000000e+00 6.500000e+00
         vertex 2.375000e+01 0.000000e+00 3.500000e+00
      endloop
   endfacet
   facet normal 0.000000e+00 -1.000000e+00 0.000000e+00
      outer loop
         vertex 2.375000e+01 0.000000e+00 3.500000e+00
         vertex 3.750000e+00 0.000000e+00 6.500000e+00
         vertex 3.750000e+00 0.000000e+00 3.500000e+00
      endloop
   endfacet
   facet normal 8.257917e-02 -9.965845e-01 0.000000e+00
      outer loop
         vertex 2.375000e+01 0.000000e+00 6.500000e+00
         vertex 2.375000e+01 0.000000e+00 3.500000e+00
         vertex 2.436723e+01 5.114498e-02 3.500000e+00
      endloop
   endfacet
   facet normal 8.257917e-02 -9.965845e-01 0.000000e+00
      outer loop
         vertex 2.375000e+01 0.000000e+00 6.500000e+00
         vertex 2.436723e+01 5.114498e-02 3.500000e+00
         vertex 2.436723e+01 5.114498e-02 6.500000e+00
      endloop
   endfacet
   facet normal 2.454857e-01 -9.694002e-01 0.000000e+00
      outer loop
         vertex 2.436723e+01 5.114498e-02 6.500000e+00
         vertex 2.436723e+01 5.114498e-02 3.500000e+00
         vertex 2.496762e+01 2.031852e-01 3.500000e+00
      endloop
   endfacet
   facet normal 2.454857e-01 -9.694002e-01 0.000000e+00
      outer loop
         vertex 2.436723e+01 5.114498e-02 6.500000e+00
         vertex 2.496762e+01 2.031852e-01 3.500000e+00
         vertex 2.496762e+01 2.031852e-01 6.500000e+00
      endloop
   endfacet
   facet normal 4.016953e-01 -9.157734e-01 0.000000e+00
      outer loop
         vertex 2.496762e+01 2.031852e-01 6.500000e+00
         vertex 2.496762e+01 2.031852e-01 3.500000e+00
         vertex 2.553480e+01 4.519734e-01 3.500000e+00
      endloop
   endfacet
   facet normal 4.016953e-01 -9.157734e-01 0.000000e+00
      outer loop
         vertex 2.496762e+01 2.031852e-01 6.500000e+00
         vertex 2.553480e+01 4.519734e-01 3.500000e+00
         vertex 2.553480e+01 4.519734e-01 6.500000e+00
      endloop
   endfacet
   facet normal 5.469478e-01 -8.371667e-01 0.000000e+00
      outer loop
         vertex 2.553480e+01 4.519734e-01 6.500000e+00
         vertex 2.553480e+01 4.519734e-01 3.500000e+00
         vertex 2.605330e+01 7.907229e-01 3.500000e+00
      endloop
   endfacet
   facet normal 5.469478e-01 -8.371667e-01 0.000000e+00
      outer loop
         vertex 2.553480e+01 4.519734e-01 6.500000e+00
         vertex 2.605330e+01 7.907229e-01 3.500000e+00
         vertex 2.605330e+01 7.907229e-01 6.500000e+00
      endloop
   endfacet
   facet normal 6.772822e-01 -7.357233e-01 0.000000e+00
      outer loop
         vertex 2.605330e+01 7.907229e-01 6.500000e+00
         vertex 2.605330e+01 7.907229e-01 3.500000e+00
         vertex 2.650896e+01 1.210194e+00 3.500000e+00
      endloop
   endfacet
   facet normal 6.772822e-01 -7.357233e-01 0.000000e+00
      outer loop
         vertex 2.605330e+01 7.907229e-01 6.500000e+00
         vertex 2.650896e+01 1.210194e+00 3.500000e+00
         vertex 2.650896e+01 1.210194e+00 6.500000e+00
      endloop
   endfacet
   facet normal 7.891402e-01 -6.142131e-01 0.000000e+00
      outer loop
         vertex 2.650896e+01 1.210194e+00 6.500000e+00
         vertex 2.650896e+01 1.210194e+00 3.500000e+00
         vertex 2.688937e+01 1.698944e+00 3.500000e+00
      endloop
   endfacet
   facet normal 7.891402e-01 -6.142131e-01 0.000000e+00
      outer loop
         vertex 2.650896e+01 1.210194e+00 6.500000e+00
         vertex 2.688937e+01 1.698944e+00 3.500000e+00
         vertex 2.688937e+01 1.698944e+00 6.500000e+00
      endloop
   endfacet
   facet normal 8.794738e-01 -4.759473e-01 0.000000e+00
      outer loop
         vertex 2.688937e+01 1.698944e+00 6.500000e+00
         vertex 2.688937e+01 1.698944e+00 3.500000e+00
         vertex 2.718415e+01 2.243642e+00 3.500000e+00
      endloop
   endfacet
   facet normal 8.794738e-01 -4.759473e-01 0.000000e+00
      outer loop
         vertex 2.688937e+01 1.698944e+00 6.500000e+00
         vertex 2.718415e+01 2.243642e+00 3.500000e+00
         vertex 2.718415e+01 2.243642e+00 6.500000e+00
      endloop
   endfacet
   facet normal 9.458170e-01 -3.247001e-01 0.000000e+00
      outer loop
         vertex 2.718415e+01 2.243642e+00 6.500000e+00
         vertex 2.718415e+01 2.243642e+00 3.500000e+00
         vertex 2.738525e+01 2.829429e+00 3.500000e+00
      endloop
   endfacet
   facet normal 9.458170e-01 -3.247001e-01 0.000000e+00
      outer loop
         vertex 2.718415e+01 2.243642e+00 6.500000e+00
         vertex 2.738525e+01 2.829429e+00 3.500000e+00
         vertex 2.738525e+01 2.829429e+00 6.500000e+00
      endloop
   endfacet
   facet normal 9.863613e-01 -1.645944e-01 0.000000e+00
      outer loop
         vertex 2.738525e+01 2.829429e+00 6.500000e+00
         vertex 2.738525e+01 2.829429e+00 3.500000e+00
         vertex 2.748719e+01 3.440327e+00 3.500000e+00
      endloop
   endfacet
   facet normal 9.863613e-01 -1.645944e-01 0.000000e+00
      outer loop
         vertex 2.738525e+01 2.829429e+00 6.500000e+00
         vertex 2.748719e+01 3.440327e+00 3.500000e+00
         vertex 2.748719e+01 3.440327e+00 6.500000e+00
      endloop
   endfacet
   facet normal 1.000000e+00 0.000000e+00 0.000000e+00
      outer loop
         vertex 2.748719e+01 3.440327e+00 6.500000e+00
         vertex 2.748719e+01 3.440327e+00 3.500000e+00
         vertex 2.748719e+01 4.059672e+00 3.500000e+00
      endloop
   endfacet
   facet normal 1.000000e+00 -0.000000e+00 0.000000e+00
      outer loop
         vertex 2.748719e+01 3.440327e+00 6.500000e+00
         vertex 2.748719e+01 4.059672e+00 3.500000e+00
         vertex 2.748719e+01 4.059672e+00 6.500000e+00
      endloop
   endfacet
   facet normal 9.863613e-01 1.645944e-01 0.000000e+00
      outer loop
         vertex 2.748719e+01 4.059672e+00 6.500000e+00
         vertex 2.748719e+01 4.059672e+00 3.500000e+00
         vertex 2.738525e+01 4.670570e+00 3.500000e+00
      endloop
   endfacet
   facet normal 9.863613e-01 1.645944e-01 0.000000e+00
      outer loop
         vertex 2.748719e+01 4.059672e+00 6.500000e+00
         vertex 2.738525e+01 4.670570e+00 3.500000e+00
         vertex 2.738525e+01 4.670570e+00 6.500000e+00
      endloop
   endfacet
   facet normal 9.458170e-01 3.247001e-01 0.000000e+00
      outer loop
         vertex 2.738525e+01 4.670570e+00 6.500000e+00
         vertex 2.738525e+01 4.670570e+00 3.500000e+00
         vertex 2.718415e+01 5.256358e+00 3.500000e+00
      endloop
   endfacet
   facet normal 9.458170e-01 3.247001e-01 0.000000e+00
      outer loop
         vertex 2.738525e+01 4.670570e+00 6.500000e+00
         vertex 2.718415e+01 5.256358e+00 3.500000e+00
         vertex 2.718415e+01 5.256358e+00 6.500000e+00
      endloop
   endfacet
   facet normal 8.794738e-01 4.759473e-01 0.000000e+00
      outer loop
         vertex 2.718415e+01 5.256358e+00 6.500000e+00
         vertex 2.718415e+01 5.256358e+00 3.500000e+00
         vertex 2.688937e+01 5.801056e+00 3.500000e+00
      endloop
   endfacet
   facet normal 8.794738e-01 4.759473e-01 0.000000e+00
      outer loop
         vertex 2.718415e+01 5.256358e+00 6.500000e+00
         vertex 2.688937e+01 5.801056e+00 3.500000e+00
         vertex 2.688937e+01 5.801056e+00 6.500000e+00
      endloop
   endfacet
   facet normal 7.891402e-01 6.142131e-01 0.000000e+00
      outer loop
         vertex 2.688937e+01 5.801056e+00 6.500000e+00
         vertex 2.688937e+01 5.801056e+00 3.500000e+00
         vertex 2.650896e+01 6.289806e+00 3.500000e+00
      endloop
   endfacet
   facet normal 7.891402e-01 6.142131e-01 0.000000e+00
      outer loop
         vertex 2.688937e+01 5.801056e+00 6.500000e+00
         vertex 2.650896e+01 6.289806e+00 3.500000e+00
         vertex 2.650896e+01 6.289806e+00 6.500000e+00
      endloop
   endfacet
   facet normal 6.772822e-01 7.357233e-01 0.000000e+00
      outer loop
         vertex 2.650896e+01 6.289806e+00 6.500000e+00
         vertex 2.650896e+01 6.289806e+00 3.500000e+00
         vertex 2.605330e+01 6.709277e+00 3.500000e+00
      endloop
   endfacet
   facet normal 6.772822e-01 7.357233e-01 0.000000e+00
      outer loop
         vertex 2.650896e+01 6.289806e+00 6.500000e+00
         vertex 2.605330e+01 6.709277e+00 3.500000e+00
         vertex 2.605330e+01 6.709277e+00 6.500000e+00
      endloop
   endfacet
   facet normal 5.469478e-01 8.371667e-01 0.000000e+00
      outer loop
         vertex 2.605330e+01 6.709277e+00 6.500000e+00
         vertex 2.605330e+01 6.709277e+00 3.500000e+00
         vertex 2.553480e+01 7.048026e+00 3.500000e+00
      endloop
   endfacet
   facet normal 5.469478e-01 8.371667e-01 0.000000e+00
      outer loop
         vertex 2.605330e+01 6.709277e+00 6.500000e+00
         vertex 2.553480e+01 7.048026e+00 3.500000e+00
         vertex 2.553480e+01 7.048026e+00 6.500000e+00
      endloop
   endfacet
   facet normal 4.016953e-01 9.157734e-01 0.000000e+00
      outer loop
         vertex 2.553480e+01 7.048026e+00 6.500000e+00
         vertex 2.553480e+01 7.048026e+00 3.500000e+00
         vertex 2.496762e+01 7.296815e+00 3.500000e+00
      endloop
   endfacet
   facet normal 4.016953e-01 9.157734e-01 0.000000e+00
      outer loop
         vertex 2.553480e+01 7.048026e+00 6.500000e+00
         vertex 2.496762e+01 7.296815e+00 3.500000e+00
         vertex 2.496762e+01 7.296815e+00 6.500000e+00
      endloop
   endfacet
   facet normal 2.454857e-01 9.694002e-01 0.000000e+00
      outer loop
         vertex 2.496762e+01 7.296815e+00 6.500000e+00
         vertex 2.496762e+01 7.296815e+00 3.500000e+00
         vertex 2.436723e+01 7.448855e+00 3.500000e+00
      endloop
   endfacet
   facet normal 2.454857e-01 9.694002e-01 0.000000e+00
      outer loop
         vertex 2.496762e+01 7.296815e+00 6.500000e+00
         vertex 2.436723e+01 7.448855e+00 3.500000e+00
         vertex 2.436723e+01 7.448855e+00 6.500000e+00
      endloop
   endfacet
   facet normal 8.257917e-02 9.965845e-01 0.000000e+00
      outer loop
         vertex 2.436723e+01 7.448855e+00 6.500000e+00
         vertex 2.436723e+01 7.448855e+00 3.500000e+00
         vertex 2.375000e+01 7.500000e+00 3.500000e+00
      endloop
   endfacet
   facet normal 8.257917e-02 9.965845e-01 0.000000e+00
      outer loop
         vertex 2.436723e+01 7.448855e+00 6.500000e+00
         vertex 2.375000e+01 7.500000e+00 3.500000e+00
         vertex 2.375000e+01 7.500000e+00 6.500000e+00
      endloop
   endfacet
   facet normal -0.000000e+00 1.000000e+00 0.000000e+00
      outer loop
         vertex 3.750000e+00 7.500000e+00 6.500000e+00
         vertex 2.375000e+01 7.500000e+00 6.500000e+00
         vertex 3.750000e+00 7.500000e+00 3.500000e+00
      endloop
   endfacet
   facet normal 0.000000e+00 1.000000e+00 0.000000e+00
      outer loop
         vertex 3.750000e+00 7.500000e+00 3.500000e+00
         vertex 2.375000e+01 7.500000e+00 6.500000e+00
         vertex 2.375000e+01 7.500000e+00 3.500000e+00
      endloop
   endfacet
   facet normal 9.961944e-01 -8.715888e-02 0.000000e+00
      outer loop
         vertex 2.000000e+00 3.750000e+00 6.500000e+00
         vertex 2.000000e+00 3.750000e+00 3.500000e+00
         vertex 2.026588e+00 4.053884e+00 6.500000e+00
      endloop
   endfacet
   facet normal 9.961944e-01 -8.715888e-02 0.000000e+00
      outer loop
         vertex 2.026588e+00 4.053884e+00 6.500000e+00
         vertex 2.000000e+00 3.750000e+00 3.500000e+00
         vertex 2.026588e+00 4.053884e+00 3.500000e+00
      endloop
   endfacet
   facet normal 9.659270e-01 -2.588148e-01 0.000000e+00
      outer loop
         vertex 2.026588e+00 4.053884e+00 6.500000e+00
         vertex 2.026588e+00 4.053884e+00 3.500000e+00
         vertex 2.105538e+00 4.348535e+00 6.500000e+00
      endloop
   endfacet
   facet normal 9.659270e-01 -2.588148e-01 0.000000e+00
      outer loop
         vertex 2.105538e+00 4.348535e+00 6.500000e+00
         vertex 2.026588e+00 4.053884e+00 3.500000e+00
         vertex 2.105538e+00 4.348535e+00 3.500000e+00
      endloop
   endfacet
   facet normal 9.063081e-01 -4.226176e-01 0.000000e+00
      outer loop
         vertex 2.105538e+00 4.348535e+00 6.500000e+00
         vertex 2.105538e+00 4.348535e+00 3.500000e+00
         vertex 2.234455e+00 4.625000e+00 6.500000e+00
      endloop
   endfacet
   facet normal 9.063081e-01 -4.226176e-01 0.000000e+00
      outer loop
         vertex 2.234455e+00 4.625000e+00 6.500000e+00
         vertex 2.105538e+00 4.348535e+00 3.500000e+00
         vertex 2.234455e+00 4.625000e+00 3.500000e+00
      endloop
   endfacet
   facet normal 8.191535e-01 -5.735744e-01 0.000000e+00
      outer loop
         vertex 2.234455e+00 4.625000e+00 6.500000e+00
         vertex 2.234455e+00 4.625000e+00 3.500000e+00
         vertex 2.409421e+00 4.874878e+00 6.500000e+00
      endloop
   endfacet
   facet normal 8.191535e-01 -5.735744e-01 0.000000e+00
      outer loop
         vertex 2.409421e+00 4.874878e+00 6.500000e+00
         vertex 2.234455e+00 4.625000e+00 3.500000e+00
         vertex 2.409421e+00 4.874878e+00 3.500000e+00
      endloop
   endfacet
   facet normal 7.071030e-01 -7.071106e-01 0.000000e+00
      outer loop
         vertex 2.409421e+00 4.874878e+00 6.500000e+00
         vertex 2.409421e+00 4.874878e+00 3.500000e+00
         vertex 2.625123e+00 5.090578e+00 6.500000e+00
      endloop
   endfacet
   facet normal 7.071030e-01 -7.071106e-01 0.000000e+00
      outer loop
         vertex 2.625123e+00 5.090578e+00 6.500000e+00
         vertex 2.409421e+00 4.874878e+00 3.500000e+00
         vertex 2.625123e+00 5.090578e+00 3.500000e+00
      endloop
   endfacet
   facet normal 5.735778e-01 -8.191511e-01 0.000000e+00
      outer loop
         vertex 2.625123e+00 5.090578e+00 6.500000e+00
         vertex 2.625123e+00 5.090578e+00 3.500000e+00
         vertex 2.875000e+00 5.265544e+00 6.500000e+00
      endloop
   endfacet
   facet normal 5.735778e-01 -8.191511e-01 0.000000e+00
      outer loop
         vertex 2.875000e+00 5.265544e+00 6.500000e+00
         vertex 2.625123e+00 5.090578e+00 3.500000e+00
         vertex 2.875000e+00 5.265544e+00 3.500000e+00
      endloop
   endfacet
   facet normal 4.226180e-01 -9.063079e-01 0.000000e+00
      outer loop
         vertex 2.875000e+00 5.265544e+00 6.500000e+00
         vertex 2.875000e+00 5.265544e+00 3.500000e+00
         vertex 3.151465e+00 5.394462e+00 6.500000e+00
      endloop
   endfacet
   facet normal 4.226180e-01 -9.063079e-01 0.000000e+00
      outer loop
         vertex 3.151465e+00 5.394462e+00 6.500000e+00
         vertex 2.875000e+00 5.265544e+00 3.500000e+00
         vertex 3.151465e+00 5.394462e+00 3.500000e+00
      endloop
   endfacet
   facet normal 2.588183e-01 -9.659260e-01 0.000000e+00
      outer loop
         vertex 3.151465e+00 5.394462e+00 6.500000e+00
         vertex 3.151465e+00 5.394462e+00 3.500000e+00
         vertex 3.446117e+00 5.473414e+00 6.500000e+00
      endloop
   endfacet
   facet normal 2.588183e-01 -9.659260e-01 0.000000e+00
      outer loop
         vertex 3.446117e+00 5.473414e+00 6.500000e+00
         vertex 3.151465e+00 5.394462e+00 3.500000e+00
         vertex 3.446117e+00 5.473414e+00 3.500000e+00
      endloop
   endfacet
   facet normal 8.715619e-02 -9.961947e-01 0.000000e+00
      outer loop
         vertex 3.446117e+00 5.473414e+00 6.500000e+00
         vertex 3.446117e+00 5.473414e+00 3.500000e+00
         vertex 3.750000e+00 5.500000e+00 6.500000e+00
      endloop
   endfacet
   facet normal 8.715619e-02 -9.961947e-01 0.000000e+00
      outer loop
         vertex 3.750000e+00 5.500000e+00 6.500000e+00
         vertex 3.446117e+00 5.473414e+00 3.500000e+00
         vertex 3.750000e+00 5.500000e+00 3.500000e+00
      endloop
   endfacet
   facet normal -8.715619e-02 -9.961947e-01 -0.000000e+00
      outer loop
         vertex 3.750000e+00 5.500000e+00 6.500000e+00
         vertex 3.750000e+00 5.500000e+00 3.500000e+00
         vertex 4.053883e+00 5.473414e+00 6.500000e+00
      endloop
   endfacet
   facet normal -8.715619e-02 -9.961947e-01 -0.000000e+00
      outer loop
         vertex 4.053883e+00 5.473414e+00 6.500000e+00
         vertex 3.750000e+00 5.500000e+00 3.500000e+00
         vertex 4.053883e+00 5.473414e+00 3.500000e+00
      endloop
   endfacet
   facet normal -2.588183e-01 -9.659260e-01 -0.000000e+00
      outer loop
         vertex 4.053883e+00 5.473414e+00 6.500000e+00
         vertex 4.053883e+00 5.473414e+00 3.500000e+00
         vertex 4.348535e+00 5.394462e+00 6.500000e+00
      endloop
   endfacet
   facet normal -2.588183e-01 -9.659260e-01 -0.000000e+00
      outer loop
         vertex 4.348535e+00 5.394462e+00 6.500000e+00
         vertex 4.053883e+00 5.473414e+00 3.500000e+00
         vertex 4.348535e+00 5.394462e+00 3.500000e+00
      endloop
   endfacet
   facet normal -4.226180e-01 -9.063079e-01 -0.000000e+00
      outer loop
         vertex 4.348535e+00 5.394462e+00 6.500000e+00
         vertex 4.348535e+00 5.394462e+00 3.500000e+00
         vertex 4.625000e+00 5.265544e+00 6.500000e+00
      endloop
   endfacet
   facet normal -4.226180e-01 -9.063079e-01 -0.000000e+00
      outer loop
         vertex 4.625000e+00 5.265544e+00 6.500000e+00
         vertex 4.348535e+00 5.394462e+00 3.500000e+00
         vertex 4.625000e+00 5.265544e+00 3.500000e+00
      endloop
   endfacet
   facet normal -5.735778e-01 -8.191511e-01 -0.000000e+00
      outer loop
         vertex 4.625000e+00 5.265544e+00 6.500000e+00
         vertex 4.625000e+00 5.265544e+00 3.500000e+00
         vertex 4.874878e+00 5.090578e+00 6.500000e+00
      endloop
   endfacet
   facet normal -5.735778e-01 -8.191511e-01 -0.000000e+00
      outer loop
         vertex 4.874878e+00 5.090578e+00 6.500000e+00
         vertex 4.625000e+00 5.265544e+00 3.500000e+00
         vertex 4.874878e+00 5.090578e+00 3.500000e+00
      endloop
   endfacet
   facet normal -7.071030e-01 -7.071106e-01 -0.000000e+00
      outer loop
         vertex 4.874878e+00 5.090578e+00 6.500000e+00
         vertex 4.874878e+00 5.090578e+00 3.500000e+00
         vertex 5.090579e+00 4.874878e+00 6.500000e+00
      endloop
   endfacet
   facet normal -7.071030e-01 -7.071106e-01 -0.000000e+00
      outer loop
         vertex 5.090579e+00 4.874878e+00 6.500000e+00
         vertex 4.874878e+00 5.090578e+00 3.500000e+00
         vertex 5.090579e+00 4.874878e+00 3.500000e+00
      endloop
   endfacet
   facet normal -8.191535e-01 -5.735744e-01 -0.000000e+00
      outer loop
         vertex 5.090579e+00 4.874878e+00 6.500000e+00
         vertex 5.090579e+00 4.874878e+00 3.500000e+00
         vertex 5.265545e+00 4.625000e+00 6.500000e+00
      endloop
   endfacet
   facet normal -8.191535e-01 -5.735744e-01 -0.000000e+00
      outer loop
         vertex 5.265545e+00 4.625000e+00 6.500000e+00
         vertex 5.090579e+00 4.874878e+00 3.500000e+00
         vertex 5.265545e+00 4.625000e+00 3.500000e+00
      endloop
   endfacet
   facet normal -9.063081e-01 -4.226176e-01 -0.000000e+00
      outer loop
         vertex 5.265545e+00 4.625000e+00 6.500000e+00
         vertex 5.265545e+00 4.625000e+00 3.500000e+00
         vertex 5.394462e+00 4.348535e+00 6.500000e+00
      endloop
   endfacet
   facet normal -9.063081e-01 -4.226176e-01 -0.000000e+00
      outer loop
         vertex 5.394462e+00 4.348535e+00 6.500000e+00
         vertex 5.265545e+00 4.625000e+00 3.500000e+00
         vertex 5.394462e+00 4.348535e+00 3.500000e+00
      endloop
   endfacet
   facet normal -9.659270e-01 -2.588148e-01 -0.000000e+00
      outer loop
         vertex 5.394462e+00 4.348535e+00 6.500000e+00
         vertex 5.394462e+00 4.348535e+00 3.500000e+00
         vertex 5.473413e+00 4.053884e+00 6.500000e+00
      endloop
   endfacet
   facet normal -9.659270e-01 -2.588148e-01 -0.000000e+00
      outer loop
         vertex 5.473413e+00 4.053884e+00 6.500000e+00
         vertex 5.394462e+00 4.348535e+00 3.500000e+00
         vertex 5.473413e+00 4.053884e+00 3.500000e+00
      endloop
   endfacet
   facet normal -9.961944e-01 -8.715888e-02 -0.000000e+00
      outer loop
         vertex 5.473413e+00 4.053884e+00 6.500000e+00
         vertex 5.473413e+00 4.053884e+00 3.500000e+00
         vertex 5.500000e+00 3.750000e+00 6.500000e+00
      endloop
   endfacet
   facet normal -9.961944e-01 -8.715888e-02 -0.000000e+00
      outer loop
         vertex 5.500000e+00 3.750000e+00 6.500000e+00
         vertex 5.473413e+00 4.053884e+00 3.500000e+00
         vertex 5.500000e+00 3.750000e+00 3.500000e+00
      endloop
   endfacet
   facet normal -9.961944e-01 8.715888e-02 0.000000e+00
      outer loop
         vertex 5.500000e+00 3.750000e+00 6.500000e+00
         vertex 5.500000e+00 3.750000e+00 3.500000e+00
         vertex 5.473413e+00 3.446116e+00 6.500000e+00
      endloop
   endfacet
   facet normal -9.961944e-01 8.715888e-02 0.000000e+00
      outer loop
         vertex 5.473413e+00 3.446116e+00 6.500000e+00
         vertex 5.500000e+00 3.750000e+00 3.500000e+00
         vertex 5.473413e+00 3.446116e+00 3.500000e+00
      endloop
   endfacet
   facet normal -9.659270e-01 2.588148e-01 0.000000e+00
      outer loop
         vertex 5.473413e+00 3.446116e+00 6.500000e+00
         vertex 5.473413e+00 3.446116e+00 3.500000e+00
         vertex 5.394462e+00 3.151465e+00 6.500000e+00
      endloop
   endfacet
   facet normal -9.659270e-01 2.588148e-01 0.000000e+00
      outer loop
         vertex 5.394462e+00 3.151465e+00 6.500000e+00
         vertex 5.473413e+00 3.446116e+00 3.500000e+00
         vertex 5.394462e+00 3.151465e+00 3.500000e+00
      endloop
   endfacet
   facet normal -9.063081e-01 4.226176e-01 0.000000e+00
      outer loop
         vertex 5.394462e+00 3.151465e+00 6.500000e+00
         vertex 5.394462e+00 3.151465e+00 3.500000e+00
         vertex 5.265545e+00 2.875000e+00 6.500000e+00
      endloop
   endfacet
   facet normal -9.063081e-01 4.226176e-01 0.000000e+00
      outer loop
         vertex 5.265545e+00 2.875000e+00 6.500000e+00
         vertex 5.394462e+00 3.151465e+00 3.500000e+00
         vertex 5.265545e+00 2.875000e+00 3.500000e+00
      endloop
   endfacet
   facet normal -8.191535e-01 5.735744e-01 0.000000e+00
      outer loop
         vertex 5.265545e+00 2.875000e+00 6.500000e+00
         vertex 5.265545e+00 2.875000e+00 3.500000e+00
         vertex 5.090579e+00 2.625122e+00 6.500000e+00
      endloop
   endfacet
   facet normal -8.191535e-01 5.735744e-01 0.000000e+00
      outer loop
         vertex 5.090579e+00 2.625122e+00 6.500000e+00
         vertex 5.265545e+00 2.875000e+00 3.500000e+00
         vertex 5.090579e+00 2.625122e+00 3.500000e+00
      endloop
   endfacet
   facet normal -7.071030e-01 7.071106e-01 0.000000e+00
      outer loop
         vertex 5.090579e+00 2.625122e+00 6.500000e+00
         vertex 5.090579e+00 2.625122e+00 3.500000e+00
         vertex 4.874878e+00 2.409422e+00 6.500000e+00
      endloop
   endfacet
   facet normal -7.071030e-01 7.071106e-01 0.000000e+00
      outer loop
         vertex 4.874878e+00 2.409422e+00 6.500000e+00
         vertex 5.090579e+00 2.625122e+00 3.500000e+00
         vertex 4.874878e+00 2.409422e+00 3.500000e+00
      endloop
   endfacet
   facet normal -5.735778e-01 8.191511e-01 0.000000e+00
      outer loop
         vertex 4.874878e+00 2.409422e+00 6.500000e+00
         vertex 4.874878e+00 2.409422e+00 3.500000e+00
         vertex 4.625000e+00 2.234455e+00 6.500000e+00
      endloop
   endfacet
   facet normal -5.735778e-01 8.191511e-01 0.000000e+00
      outer loop
         vertex 4.625000e+00 2.234455e+00 6.500000e+00
         vertex 4.874878e+00 2.409422e+00 3.500000e+00
         vertex 4.625000e+00 2.234455e+00 3.500000e+00
      endloop
   endfacet
   facet normal -4.226180e-01 9.063079e-01 0.000000e+00
      outer loop
         vertex 4.625000e+00 2.234455e+00 6.500000e+00
         vertex 4.625000e+00 2.234455e+00 3.500000e+00
         vertex 4.348535e+00 2.105538e+00 6.500000e+00
      endloop
   endfacet
   facet normal -4.226180e-01 9.063079e-01 0.000000e+00
      outer loop
         vertex 4.348535e+00 2.105538e+00 6.500000e+00
         vertex 4.625000e+00 2.234455e+00 3.500000e+00
         vertex 4.348535e+00 2.105538e+00 3.500000e+00
      endloop
   endfacet
   facet normal -2.588183e-01 9.659260e-01 0.000000e+00
      outer loop
         vertex 4.348535e+00 2.105538e+00 6.500000e+00
         vertex 4.348535e+00 2.105538e+00 3.500000e+00
         vertex 4.053883e+00 2.026586e+00 6.500000e+00
      endloop
   endfacet
   facet normal -2.588183e-01 9.659260e-01 0.000000e+00
      outer loop
         vertex 4.053883e+00 2.026586e+00 6.500000e+00
         vertex 4.348535e+00 2.105538e+00 3.500000e+00
         vertex 4.053883e+00 2.026586e+00 3.500000e+00
      endloop
   endfacet
   facet normal -8.715619e-02 9.961947e-01 0.000000e+00
      outer loop
         vertex 4.053883e+00 2.026586e+00 6.500000e+00
         vertex 4.053883e+00 2.026586e+00 3.500000e+00
         vertex 3.750000e+00 2.000000e+00 6.500000e+00
      endloop
   endfacet
   facet normal -8.715619e-02 9.961947e-01 0.000000e+00
      outer loop
         vertex 3.750000e+00 2.000000e+00 6.500000e+00
         vertex 4.053883e+00 2.026586e+00 3.500000e+00
         vertex 3.750000e+00 2.000000e+00 3.500000e+00
      endloop
   endfacet
   facet normal 8.715619e-02 9.961947e-01 0.000000e+00
      outer loop
         vertex 3.750000e+00 2.000000e+00 6.500000e+00
         vertex 3.750000e+00 2.000000e+00 3.500000e+00
         vertex 3.446117e+00 2.026586e+00 6.500000e+00
      endloop
   endfacet
   facet normal 8.715619e-02 9.961947e-01 0.000000e+00
      outer loop
         vertex 3.446117e+00 2.026586e+00 6.500000e+00
         vertex 3.750000e+00 2.000000e+00 3.500000e+00
         vertex 3.446117e+00 2.026586e+00 3.500000e+00
      endloop
   endfacet
   facet normal 2.588183e-01 9.659260e-01 0.000000e+00
      outer loop
         vertex 3.446117e+00 2.026586e+00 6.500000e+00
         vertex 3.446117e+00 2.026586e+00 3.500000e+00
         vertex 3.151465e+00 2.105538e+00 6.500000e+00
      endloop
   endfacet
   facet normal 2.588183e-01 9.659260e-01 0.000000e+00
      outer loop
         vertex 3.151465e+00 2.105538e+00 6.500000e+00
         vertex 3.446117e+00 2.026586e+00 3.500000e+00
         vertex 3.151465e+00 2.105538e+00 3.500000e+00
      endloop
   endfacet
   facet normal 4.226180e-01 9.063079e-01 0.000000e+00
      outer loop
         vertex 3.151465e+00 2.105538e+00 6.500000e+00
         vertex 3.151465e+00 2.105538e+00 3.500000e+00
         vertex 2.875000e+00 2.234455e+00 6.500000e+00
      endloop
   endfacet
   facet normal 4.226180e-01 9.063079e-01 0.000000e+00
      outer loop
         vertex 2.875000e+00 2.234455e+00 6.500000e+00
         vertex 3.151465e+00 2.105538e+00 3.500000e+00
         vertex 2.875000e+00 2.234455e+00 3.500000e+00
      endloop
   endfacet
   facet normal 5.735778e-01 8.191511e-01 0.000000e+00
      outer loop
         vertex 2.875000e+00 2.234455e+00 6.500000e+00
         vertex 2.875000e+00 2.234455e+00 3.500000e+00
         vertex 2.625123e+00 2.409422e+00 6.500000e+00
      endloop
   endfacet
   facet normal 5.735778e-01 8.191511e-01 0.000000e+00
      outer loop
         vertex 2.625123e+00 2.409422e+00 6.500000e+00
         vertex 2.875000e+00 2.234455e+00 3.500000e+00
         vertex 2.625123e+00 2.409422e+00 3.500000e+00
      endloop
   endfacet
   facet normal 7.071030e-01 7.071106e-01 0.000000e+00
      outer loop
         vertex 2.625123e+00 2.409422e+00 6.500000e+00
         vertex 2.625123e+00 2.409422e+00 3.500000e+00
         vertex 2.409421e+00 2.625122e+00 6.500000e+00
      endloop
   endfacet
   facet normal 7.071030e-01 7.071106e-01 0.000000e+00
      outer loop
         vertex 2.409421e+00 2.625122e+00 6.500000e+00
         vertex 2.625123e+00 2.409422e+00 3.500000e+00
         vertex 2.409421e+00 2.625122e+00 3.500000e+00
      endloop
   endfacet
   facet normal 8.191535e-01 5.735744e-01 0.000000e+00
      outer loop
         vertex 2.409421e+00 2.625122e+00 6.500000e+00
         vertex 2.409421e+00 2.625122e+00 3.500000e+00
         vertex 2.234455e+00 2.875000e+00 6.500000e+00
      endloop
   endfacet
   facet normal 8.191535e-01 5.735744e-01 0.000000e+00
      outer loop
         vertex 2.234455e+00 2.875000e+00 6.500000e+00
         vertex 2.409421e+00 2.625122e+00 3.500000e+00
         vertex 2.234455e+00 2.875000e+00 3.500000e+00
      endloop
   endfacet
   facet normal 9.063081e-01 4.226176e-01 0.000000e+00
      outer loop
         vertex 2.234455e+00 2.875000e+00 6.500000e+00
         vertex 2.234455e+00 2.875000e+00 3.500000e+00
         vertex 2.105538e+00 3.151465e+00 6.500000e+00
      endloop
   endfacet
   facet normal 9.063081e-01 4.226176e-01 0.000000e+00
      outer loop
         vertex 2.105538e+00 3.151465e+00 6.500000e+00
         vertex 2.234455e+00 2.875000e+00 3.500000e+00
         vertex 2.105538e+00 3.151465e+00 3.500000e+00
      endloop
   endfacet
   facet normal 9.659270e-01 2.588148e-01 0.000000e+00
      outer loop
         vertex 2.105538e+00 3.151465e+00 6.500000e+00
         vertex 2.105538e+00 3.151465e+00 3.500000e+00
         vertex 2.026588e+00 3.446116e+00 6.500000e+00
      endloop
   endfacet
   facet normal 9.659270e-01 2.588148e-01 0.000000e+00
      outer loop
         vertex 2.026588e+00 3.446116e+00 6.500000e+00
         vertex 2.105538e+00 3.151465e+00 3.500000e+00
         vertex 2.026588e+00 3.446116e+00 3.500000e+00
      endloop
   endfacet
   facet normal 9.961944e-01 8.715888e-02 0.000000e+00
      outer loop
         vertex 2.026588e+00 3.446116e+00 6.500000e+00
         vertex 2.026588e+00 3.446116e+00 3.500000e+00
         vertex 2.000000e+00 3.750000e+00 6.500000e+00
      endloop
   endfacet
   facet normal 9.961944e-01 8.715888e-02 0.000000e+00
      outer loop
         vertex 2.000000e+00 3.750000e+00 6.500000e+00
         vertex 2.026588e+00 3.446116e+00 3.500000e+00
         vertex 2.000000e+00 3.750000e+00 3.500000e+00
      endloop
   endfacet
   facet normal 9.961945e-01 -8.715812e-02 0.000000e+00
      outer loop
         vertex 2.175000e+01 3.750000e+00 6.500000e+00
         vertex 2.175000e+01 3.750000e+00 3.500000e+00
         vertex 2.178038e+01 4.097296e+00 6.500000e+00
      endloop
   endfacet
   facet normal 9.961945e-01 -8.715812e-02 0.000000e+00
      outer loop
         vertex 2.178038e+01 4.097296e+00 6.500000e+00
         vertex 2.175000e+01 3.750000e+00 3.500000e+00
         vertex 2.178038e+01 4.097296e+00 3.500000e+00
      endloop
   endfacet
   facet normal 9.659258e-01 -2.588190e-01 0.000000e+00
      outer loop
         vertex 2.178038e+01 4.097296e+00 6.500000e+00
         vertex 2.178038e+01 4.097296e+00 3.500000e+00
         vertex 2.187061e+01 4.434040e+00 6.500000e+00
      endloop
   endfacet
   facet normal 9.659258e-01 -2.588190e-01 0.000000e+00
      outer loop
         vertex 2.187061e+01 4.434040e+00 6.500000e+00
         vertex 2.178038e+01 4.097296e+00 3.500000e+00
         vertex 2.187061e+01 4.434040e+00 3.500000e+00
      endloop
   endfacet
   facet normal 9.063069e-01 -4.226201e-01 0.000000e+00
      outer loop
         vertex 2.187061e+01 4.434040e+00 6.500000e+00
         vertex 2.187061e+01 4.434040e+00 3.500000e+00
         vertex 2.201795e+01 4.750000e+00 6.500000e+00
      endloop
   endfacet
   facet normal 9.063069e-01 -4.226201e-01 0.000000e+00
      outer loop
         vertex 2.201795e+01 4.750000e+00 6.500000e+00
         vertex 2.187061e+01 4.434040e+00 3.500000e+00
         vertex 2.201795e+01 4.750000e+00 3.500000e+00
      endloop
   endfacet
   facet normal 8.191538e-01 -5.735739e-01 0.000000e+00
      outer loop
         vertex 2.201795e+01 4.750000e+00 6.500000e+00
         vertex 2.201795e+01 4.750000e+00 3.500000e+00
         vertex 2.221791e+01 5.035575e+00 6.500000e+00
      endloop
   endfacet
   facet normal 8.191538e-01 -5.735739e-01 0.000000e+00
      outer loop
         vertex 2.221791e+01 5.035575e+00 6.500000e+00
         vertex 2.201795e+01 4.750000e+00 3.500000e+00
         vertex 2.221791e+01 5.035575e+00 3.500000e+00
      endloop
   endfacet
   facet normal 7.071068e-01 -7.071068e-01 0.000000e+00
      outer loop
         vertex 2.221791e+01 5.035575e+00 6.500000e+00
         vertex 2.221791e+01 5.035575e+00 3.500000e+00
         vertex 2.246442e+01 5.282089e+00 6.500000e+00
      endloop
   endfacet
   facet normal 7.071068e-01 -7.071068e-01 0.000000e+00
      outer loop
         vertex 2.246442e+01 5.282089e+00 6.500000e+00
         vertex 2.221791e+01 5.035575e+00 3.500000e+00
         vertex 2.246442e+01 5.282089e+00 3.500000e+00
      endloop
   endfacet
   facet normal 5.735765e-01 -8.191520e-01 0.000000e+00
      outer loop
         vertex 2.246442e+01 5.282089e+00 6.500000e+00
         vertex 2.246442e+01 5.282089e+00 3.500000e+00
         vertex 2.275000e+01 5.482051e+00 6.500000e+00
      endloop
   endfacet
   facet normal 5.735765e-01 -8.191520e-01 0.000000e+00
      outer loop
         vertex 2.275000e+01 5.482051e+00 6.500000e+00
         vertex 2.246442e+01 5.282089e+00 3.500000e+00
         vertex 2.275000e+01 5.482051e+00 3.500000e+00
      endloop
   endfacet
   facet normal 4.226174e-01 -9.063082e-01 0.000000e+00
      outer loop
         vertex 2.275000e+01 5.482051e+00 6.500000e+00
         vertex 2.275000e+01 5.482051e+00 3.500000e+00
         vertex 2.306596e+01 5.629385e+00 6.500000e+00
      endloop
   endfacet
   facet normal 4.226174e-01 -9.063082e-01 0.000000e+00
      outer loop
         vertex 2.306596e+01 5.629385e+00 6.500000e+00
         vertex 2.275000e+01 5.482051e+00 3.500000e+00
         vertex 2.306596e+01 5.629385e+00 3.500000e+00
      endloop
   endfacet
   facet normal 2.588191e-01 -9.659258e-01 0.000000e+00
      outer loop
         vertex 2.306596e+01 5.629385e+00 6.500000e+00
         vertex 2.306596e+01 5.629385e+00 3.500000e+00
         vertex 2.340270e+01 5.719615e+00 6.500000e+00
      endloop
   endfacet
   facet normal 2.588191e-01 -9.659258e-01 0.000000e+00
      outer loop
         vertex 2.340270e+01 5.719615e+00 6.500000e+00
         vertex 2.306596e+01 5.629385e+00 3.500000e+00
         vertex 2.340270e+01 5.719615e+00 3.500000e+00
      endloop
   endfacet
   facet normal 8.715605e-02 -9.961947e-01 0.000000e+00
      outer loop
         vertex 2.340270e+01 5.719615e+00 6.500000e+00
         vertex 2.340270e+01 5.719615e+00 3.500000e+00
         vertex 2.375000e+01 5.750000e+00 6.500000e+00
      endloop
   endfacet
   facet normal 8.715605e-02 -9.961947e-01 0.000000e+00
      outer loop
         vertex 2.375000e+01 5.750000e+00 6.500000e+00
         vertex 2.340270e+01 5.719615e+00 3.500000e+00
         vertex 2.375000e+01 5.750000e+00 3.500000e+00
      endloop
   endfacet
   facet normal -8.715628e-02 -9.961947e-01 -0.000000e+00
      outer loop
         vertex 2.375000e+01 5.750000e+00 6.500000e+00
         vertex 2.375000e+01 5.750000e+00 3.500000e+00
         vertex 2.409730e+01 5.719615e+00 6.500000e+00
      endloop
   endfacet
   facet normal -8.715628e-02 -9.961947e-01 -0.000000e+00
      outer loop
         vertex 2.409730e+01 5.719615e+00 6.500000e+00
         vertex 2.375000e+01 5.750000e+00 3.500000e+00
         vertex 2.409730e+01 5.719615e+00 3.500000e+00
      endloop
   endfacet
   facet normal -2.588191e-01 -9.659258e-01 -0.000000e+00
      outer loop
         vertex 2.409730e+01 5.719615e+00 6.500000e+00
         vertex 2.409730e+01 5.719615e+00 3.500000e+00
         vertex 2.443404e+01 5.629385e+00 6.500000e+00
      endloop
   endfacet
   facet normal -2.588191e-01 -9.659258e-01 -0.000000e+00
      outer loop
         vertex 2.443404e+01 5.629385e+00 6.500000e+00
         vertex 2.409730e+01 5.719615e+00 3.500000e+00
         vertex 2.443404e+01 5.629385e+00 3.500000e+00
      endloop
   endfacet
   facet normal -4.226184e-01 -9.063077e-01 -0.000000e+00
      outer loop
         vertex 2.443404e+01 5.629385e+00 6.500000e+00
         vertex 2.443404e+01 5.629385e+00 3.500000e+00
         vertex 2.475000e+01 5.482051e+00 6.500000e+00
      endloop
   endfacet
   facet normal -4.226184e-01 -9.063077e-01 -0.000000e+00
      outer loop
         vertex 2.475000e+01 5.482051e+00 6.500000e+00
         vertex 2.443404e+01 5.629385e+00 3.500000e+00
         vertex 2.475000e+01 5.482051e+00 3.500000e+00
      endloop
   endfacet
   facet normal -5.735753e-01 -8.191528e-01 -0.000000e+00
      outer loop
         vertex 2.475000e+01 5.482051e+00 6.500000e+00
         vertex 2.475000e+01 5.482051e+00 3.500000e+00
         vertex 2.503558e+01 5.282089e+00 6.500000e+00
      endloop
   endfacet
   facet normal -5.735753e-01 -8.191528e-01 -0.000000e+00
      outer loop
         vertex 2.503558e+01 5.282089e+00 6.500000e+00
         vertex 2.475000e+01 5.482051e+00 3.500000e+00
         vertex 2.503558e+01 5.282089e+00 3.500000e+00
      endloop
   endfacet
   facet normal -7.071068e-01 -7.071068e-01 -0.000000e+00
      outer loop
         vertex 2.503558e+01 5.282089e+00 6.500000e+00
         vertex 2.503558e+01 5.282089e+00 3.500000e+00
         vertex 2.528209e+01 5.035575e+00 6.500000e+00
      endloop
   endfacet
   facet normal -7.071068e-01 -7.071068e-01 -0.000000e+00
      outer loop
         vertex 2.528209e+01 5.035575e+00 6.500000e+00
         vertex 2.503558e+01 5.282089e+00 3.500000e+00
         vertex 2.528209e+01 5.035575e+00 3.500000e+00
      endloop
   endfacet
   facet normal -8.191526e-01 -5.735757e-01 -0.000000e+00
      outer loop
         vertex 2.528209e+01 5.035575e+00 6.500000e+00
         vertex 2.528209e+01 5.035575e+00 3.500000e+00
         vertex 2.548205e+01 4.750000e+00 6.500000e+00
      endloop
   endfacet
   facet normal -8.191526e-01 -5.735757e-01 -0.000000e+00
      outer loop
         vertex 2.548205e+01 4.750000e+00 6.500000e+00
         vertex 2.528209e+01 5.035575e+00 3.500000e+00
         vertex 2.548205e+01 4.750000e+00 3.500000e+00
      endloop
   endfacet
   facet normal -9.063079e-01 -4.226179e-01 -0.000000e+00
      outer loop
         vertex 2.548205e+01 4.750000e+00 6.500000e+00
         vertex 2.548205e+01 4.750000e+00 3.500000e+00
         vertex 2.562939e+01 4.434040e+00 6.500000e+00
      endloop
   endfacet
   facet normal -9.063079e-01 -4.226179e-01 -0.000000e+00
      outer loop
         vertex 2.562939e+01 4.434040e+00 6.500000e+00
         vertex 2.548205e+01 4.750000e+00 3.500000e+00
         vertex 2.562939e+01 4.434040e+00 3.500000e+00
      endloop
   endfacet
   facet normal -9.659258e-01 -2.588190e-01 -0.000000e+00
      outer loop
         vertex 2.562939e+01 4.434040e+00 6.500000e+00
         vertex 2.562939e+01 4.434040e+00 3.500000e+00
         vertex 2.571962e+01 4.097296e+00 6.500000e+00
      endloop
   endfacet
   facet normal -9.659258e-01 -2.588190e-01 -0.000000e+00
      outer loop
         vertex 2.571962e+01 4.097296e+00 6.500000e+00
         vertex 2.562939e+01 4.434040e+00 3.500000e+00
         vertex 2.571962e+01 4.097296e+00 3.500000e+00
      endloop
   endfacet
   facet normal -9.961947e-01 -8.715547e-02 -0.000000e+00
      outer loop
         vertex 2.571962e+01 4.097296e+00 6.500000e+00
         vertex 2.571962e+01 4.097296e+00 3.500000e+00
         vertex 2.575000e+01 3.750000e+00 6.500000e+00
      endloop
   endfacet
   facet normal -9.961947e-01 -8.715547e-02 -0.000000e+00
      outer loop
         vertex 2.575000e+01 3.750000e+00 6.500000e+00
         vertex 2.571962e+01 4.097296e+00 3.500000e+00
         vertex 2.575000e+01 3.750000e+00 3.500000e+00
      endloop
   endfacet
   facet normal -9.961947e-01 8.715547e-02 0.000000e+00
      outer loop
         vertex 2.575000e+01 3.750000e+00 6.500000e+00
         vertex 2.575000e+01 3.750000e+00 3.500000e+00
         vertex 2.571962e+01 3.402704e+00 6.500000e+00
      endloop
   endfacet
   facet normal -9.961947e-01 8.715547e-02 0.000000e+00
      outer loop
         vertex 2.571962e+01 3.402704e+00 6.500000e+00
         vertex 2.575000e+01 3.750000e+00 3.500000e+00
         vertex 2.571962e+01 3.402704e+00 3.500000e+00
      endloop
   endfacet
   facet normal -9.659258e-01 2.588190e-01 0.000000e+00
      outer loop
         vertex 2.571962e+01 3.402704e+00 6.500000e+00
         vertex 2.571962e+01 3.402704e+00 3.500000e+00
         vertex 2.562939e+01 3.065960e+00 6.500000e+00
      endloop
   endfacet
   facet normal -9.659258e-01 2.588190e-01 0.000000e+00
      outer loop
         vertex 2.562939e+01 3.065960e+00 6.500000e+00
         vertex 2.571962e+01 3.402704e+00 3.500000e+00
         vertex 2.562939e+01 3.065960e+00 3.500000e+00
      endloop
   endfacet
   facet normal -9.063079e-01 4.226179e-01 0.000000e+00
      outer loop
         vertex 2.562939e+01 3.065960e+00 6.500000e+00
         vertex 2.562939e+01 3.065960e+00 3.500000e+00
         vertex 2.548205e+01 2.750000e+00 6.500000e+00
      endloop
   endfacet
   facet normal -9.063079e-01 4.226179e-01 0.000000e+00
      outer loop
         vertex 2.548205e+01 2.750000e+00 6.500000e+00
         vertex 2.562939e+01 3.065960e+00 3.500000e+00
         vertex 2.548205e+01 2.750000e+00 3.500000e+00
      endloop
   endfacet
   facet normal -8.191526e-01 5.735757e-01 0.000000e+00
      outer loop
         vertex 2.548205e+01 2.750000e+00 6.500000e+00
         vertex 2.548205e+01 2.750000e+00 3.500000e+00
         vertex 2.528209e+01 2.464425e+00 6.500000e+00
      endloop
   endfacet
   facet normal -8.191526e-01 5.735757e-01 0.000000e+00
      outer loop
         vertex 2.528209e+01 2.464425e+00 6.500000e+00
         vertex 2.548205e+01 2.750000e+00 3.500000e+00
         vertex 2.528209e+01 2.464425e+00 3.500000e+00
      endloop
   endfacet
   facet normal -7.071068e-01 7.071068e-01 0.000000e+00
      outer loop
         vertex 2.528209e+01 2.464425e+00 6.500000e+00
         vertex 2.528209e+01 2.464425e+00 3.500000e+00
         vertex 2.503558e+01 2.217911e+00 6.500000e+00
      endloop
   endfacet
   facet normal -7.071068e-01 7.071068e-01 0.000000e+00
      outer loop
         vertex 2.503558e+01 2.217911e+00 6.500000e+00
         vertex 2.528209e+01 2.464425e+00 3.500000e+00
         vertex 2.503558e+01 2.217911e+00 3.500000e+00
      endloop
   endfacet
   facet normal -5.735753e-01 8.191528e-01 0.000000e+00
      outer loop
         vertex 2.503558e+01 2.217911e+00 6.500000e+00
         vertex 2.503558e+01 2.217911e+00 3.500000e+00
         vertex 2.475000e+01 2.017949e+00 6.500000e+00
      endloop
   endfacet
   facet normal -5.735753e-01 8.191528e-01 0.000000e+00
      outer loop
         vertex 2.475000e+01 2.017949e+00 6.500000e+00
         vertex 2.503558e+01 2.217911e+00 3.500000e+00
         vertex 2.475000e+01 2.017949e+00 3.500000e+00
      endloop
   endfacet
   facet normal -4.226184e-01 9.063077e-01 0.000000e+00
      outer loop
         vertex 2.475000e+01 2.017949e+00 6.500000e+00
         vertex 2.475000e+01 2.017949e+00 3.500000e+00
         vertex 2.443404e+01 1.870615e+00 6.500000e+00
      endloop
   endfacet
   facet normal -4.226184e-01 9.063077e-01 0.000000e+00
      outer loop
         vertex 2.443404e+01 1.870615e+00 6.500000e+00
         vertex 2.475000e+01 2.017949e+00 3.500000e+00
         vertex 2.443404e+01 1.870615e+00 3.500000e+00
      endloop
   endfacet
   facet normal -2.588191e-01 9.659258e-01 0.000000e+00
      outer loop
         vertex 2.443404e+01 1.870615e+00 6.500000e+00
         vertex 2.443404e+01 1.870615e+00 3.500000e+00
         vertex 2.409730e+01 1.780384e+00 6.500000e+00
      endloop
   endfacet
   facet normal -2.588191e-01 9.659258e-01 0.000000e+00
      outer loop
         vertex 2.409730e+01 1.780384e+00 6.500000e+00
         vertex 2.443404e+01 1.870615e+00 3.500000e+00
         vertex 2.409730e+01 1.780384e+00 3.500000e+00
      endloop
   endfacet
   facet normal -8.715628e-02 9.961947e-01 0.000000e+00
      outer loop
         vertex 2.409730e+01 1.780384e+00 6.500000e+00
         vertex 2.409730e+01 1.780384e+00 3.500000e+00
         vertex 2.375000e+01 1.750000e+00 6.500000e+00
      endloop
   endfacet
   facet normal -8.715628e-02 9.961947e-01 0.000000e+00
      outer loop
         vertex 2.375000e+01 1.750000e+00 6.500000e+00
         vertex 2.409730e+01 1.780384e+00 3.500000e+00
         vertex 2.375000e+01 1.750000e+00 3.500000e+00
      endloop
   endfacet
   facet normal 8.715605e-02 9.961947e-01 0.000000e+00
      outer loop
         vertex 2.375000e+01 1.750000e+00 6.500000e+00
         vertex 2.375000e+01 1.750000e+00 3.500000e+00
         vertex 2.340270e+01 1.780384e+00 6.500000e+00
      endloop
   endfacet
   facet normal 8.715605e-02 9.961947e-01 0.000000e+00
      outer loop
         vertex 2.340270e+01 1.780384e+00 6.500000e+00
         vertex 2.375000e+01 1.750000e+00 3.500000e+00
         vertex 2.340270e+01 1.780384e+00 3.500000e+00
      endloop
   endfacet
   facet normal 2.588191e-01 9.659258e-01 0.000000e+00
      outer loop
         vertex 2.340270e+01 1.780384e+00 6.500000e+00
         vertex 2.340270e+01 1.780384e+00 3.500000e+00
         vertex 2.306596e+01 1.870615e+00 6.500000e+00
      endloop
   endfacet
   facet normal 2.588191e-01 9.659258e-01 0.000000e+00
      outer loop
         vertex 2.306596e+01 1.870615e+00 6.500000e+00
         vertex 2.340270e+01 1.780384e+00 3.500000e+00
         vertex 2.306596e+01 1.870615e+00 3.500000e+00
      endloop
   endfacet
   facet normal 4.226174e-01 9.063082e-01 0.000000e+00
      outer loop
         vertex 2.306596e+01 1.870615e+00 6.500000e+00
         vertex 2.306596e+01 1.870615e+00 3.500000e+00
         vertex 2.275000e+01 2.017949e+00 6.500000e+00
      endloop
   endfacet
   facet normal 4.226174e-01 9.063082e-01 0.000000e+00
      outer loop
         vertex 2.275000e+01 2.017949e+00 6.500000e+00
         vertex 2.306596e+01 1.870615e+00 3.500000e+00
         vertex 2.275000e+01 2.017949e+00 3.500000e+00
      endloop
   endfacet
   facet normal 5.735765e-01 8.191520e-01 0.000000e+00
      outer loop
         vertex 2.275000e+01 2.017949e+00 6.500000e+00
         vertex 2.275000e+01 2.017949e+00 3.500000e+00
         vertex 2.246442e+01 2.217911e+00 6.500000e+00
      endloop
   endfacet
   facet normal 5.735765e-01 8.191520e-01 0.000000e+00
      outer loop
         vertex 2.246442e+01 2.217911e+00 6.500000e+00
         vertex 2.275000e+01 2.017949e+00 3.500000e+00
         vertex 2.246442e+01 2.217911e+00 3.500000e+00
      endloop
   endfacet
   facet normal 7.071068e-01 7.071068e-01 0.000000e+00
      outer loop
         vertex 2.246442e+01 2.217911e+00 6.500000e+00
         vertex 2.246442e+01 2.217911e+00 3.500000e+00
         vertex 2.221791e+01 2.464425e+00 6.500000e+00
      endloop
   endfacet
   facet normal 7.071068e-01 7.071068e-01 0.000000e+00
      outer loop
         vertex 2.221791e+01 2.464425e+00 6.500000e+00
         vertex 2.246442e+01 2.217911e+00 3.500000e+00
         vertex 2.221791e+01 2.464425e+00 3.500000e+00
      endloop
   endfacet
   facet normal 8.191538e-01 5.735739e-01 0.000000e+00
      outer loop
         vertex 2.221791e+01 2.464425e+00 6.500000e+00
         vertex 2.221791e+01 2.464425e+00 3.500000e+00
         vertex 2.201795e+01 2.750000e+00 6.500000e+00
      endloop
   endfacet
   facet normal 8.191538e-01 5.735739e-01 0.000000e+00
      outer loop
         vertex 2.201795e+01 2.750000e+00 6.500000e+00
         vertex 2.221791e+01 2.464425e+00 3.500000e+00
         vertex 2.201795e+01 2.750000e+00 3.500000e+00
      endloop
   endfacet
   facet normal 9.063069e-01 4.226201e-01 0.000000e+00
      outer loop
         vertex 2.201795e+01 2.750000e+00 6.500000e+00
         vertex 2.201795e+01 2.750000e+00 3.500000e+00
         vertex 2.187061e+01 3.065960e+00 6.500000e+00
      endloop
   endfacet
   facet normal 9.063069e-01 4.226201e-01 0.000000e+00
      outer loop
         vertex 2.187061e+01 3.065960e+00 6.500000e+00
         vertex 2.201795e+01 2.750000e+00 3.500000e+00
         vertex 2.187061e+01 3.065960e+00 3.500000e+00
      endloop
   endfacet
   facet normal 9.659258e-01 2.588190e-01 0.000000e+00
      outer loop
         vertex 2.187061e+01 3.065960e+00 6.500000e+00
         vertex 2.187061e+01 3.065960e+00 3.500000e+00
         vertex 2.178038e+01 3.402704e+00 6.500000e+00
      endloop
   endfacet
   facet normal 9.659258e-01 2.588190e-01 0.000000e+00
      outer loop
         vertex 2.178038e+01 3.402704e+00 6.500000e+00
         vertex 2.187061e+01 3.065960e+00 3.500000e+00
         vertex 2.178038e+01 3.402704e+00 3.500000e+00
      endloop
   endfacet
   facet normal 9.961945e-01 8.715812e-02 0.000000e+00
      outer loop
         vertex 2.178038e+01 3.402704e+00 6.500000e+00
         vertex 2.178038e+01 3.402704e+00 3.500000e+00
         vertex 2.175000e+01 3.750000e+00 6.500000e+00
      endloop
   endfacet
   facet normal 9.961945e-01 8.715812e-02 0.000000e+00
      outer loop
         vertex 2.175000e+01 3.750000e+00 6.500000e+00
         vertex 2.178038e+01 3.402704e+00 3.500000e+00
         vertex 2.175000e+01 3.750000e+00 3.500000e+00
      endloop
   endfacet
   facet normal 0.000000e+00 0.000000e+00 -1.000000e+00
      outer loop
         vertex 5.313277e+01 5.114498e-02 3.500000e+00
         vertex 7.202659e+01 3.446116e+00 3.500000e+00
         vertex 5.375000e+01 0.000000e+00 3.500000e+00
      endloop
   endfacet
   facet normal 0.000000e+00 0.000000e+00 -1.000000e+00
      outer loop
         vertex 5.375000e+01 0.000000e+00 3.500000e+00
         vertex 7.202659e+01 3.446116e+00 3.500000e+00
         vertex 7.210554e+01 3.151465e+00 3.500000e+00
      endloop
   endfacet
   facet normal 0.000000e+00 0.000000e+00 -1.000000e+00
      outer loop
         vertex 5.375000e+01 0.000000e+00 3.500000e+00
         vertex 7.210554e+01 3.151465e+00 3.500000e+00
         vertex 7.223446e+01 2.875000e+00 3.500000e+00
      endloop
   endfacet
   facet normal 0.000000e+00 -0.000000e+00 -1.000000e+00
      outer loop
         vertex 5.178038e+01 3.402704e+00 3.500000e+00
         vertex 5.187062e+01 3.065960e+00 3.500000e+00
         vertex 5.031585e+01 2.243642e+00 3.500000e+00
      endloop
   endfacet
   facet normal 0.000000e+00 0.000000e+00 -1.000000e+00
      outer loop
         vertex 5.503558e+01 2.217911e+00 3.500000e+00
         vertex 5.528209e+01 2.464425e+00 3.500000e+00
         vertex 7.202659e+01 3.446116e+00 3.500000e+00
      endloop
   endfacet
   facet normal 0.000000e+00 0.000000e+00 -1.000000e+00
      outer loop
         vertex 7.202659e+01 3.446116e+00 3.500000e+00
         vertex 5.528209e+01 2.464425e+00 3.500000e+00
         vertex 5.548205e+01 2.750000e+00 3.500000e+00
      endloop
   endfacet
   facet normal -0.000000e+00 0.000000e+00 -1.000000e+00
      outer loop
         vertex 7.210554e+01 4.348535e+00 3.500000e+00
         vertex 7.202659e+01 4.053884e+00 3.500000e+00
         vertex 5.375000e+01 7.500000e+00 3.500000e+00
      endloop
   endfacet
   facet normal 0.000000e+00 -0.000000e+00 -1.000000e+00
      outer loop
         vertex 5.375000e+01 7.500000e+00 3.500000e+00
         vertex 7.202659e+01 4.053884e+00 3.500000e+00
         vertex 5.313277e+01 7.448855e+00 3.500000e+00
      endloop
   endfacet
   facet normal 0.000000e+00 0.000000e+00 -1.000000e+00
      outer loop
         vertex 5.548205e+01 2.750000e+00 3.500000e+00
         vertex 5.562939e+01 3.065960e+00 3.500000e+00
         vertex 7.202659e+01 3.446116e+00 3.500000e+00
      endloop
   endfacet
   facet normal 0.000000e+00 0.000000e+00 -1.000000e+00
      outer loop
         vertex 7.202659e+01 3.446116e+00 3.500000e+00
         vertex 5.562939e+01 3.065960e+00 3.500000e+00
         vertex 5.571962e+01 3.402704e+00 3.500000e+00
      endloop
   endfacet
   facet normal -0.000000e+00 0.000000e+00 -1.000000e+00
      outer loop
         vertex 7.202659e+01 3.446116e+00 3.500000e+00
         vertex 5.571962e+01 3.402704e+00 3.500000e+00
         vertex 7.200000e+01 3.750000e+00 3.500000e+00
      endloop
   endfacet
   facet normal 0.000000e+00 0.000000e+00 -1.000000e+00
      outer loop
         vertex 7.200000e+01 3.750000e+00 3.500000e+00
         vertex 5.571962e+01 3.402704e+00 3.500000e+00
         vertex 5.575000e+01 3.750000e+00 3.500000e+00
      endloop
   endfacet
   facet normal -0.000000e+00 0.000000e+00 -1.000000e+00
      outer loop
         vertex 7.200000e+01 3.750000e+00 3.500000e+00
         vertex 5.575000e+01 3.750000e+00 3.500000e+00
         vertex 7.202659e+01 4.053884e+00 3.500000e+00
      endloop
   endfacet
   facet normal -0.000000e+00 0.000000e+00 -1.000000e+00
      outer loop
         vertex 7.202659e+01 4.053884e+00 3.500000e+00
         vertex 5.575000e+01 3.750000e+00 3.500000e+00
         vertex 5.571962e+01 4.097296e+00 3.500000e+00
      endloop
   endfacet
   facet normal 0.000000e+00 0.000000e+00 -1.000000e+00
      outer loop
         vertex 5.571962e+01 4.097296e+00 3.500000e+00
         vertex 5.562939e+01 4.434040e+00 3.500000e+00
         vertex 7.202659e+01 4.053884e+00 3.500000e+00
      endloop
   endfacet
   facet normal 0.000000e+00 0.000000e+00 -1.000000e+00
      outer loop
         vertex 7.202659e+01 4.053884e+00 3.500000e+00
         vertex 5.562939e+01 4.434040e+00 3.500000e+00
         vertex 5.548205e+01 4.750000e+00 3.500000e+00
      endloop
   endfacet
   facet normal 0.000000e+00 0.000000e+00 -1.000000e+00
      outer loop
         vertex 7.202659e+01 4.053884e+00 3.500000e+00
         vertex 5.548205e+01 4.750000e+00 3.500000e+00
         vertex 5.528209e+01 5.035575e+00 3.500000e+00
      endloop
   endfacet
   facet normal 0.000000e+00 -0.000000e+00 -1.000000e+00
      outer loop
         vertex 5.375000e+01 1.750000e+00 3.500000e+00
         vertex 5.409730e+01 1.780384e+00 3.500000e+00
         vertex 5.313277e+01 5.114498e-02 3.500000e+00
      endloop
   endfacet
   facet normal 0.000000e+00 0.000000e+00 -1.000000e+00
      outer loop
         vertex 5.313277e+01 5.114498e-02 3.500000e+00
         vertex 5.409730e+01 1.780384e+00 3.500000e+00
         vertex 5.443404e+01 1.870615e+00 3.500000e+00
      endloop
   endfacet
   facet normal 0.000000e+00 0.000000e+00 -1.000000e+00
      outer loop
         vertex 5.313277e+01 5.114498e-02 3.500000e+00
         vertex 5.443404e+01 1.870615e+00 3.500000e+00
         vertex 7.202659e+01 3.446116e+00 3.500000e+00
      endloop
   endfacet
   facet normal 0.000000e+00 0.000000e+00 -1.000000e+00
      outer loop
         vertex 7.202659e+01 3.446116e+00 3.500000e+00
         vertex 5.443404e+01 1.870615e+00 3.500000e+00
         vertex 5.475000e+01 2.017949e+00 3.500000e+00
      endloop
   endfacet
   facet normal 0.000000e+00 0.000000e+00 -1.000000e+00
      outer loop
         vertex 7.202659e+01 3.446116e+00 3.500000e+00
         vertex 5.475000e+01 2.017949e+00 3.500000e+00
         vertex 5.503558e+01 2.217911e+00 3.500000e+00
      endloop
   endfacet
   facet normal 0.000000e+00 -0.000000e+00 -1.000000e+00
      outer loop
         vertex 7.223446e+01 2.875000e+00 3.500000e+00
         vertex 7.240942e+01 2.625122e+00 3.500000e+00
         vertex 5.375000e+01 0.000000e+00 3.500000e+00
      endloop
   endfacet
   facet normal 0.000000e+00 0.000000e+00 -1.000000e+00
      outer loop
         vertex 5.375000e+01 0.000000e+00 3.500000e+00
         vertex 7.240942e+01 2.625122e+00 3.500000e+00
         vertex 7.262512e+01 2.409422e+00 3.500000e+00
      endloop
   endfacet
   facet normal 0.000000e+00 0.000000e+00 -1.000000e+00
      outer loop
         vertex 5.375000e+01 0.000000e+00 3.500000e+00
         vertex 7.262512e+01 2.409422e+00 3.500000e+00
         vertex 7.375000e+01 0.000000e+00 3.500000e+00
      endloop
   endfacet
   facet normal 0.000000e+00 0.000000e+00 -1.000000e+00
      outer loop
         vertex 7.375000e+01 0.000000e+00 3.500000e+00
         vertex 7.262512e+01 2.409422e+00 3.500000e+00
         vertex 7.287500e+01 2.234455e+00 3.500000e+00
      endloop
   endfacet
   facet normal 0.000000e+00 0.000000e+00 -1.000000e+00
      outer loop
         vertex 7.375000e+01 0.000000e+00 3.500000e+00
         vertex 7.287500e+01 2.234455e+00 3.500000e+00
         vertex 7.315147e+01 2.105538e+00 3.500000e+00
      endloop
   endfacet
   facet normal 0.000000e+00 -0.000000e+00 -1.000000e+00
      outer loop
         vertex 7.550000e+01 3.750000e+00 3.500000e+00
         vertex 7.748719e+01 3.440327e+00 3.500000e+00
         vertex 7.547341e+01 3.446116e+00 3.500000e+00
      endloop
   endfacet
   facet normal 0.000000e+00 0.000000e+00 -1.000000e+00
      outer loop
         vertex 7.547341e+01 3.446116e+00 3.500000e+00
         vertex 7.748719e+01 3.440327e+00 3.500000e+00
         vertex 7.738525e+01 2.829429e+00 3.500000e+00
      endloop
   endfacet
   facet normal 0.000000e+00 -0.000000e+00 -1.000000e+00
      outer loop
         vertex 7.547341e+01 3.446116e+00 3.500000e+00
         vertex 7.738525e+01 2.829429e+00 3.500000e+00
         vertex 7.539446e+01 3.151465e+00 3.500000e+00
      endloop
   endfacet
   facet normal 0.000000e+00 0.000000e+00 -1.000000e+00
      outer loop
         vertex 7.539446e+01 3.151465e+00 3.500000e+00
         vertex 7.738525e+01 2.829429e+00 3.500000e+00
         vertex 7.718415e+01 2.243642e+00 3.500000e+00
      endloop
   endfacet
   facet normal 0.000000e+00 -0.000000e+00 -1.000000e+00
      outer loop
         vertex 7.539446e+01 3.151465e+00 3.500000e+00
         vertex 7.718415e+01 2.243642e+00 3.500000e+00
         vertex 7.526555e+01 2.875000e+00 3.500000e+00
      endloop
   endfacet
   facet normal 0.000000e+00 0.000000e+00 -1.000000e+00
      outer loop
         vertex 7.526555e+01 2.875000e+00 3.500000e+00
         vertex 7.718415e+01 2.243642e+00 3.500000e+00
         vertex 7.688937e+01 1.698944e+00 3.500000e+00
      endloop
   endfacet
   facet normal 0.000000e+00 -0.000000e+00 -1.000000e+00
      outer loop
         vertex 7.526555e+01 2.875000e+00 3.500000e+00
         vertex 7.688937e+01 1.698944e+00 3.500000e+00
         vertex 7.509058e+01 2.625122e+00 3.500000e+00
      endloop
   endfacet
   facet normal 0.000000e+00 0.000000e+00 -1.000000e+00
      outer loop
         vertex 7.509058e+01 2.625122e+00 3.500000e+00
         vertex 7.688937e+01 1.698944e+00 3.500000e+00
         vertex 7.650897e+01 1.210194e+00 3.500000e+00
      endloop
   endfacet
   facet normal 0.000000e+00 -0.000000e+00 -1.000000e+00
      outer loop
         vertex 7.509058e+01 2.625122e+00 3.500000e+00
         vertex 7.650897e+01 1.210194e+00 3.500000e+00
         vertex 7.487488e+01 2.409422e+00 3.500000e+00
      endloop
   endfacet
   facet normal 0.000000e+00 0.000000e+00 -1.000000e+00
      outer loop
         vertex 7.487488e+01 2.409422e+00 3.500000e+00
         vertex 7.650897e+01 1.210194e+00 3.500000e+00
         vertex 7.605330e+01 7.907229e-01 3.500000e+00
      endloop
   endfacet
   facet normal 0.000000e+00 -0.000000e+00 -1.000000e+00
      outer loop
         vertex 7.487488e+01 2.409422e+00 3.500000e+00
         vertex 7.605330e+01 7.907229e-01 3.500000e+00
         vertex 7.462500e+01 2.234455e+00 3.500000e+00
      endloop
   endfacet
   facet normal 0.000000e+00 0.000000e+00 -1.000000e+00
      outer loop
         vertex 7.462500e+01 2.234455e+00 3.500000e+00
         vertex 7.605330e+01 7.907229e-01 3.500000e+00
         vertex 7.553480e+01 4.519734e-01 3.500000e+00
      endloop
   endfacet
   facet normal 0.000000e+00 -0.000000e+00 -1.000000e+00
      outer loop
         vertex 7.462500e+01 2.234455e+00 3.500000e+00
         vertex 7.553480e+01 4.519734e-01 3.500000e+00
         vertex 7.434854e+01 2.105538e+00 3.500000e+00
      endloop
   endfacet
   facet normal 0.000000e+00 0.000000e+00 -1.000000e+00
      outer loop
         vertex 7.434854e+01 2.105538e+00 3.500000e+00
         vertex 7.553480e+01 4.519734e-01 3.500000e+00
         vertex 7.496762e+01 2.031852e-01 3.500000e+00
      endloop
   endfacet
   facet normal 0.000000e+00 -0.000000e+00 -1.000000e+00
      outer loop
         vertex 7.434854e+01 2.105538e+00 3.500000e+00
         vertex 7.496762e+01 2.031852e-01 3.500000e+00
         vertex 7.405388e+01 2.026586e+00 3.500000e+00
      endloop
   endfacet
   facet normal 0.000000e+00 0.000000e+00 -1.000000e+00
      outer loop
         vertex 7.405388e+01 2.026586e+00 3.500000e+00
         vertex 7.496762e+01 2.031852e-01 3.500000e+00
         vertex 7.436723e+01 5.114498e-02 3.500000e+00
      endloop
   endfacet
   facet normal 0.000000e+00 -0.000000e+00 -1.000000e+00
      outer loop
         vertex 7.405388e+01 2.026586e+00 3.500000e+00
         vertex 7.436723e+01 5.114498e-02 3.500000e+00
         vertex 7.375000e+01 2.000000e+00 3.500000e+00
      endloop
   endfacet
   facet normal 0.000000e+00 0.000000e+00 -1.000000e+00
      outer loop
         vertex 7.375000e+01 2.000000e+00 3.500000e+00
         vertex 7.436723e+01 5.114498e-02 3.500000e+00
         vertex 7.375000e+01 0.000000e+00 3.500000e+00
      endloop
   endfacet
   facet normal -0.000000e+00 -0.000000e+00 -1.000000e+00
      outer loop
         vertex 7.375000e+01 2.000000e+00 3.500000e+00
         vertex 7.375000e+01 0.000000e+00 3.500000e+00
         vertex 7.344612e+01 2.026586e+00 3.500000e+00
      endloop
   endfacet
   facet normal -0.000000e+00 -0.000000e+00 -1.000000e+00
      outer loop
         vertex 7.344612e+01 2.026586e+00 3.500000e+00
         vertex 7.375000e+01 0.000000e+00 3.500000e+00
         vertex 7.315147e+01 2.105538e+00 3.500000e+00
      endloop
   endfacet
   facet normal 0.000000e+00 0.000000e+00 -1.000000e+00
      outer loop
         vertex 5.031585e+01 2.243642e+00 3.500000e+00
         vertex 5.187062e+01 3.065960e+00 3.500000e+00
         vertex 5.061063e+01 1.698944e+00 3.500000e+00
      endloop
   endfacet
   facet normal 0.000000e+00 0.000000e+00 -1.000000e+00
      outer loop
         vertex 5.061063e+01 1.698944e+00 3.500000e+00
         vertex 5.187062e+01 3.065960e+00 3.500000e+00
         vertex 5.201795e+01 2.750000e+00 3.500000e+00
      endloop
   endfacet
   facet normal 0.000000e+00 0.000000e+00 -1.000000e+00
      outer loop
         vertex 5.061063e+01 1.698944e+00 3.500000e+00
         vertex 5.201795e+01 2.750000e+00 3.500000e+00
         vertex 5.099104e+01 1.210194e+00 3.500000e+00
      endloop
   endfacet
   facet normal 0.000000e+00 0.000000e+00 -1.000000e+00
      outer loop
         vertex 5.099104e+01 1.210194e+00 3.500000e+00
         vertex 5.201795e+01 2.750000e+00 3.500000e+00
         vertex 5.221791e+01 2.464425e+00 3.500000e+00
      endloop
   endfacet
   facet normal 0.000000e+00 0.000000e+00 -1.000000e+00
      outer loop
         vertex 5.099104e+01 1.210194e+00 3.500000e+00
         vertex 5.221791e+01 2.464425e+00 3.500000e+00
         vertex 5.144670e+01 7.907229e-01 3.500000e+00
      endloop
   endfacet
   facet normal 0.000000e+00 0.000000e+00 -1.000000e+00
      outer loop
         vertex 5.144670e+01 7.907229e-01 3.500000e+00
         vertex 5.221791e+01 2.464425e+00 3.500000e+00
         vertex 5.246442e+01 2.217911e+00 3.500000e+00
      endloop
   endfacet
   facet normal 0.000000e+00 0.000000e+00 -1.000000e+00
      outer loop
         vertex 5.144670e+01 7.907229e-01 3.500000e+00
         vertex 5.246442e+01 2.217911e+00 3.500000e+00
         vertex 5.196520e+01 4.519734e-01 3.500000e+00
      endloop
   endfacet
   facet normal 0.000000e+00 0.000000e+00 -1.000000e+00
      outer loop
         vertex 5.196520e+01 4.519734e-01 3.500000e+00
         vertex 5.246442e+01 2.217911e+00 3.500000e+00
         vertex 5.275000e+01 2.017949e+00 3.500000e+00
      endloop
   endfacet
   facet normal 0.000000e+00 0.000000e+00 -1.000000e+00
      outer loop
         vertex 5.196520e+01 4.519734e-01 3.500000e+00
         vertex 5.275000e+01 2.017949e+00 3.500000e+00
         vertex 5.253238e+01 2.031852e-01 3.500000e+00
      endloop
   endfacet
   facet normal 0.000000e+00 0.000000e+00 -1.000000e+00
      outer loop
         vertex 5.253238e+01 2.031852e-01 3.500000e+00
         vertex 5.275000e+01 2.017949e+00 3.500000e+00
         vertex 5.306596e+01 1.870615e+00 3.500000e+00
      endloop
   endfacet
   facet normal 0.000000e+00 0.000000e+00 -1.000000e+00
      outer loop
         vertex 5.253238e+01 2.031852e-01 3.500000e+00
         vertex 5.306596e+01 1.870615e+00 3.500000e+00
         vertex 5.313277e+01 5.114498e-02 3.500000e+00
      endloop
   endfacet
   facet normal 0.000000e+00 0.000000e+00 -1.000000e+00
      outer loop
         vertex 5.313277e+01 5.114498e-02 3.500000e+00
         vertex 5.306596e+01 1.870615e+00 3.500000e+00
         vertex 5.340270e+01 1.780384e+00 3.500000e+00
      endloop
   endfacet
   facet normal 0.000000e+00 0.000000e+00 -1.000000e+00
      outer loop
         vertex 5.313277e+01 5.114498e-02 3.500000e+00
         vertex 5.340270e+01 1.780384e+00 3.500000e+00
         vertex 5.375000e+01 1.750000e+00 3.500000e+00
      endloop
   endfacet
   facet normal -0.000000e+00 0.000000e+00 -1.000000e+00
      outer loop
         vertex 7.375000e+01 7.500000e+00 3.500000e+00
         vertex 7.287500e+01 5.265544e+00 3.500000e+00
         vertex 5.375000e+01 7.500000e+00 3.500000e+00
      endloop
   endfacet
   facet normal 0.000000e+00 0.000000e+00 -1.000000e+00
      outer loop
         vertex 5.375000e+01 7.500000e+00 3.500000e+00
         vertex 7.287500e+01 5.265544e+00 3.500000e+00
         vertex 7.262512e+01 5.090578e+00 3.500000e+00
      endloop
   endfacet
   facet normal -0.000000e+00 0.000000e+00 -1.000000e+00
      outer loop
         vertex 7.262512e+01 5.090578e+00 3.500000e+00
         vertex 7.240942e+01 4.874878e+00 3.500000e+00
         vertex 5.375000e+01 7.500000e+00 3.500000e+00
      endloop
   endfacet
   facet normal 0.000000e+00 0.000000e+00 -1.000000e+00
      outer loop
         vertex 5.375000e+01 7.500000e+00 3.500000e+00
         vertex 7.240942e+01 4.874878e+00 3.500000e+00
         vertex 7.223446e+01 4.625000e+00 3.500000e+00
      endloop
   endfacet
   facet normal 0.000000e+00 0.000000e+00 -1.000000e+00
      outer loop
         vertex 5.375000e+01 7.500000e+00 3.500000e+00
         vertex 7.223446e+01 4.625000e+00 3.500000e+00
         vertex 7.210554e+01 4.348535e+00 3.500000e+00
      endloop
   endfacet
   facet normal -0.000000e+00 0.000000e+00 -1.000000e+00
      outer loop
         vertex 7.375000e+01 5.500000e+00 3.500000e+00
         vertex 7.344612e+01 5.473414e+00 3.500000e+00
         vertex 7.375000e+01 7.500000e+00 3.500000e+00
      endloop
   endfacet
   facet normal 0.000000e+00 0.000000e+00 -1.000000e+00
      outer loop
         vertex 7.375000e+01 7.500000e+00 3.500000e+00
         vertex 7.344612e+01 5.473414e+00 3.500000e+00
         vertex 7.315147e+01 5.394462e+00 3.500000e+00
      endloop
   endfacet
   facet normal 0.000000e+00 0.000000e+00 -1.000000e+00
      outer loop
         vertex 7.375000e+01 7.500000e+00 3.500000e+00
         vertex 7.315147e+01 5.394462e+00 3.500000e+00
         vertex 7.287500e+01 5.265544e+00 3.500000e+00
      endloop
   endfacet
   facet normal 0.000000e+00 0.000000e+00 -1.000000e+00
      outer loop
         vertex 5.528209e+01 5.035575e+00 3.500000e+00
         vertex 5.503558e+01 5.282089e+00 3.500000e+00
         vertex 7.202659e+01 4.053884e+00 3.500000e+00
      endloop
   endfacet
   facet normal 0.000000e+00 0.000000e+00 -1.000000e+00
      outer loop
         vertex 7.202659e+01 4.053884e+00 3.500000e+00
         vertex 5.503558e+01 5.282089e+00 3.500000e+00
         vertex 5.475000e+01 5.482051e+00 3.500000e+00
      endloop
   endfacet
   facet normal 0.000000e+00 0.000000e+00 -1.000000e+00
      outer loop
         vertex 7.202659e+01 4.053884e+00 3.500000e+00
         vertex 5.475000e+01 5.482051e+00 3.500000e+00
         vertex 5.313277e+01 7.448855e+00 3.500000e+00
      endloop
   endfacet
   facet normal 0.000000e+00 0.000000e+00 -1.000000e+00
      outer loop
         vertex 5.313277e+01 7.448855e+00 3.500000e+00
         vertex 5.475000e+01 5.482051e+00 3.500000e+00
         vertex 5.443404e+01 5.629385e+00 3.500000e+00
      endloop
   endfacet
   facet normal 0.000000e+00 0.000000e+00 -1.000000e+00
      outer loop
         vertex 5.313277e+01 7.448855e+00 3.500000e+00
         vertex 5.443404e+01 5.629385e+00 3.500000e+00
         vertex 5.409730e+01 5.719615e+00 3.500000e+00
      endloop
   endfacet
   facet normal 0.000000e+00 0.000000e+00 -1.000000e+00
      outer loop
         vertex 5.031585e+01 2.243642e+00 3.500000e+00
         vertex 5.011475e+01 2.829429e+00 3.500000e+00
         vertex 5.178038e+01 3.402704e+00 3.500000e+00
      endloop
   endfacet
   facet normal -0.000000e+00 0.000000e+00 -1.000000e+00
      outer loop
         vertex 5.178038e+01 3.402704e+00 3.500000e+00
         vertex 5.011475e+01 2.829429e+00 3.500000e+00
         vertex 5.001281e+01 3.440327e+00 3.500000e+00
      endloop
   endfacet
   facet normal 0.000000e+00 0.000000e+00 -1.000000e+00
      outer loop
         vertex 5.178038e+01 3.402704e+00 3.500000e+00
         vertex 5.001281e+01 3.440327e+00 3.500000e+00
         vertex 5.175000e+01 3.750000e+00 3.500000e+00
      endloop
   endfacet
   facet normal -0.000000e+00 0.000000e+00 -1.000000e+00
      outer loop
         vertex 5.175000e+01 3.750000e+00 3.500000e+00
         vertex 5.001281e+01 3.440327e+00 3.500000e+00
         vertex 5.001281e+01 4.059672e+00 3.500000e+00
      endloop
   endfacet
   facet normal 0.000000e+00 0.000000e+00 -1.000000e+00
      outer loop
         vertex 5.175000e+01 3.750000e+00 3.500000e+00
         vertex 5.001281e+01 4.059672e+00 3.500000e+00
         vertex 5.178038e+01 4.097296e+00 3.500000e+00
      endloop
   endfacet
   facet normal -0.000000e+00 0.000000e+00 -1.000000e+00
      outer loop
         vertex 5.178038e+01 4.097296e+00 3.500000e+00
         vertex 5.001281e+01 4.059672e+00 3.500000e+00
         vertex 5.011475e+01 4.670570e+00 3.500000e+00
      endloop
   endfacet
   facet normal 0.000000e+00 0.000000e+00 -1.000000e+00
      outer loop
         vertex 5.178038e+01 4.097296e+00 3.500000e+00
         vertex 5.011475e+01 4.670570e+00 3.500000e+00
         vertex 5.187062e+01 4.434040e+00 3.500000e+00
      endloop
   endfacet
   facet normal 0.000000e+00 0.000000e+00 -1.000000e+00
      outer loop
         vertex 5.187062e+01 4.434040e+00 3.500000e+00
         vertex 5.011475e+01 4.670570e+00 3.500000e+00
         vertex 5.031585e+01 5.256358e+00 3.500000e+00
      endloop
   endfacet
   facet normal 0.000000e+00 0.000000e+00 -1.000000e+00
      outer loop
         vertex 5.187062e+01 4.434040e+00 3.500000e+00
         vertex 5.031585e+01 5.256358e+00 3.500000e+00
         vertex 5.201795e+01 4.750000e+00 3.500000e+00
      endloop
   endfacet
   facet normal 0.000000e+00 0.000000e+00 -1.000000e+00
      outer loop
         vertex 5.201795e+01 4.750000e+00 3.500000e+00
         vertex 5.031585e+01 5.256358e+00 3.500000e+00
         vertex 5.061063e+01 5.801056e+00 3.500000e+00
      endloop
   endfacet
   facet normal 0.000000e+00 0.000000e+00 -1.000000e+00
      outer loop
         vertex 5.201795e+01 4.750000e+00 3.500000e+00
         vertex 5.061063e+01 5.801056e+00 3.500000e+00
         vertex 5.221791e+01 5.035575e+00 3.500000e+00
      endloop
   endfacet
   facet normal 0.000000e+00 0.000000e+00 -1.000000e+00
      outer loop
         vertex 5.221791e+01 5.035575e+00 3.500000e+00
         vertex 5.061063e+01 5.801056e+00 3.500000e+00
         vertex 5.099104e+01 6.289806e+00 3.500000e+00
      endloop
   endfacet
   facet normal 0.000000e+00 0.000000e+00 -1.000000e+00
      outer loop
         vertex 5.221791e+01 5.035575e+00 3.500000e+00
         vertex 5.099104e+01 6.289806e+00 3.500000e+00
         vertex 5.246442e+01 5.282089e+00 3.500000e+00
      endloop
   endfacet
   facet normal 0.000000e+00 0.000000e+00 -1.000000e+00
      outer loop
         vertex 5.246442e+01 5.282089e+00 3.500000e+00
         vertex 5.099104e+01 6.289806e+00 3.500000e+00
         vertex 5.144670e+01 6.709277e+00 3.500000e+00
      endloop
   endfacet
   facet normal 0.000000e+00 0.000000e+00 -1.000000e+00
      outer loop
         vertex 5.246442e+01 5.282089e+00 3.500000e+00
         vertex 5.144670e+01 6.709277e+00 3.500000e+00
         vertex 5.275000e+01 5.482051e+00 3.500000e+00
      endloop
   endfacet
   facet normal 0.000000e+00 0.000000e+00 -1.000000e+00
      outer loop
         vertex 5.275000e+01 5.482051e+00 3.500000e+00
         vertex 5.144670e+01 6.709277e+00 3.500000e+00
         vertex 5.196520e+01 7.048026e+00 3.500000e+00
      endloop
   endfacet
   facet normal 0.000000e+00 0.000000e+00 -1.000000e+00
      outer loop
         vertex 5.275000e+01 5.482051e+00 3.500000e+00
         vertex 5.196520e+01 7.048026e+00 3.500000e+00
         vertex 5.306596e+01 5.629385e+00 3.500000e+00
      endloop
   endfacet
   facet normal 0.000000e+00 0.000000e+00 -1.000000e+00
      outer loop
         vertex 5.306596e+01 5.629385e+00 3.500000e+00
         vertex 5.196520e+01 7.048026e+00 3.500000e+00
         vertex 5.253238e+01 7.296815e+00 3.500000e+00
      endloop
   endfacet
   facet normal 0.000000e+00 0.000000e+00 -1.000000e+00
      outer loop
         vertex 5.306596e+01 5.629385e+00 3.500000e+00
         vertex 5.253238e+01 7.296815e+00 3.500000e+00
         vertex 5.340270e+01 5.719615e+00 3.500000e+00
      endloop
   endfacet
   facet normal 0.000000e+00 0.000000e+00 -1.000000e+00
      outer loop
         vertex 5.340270e+01 5.719615e+00 3.500000e+00
         vertex 5.253238e+01 7.296815e+00 3.500000e+00
         vertex 5.313277e+01 7.448855e+00 3.500000e+00
      endloop
   endfacet
   facet normal 0.000000e+00 0.000000e+00 -1.000000e+00
      outer loop
         vertex 5.340270e+01 5.719615e+00 3.500000e+00
         vertex 5.313277e+01 7.448855e+00 3.500000e+00
         vertex 5.375000e+01 5.750000e+00 3.500000e+00
      endloop
   endfacet
   facet normal 0.000000e+00 0.000000e+00 -1.000000e+00
      outer loop
         vertex 5.375000e+01 5.750000e+00 3.500000e+00
         vertex 5.313277e+01 7.448855e+00 3.500000e+00
         vertex 5.409730e+01 5.719615e+00 3.500000e+00
      endloop
   endfacet
   facet normal 0.000000e+00 0.000000e+00 -1.000000e+00
      outer loop
         vertex 7.375000e+01 5.500000e+00 3.500000e+00
         vertex 7.375000e+01 7.500000e+00 3.500000e+00
         vertex 7.405388e+01 5.473414e+00 3.500000e+00
      endloop
   endfacet
   facet normal 0.000000e+00 0.000000e+00 -1.000000e+00
      outer loop
         vertex 7.405388e+01 5.473414e+00 3.500000e+00
         vertex 7.375000e+01 7.500000e+00 3.500000e+00
         vertex 7.436723e+01 7.448855e+00 3.500000e+00
      endloop
   endfacet
   facet normal 0.000000e+00 0.000000e+00 -1.000000e+00
      outer loop
         vertex 7.405388e+01 5.473414e+00 3.500000e+00
         vertex 7.436723e+01 7.448855e+00 3.500000e+00
         vertex 7.434854e+01 5.394462e+00 3.500000e+00
      endloop
   endfacet
   facet normal 0.000000e+00 0.000000e+00 -1.000000e+00
      outer loop
         vertex 7.434854e+01 5.394462e+00 3.500000e+00
         vertex 7.436723e+01 7.448855e+00 3.500000e+00
         vertex 7.496762e+01 7.296815e+00 3.500000e+00
      endloop
   endfacet
   facet normal 0.000000e+00 0.000000e+00 -1.000000e+00
      outer loop
         vertex 7.434854e+01 5.394462e+00 3.500000e+00
         vertex 7.496762e+01 7.296815e+00 3.500000e+00
         vertex 7.462500e+01 5.265544e+00 3.500000e+00
      endloop
   endfacet
   facet normal 0.000000e+00 0.000000e+00 -1.000000e+00
      outer loop
         vertex 7.462500e+01 5.265544e+00 3.500000e+00
         vertex 7.496762e+01 7.296815e+00 3.500000e+00
         vertex 7.553480e+01 7.048026e+00 3.500000e+00
      endloop
   endfacet
   facet normal 0.000000e+00 0.000000e+00 -1.000000e+00
      outer loop
         vertex 7.462500e+01 5.265544e+00 3.500000e+00
         vertex 7.553480e+01 7.048026e+00 3.500000e+00
         vertex 7.487488e+01 5.090578e+00 3.500000e+00
      endloop
   endfacet
   facet normal 0.000000e+00 0.000000e+00 -1.000000e+00
      outer loop
         vertex 7.487488e+01 5.090578e+00 3.500000e+00
         vertex 7.553480e+01 7.048026e+00 3.500000e+00
         vertex 7.605330e+01 6.709277e+00 3.500000e+00
      endloop
   endfacet
   facet normal 0.000000e+00 0.000000e+00 -1.000000e+00
      outer loop
         vertex 7.487488e+01 5.090578e+00 3.500000e+00
         vertex 7.605330e+01 6.709277e+00 3.500000e+00
         vertex 7.509058e+01 4.874878e+00 3.500000e+00
      endloop
   endfacet
   facet normal 0.000000e+00 0.000000e+00 -1.000000e+00
      outer loop
         vertex 7.509058e+01 4.874878e+00 3.500000e+00
         vertex 7.605330e+01 6.709277e+00 3.500000e+00
         vertex 7.650897e+01 6.289806e+00 3.500000e+00
      endloop
   endfacet
   facet normal 0.000000e+00 0.000000e+00 -1.000000e+00
      outer loop
         vertex 7.509058e+01 4.874878e+00 3.500000e+00
         vertex 7.650897e+01 6.289806e+00 3.500000e+00
         vertex 7.526555e+01 4.625000e+00 3.500000e+00
      endloop
   endfacet
   facet normal 0.000000e+00 0.000000e+00 -1.000000e+00
      outer loop
         vertex 7.526555e+01 4.625000e+00 3.500000e+00
         vertex 7.650897e+01 6.289806e+00 3.500000e+00
         vertex 7.688937e+01 5.801056e+00 3.500000e+00
      endloop
   endfacet
   facet normal 0.000000e+00 0.000000e+00 -1.000000e+00
      outer loop
         vertex 7.526555e+01 4.625000e+00 3.500000e+00
         vertex 7.688937e+01 5.801056e+00 3.500000e+00
         vertex 7.539446e+01 4.348535e+00 3.500000e+00
      endloop
   endfacet
   facet normal 0.000000e+00 0.000000e+00 -1.000000e+00
      outer loop
         vertex 7.539446e+01 4.348535e+00 3.500000e+00
         vertex 7.688937e+01 5.801056e+00 3.500000e+00
         vertex 7.718415e+01 5.256358e+00 3.500000e+00
      endloop
   endfacet
   facet normal 0.000000e+00 0.000000e+00 -1.000000e+00
      outer loop
         vertex 7.539446e+01 4.348535e+00 3.500000e+00
         vertex 7.718415e+01 5.256358e+00 3.500000e+00
         vertex 7.547341e+01 4.053884e+00 3.500000e+00
      endloop
   endfacet
   facet normal 0.000000e+00 0.000000e+00 -1.000000e+00
      outer loop
         vertex 7.547341e+01 4.053884e+00 3.500000e+00
         vertex 7.718415e+01 5.256358e+00 3.500000e+00
         vertex 7.738525e+01 4.670570e+00 3.500000e+00
      endloop
   endfacet
   facet normal 0.000000e+00 0.000000e+00 -1.000000e+00
      outer loop
         vertex 7.547341e+01 4.053884e+00 3.500000e+00
         vertex 7.738525e+01 4.670570e+00 3.500000e+00
         vertex 7.550000e+01 3.750000e+00 3.500000e+00
      endloop
   endfacet
   facet normal 0.000000e+00 0.000000e+00 -1.000000e+00
      outer loop
         vertex 7.550000e+01 3.750000e+00 3.500000e+00
         vertex 7.738525e+01 4.670570e+00 3.500000e+00
         vertex 7.748719e+01 4.059672e+00 3.500000e+00
      endloop
   endfacet
   facet normal 0.000000e+00 0.000000e+00 -1.000000e+00
      outer loop
         vertex 7.550000e+01 3.750000e+00 3.500000e+00
         vertex 7.748719e+01 4.059672e+00 3.500000e+00
         vertex 7.748719e+01 3.440327e+00 3.500000e+00
      endloop
   endfacet
   facet normal 0.000000e+00 0.000000e+00 1.000000e+00
      outer loop
         vertex 7.223446e+01 2.875000e+00 6.500000e+00
         vertex 5.528209e+01 5.035575e+00 6.500000e+00
         vertex 5.548205e+01 4.750000e+00 6.500000e+00
      endloop
   endfacet
   facet normal 0.000000e+00 0.000000e+00 1.000000e+00
      outer loop
         vertex 5.443404e+01 5.629385e+00 6.500000e+00
         vertex 5.475000e+01 5.482051e+00 6.500000e+00
         vertex 7.223446e+01 2.875000e+00 6.500000e+00
      endloop
   endfacet
   facet normal 0.000000e+00 0.000000e+00 1.000000e+00
      outer loop
         vertex 7.223446e+01 2.875000e+00 6.500000e+00
         vertex 5.475000e+01 5.482051e+00 6.500000e+00
         vertex 5.503558e+01 5.282089e+00 6.500000e+00
      endloop
   endfacet
   facet normal 0.000000e+00 0.000000e+00 1.000000e+00
      outer loop
         vertex 7.223446e+01 2.875000e+00 6.500000e+00
         vertex 5.503558e+01 5.282089e+00 6.500000e+00
         vertex 5.528209e+01 5.035575e+00 6.500000e+00
      endloop
   endfacet
   facet normal 0.000000e+00 0.000000e+00 1.000000e+00
      outer loop
         vertex 7.202659e+01 3.446116e+00 6.500000e+00
         vertex 7.200000e+01 3.750000e+00 6.500000e+00
         vertex 5.409730e+01 5.719615e+00 6.500000e+00
      endloop
   endfacet
   facet normal 0.000000e+00 0.000000e+00 1.000000e+00
      outer loop
         vertex 5.409730e+01 5.719615e+00 6.500000e+00
         vertex 7.200000e+01 3.750000e+00 6.500000e+00
         vertex 7.202659e+01 4.053884e+00 6.500000e+00
      endloop
   endfacet
   facet normal 0.000000e+00 0.000000e+00 1.000000e+00
      outer loop
         vertex 5.548205e+01 4.750000e+00 6.500000e+00
         vertex 5.562939e+01 4.434040e+00 6.500000e+00
         vertex 7.223446e+01 2.875000e+00 6.500000e+00
      endloop
   endfacet
   facet normal 0.000000e+00 0.000000e+00 1.000000e+00
      outer loop
         vertex 7.223446e+01 2.875000e+00 6.500000e+00
         vertex 5.562939e+01 4.434040e+00 6.500000e+00
         vertex 5.571962e+01 4.097296e+00 6.500000e+00
      endloop
   endfacet
   facet normal 0.000000e+00 0.000000e+00 1.000000e+00
      outer loop
         vertex 7.223446e+01 2.875000e+00 6.500000e+00
         vertex 5.571962e+01 4.097296e+00 6.500000e+00
         vertex 7.240942e+01 2.625122e+00 6.500000e+00
      endloop
   endfacet
   facet normal 0.000000e+00 0.000000e+00 1.000000e+00
      outer loop
         vertex 7.240942e+01 2.625122e+00 6.500000e+00
         vertex 5.571962e+01 4.097296e+00 6.500000e+00
         vertex 5.575000e+01 3.750000e+00 6.500000e+00
      endloop
   endfacet
   facet normal 0.000000e+00 0.000000e+00 1.000000e+00
      outer loop
         vertex 7.240942e+01 2.625122e+00 6.500000e+00
         vertex 5.575000e+01 3.750000e+00 6.500000e+00
         vertex 7.262512e+01 2.409422e+00 6.500000e+00
      endloop
   endfacet
   facet normal 0.000000e+00 0.000000e+00 1.000000e+00
      outer loop
         vertex 7.262512e+01 2.409422e+00 6.500000e+00
         vertex 5.575000e+01 3.750000e+00 6.500000e+00
         vertex 7.287500e+01 2.234455e+00 6.500000e+00
      endloop
   endfacet
   facet normal -0.000000e+00 -0.000000e+00 1.000000e+00
      outer loop
         vertex 5.443404e+01 5.629385e+00 6.500000e+00
         vertex 7.223446e+01 2.875000e+00 6.500000e+00
         vertex 5.409730e+01 5.719615e+00 6.500000e+00
      endloop
   endfacet
   facet normal 0.000000e+00 0.000000e+00 1.000000e+00
      outer loop
         vertex 5.409730e+01 5.719615e+00 6.500000e+00
         vertex 7.223446e+01 2.875000e+00 6.500000e+00
         vertex 7.210554e+01 3.151465e+00 6.500000e+00
      endloop
   endfacet
   facet normal 0.000000e+00 0.000000e+00 1.000000e+00
      outer loop
         vertex 5.409730e+01 5.719615e+00 6.500000e+00
         vertex 7.210554e+01 3.151465e+00 6.500000e+00
         vertex 7.202659e+01 3.446116e+00 6.500000e+00
      endloop
   endfacet
   facet normal 0.000000e+00 -0.000000e+00 1.000000e+00
      outer loop
         vertex 5.340270e+01 5.719615e+00 6.500000e+00
         vertex 5.375000e+01 5.750000e+00 6.500000e+00
         vertex 5.313277e+01 7.448855e+00 6.500000e+00
      endloop
   endfacet
   facet normal 0.000000e+00 -0.000000e+00 1.000000e+00
      outer loop
         vertex 7.223446e+01 4.625000e+00 6.500000e+00
         vertex 7.240942e+01 4.874878e+00 6.500000e+00
         vertex 5.375000e+01 7.500000e+00 6.500000e+00
      endloop
   endfacet
   facet normal 0.000000e+00 0.000000e+00 1.000000e+00
      outer loop
         vertex 5.375000e+01 7.500000e+00 6.500000e+00
         vertex 7.240942e+01 4.874878e+00 6.500000e+00
         vertex 7.262512e+01 5.090578e+00 6.500000e+00
      endloop
   endfacet
   facet normal -0.000000e+00 0.000000e+00 1.000000e+00
      outer loop
         vertex 5.375000e+01 7.500000e+00 6.500000e+00
         vertex 7.262512e+01 5.090578e+00 6.500000e+00
         vertex 7.375000e+01 7.500000e+00 6.500000e+00
      endloop
   endfacet
   facet normal 0.000000e+00 0.000000e+00 1.000000e+00
      outer loop
         vertex 7.375000e+01 7.500000e+00 6.500000e+00
         vertex 7.262512e+01 5.090578e+00 6.500000e+00
         vertex 7.287500e+01 5.265544e+00 6.500000e+00
      endloop
   endfacet
   facet normal 0.000000e+00 0.000000e+00 1.000000e+00
      outer loop
         vertex 7.375000e+01 7.500000e+00 6.500000e+00
         vertex 7.287500e+01 5.265544e+00 6.500000e+00
         vertex 7.315147e+01 5.394462e+00 6.500000e+00
      endloop
   endfacet
   facet normal -0.000000e+00 0.000000e+00 1.000000e+00
      outer loop
         vertex 5.528209e+01 2.464425e+00 6.500000e+00
         vertex 7.375000e+01 0.000000e+00 6.500000e+00
         vertex 5.548205e+01 2.750000e+00 6.500000e+00
      endloop
   endfacet
   facet normal -0.000000e+00 0.000000e+00 1.000000e+00
      outer loop
         vertex 5.548205e+01 2.750000e+00 6.500000e+00
         vertex 7.375000e+01 0.000000e+00 6.500000e+00
         vertex 5.562939e+01 3.065960e+00 6.500000e+00
      endloop
   endfacet
   facet normal -0.000000e+00 -0.000000e+00 1.000000e+00
      outer loop
         vertex 5.375000e+01 5.750000e+00 6.500000e+00
         vertex 5.409730e+01 5.719615e+00 6.500000e+00
         vertex 5.313277e+01 7.448855e+00 6.500000e+00
      endloop
   endfacet
   facet normal 0.000000e+00 0.000000e+00 1.000000e+00
      outer loop
         vertex 5.313277e+01 7.448855e+00 6.500000e+00
         vertex 5.409730e+01 5.719615e+00 6.500000e+00
         vertex 7.202659e+01 4.053884e+00 6.500000e+00
      endloop
   endfacet
   facet normal -0.000000e+00 0.000000e+00 1.000000e+00
      outer loop
         vertex 5.313277e+01 7.448855e+00 6.500000e+00
         vertex 7.202659e+01 4.053884e+00 6.500000e+00
         vertex 5.375000e+01 7.500000e+00 6.500000e+00
      endloop
   endfacet
   facet normal 0.000000e+00 0.000000e+00 1.000000e+00
      outer loop
         vertex 5.375000e+01 7.500000e+00 6.500000e+00
         vertex 7.202659e+01 4.053884e+00 6.500000e+00
         vertex 7.210554e+01 4.348535e+00 6.500000e+00
      endloop
   endfacet
   facet normal 0.000000e+00 0.000000e+00 1.000000e+00
      outer loop
         vertex 5.375000e+01 7.500000e+00 6.500000e+00
         vertex 7.210554e+01 4.348535e+00 6.500000e+00
         vertex 7.223446e+01 4.625000e+00 6.500000e+00
      endloop
   endfacet
   facet normal 0.000000e+00 -0.000000e+00 1.000000e+00
      outer loop
         vertex 7.375000e+01 0.000000e+00 6.500000e+00
         vertex 7.375000e+01 2.000000e+00 6.500000e+00
         vertex 7.344612e+01 2.026586e+00 6.500000e+00
      endloop
   endfacet
   facet normal 0.000000e+00 0.000000e+00 1.000000e+00
      outer loop
         vertex 5.528209e+01 2.464425e+00 6.500000e+00
         vertex 5.503558e+01 2.217911e+00 6.500000e+00
         vertex 7.375000e+01 0.000000e+00 6.500000e+00
      endloop
   endfacet
   facet normal 0.000000e+00 0.000000e+00 1.000000e+00
      outer loop
         vertex 7.375000e+01 0.000000e+00 6.500000e+00
         vertex 5.503558e+01 2.217911e+00 6.500000e+00
         vertex 5.475000e+01 2.017949e+00 6.500000e+00
      endloop
   endfacet
   facet normal 0.000000e+00 0.000000e+00 1.000000e+00
      outer loop
         vertex 7.375000e+01 0.000000e+00 6.500000e+00
         vertex 5.475000e+01 2.017949e+00 6.500000e+00
         vertex 5.375000e+01 0.000000e+00 6.500000e+00
      endloop
   endfacet
   facet normal 0.000000e+00 0.000000e+00 1.000000e+00
      outer loop
         vertex 5.375000e+01 0.000000e+00 6.500000e+00
         vertex 5.475000e+01 2.017949e+00 6.500000e+00
         vertex 5.443404e+01 1.870615e+00 6.500000e+00
      endloop
   endfacet
   facet normal -0.000000e+00 0.000000e+00 1.000000e+00
      outer loop
         vertex 7.547341e+01 3.446116e+00 6.500000e+00
         vertex 7.748719e+01 3.440327e+00 6.500000e+00
         vertex 7.550000e+01 3.750000e+00 6.500000e+00
      endloop
   endfacet
   facet normal -0.000000e+00 0.000000e+00 1.000000e+00
      outer loop
         vertex 7.550000e+01 3.750000e+00 6.500000e+00
         vertex 7.748719e+01 3.440327e+00 6.500000e+00
         vertex 7.748719e+01 4.059672e+00 6.500000e+00
      endloop
   endfacet
   facet normal 0.000000e+00 -0.000000e+00 1.000000e+00
      outer loop
         vertex 7.550000e+01 3.750000e+00 6.500000e+00
         vertex 7.748719e+01 4.059672e+00 6.500000e+00
         vertex 7.547341e+01 4.053884e+00 6.500000e+00
      endloop
   endfacet
   facet normal 0.000000e+00 0.000000e+00 1.000000e+00
      outer loop
         vertex 7.547341e+01 4.053884e+00 6.500000e+00
         vertex 7.748719e+01 4.059672e+00 6.500000e+00
         vertex 7.738525e+01 4.670570e+00 6.500000e+00
      endloop
   endfacet
   facet normal 0.000000e+00 -0.000000e+00 1.000000e+00
      outer loop
         vertex 7.547341e+01 4.053884e+00 6.500000e+00
         vertex 7.738525e+01 4.670570e+00 6.500000e+00
         vertex 7.539446e+01 4.348535e+00 6.500000e+00
      endloop
   endfacet
   facet normal 0.000000e+00 0.000000e+00 1.000000e+00
      outer loop
         vertex 7.539446e+01 4.348535e+00 6.500000e+00
         vertex 7.738525e+01 4.670570e+00 6.500000e+00
         vertex 7.718415e+01 5.256358e+00 6.500000e+00
      endloop
   endfacet
   facet normal 0.000000e+00 -0.000000e+00 1.000000e+00
      outer loop
         vertex 7.539446e+01 4.348535e+00 6.500000e+00
         vertex 7.718415e+01 5.256358e+00 6.500000e+00
         vertex 7.526555e+01 4.625000e+00 6.500000e+00
      endloop
   endfacet
   facet normal 0.000000e+00 0.000000e+00 1.000000e+00
      outer loop
         vertex 7.526555e+01 4.625000e+00 6.500000e+00
         vertex 7.718415e+01 5.256358e+00 6.500000e+00
         vertex 7.688937e+01 5.801056e+00 6.500000e+00
      endloop
   endfacet
   facet normal 0.000000e+00 -0.000000e+00 1.000000e+00
      outer loop
         vertex 7.526555e+01 4.625000e+00 6.500000e+00
         vertex 7.688937e+01 5.801056e+00 6.500000e+00
         vertex 7.509058e+01 4.874878e+00 6.500000e+00
      endloop
   endfacet
   facet normal 0.000000e+00 0.000000e+00 1.000000e+00
      outer loop
         vertex 7.509058e+01 4.874878e+00 6.500000e+00
         vertex 7.688937e+01 5.801056e+00 6.500000e+00
         vertex 7.650897e+01 6.289806e+00 6.500000e+00
      endloop
   endfacet
   facet normal 0.000000e+00 -0.000000e+00 1.000000e+00
      outer loop
         vertex 7.509058e+01 4.874878e+00 6.500000e+00
         vertex 7.650897e+01 6.289806e+00 6.500000e+00
         vertex 7.487488e+01 5.090578e+00 6.500000e+00
      endloop
   endfacet
   facet normal 0.000000e+00 0.000000e+00 1.000000e+00
      outer loop
         vertex 7.487488e+01 5.090578e+00 6.500000e+00
         vertex 7.650897e+01 6.289806e+00 6.500000e+00
         vertex 7.605330e+01 6.709277e+00 6.500000e+00
      endloop
   endfacet
   facet normal 0.000000e+00 -0.000000e+00 1.000000e+00
      outer loop
         vertex 7.487488e+01 5.090578e+00 6.500000e+00
         vertex 7.605330e+01 6.709277e+00 6.500000e+00
         vertex 7.462500e+01 5.265544e+00 6.500000e+00
      endloop
   endfacet
   facet normal 0.000000e+00 0.000000e+00 1.000000e+00
      outer loop
         vertex 7.462500e+01 5.265544e+00 6.500000e+00
         vertex 7.605330e+01 6.709277e+00 6.500000e+00
         vertex 7.553480e+01 7.048026e+00 6.500000e+00
      endloop
   endfacet
   facet normal 0.000000e+00 -0.000000e+00 1.000000e+00
      outer loop
         vertex 7.462500e+01 5.265544e+00 6.500000e+00
         vertex 7.553480e+01 7.048026e+00 6.500000e+00
         vertex 7.434854e+01 5.394462e+00 6.500000e+00
      endloop
   endfacet
   facet normal 0.000000e+00 0.000000e+00 1.000000e+00
      outer loop
         vertex 7.434854e+01 5.394462e+00 6.500000e+00
         vertex 7.553480e+01 7.048026e+00 6.500000e+00
         vertex 7.496762e+01 7.296815e+00 6.500000e+00
      endloop
   endfacet
   facet normal 0.000000e+00 -0.000000e+00 1.000000e+00
      outer loop
         vertex 7.434854e+01 5.394462e+00 6.500000e+00
         vertex 7.496762e+01 7.296815e+00 6.500000e+00
         vertex 7.405388e+01 5.473414e+00 6.500000e+00
      endloop
   endfacet
   facet normal 0.000000e+00 0.000000e+00 1.000000e+00
      outer loop
         vertex 7.405388e+01 5.473414e+00 6.500000e+00
         vertex 7.496762e+01 7.296815e+00 6.500000e+00
         vertex 7.436723e+01 7.448855e+00 6.500000e+00
      endloop
   endfacet
   facet normal 0.000000e+00 -0.000000e+00 1.000000e+00
      outer loop
         vertex 7.405388e+01 5.473414e+00 6.500000e+00
         vertex 7.436723e+01 7.448855e+00 6.500000e+00
         vertex 7.375000e+01 5.500000e+00 6.500000e+00
      endloop
   endfacet
   facet normal 0.000000e+00 0.000000e+00 1.000000e+00
      outer loop
         vertex 7.375000e+01 5.500000e+00 6.500000e+00
         vertex 7.436723e+01 7.448855e+00 6.500000e+00
         vertex 7.375000e+01 7.500000e+00 6.500000e+00
      endloop
   endfacet
   facet normal 0.000000e+00 -0.000000e+00 1.000000e+00
      outer loop
         vertex 7.375000e+01 5.500000e+00 6.500000e+00
         vertex 7.375000e+01 7.500000e+00 6.500000e+00
         vertex 7.344612e+01 5.473414e+00 6.500000e+00
      endloop
   endfacet
   facet normal 0.000000e+00 -0.000000e+00 1.000000e+00
      outer loop
         vertex 7.344612e+01 5.473414e+00 6.500000e+00
         vertex 7.375000e+01 7.500000e+00 6.500000e+00
         vertex 7.315147e+01 5.394462e+00 6.500000e+00
      endloop
   endfacet
   facet normal -0.000000e+00 0.000000e+00 1.000000e+00
      outer loop
         vertex 7.375000e+01 2.000000e+00 6.500000e+00
         vertex 7.375000e+01 0.000000e+00 6.500000e+00
         vertex 7.405388e+01 2.026586e+00 6.500000e+00
      endloop
   endfacet
   facet normal 0.000000e+00 0.000000e+00 1.000000e+00
      outer loop
         vertex 7.405388e+01 2.026586e+00 6.500000e+00
         vertex 7.375000e+01 0.000000e+00 6.500000e+00
         vertex 7.436723e+01 5.114498e-02 6.500000e+00
      endloop
   endfacet
   facet normal -0.000000e+00 0.000000e+00 1.000000e+00
      outer loop
         vertex 7.405388e+01 2.026586e+00 6.500000e+00
         vertex 7.436723e+01 5.114498e-02 6.500000e+00
         vertex 7.434854e+01 2.105538e+00 6.500000e+00
      endloop
   endfacet
   facet normal 0.000000e+00 0.000000e+00 1.000000e+00
      outer loop
         vertex 7.434854e+01 2.105538e+00 6.500000e+00
         vertex 7.436723e+01 5.114498e-02 6.500000e+00
         vertex 7.496762e+01 2.031852e-01 6.500000e+00
      endloop
   endfacet
   facet normal -0.000000e+00 0.000000e+00 1.000000e+00
      outer loop
         vertex 7.434854e+01 2.105538e+00 6.500000e+00
         vertex 7.496762e+01 2.031852e-01 6.500000e+00
         vertex 7.462500e+01 2.234455e+00 6.500000e+00
      endloop
   endfacet
   facet normal 0.000000e+00 0.000000e+00 1.000000e+00
      outer loop
         vertex 7.462500e+01 2.234455e+00 6.500000e+00
         vertex 7.496762e+01 2.031852e-01 6.500000e+00
         vertex 7.553480e+01 4.519734e-01 6.500000e+00
      endloop
   endfacet
   facet normal -0.000000e+00 0.000000e+00 1.000000e+00
      outer loop
         vertex 7.462500e+01 2.234455e+00 6.500000e+00
         vertex 7.553480e+01 4.519734e-01 6.500000e+00
         vertex 7.487488e+01 2.409422e+00 6.500000e+00
      endloop
   endfacet
   facet normal 0.000000e+00 0.000000e+00 1.000000e+00
      outer loop
         vertex 7.487488e+01 2.409422e+00 6.500000e+00
         vertex 7.553480e+01 4.519734e-01 6.500000e+00
         vertex 7.605330e+01 7.907229e-01 6.500000e+00
      endloop
   endfacet
   facet normal -0.000000e+00 0.000000e+00 1.000000e+00
      outer loop
         vertex 7.487488e+01 2.409422e+00 6.500000e+00
         vertex 7.605330e+01 7.907229e-01 6.500000e+00
         vertex 7.509058e+01 2.625122e+00 6.500000e+00
      endloop
   endfacet
   facet normal 0.000000e+00 0.000000e+00 1.000000e+00
      outer loop
         vertex 7.509058e+01 2.625122e+00 6.500000e+00
         vertex 7.605330e+01 7.907229e-01 6.500000e+00
         vertex 7.650897e+01 1.210194e+00 6.500000e+00
      endloop
   endfacet
   facet normal -0.000000e+00 0.000000e+00 1.000000e+00
      outer loop
         vertex 7.509058e+01 2.625122e+00 6.500000e+00
         vertex 7.650897e+01 1.210194e+00 6.500000e+00
         vertex 7.526555e+01 2.875000e+00 6.500000e+00
      endloop
   endfacet
   facet normal 0.000000e+00 0.000000e+00 1.000000e+00
      outer loop
         vertex 7.526555e+01 2.875000e+00 6.500000e+00
         vertex 7.650897e+01 1.210194e+00 6.500000e+00
         vertex 7.688937e+01 1.698944e+00 6.500000e+00
      endloop
   endfacet
   facet normal -0.000000e+00 0.000000e+00 1.000000e+00
      outer loop
         vertex 7.526555e+01 2.875000e+00 6.500000e+00
         vertex 7.688937e+01 1.698944e+00 6.500000e+00
         vertex 7.539446e+01 3.151465e+00 6.500000e+00
      endloop
   endfacet
   facet normal 0.000000e+00 0.000000e+00 1.000000e+00
      outer loop
         vertex 7.539446e+01 3.151465e+00 6.500000e+00
         vertex 7.688937e+01 1.698944e+00 6.500000e+00
         vertex 7.718415e+01 2.243642e+00 6.500000e+00
      endloop
   endfacet
   facet normal -0.000000e+00 0.000000e+00 1.000000e+00
      outer loop
         vertex 7.539446e+01 3.151465e+00 6.500000e+00
         vertex 7.718415e+01 2.243642e+00 6.500000e+00
         vertex 7.547341e+01 3.446116e+00 6.500000e+00
      endloop
   endfacet
   facet normal 0.000000e+00 0.000000e+00 1.000000e+00
      outer loop
         vertex 7.547341e+01 3.446116e+00 6.500000e+00
         vertex 7.718415e+01 2.243642e+00 6.500000e+00
         vertex 7.738525e+01 2.829429e+00 6.500000e+00
      endloop
   endfacet
   facet normal 0.000000e+00 0.000000e+00 1.000000e+00
      outer loop
         vertex 7.547341e+01 3.446116e+00 6.500000e+00
         vertex 7.738525e+01 2.829429e+00 6.500000e+00
         vertex 7.748719e+01 3.440327e+00 6.500000e+00
      endloop
   endfacet
   facet normal -0.000000e+00 0.000000e+00 1.000000e+00
      outer loop
         vertex 5.562939e+01 3.065960e+00 6.500000e+00
         vertex 7.375000e+01 0.000000e+00 6.500000e+00
         vertex 5.571962e+01 3.402704e+00 6.500000e+00
      endloop
   endfacet
   facet normal 0.000000e+00 0.000000e+00 1.000000e+00
      outer loop
         vertex 5.571962e+01 3.402704e+00 6.500000e+00
         vertex 7.375000e+01 0.000000e+00 6.500000e+00
         vertex 7.344612e+01 2.026586e+00 6.500000e+00
      endloop
   endfacet
   facet normal -0.000000e+00 0.000000e+00 1.000000e+00
      outer loop
         vertex 5.571962e+01 3.402704e+00 6.500000e+00
         vertex 7.344612e+01 2.026586e+00 6.500000e+00
         vertex 5.575000e+01 3.750000e+00 6.500000e+00
      endloop
   endfacet
   facet normal 0.000000e+00 0.000000e+00 1.000000e+00
      outer loop
         vertex 5.575000e+01 3.750000e+00 6.500000e+00
         vertex 7.344612e+01 2.026586e+00 6.500000e+00
         vertex 7.315147e+01 2.105538e+00 6.500000e+00
      endloop
   endfacet
   facet normal 0.000000e+00 0.000000e+00 1.000000e+00
      outer loop
         vertex 5.575000e+01 3.750000e+00 6.500000e+00
         vertex 7.315147e+01 2.105538e+00 6.500000e+00
         vertex 7.287500e+01 2.234455e+00 6.500000e+00
      endloop
   endfacet
   facet normal 0.000000e+00 0.000000e+00 1.000000e+00
      outer loop
         vertex 5.340270e+01 5.719615e+00 6.500000e+00
         vertex 5.313277e+01 7.448855e+00 6.500000e+00
         vertex 5.306596e+01 5.629385e+00 6.500000e+00
      endloop
   endfacet
   facet normal 0.000000e+00 -0.000000e+00 1.000000e+00
      outer loop
         vertex 5.306596e+01 5.629385e+00 6.500000e+00
         vertex 5.313277e+01 7.448855e+00 6.500000e+00
         vertex 5.253238e+01 7.296815e+00 6.500000e+00
      endloop
   endfacet
   facet normal 0.000000e+00 0.000000e+00 1.000000e+00
      outer loop
         vertex 5.306596e+01 5.629385e+00 6.500000e+00
         vertex 5.253238e+01 7.296815e+00 6.500000e+00
         vertex 5.275000e+01 5.482051e+00 6.500000e+00
      endloop
   endfacet
   facet normal 0.000000e+00 0.000000e+00 1.000000e+00
      outer loop
         vertex 5.275000e+01 5.482051e+00 6.500000e+00
         vertex 5.253238e+01 7.296815e+00 6.500000e+00
         vertex 5.196520e+01 7.048026e+00 6.500000e+00
      endloop
   endfacet
   facet normal 0.000000e+00 0.000000e+00 1.000000e+00
      outer loop
         vertex 5.275000e+01 5.482051e+00 6.500000e+00
         vertex 5.196520e+01 7.048026e+00 6.500000e+00
         vertex 5.246442e+01 5.282089e+00 6.500000e+00
      endloop
   endfacet
   facet normal 0.000000e+00 0.000000e+00 1.000000e+00
      outer loop
         vertex 5.246442e+01 5.282089e+00 6.500000e+00
         vertex 5.196520e+01 7.048026e+00 6.500000e+00
         vertex 5.144670e+01 6.709277e+00 6.500000e+00
      endloop
   endfacet
   facet normal 0.000000e+00 0.000000e+00 1.000000e+00
      outer loop
         vertex 5.246442e+01 5.282089e+00 6.500000e+00
         vertex 5.144670e+01 6.709277e+00 6.500000e+00
         vertex 5.221791e+01 5.035575e+00 6.500000e+00
      endloop
   endfacet
   facet normal 0.000000e+00 0.000000e+00 1.000000e+00
      outer loop
         vertex 5.221791e+01 5.035575e+00 6.500000e+00
         vertex 5.144670e+01 6.709277e+00 6.500000e+00
         vertex 5.099104e+01 6.289806e+00 6.500000e+00
      endloop
   endfacet
   facet normal 0.000000e+00 0.000000e+00 1.000000e+00
      outer loop
         vertex 5.221791e+01 5.035575e+00 6.500000e+00
         vertex 5.099104e+01 6.289806e+00 6.500000e+00
         vertex 5.201795e+01 4.750000e+00 6.500000e+00
      endloop
   endfacet
   facet normal 0.000000e+00 0.000000e+00 1.000000e+00
      outer loop
         vertex 5.201795e+01 4.750000e+00 6.500000e+00
         vertex 5.099104e+01 6.289806e+00 6.500000e+00
         vertex 5.061063e+01 5.801056e+00 6.500000e+00
      endloop
   endfacet
   facet normal 0.000000e+00 0.000000e+00 1.000000e+00
      outer loop
         vertex 5.201795e+01 4.750000e+00 6.500000e+00
         vertex 5.061063e+01 5.801056e+00 6.500000e+00
         vertex 5.187062e+01 4.434040e+00 6.500000e+00
      endloop
   endfacet
   facet normal 0.000000e+00 0.000000e+00 1.000000e+00
      outer loop
         vertex 5.187062e+01 4.434040e+00 6.500000e+00
         vertex 5.061063e+01 5.801056e+00 6.500000e+00
         vertex 5.031585e+01 5.256358e+00 6.500000e+00
      endloop
   endfacet
   facet normal 0.000000e+00 0.000000e+00 1.000000e+00
      outer loop
         vertex 5.187062e+01 4.434040e+00 6.500000e+00
         vertex 5.031585e+01 5.256358e+00 6.500000e+00
         vertex 5.178038e+01 4.097296e+00 6.500000e+00
      endloop
   endfacet
   facet normal 0.000000e+00 0.000000e+00 1.000000e+00
      outer loop
         vertex 5.178038e+01 4.097296e+00 6.500000e+00
         vertex 5.031585e+01 5.256358e+00 6.500000e+00
         vertex 5.011475e+01 4.670570e+00 6.500000e+00
      endloop
   endfacet
   facet normal 0.000000e+00 0.000000e+00 1.000000e+00
      outer loop
         vertex 5.178038e+01 4.097296e+00 6.500000e+00
         vertex 5.011475e+01 4.670570e+00 6.500000e+00
         vertex 5.175000e+01 3.750000e+00 6.500000e+00
      endloop
   endfacet
   facet normal 0.000000e+00 0.000000e+00 1.000000e+00
      outer loop
         vertex 5.443404e+01 1.870615e+00 6.500000e+00
         vertex 5.409730e+01 1.780384e+00 6.500000e+00
         vertex 5.375000e+01 0.000000e+00 6.500000e+00
      endloop
   endfacet
   facet normal 0.000000e+00 0.000000e+00 1.000000e+00
      outer loop
         vertex 5.375000e+01 0.000000e+00 6.500000e+00
         vertex 5.409730e+01 1.780384e+00 6.500000e+00
         vertex 5.375000e+01 1.750000e+00 6.500000e+00
      endloop
   endfacet
   facet normal 0.000000e+00 -0.000000e+00 1.000000e+00
      outer loop
         vertex 5.375000e+01 0.000000e+00 6.500000e+00
         vertex 5.375000e+01 1.750000e+00 6.500000e+00
         vertex 5.313277e+01 5.114498e-02 6.500000e+00
      endloop
   endfacet
   facet normal 0.000000e+00 0.000000e+00 1.000000e+00
      outer loop
         vertex 5.313277e+01 5.114498e-02 6.500000e+00
         vertex 5.375000e+01 1.750000e+00 6.500000e+00
         vertex 5.340270e+01 1.780384e+00 6.500000e+00
      endloop
   endfacet
   facet normal 0.000000e+00 -0.000000e+00 1.000000e+00
      outer loop
         vertex 5.313277e+01 5.114498e-02 6.500000e+00
         vertex 5.340270e+01 1.780384e+00 6.500000e+00
         vertex 5.253238e+01 2.031852e-01 6.500000e+00
      endloop
   endfacet
   facet normal 0.000000e+00 0.000000e+00 1.000000e+00
      outer loop
         vertex 5.253238e+01 2.031852e-01 6.500000e+00
         vertex 5.340270e+01 1.780384e+00 6.500000e+00
         vertex 5.306596e+01 1.870615e+00 6.500000e+00
      endloop
   endfacet
   facet normal 0.000000e+00 -0.000000e+00 1.000000e+00
      outer loop
         vertex 5.253238e+01 2.031852e-01 6.500000e+00
         vertex 5.306596e+01 1.870615e+00 6.500000e+00
         vertex 5.196520e+01 4.519734e-01 6.500000e+00
      endloop
   endfacet
   facet normal 0.000000e+00 0.000000e+00 1.000000e+00
      outer loop
         vertex 5.196520e+01 4.519734e-01 6.500000e+00
         vertex 5.306596e+01 1.870615e+00 6.500000e+00
         vertex 5.275000e+01 2.017949e+00 6.500000e+00
      endloop
   endfacet
   facet normal 0.000000e+00 -0.000000e+00 1.000000e+00
      outer loop
         vertex 5.196520e+01 4.519734e-01 6.500000e+00
         vertex 5.275000e+01 2.017949e+00 6.500000e+00
         vertex 5.144670e+01 7.907229e-01 6.500000e+00
      endloop
   endfacet
   facet normal 0.000000e+00 0.000000e+00 1.000000e+00
      outer loop
         vertex 5.144670e+01 7.907229e-01 6.500000e+00
         vertex 5.275000e+01 2.017949e+00 6.500000e+00
         vertex 5.246442e+01 2.217911e+00 6.500000e+00
      endloop
   endfacet
   facet normal 0.000000e+00 -0.000000e+00 1.000000e+00
      outer loop
         vertex 5.144670e+01 7.907229e-01 6.500000e+00
         vertex 5.246442e+01 2.217911e+00 6.500000e+00
         vertex 5.099104e+01 1.210194e+00 6.500000e+00
      endloop
   endfacet
   facet normal 0.000000e+00 0.000000e+00 1.000000e+00
      outer loop
         vertex 5.099104e+01 1.210194e+00 6.500000e+00
         vertex 5.246442e+01 2.217911e+00 6.500000e+00
         vertex 5.221791e+01 2.464425e+00 6.500000e+00
      endloop
   endfacet
   facet normal 0.000000e+00 -0.000000e+00 1.000000e+00
      outer loop
         vertex 5.099104e+01 1.210194e+00 6.500000e+00
         vertex 5.221791e+01 2.464425e+00 6.500000e+00
         vertex 5.061063e+01 1.698944e+00 6.500000e+00
      endloop
   endfacet
   facet normal 0.000000e+00 0.000000e+00 1.000000e+00
      outer loop
         vertex 5.061063e+01 1.698944e+00 6.500000e+00
         vertex 5.221791e+01 2.464425e+00 6.500000e+00
         vertex 5.201795e+01 2.750000e+00 6.500000e+00
      endloop
   endfacet
   facet normal 0.000000e+00 -0.000000e+00 1.000000e+00
      outer loop
         vertex 5.061063e+01 1.698944e+00 6.500000e+00
         vertex 5.201795e+01 2.750000e+00 6.500000e+00
         vertex 5.031585e+01 2.243642e+00 6.500000e+00
      endloop
   endfacet
   facet normal 0.000000e+00 0.000000e+00 1.000000e+00
      outer loop
         vertex 5.031585e+01 2.243642e+00 6.500000e+00
         vertex 5.201795e+01 2.750000e+00 6.500000e+00
         vertex 5.187062e+01 3.065960e+00 6.500000e+00
      endloop
   endfacet
   facet normal 0.000000e+00 -0.000000e+00 1.000000e+00
      outer loop
         vertex 5.031585e+01 2.243642e+00 6.500000e+00
         vertex 5.187062e+01 3.065960e+00 6.500000e+00
         vertex 5.011475e+01 2.829429e+00 6.500000e+00
      endloop
   endfacet
   facet normal 0.000000e+00 0.000000e+00 1.000000e+00
      outer loop
         vertex 5.011475e+01 2.829429e+00 6.500000e+00
         vertex 5.187062e+01 3.065960e+00 6.500000e+00
         vertex 5.178038e+01 3.402704e+00 6.500000e+00
      endloop
   endfacet
   facet normal 0.000000e+00 -0.000000e+00 1.000000e+00
      outer loop
         vertex 5.011475e+01 2.829429e+00 6.500000e+00
         vertex 5.178038e+01 3.402704e+00 6.500000e+00
         vertex 5.001281e+01 3.440327e+00 6.500000e+00
      endloop
   endfacet
   facet normal -0.000000e+00 0.000000e+00 1.000000e+00
      outer loop
         vertex 5.001281e+01 3.440327e+00 6.500000e+00
         vertex 5.178038e+01 3.402704e+00 6.500000e+00
         vertex 5.175000e+01 3.750000e+00 6.500000e+00
      endloop
   endfacet
   facet normal 0.000000e+00 0.000000e+00 1.000000e+00
      outer loop
         vertex 5.001281e+01 3.440327e+00 6.500000e+00
         vertex 5.175000e+01 3.750000e+00 6.500000e+00
         vertex 5.001281e+01 4.059672e+00 6.500000e+00
      endloop
   endfacet
   facet normal -0.000000e+00 0.000000e+00 1.000000e+00
      outer loop
         vertex 5.001281e+01 4.059672e+00 6.500000e+00
         vertex 5.175000e+01 3.750000e+00 6.500000e+00
         vertex 5.011475e+01 4.670570e+00 6.500000e+00
      endloop
   endfacet
   facet normal 8.257930e-02 9.965845e-01 -0.000000e+00
      outer loop
         vertex 7.375000e+01 7.500000e+00 3.500000e+00
         vertex 7.375000e+01 7.500000e+00 6.500000e+00
         vertex 7.436723e+01 7.448855e+00 6.500000e+00
      endloop
   endfacet
   facet normal 8.257930e-02 9.965845e-01 0.000000e+00
      outer loop
         vertex 7.375000e+01 7.500000e+00 3.500000e+00
         vertex 7.436723e+01 7.448855e+00 6.500000e+00
         vertex 7.436723e+01 7.448855e+00 3.500000e+00
      endloop
   endfacet
   facet normal 2.454853e-01 9.694003e-01 -0.000000e+00
      outer loop
         vertex 7.436723e+01 7.448855e+00 3.500000e+00
         vertex 7.436723e+01 7.448855e+00 6.500000e+00
         vertex 7.496762e+01 7.296815e+00 6.500000e+00
      endloop
   endfacet
   facet normal 2.454853e-01 9.694003e-01 0.000000e+00
      outer loop
         vertex 7.436723e+01 7.448855e+00 3.500000e+00
         vertex 7.496762e+01 7.296815e+00 6.500000e+00
         vertex 7.496762e+01 7.296815e+00 3.500000e+00
      endloop
   endfacet
   facet normal 4.016958e-01 9.157731e-01 -0.000000e+00
      outer loop
         vertex 7.496762e+01 7.296815e+00 3.500000e+00
         vertex 7.496762e+01 7.296815e+00 6.500000e+00
         vertex 7.553480e+01 7.048026e+00 6.500000e+00
      endloop
   endfacet
   facet normal 4.016958e-01 9.157731e-01 0.000000e+00
      outer loop
         vertex 7.496762e+01 7.296815e+00 3.500000e+00
         vertex 7.553480e+01 7.048026e+00 6.500000e+00
         vertex 7.553480e+01 7.048026e+00 3.500000e+00
      endloop
   endfacet
   facet normal 5.469464e-01 8.371676e-01 -0.000000e+00
      outer loop
         vertex 7.553480e+01 7.048026e+00 3.500000e+00
         vertex 7.553480e+01 7.048026e+00 6.500000e+00
         vertex 7.605330e+01 6.709277e+00 6.500000e+00
      endloop
   endfacet
   facet normal 5.469464e-01 8.371676e-01 0.000000e+00
      outer loop
         vertex 7.553480e+01 7.048026e+00 3.500000e+00
         vertex 7.605330e+01 6.709277e+00 6.500000e+00
         vertex 7.605330e+01 6.709277e+00 3.500000e+00
      endloop
   endfacet
   facet normal 6.772822e-01 7.357233e-01 -0.000000e+00
      outer loop
         vertex 7.605330e+01 6.709277e+00 3.500000e+00
         vertex 7.605330e+01 6.709277e+00 6.500000e+00
         vertex 7.650897e+01 6.289806e+00 6.500000e+00
      endloop
   endfacet
   facet normal 6.772822e-01 7.357233e-01 0.000000e+00
      outer loop
         vertex 7.605330e+01 6.709277e+00 3.500000e+00
         vertex 7.650897e+01 6.289806e+00 6.500000e+00
         vertex 7.650897e+01 6.289806e+00 3.500000e+00
      endloop
   endfacet
   facet normal 7.891417e-01 6.142112e-01 -0.000000e+00
      outer loop
         vertex 7.650897e+01 6.289806e+00 3.500000e+00
         vertex 7.650897e+01 6.289806e+00 6.500000e+00
         vertex 7.688937e+01 5.801056e+00 6.500000e+00
      endloop
   endfacet
   facet normal 7.891417e-01 6.142112e-01 0.000000e+00
      outer loop
         vertex 7.650897e+01 6.289806e+00 3.500000e+00
         vertex 7.688937e+01 5.801056e+00 6.500000e+00
         vertex 7.688937e+01 5.801056e+00 3.500000e+00
      endloop
   endfacet
   facet normal 8.794719e-01 4.759508e-01 -0.000000e+00
      outer loop
         vertex 7.688937e+01 5.801056e+00 3.500000e+00
         vertex 7.688937e+01 5.801056e+00 6.500000e+00
         vertex 7.718415e+01 5.256358e+00 6.500000e+00
      endloop
   endfacet
   facet normal 8.794719e-01 4.759508e-01 0.000000e+00
      outer loop
         vertex 7.688937e+01 5.801056e+00 3.500000e+00
         vertex 7.718415e+01 5.256358e+00 6.500000e+00
         vertex 7.718415e+01 5.256358e+00 3.500000e+00
      endloop
   endfacet
   facet normal 9.458184e-01 3.246960e-01 -0.000000e+00
      outer loop
         vertex 7.718415e+01 5.256358e+00 3.500000e+00
         vertex 7.718415e+01 5.256358e+00 6.500000e+00
         vertex 7.738525e+01 4.670570e+00 6.500000e+00
      endloop
   endfacet
   facet normal 9.458184e-01 3.246960e-01 0.000000e+00
      outer loop
         vertex 7.718415e+01 5.256358e+00 3.500000e+00
         vertex 7.738525e+01 4.670570e+00 6.500000e+00
         vertex 7.738525e+01 4.670570e+00 3.500000e+00
      endloop
   endfacet
   facet normal 9.863609e-01 1.645973e-01 -0.000000e+00
      outer loop
         vertex 7.738525e+01 4.670570e+00 3.500000e+00
         vertex 7.738525e+01 4.670570e+00 6.500000e+00
         vertex 7.748719e+01 4.059672e+00 6.500000e+00
      endloop
   endfacet
   facet normal 9.863609e-01 1.645973e-01 0.000000e+00
      outer loop
         vertex 7.738525e+01 4.670570e+00 3.500000e+00
         vertex 7.748719e+01 4.059672e+00 6.500000e+00
         vertex 7.748719e+01 4.059672e+00 3.500000e+00
      endloop
   endfacet
   facet normal 1.000000e+00 0.000000e+00 -0.000000e+00
      outer loop
         vertex 7.748719e+01 4.059672e+00 3.500000e+00
         vertex 7.748719e+01 4.059672e+00 6.500000e+00
         vertex 7.748719e+01 3.440327e+00 6.500000e+00
      endloop
   endfacet
   facet normal 1.000000e+00 0.000000e+00 0.000000e+00
      outer loop
         vertex 7.748719e+01 4.059672e+00 3.500000e+00
         vertex 7.748719e+01 3.440327e+00 6.500000e+00
         vertex 7.748719e+01 3.440327e+00 3.500000e+00
      endloop
   endfacet
   facet normal 9.863609e-01 -1.645973e-01 0.000000e+00
      outer loop
         vertex 7.748719e+01 3.440327e+00 3.500000e+00
         vertex 7.748719e+01 3.440327e+00 6.500000e+00
         vertex 7.738525e+01 2.829429e+00 6.500000e+00
      endloop
   endfacet
   facet normal 9.863609e-01 -1.645973e-01 0.000000e+00
      outer loop
         vertex 7.748719e+01 3.440327e+00 3.500000e+00
         vertex 7.738525e+01 2.829429e+00 6.500000e+00
         vertex 7.738525e+01 2.829429e+00 3.500000e+00
      endloop
   endfacet
   facet normal 9.458184e-01 -3.246960e-01 0.000000e+00
      outer loop
         vertex 7.738525e+01 2.829429e+00 3.500000e+00
         vertex 7.738525e+01 2.829429e+00 6.500000e+00
         vertex 7.718415e+01 2.243642e+00 6.500000e+00
      endloop
   endfacet
   facet normal 9.458184e-01 -3.246960e-01 0.000000e+00
      outer loop
         vertex 7.738525e+01 2.829429e+00 3.500000e+00
         vertex 7.718415e+01 2.243642e+00 6.500000e+00
         vertex 7.718415e+01 2.243642e+00 3.500000e+00
      endloop
   endfacet
   facet normal 8.794719e-01 -4.759508e-01 0.000000e+00
      outer loop
         vertex 7.718415e+01 2.243642e+00 3.500000e+00
         vertex 7.718415e+01 2.243642e+00 6.500000e+00
         vertex 7.688937e+01 1.698944e+00 6.500000e+00
      endloop
   endfacet
   facet normal 8.794719e-01 -4.759508e-01 0.000000e+00
      outer loop
         vertex 7.718415e+01 2.243642e+00 3.500000e+00
         vertex 7.688937e+01 1.698944e+00 6.500000e+00
         vertex 7.688937e+01 1.698944e+00 3.500000e+00
      endloop
   endfacet
   facet normal 7.891417e-01 -6.142112e-01 0.000000e+00
      outer loop
         vertex 7.688937e+01 1.698944e+00 3.500000e+00
         vertex 7.688937e+01 1.698944e+00 6.500000e+00
         vertex 7.650897e+01 1.210194e+00 6.500000e+00
      endloop
   endfacet
   facet normal 7.891417e-01 -6.142112e-01 0.000000e+00
      outer loop
         vertex 7.688937e+01 1.698944e+00 3.500000e+00
         vertex 7.650897e+01 1.210194e+00 6.500000e+00
         vertex 7.650897e+01 1.210194e+00 3.500000e+00
      endloop
   endfacet
   facet normal 6.772822e-01 -7.357233e-01 0.000000e+00
      outer loop
         vertex 7.650897e+01 1.210194e+00 3.500000e+00
         vertex 7.650897e+01 1.210194e+00 6.500000e+00
         vertex 7.605330e+01 7.907229e-01 6.500000e+00
      endloop
   endfacet
   facet normal 6.772822e-01 -7.357233e-01 0.000000e+00
      outer loop
         vertex 7.650897e+01 1.210194e+00 3.500000e+00
         vertex 7.605330e+01 7.907229e-01 6.500000e+00
         vertex 7.605330e+01 7.907229e-01 3.500000e+00
      endloop
   endfacet
   facet normal 5.469464e-01 -8.371676e-01 0.000000e+00
      outer loop
         vertex 7.605330e+01 7.907229e-01 3.500000e+00
         vertex 7.605330e+01 7.907229e-01 6.500000e+00
         vertex 7.553480e+01 4.519734e-01 6.500000e+00
      endloop
   endfacet
   facet normal 5.469464e-01 -8.371676e-01 0.000000e+00
      outer loop
         vertex 7.605330e+01 7.907229e-01 3.500000e+00
         vertex 7.553480e+01 4.519734e-01 6.500000e+00
         vertex 7.553480e+01 4.519734e-01 3.500000e+00
      endloop
   endfacet
   facet normal 4.016958e-01 -9.157731e-01 0.000000e+00
      outer loop
         vertex 7.553480e+01 4.519734e-01 3.500000e+00
         vertex 7.553480e+01 4.519734e-01 6.500000e+00
         vertex 7.496762e+01 2.031852e-01 6.500000e+00
      endloop
   endfacet
   facet normal 4.016958e-01 -9.157731e-01 0.000000e+00
      outer loop
         vertex 7.553480e+01 4.519734e-01 3.500000e+00
         vertex 7.496762e+01 2.031852e-01 6.500000e+00
         vertex 7.496762e+01 2.031852e-01 3.500000e+00
      endloop
   endfacet
   facet normal 2.454853e-01 -9.694003e-01 0.000000e+00
      outer loop
         vertex 7.496762e+01 2.031852e-01 3.500000e+00
         vertex 7.496762e+01 2.031852e-01 6.500000e+00
         vertex 7.436723e+01 5.114498e-02 6.500000e+00
      endloop
   endfacet
   facet normal 2.454853e-01 -9.694003e-01 0.000000e+00
      outer loop
         vertex 7.496762e+01 2.031852e-01 3.500000e+00
         vertex 7.436723e+01 5.114498e-02 6.500000e+00
         vertex 7.436723e+01 5.114498e-02 3.500000e+00
      endloop
   endfacet
   facet normal 8.257930e-02 -9.965845e-01 0.000000e+00
      outer loop
         vertex 7.436723e+01 5.114498e-02 3.500000e+00
         vertex 7.436723e+01 5.114498e-02 6.500000e+00
         vertex 7.375000e+01 0.000000e+00 6.500000e+00
      endloop
   endfacet
   facet normal 8.257930e-02 -9.965845e-01 0.000000e+00
      outer loop
         vertex 7.436723e+01 5.114498e-02 3.500000e+00
         vertex 7.375000e+01 0.000000e+00 6.500000e+00
         vertex 7.375000e+01 0.000000e+00 3.500000e+00
      endloop
   endfacet
   facet normal 0.000000e+00 -1.000000e+00 0.000000e+00
      outer loop
         vertex 5.375000e+01 0.000000e+00 3.500000e+00
         vertex 7.375000e+01 0.000000e+00 3.500000e+00
         vertex 5.375000e+01 0.000000e+00 6.500000e+00
      endloop
   endfacet
   facet normal 0.000000e+00 -1.000000e+00 0.000000e+00
      outer loop
         vertex 5.375000e+01 0.000000e+00 6.500000e+00
         vertex 7.375000e+01 0.000000e+00 3.500000e+00
         vertex 7.375000e+01 0.000000e+00 6.500000e+00
      endloop
   endfacet
   facet normal -8.257917e-02 -9.965845e-01 0.000000e+00
      outer loop
         vertex 5.375000e+01 0.000000e+00 3.500000e+00
         vertex 5.375000e+01 0.000000e+00 6.500000e+00
         vertex 5.313277e+01 5.114498e-02 6.500000e+00
      endloop
   endfacet
   facet normal -8.257917e-02 -9.965845e-01 0.000000e+00
      outer loop
         vertex 5.375000e+01 0.000000e+00 3.500000e+00
         vertex 5.313277e+01 5.114498e-02 6.500000e+00
         vertex 5.313277e+01 5.114498e-02 3.500000e+00
      endloop
   endfacet
   facet normal -2.454857e-01 -9.694002e-01 0.000000e+00
      outer loop
         vertex 5.313277e+01 5.114498e-02 3.500000e+00
         vertex 5.313277e+01 5.114498e-02 6.500000e+00
         vertex 5.253238e+01 2.031852e-01 6.500000e+00
      endloop
   endfacet
   facet normal -2.454857e-01 -9.694002e-01 0.000000e+00
      outer loop
         vertex 5.313277e+01 5.114498e-02 3.500000e+00
         vertex 5.253238e+01 2.031852e-01 6.500000e+00
         vertex 5.253238e+01 2.031852e-01 3.500000e+00
      endloop
   endfacet
   facet normal -4.016953e-01 -9.157734e-01 0.000000e+00
      outer loop
         vertex 5.253238e+01 2.031852e-01 3.500000e+00
         vertex 5.253238e+01 2.031852e-01 6.500000e+00
         vertex 5.196520e+01 4.519734e-01 6.500000e+00
      endloop
   endfacet
   facet normal -4.016953e-01 -9.157734e-01 0.000000e+00
      outer loop
         vertex 5.253238e+01 2.031852e-01 3.500000e+00
         vertex 5.196520e+01 4.519734e-01 6.500000e+00
         vertex 5.196520e+01 4.519734e-01 3.500000e+00
      endloop
   endfacet
   facet normal -5.469478e-01 -8.371667e-01 0.000000e+00
      outer loop
         vertex 5.196520e+01 4.519734e-01 3.500000e+00
         vertex 5.196520e+01 4.519734e-01 6.500000e+00
         vertex 5.144670e+01 7.907229e-01 6.500000e+00
      endloop
   endfacet
   facet normal -5.469478e-01 -8.371667e-01 0.000000e+00
      outer loop
         vertex 5.196520e+01 4.519734e-01 3.500000e+00
         vertex 5.144670e+01 7.907229e-01 6.500000e+00
         vertex 5.144670e+01 7.907229e-01 3.500000e+00
      endloop
   endfacet
   facet normal -6.772822e-01 -7.357233e-01 0.000000e+00
      outer loop
         vertex 5.144670e+01 7.907229e-01 3.500000e+00
         vertex 5.144670e+01 7.907229e-01 6.500000e+00
         vertex 5.099104e+01 1.210194e+00 6.500000e+00
      endloop
   endfacet
   facet normal -6.772822e-01 -7.357233e-01 0.000000e+00
      outer loop
         vertex 5.144670e+01 7.907229e-01 3.500000e+00
         vertex 5.099104e+01 1.210194e+00 6.500000e+00
         vertex 5.099104e+01 1.210194e+00 3.500000e+00
      endloop
   endfacet
   facet normal -7.891402e-01 -6.142131e-01 0.000000e+00
      outer loop
         vertex 5.099104e+01 1.210194e+00 3.500000e+00
         vertex 5.099104e+01 1.210194e+00 6.500000e+00
         vertex 5.061063e+01 1.698944e+00 6.500000e+00
      endloop
   endfacet
   facet normal -7.891402e-01 -6.142131e-01 0.000000e+00
      outer loop
         vertex 5.099104e+01 1.210194e+00 3.500000e+00
         vertex 5.061063e+01 1.698944e+00 6.500000e+00
         vertex 5.061063e+01 1.698944e+00 3.500000e+00
      endloop
   endfacet
   facet normal -8.794738e-01 -4.759473e-01 0.000000e+00
      outer loop
         vertex 5.061063e+01 1.698944e+00 3.500000e+00
         vertex 5.061063e+01 1.698944e+00 6.500000e+00
         vertex 5.031585e+01 2.243642e+00 6.500000e+00
      endloop
   endfacet
   facet normal -8.794738e-01 -4.759473e-01 0.000000e+00
      outer loop
         vertex 5.061063e+01 1.698944e+00 3.500000e+00
         vertex 5.031585e+01 2.243642e+00 6.500000e+00
         vertex 5.031585e+01 2.243642e+00 3.500000e+00
      endloop
   endfacet
   facet normal -9.458170e-01 -3.247001e-01 0.000000e+00
      outer loop
         vertex 5.031585e+01 2.243642e+00 3.500000e+00
         vertex 5.031585e+01 2.243642e+00 6.500000e+00
         vertex 5.011475e+01 2.829429e+00 6.500000e+00
      endloop
   endfacet
   facet normal -9.458170e-01 -3.247001e-01 0.000000e+00
      outer loop
         vertex 5.031585e+01 2.243642e+00 3.500000e+00
         vertex 5.011475e+01 2.829429e+00 6.500000e+00
         vertex 5.011475e+01 2.829429e+00 3.500000e+00
      endloop
   endfacet
   facet normal -9.863613e-01 -1.645944e-01 0.000000e+00
      outer loop
         vertex 5.011475e+01 2.829429e+00 3.500000e+00
         vertex 5.011475e+01 2.829429e+00 6.500000e+00
         vertex 5.001281e+01 3.440327e+00 6.500000e+00
      endloop
   endfacet
   facet normal -9.863613e-01 -1.645944e-01 0.000000e+00
      outer loop
         vertex 5.011475e+01 2.829429e+00 3.500000e+00
         vertex 5.001281e+01 3.440327e+00 6.500000e+00
         vertex 5.001281e+01 3.440327e+00 3.500000e+00
      endloop
   endfacet
   facet normal -1.000000e+00 0.000000e+00 0.000000e+00
      outer loop
         vertex 5.001281e+01 3.440327e+00 3.500000e+00
         vertex 5.001281e+01 3.440327e+00 6.500000e+00
         vertex 5.001281e+01 4.059672e+00 6.500000e+00
      endloop
   endfacet
   facet normal -1.000000e+00 0.000000e+00 0.000000e+00
      outer loop
         vertex 5.001281e+01 3.440327e+00 3.500000e+00
         vertex 5.001281e+01 4.059672e+00 6.500000e+00
         vertex 5.001281e+01 4.059672e+00 3.500000e+00
      endloop
   endfacet
   facet normal -9.863613e-01 1.645944e-01 0.000000e+00
      outer loop
         vertex 5.001281e+01 4.059672e+00 3.500000e+00
         vertex 5.001281e+01 4.059672e+00 6.500000e+00
         vertex 5.011475e+01 4.670570e+00 6.500000e+00
      endloop
   endfacet
   facet normal -9.863613e-01 1.645944e-01 0.000000e+00
      outer loop
         vertex 5.001281e+01 4.059672e+00 3.500000e+00
         vertex 5.011475e+01 4.670570e+00 6.500000e+00
         vertex 5.011475e+01 4.670570e+00 3.500000e+00
      endloop
   endfacet
   facet normal -9.458170e-01 3.247001e-01 0.000000e+00
      outer loop
         vertex 5.011475e+01 4.670570e+00 3.500000e+00
         vertex 5.011475e+01 4.670570e+00 6.500000e+00
         vertex 5.031585e+01 5.256358e+00 6.500000e+00
      endloop
   endfacet
   facet normal -9.458170e-01 3.247001e-01 0.000000e+00
      outer loop
         vertex 5.011475e+01 4.670570e+00 3.500000e+00
         vertex 5.031585e+01 5.256358e+00 6.500000e+00
         vertex 5.031585e+01 5.256358e+00 3.500000e+00
      endloop
   endfacet
   facet normal -8.794738e-01 4.759473e-01 0.000000e+00
      outer loop
         vertex 5.031585e+01 5.256358e+00 3.500000e+00
         vertex 5.031585e+01 5.256358e+00 6.500000e+00
         vertex 5.061063e+01 5.801056e+00 6.500000e+00
      endloop
   endfacet
   facet normal -8.794738e-01 4.759473e-01 0.000000e+00
      outer loop
         vertex 5.031585e+01 5.256358e+00 3.500000e+00
         vertex 5.061063e+01 5.801056e+00 6.500000e+00
         vertex 5.061063e+01 5.801056e+00 3.500000e+00
      endloop
   endfacet
   facet normal -7.891402e-01 6.142131e-01 0.000000e+00
      outer loop
         vertex 5.061063e+01 5.801056e+00 3.500000e+00
         vertex 5.061063e+01 5.801056e+00 6.500000e+00
         vertex 5.099104e+01 6.289806e+00 6.500000e+00
      endloop
   endfacet
   facet normal -7.891402e-01 6.142131e-01 0.000000e+00
      outer loop
         vertex 5.061063e+01 5.801056e+00 3.500000e+00
         vertex 5.099104e+01 6.289806e+00 6.500000e+00
         vertex 5.099104e+01 6.289806e+00 3.500000e+00
      endloop
   endfacet
   facet normal -6.772822e-01 7.357233e-01 0.000000e+00
      outer loop
         vertex 5.099104e+01 6.289806e+00 3.500000e+00
         vertex 5.099104e+01 6.289806e+00 6.500000e+00
         vertex 5.144670e+01 6.709277e+00 6.500000e+00
      endloop
   endfacet
   facet normal -6.772822e-01 7.357233e-01 0.000000e+00
      outer loop
         vertex 5.099104e+01 6.289806e+00 3.500000e+00
         vertex 5.144670e+01 6.709277e+00 6.500000e+00
         vertex 5.144670e+01 6.709277e+00 3.500000e+00
      endloop
   endfacet
   facet normal -5.469478e-01 8.371667e-01 0.000000e+00
      outer loop
         vertex 5.144670e+01 6.709277e+00 3.500000e+00
         vertex 5.144670e+01 6.709277e+00 6.500000e+00
         vertex 5.196520e+01 7.048026e+00 6.500000e+00
      endloop
   endfacet
   facet normal -5.469478e-01 8.371667e-01 0.000000e+00
      outer loop
         vertex 5.144670e+01 6.709277e+00 3.500000e+00
         vertex 5.196520e+01 7.048026e+00 6.500000e+00
         vertex 5.196520e+01 7.048026e+00 3.500000e+00
      endloop
   endfacet
   facet normal -4.016953e-01 9.157734e-01 0.000000e+00
      outer loop
         vertex 5.196520e+01 7.048026e+00 3.500000e+00
         vertex 5.196520e+01 7.048026e+00 6.500000e+00
         vertex 5.253238e+01 7.296815e+00 6.500000e+00
      endloop
   endfacet
   facet normal -4.016953e-01 9.157734e-01 0.000000e+00
      outer loop
         vertex 5.196520e+01 7.048026e+00 3.500000e+00
         vertex 5.253238e+01 7.296815e+00 6.500000e+00
         vertex 5.253238e+01 7.296815e+00 3.500000e+00
      endloop
   endfacet
   facet normal -2.454857e-01 9.694002e-01 0.000000e+00
      outer loop
         vertex 5.253238e+01 7.296815e+00 3.500000e+00
         vertex 5.253238e+01 7.296815e+00 6.500000e+00
         vertex 5.313277e+01 7.448855e+00 6.500000e+00
      endloop
   endfacet
   facet normal -2.454857e-01 9.694002e-01 0.000000e+00
      outer loop
         vertex 5.253238e+01 7.296815e+00 3.500000e+00
         vertex 5.313277e+01 7.448855e+00 6.500000e+00
         vertex 5.313277e+01 7.448855e+00 3.500000e+00
      endloop
   endfacet
   facet normal -8.257917e-02 9.965845e-01 0.000000e+00
      outer loop
         vertex 5.313277e+01 7.448855e+00 3.500000e+00
         vertex 5.313277e+01 7.448855e+00 6.500000e+00
         vertex 5.375000e+01 7.500000e+00 6.500000e+00
      endloop
   endfacet
   facet normal -8.257917e-02 9.965845e-01 0.000000e+00
      outer loop
         vertex 5.313277e+01 7.448855e+00 3.500000e+00
         vertex 5.375000e+01 7.500000e+00 6.500000e+00
         vertex 5.375000e+01 7.500000e+00 3.500000e+00
      endloop
   endfacet
   facet normal 0.000000e+00 1.000000e+00 -0.000000e+00
      outer loop
         vertex 7.375000e+01 7.500000e+00 3.500000e+00
         vertex 5.375000e+01 7.500000e+00 3.500000e+00
         vertex 7.375000e+01 7.500000e+00 6.500000e+00
      endloop
   endfacet
   facet normal 0.000000e+00 1.000000e+00 0.000000e+00
      outer loop
         vertex 7.375000e+01 7.500000e+00 6.500000e+00
         vertex 5.375000e+01 7.500000e+00 3.500000e+00
         vertex 5.375000e+01 7.500000e+00 6.500000e+00
      endloop
   endfacet
   facet normal -9.961944e-01 -8.715888e-02 0.000000e+00
      outer loop
         vertex 7.550000e+01 3.750000e+00 3.500000e+00
         vertex 7.550000e+01 3.750000e+00 6.500000e+00
         vertex 7.547341e+01 4.053884e+00 3.500000e+00
      endloop
   endfacet
   facet normal -9.961944e-01 -8.715888e-02 0.000000e+00
      outer loop
         vertex 7.547341e+01 4.053884e+00 3.500000e+00
         vertex 7.550000e+01 3.750000e+00 6.500000e+00
         vertex 7.547341e+01 4.053884e+00 6.500000e+00
      endloop
   endfacet
   facet normal -9.659270e-01 -2.588148e-01 0.000000e+00
      outer loop
         vertex 7.547341e+01 4.053884e+00 3.500000e+00
         vertex 7.547341e+01 4.053884e+00 6.500000e+00
         vertex 7.539446e+01 4.348535e+00 3.500000e+00
      endloop
   endfacet
   facet normal -9.659270e-01 -2.588148e-01 0.000000e+00
      outer loop
         vertex 7.539446e+01 4.348535e+00 3.500000e+00
         vertex 7.547341e+01 4.053884e+00 6.500000e+00
         vertex 7.539446e+01 4.348535e+00 6.500000e+00
      endloop
   endfacet
   facet normal -9.063081e-01 -4.226176e-01 0.000000e+00
      outer loop
         vertex 7.539446e+01 4.348535e+00 3.500000e+00
         vertex 7.539446e+01 4.348535e+00 6.500000e+00
         vertex 7.526555e+01 4.625000e+00 3.500000e+00
      endloop
   endfacet
   facet normal -9.063081e-01 -4.226176e-01 0.000000e+00
      outer loop
         vertex 7.526555e+01 4.625000e+00 3.500000e+00
         vertex 7.539446e+01 4.348535e+00 6.500000e+00
         vertex 7.526555e+01 4.625000e+00 6.500000e+00
      endloop
   endfacet
   facet normal -8.191535e-01 -5.735744e-01 0.000000e+00
      outer loop
         vertex 7.526555e+01 4.625000e+00 3.500000e+00
         vertex 7.526555e+01 4.625000e+00 6.500000e+00
         vertex 7.509058e+01 4.874878e+00 3.500000e+00
      endloop
   endfacet
   facet normal -8.191535e-01 -5.735744e-01 0.000000e+00
      outer loop
         vertex 7.509058e+01 4.874878e+00 3.500000e+00
         vertex 7.526555e+01 4.625000e+00 6.500000e+00
         vertex 7.509058e+01 4.874878e+00 6.500000e+00
      endloop
   endfacet
   facet normal -7.071030e-01 -7.071106e-01 0.000000e+00
      outer loop
         vertex 7.509058e+01 4.874878e+00 3.500000e+00
         vertex 7.509058e+01 4.874878e+00 6.500000e+00
         vertex 7.487488e+01 5.090578e+00 3.500000e+00
      endloop
   endfacet
   facet normal -7.071030e-01 -7.071106e-01 0.000000e+00
      outer loop
         vertex 7.487488e+01 5.090578e+00 3.500000e+00
         vertex 7.509058e+01 4.874878e+00 6.500000e+00
         vertex 7.487488e+01 5.090578e+00 6.500000e+00
      endloop
   endfacet
   facet normal -5.735778e-01 -8.191511e-01 0.000000e+00
      outer loop
         vertex 7.487488e+01 5.090578e+00 3.500000e+00
         vertex 7.487488e+01 5.090578e+00 6.500000e+00
         vertex 7.462500e+01 5.265544e+00 3.500000e+00
      endloop
   endfacet
   facet normal -5.735778e-01 -8.191511e-01 0.000000e+00
      outer loop
         vertex 7.462500e+01 5.265544e+00 3.500000e+00
         vertex 7.487488e+01 5.090578e+00 6.500000e+00
         vertex 7.462500e+01 5.265544e+00 6.500000e+00
      endloop
   endfacet
   facet normal -4.226180e-01 -9.063079e-01 0.000000e+00
      outer loop
         vertex 7.462500e+01 5.265544e+00 3.500000e+00
         vertex 7.462500e+01 5.265544e+00 6.500000e+00
         vertex 7.434854e+01 5.394462e+00 3.500000e+00
      endloop
   endfacet
   facet normal -4.226180e-01 -9.063079e-01 0.000000e+00
      outer loop
         vertex 7.434854e+01 5.394462e+00 3.500000e+00
         vertex 7.462500e+01 5.265544e+00 6.500000e+00
         vertex 7.434854e+01 5.394462e+00 6.500000e+00
      endloop
   endfacet
   facet normal -2.588183e-01 -9.659260e-01 0.000000e+00
      outer loop
         vertex 7.434854e+01 5.394462e+00 3.500000e+00
         vertex 7.434854e+01 5.394462e+00 6.500000e+00
         vertex 7.405388e+01 5.473414e+00 3.500000e+00
      endloop
   endfacet
   facet normal -2.588183e-01 -9.659260e-01 0.000000e+00
      outer loop
         vertex 7.405388e+01 5.473414e+00 3.500000e+00
         vertex 7.434854e+01 5.394462e+00 6.500000e+00
         vertex 7.405388e+01 5.473414e+00 6.500000e+00
      endloop
   endfacet
   facet normal -8.715619e-02 -9.961947e-01 0.000000e+00
      outer loop
         vertex 7.405388e+01 5.473414e+00 3.500000e+00
         vertex 7.405388e+01 5.473414e+00 6.500000e+00
         vertex 7.375000e+01 5.500000e+00 3.500000e+00
      endloop
   endfacet
   facet normal -8.715619e-02 -9.961947e-01 0.000000e+00
      outer loop
         vertex 7.375000e+01 5.500000e+00 3.500000e+00
         vertex 7.405388e+01 5.473414e+00 6.500000e+00
         vertex 7.375000e+01 5.500000e+00 6.500000e+00
      endloop
   endfacet
   facet normal 8.715619e-02 -9.961947e-01 0.000000e+00
      outer loop
         vertex 7.375000e+01 5.500000e+00 3.500000e+00
         vertex 7.375000e+01 5.500000e+00 6.500000e+00
         vertex 7.344612e+01 5.473414e+00 3.500000e+00
      endloop
   endfacet
   facet normal 8.715619e-02 -9.961947e-01 0.000000e+00
      outer loop
         vertex 7.344612e+01 5.473414e+00 3.500000e+00
         vertex 7.375000e+01 5.500000e+00 6.500000e+00
         vertex 7.344612e+01 5.473414e+00 6.500000e+00
      endloop
   endfacet
   facet normal 2.588183e-01 -9.659260e-01 0.000000e+00
      outer loop
         vertex 7.344612e+01 5.473414e+00 3.500000e+00
         vertex 7.344612e+01 5.473414e+00 6.500000e+00
         vertex 7.315147e+01 5.394462e+00 3.500000e+00
      endloop
   endfacet
   facet normal 2.588183e-01 -9.659260e-01 0.000000e+00
      outer loop
         vertex 7.315147e+01 5.394462e+00 3.500000e+00
         vertex 7.344612e+01 5.473414e+00 6.500000e+00
         vertex 7.315147e+01 5.394462e+00 6.500000e+00
      endloop
   endfacet
   facet normal 4.226180e-01 -9.063079e-01 0.000000e+00
      outer loop
         vertex 7.315147e+01 5.394462e+00 3.500000e+00
         vertex 7.315147e+01 5.394462e+00 6.500000e+00
         vertex 7.287500e+01 5.265544e+00 3.500000e+00
      endloop
   endfacet
   facet normal 4.226180e-01 -9.063079e-01 0.000000e+00
      outer loop
         vertex 7.287500e+01 5.265544e+00 3.500000e+00
         vertex 7.315147e+01 5.394462e+00 6.500000e+00
         vertex 7.287500e+01 5.265544e+00 6.500000e+00
      endloop
   endfacet
   facet normal 5.735778e-01 -8.191511e-01 0.000000e+00
      outer loop
         vertex 7.287500e+01 5.265544e+00 3.500000e+00
         vertex 7.287500e+01 5.265544e+00 6.500000e+00
         vertex 7.262512e+01 5.090578e+00 3.500000e+00
      endloop
   endfacet
   facet normal 5.735778e-01 -8.191511e-01 0.000000e+00
      outer loop
         vertex 7.262512e+01 5.090578e+00 3.500000e+00
         vertex 7.287500e+01 5.265544e+00 6.500000e+00
         vertex 7.262512e+01 5.090578e+00 6.500000e+00
      endloop
   endfacet
   facet normal 7.071030e-01 -7.071106e-01 0.000000e+00
      outer loop
         vertex 7.262512e+01 5.090578e+00 3.500000e+00
         vertex 7.262512e+01 5.090578e+00 6.500000e+00
         vertex 7.240942e+01 4.874878e+00 3.500000e+00
      endloop
   endfacet
   facet normal 7.071030e-01 -7.071106e-01 0.000000e+00
      outer loop
         vertex 7.240942e+01 4.874878e+00 3.500000e+00
         vertex 7.262512e+01 5.090578e+00 6.500000e+00
         vertex 7.240942e+01 4.874878e+00 6.500000e+00
      endloop
   endfacet
   facet normal 8.191535e-01 -5.735744e-01 0.000000e+00
      outer loop
         vertex 7.240942e+01 4.874878e+00 3.500000e+00
         vertex 7.240942e+01 4.874878e+00 6.500000e+00
         vertex 7.223446e+01 4.625000e+00 3.500000e+00
      endloop
   endfacet
   facet normal 8.191535e-01 -5.735744e-01 0.000000e+00
      outer loop
         vertex 7.223446e+01 4.625000e+00 3.500000e+00
         vertex 7.240942e+01 4.874878e+00 6.500000e+00
         vertex 7.223446e+01 4.625000e+00 6.500000e+00
      endloop
   endfacet
   facet normal 9.063081e-01 -4.226176e-01 0.000000e+00
      outer loop
         vertex 7.223446e+01 4.625000e+00 3.500000e+00
         vertex 7.223446e+01 4.625000e+00 6.500000e+00
         vertex 7.210554e+01 4.348535e+00 3.500000e+00
      endloop
   endfacet
   facet normal 9.063081e-01 -4.226176e-01 0.000000e+00
      outer loop
         vertex 7.210554e+01 4.348535e+00 3.500000e+00
         vertex 7.223446e+01 4.625000e+00 6.500000e+00
         vertex 7.210554e+01 4.348535e+00 6.500000e+00
      endloop
   endfacet
   facet normal 9.659270e-01 -2.588148e-01 0.000000e+00
      outer loop
         vertex 7.210554e+01 4.348535e+00 3.500000e+00
         vertex 7.210554e+01 4.348535e+00 6.500000e+00
         vertex 7.202659e+01 4.053884e+00 3.500000e+00
      endloop
   endfacet
   facet normal 9.659270e-01 -2.588148e-01 0.000000e+00
      outer loop
         vertex 7.202659e+01 4.053884e+00 3.500000e+00
         vertex 7.210554e+01 4.348535e+00 6.500000e+00
         vertex 7.202659e+01 4.053884e+00 6.500000e+00
      endloop
   endfacet
   facet normal 9.961944e-01 -8.715888e-02 0.000000e+00
      outer loop
         vertex 7.202659e+01 4.053884e+00 3.500000e+00
         vertex 7.202659e+01 4.053884e+00 6.500000e+00
         vertex 7.200000e+01 3.750000e+00 3.500000e+00
      endloop
   endfacet
   facet normal 9.961944e-01 -8.715888e-02 0.000000e+00
      outer loop
         vertex 7.200000e+01 3.750000e+00 3.500000e+00
         vertex 7.202659e+01 4.053884e+00 6.500000e+00
         vertex 7.200000e+01 3.750000e+00 6.500000e+00
      endloop
   endfacet
   facet normal 9.961944e-01 8.715888e-02 -0.000000e+00
      outer loop
         vertex 7.200000e+01 3.750000e+00 3.500000e+00
         vertex 7.200000e+01 3.750000e+00 6.500000e+00
         vertex 7.202659e+01 3.446116e+00 3.500000e+00
      endloop
   endfacet
   facet normal 9.961944e-01 8.715888e-02 -0.000000e+00
      outer loop
         vertex 7.202659e+01 3.446116e+00 3.500000e+00
         vertex 7.200000e+01 3.750000e+00 6.500000e+00
         vertex 7.202659e+01 3.446116e+00 6.500000e+00
      endloop
   endfacet
   facet normal 9.659270e-01 2.588148e-01 -0.000000e+00
      outer loop
         vertex 7.202659e+01 3.446116e+00 3.500000e+00
         vertex 7.202659e+01 3.446116e+00 6.500000e+00
         vertex 7.210554e+01 3.151465e+00 3.500000e+00
      endloop
   endfacet
   facet normal 9.659270e-01 2.588148e-01 -0.000000e+00
      outer loop
         vertex 7.210554e+01 3.151465e+00 3.500000e+00
         vertex 7.202659e+01 3.446116e+00 6.500000e+00
         vertex 7.210554e+01 3.151465e+00 6.500000e+00
      endloop
   endfacet
   facet normal 9.063081e-01 4.226176e-01 -0.000000e+00
      outer loop
         vertex 7.210554e+01 3.151465e+00 3.500000e+00
         vertex 7.210554e+01 3.151465e+00 6.500000e+00
         vertex 7.223446e+01 2.875000e+00 3.500000e+00
      endloop
   endfacet
   facet normal 9.063081e-01 4.226176e-01 -0.000000e+00
      outer loop
         vertex 7.223446e+01 2.875000e+00 3.500000e+00
         vertex 7.210554e+01 3.151465e+00 6.500000e+00
         vertex 7.223446e+01 2.875000e+00 6.500000e+00
      endloop
   endfacet
   facet normal 8.191535e-01 5.735744e-01 -0.000000e+00
      outer loop
         vertex 7.223446e+01 2.875000e+00 3.500000e+00
         vertex 7.223446e+01 2.875000e+00 6.500000e+00
         vertex 7.240942e+01 2.625122e+00 3.500000e+00
      endloop
   endfacet
   facet normal 8.191535e-01 5.735744e-01 -0.000000e+00
      outer loop
         vertex 7.240942e+01 2.625122e+00 3.500000e+00
         vertex 7.223446e+01 2.875000e+00 6.500000e+00
         vertex 7.240942e+01 2.625122e+00 6.500000e+00
      endloop
   endfacet
   facet normal 7.071030e-01 7.071106e-01 -0.000000e+00
      outer loop
         vertex 7.240942e+01 2.625122e+00 3.500000e+00
         vertex 7.240942e+01 2.625122e+00 6.500000e+00
         vertex 7.262512e+01 2.409422e+00 3.500000e+00
      endloop
   endfacet
   facet normal 7.071030e-01 7.071106e-01 -0.000000e+00
      outer loop
         vertex 7.262512e+01 2.409422e+00 3.500000e+00
         vertex 7.240942e+01 2.625122e+00 6.500000e+00
         vertex 7.262512e+01 2.409422e+00 6.500000e+00
      endloop
   endfacet
   facet normal 5.735778e-01 8.191511e-01 -0.000000e+00
      outer loop
         vertex 7.262512e+01 2.409422e+00 3.500000e+00
         vertex 7.262512e+01 2.409422e+00 6.500000e+00
         vertex 7.287500e+01 2.234455e+00 3.500000e+00
      endloop
   endfacet
   facet normal 5.735778e-01 8.191511e-01 -0.000000e+00
      outer loop
         vertex 7.287500e+01 2.234455e+00 3.500000e+00
         vertex 7.262512e+01 2.409422e+00 6.500000e+00
         vertex 7.287500e+01 2.234455e+00 6.500000e+00
      endloop
   endfacet
   facet normal 4.226180e-01 9.063079e-01 -0.000000e+00
      outer loop
         vertex 7.287500e+01 2.234455e+00 3.500000e+00
         vertex 7.287500e+01 2.234455e+00 6.500000e+00
         vertex 7.315147e+01 2.105538e+00 3.500000e+00
      endloop
   endfacet
   facet normal 4.226180e-01 9.063079e-01 -0.000000e+00
      outer loop
         vertex 7.315147e+01 2.105538e+00 3.500000e+00
         vertex 7.287500e+01 2.234455e+00 6.500000e+00
         vertex 7.315147e+01 2.105538e+00 6.500000e+00
      endloop
   endfacet
   facet normal 2.588183e-01 9.659260e-01 -0.000000e+00
      outer loop
         vertex 7.315147e+01 2.105538e+00 3.500000e+00
         vertex 7.315147e+01 2.105538e+00 6.500000e+00
         vertex 7.344612e+01 2.026586e+00 3.500000e+00
      endloop
   endfacet
   facet normal 2.588183e-01 9.659260e-01 -0.000000e+00
      outer loop
         vertex 7.344612e+01 2.026586e+00 3.500000e+00
         vertex 7.315147e+01 2.105538e+00 6.500000e+00
         vertex 7.344612e+01 2.026586e+00 6.500000e+00
      endloop
   endfacet
   facet normal 8.715619e-02 9.961947e-01 -0.000000e+00
      outer loop
         vertex 7.344612e+01 2.026586e+00 3.500000e+00
         vertex 7.344612e+01 2.026586e+00 6.500000e+00
         vertex 7.375000e+01 2.000000e+00 3.500000e+00
      endloop
   endfacet
   facet normal 8.715619e-02 9.961947e-01 -0.000000e+00
      outer loop
         vertex 7.375000e+01 2.000000e+00 3.500000e+00
         vertex 7.344612e+01 2.026586e+00 6.500000e+00
         vertex 7.375000e+01 2.000000e+00 6.500000e+00
      endloop
   endfacet
   facet normal -8.715619e-02 9.961947e-01 0.000000e+00
      outer loop
         vertex 7.375000e+01 2.000000e+00 3.500000e+00
         vertex 7.375000e+01 2.000000e+00 6.500000e+00
         vertex 7.405388e+01 2.026586e+00 3.500000e+00
      endloop
   endfacet
   facet normal -8.715619e-02 9.961947e-01 0.000000e+00
      outer loop
         vertex 7.405388e+01 2.026586e+00 3.500000e+00
         vertex 7.375000e+01 2.000000e+00 6.500000e+00
         vertex 7.405388e+01 2.026586e+00 6.500000e+00
      endloop
   endfacet
   facet normal -2.588183e-01 9.659260e-01 0.000000e+00
      outer loop
         vertex 7.405388e+01 2.026586e+00 3.500000e+00
         vertex 7.405388e+01 2.026586e+00 6.500000e+00
         vertex 7.434854e+01 2.105538e+00 3.500000e+00
      endloop
   endfacet
   facet normal -2.588183e-01 9.659260e-01 0.000000e+00
      outer loop
         vertex 7.434854e+01 2.105538e+00 3.500000e+00
         vertex 7.405388e+01 2.026586e+00 6.500000e+00
         vertex 7.434854e+01 2.105538e+00 6.500000e+00
      endloop
   endfacet
   facet normal -4.226180e-01 9.063079e-01 0.000000e+00
      outer loop
         vertex 7.434854e+01 2.105538e+00 3.500000e+00
         vertex 7.434854e+01 2.105538e+00 6.500000e+00
         vertex 7.462500e+01 2.234455e+00 3.500000e+00
      endloop
   endfacet
   facet normal -4.226180e-01 9.063079e-01 0.000000e+00
      outer loop
         vertex 7.462500e+01 2.234455e+00 3.500000e+00
         vertex 7.434854e+01 2.105538e+00 6.500000e+00
         vertex 7.462500e+01 2.234455e+00 6.500000e+00
      endloop
   endfacet
   facet normal -5.735778e-01 8.191511e-01 0.000000e+00
      outer loop
         vertex 7.462500e+01 2.234455e+00 3.500000e+00
         vertex 7.462500e+01 2.234455e+00 6.500000e+00
         vertex 7.487488e+01 2.409422e+00 3.500000e+00
      endloop
   endfacet
   facet normal -5.735778e-01 8.191511e-01 0.000000e+00
      outer loop
         vertex 7.487488e+01 2.409422e+00 3.500000e+00
         vertex 7.462500e+01 2.234455e+00 6.500000e+00
         vertex 7.487488e+01 2.409422e+00 6.500000e+00
      endloop
   endfacet
   facet normal -7.071030e-01 7.071106e-01 0.000000e+00
      outer loop
         vertex 7.487488e+01 2.409422e+00 3.500000e+00
         vertex 7.487488e+01 2.409422e+00 6.500000e+00
         vertex 7.509058e+01 2.625122e+00 3.500000e+00
      endloop
   endfacet
   facet normal -7.071030e-01 7.071106e-01 0.000000e+00
      outer loop
         vertex 7.509058e+01 2.625122e+00 3.500000e+00
         vertex 7.487488e+01 2.409422e+00 6.500000e+00
         vertex 7.509058e+01 2.625122e+00 6.500000e+00
      endloop
   endfacet
   facet normal -8.191535e-01 5.735744e-01 0.000000e+00
      outer loop
         vertex 7.509058e+01 2.625122e+00 3.500000e+00
         vertex 7.509058e+01 2.625122e+00 6.500000e+00
         vertex 7.526555e+01 2.875000e+00 3.500000e+00
      endloop
   endfacet
   facet normal -8.191535e-01 5.735744e-01 0.000000e+00
      outer loop
         vertex 7.526555e+01 2.875000e+00 3.500000e+00
         vertex 7.509058e+01 2.625122e+00 6.500000e+00
         vertex 7.526555e+01 2.875000e+00 6.500000e+00
      endloop
   endfacet
   facet normal -9.063081e-01 4.226176e-01 0.000000e+00
      outer loop
         vertex 7.526555e+01 2.875000e+00 3.500000e+00
         vertex 7.526555e+01 2.875000e+00 6.500000e+00
         vertex 7.539446e+01 3.151465e+00 3.500000e+00
      endloop
   endfacet
   facet normal -9.063081e-01 4.226176e-01 0.000000e+00
      outer loop
         vertex 7.539446e+01 3.151465e+00 3.500000e+00
         vertex 7.526555e+01 2.875000e+00 6.500000e+00
         vertex 7.539446e+01 3.151465e+00 6.500000e+00
      endloop
   endfacet
   facet normal -9.659270e-01 2.588148e-01 0.000000e+00
      outer loop
         vertex 7.539446e+01 3.151465e+00 3.500000e+00
         vertex 7.539446e+01 3.151465e+00 6.500000e+00
         vertex 7.547341e+01 3.446116e+00 3.500000e+00
      endloop
   endfacet
   facet normal -9.659270e-01 2.588148e-01 0.000000e+00
      outer loop
         vertex 7.547341e+01 3.446116e+00 3.500000e+00
         vertex 7.539446e+01 3.151465e+00 6.500000e+00
         vertex 7.547341e+01 3.446116e+00 6.500000e+00
      endloop
   endfacet
   facet normal -9.961944e-01 8.715888e-02 0.000000e+00
      outer loop
         vertex 7.547341e+01 3.446116e+00 3.500000e+00
         vertex 7.547341e+01 3.446116e+00 6.500000e+00
         vertex 7.550000e+01 3.750000e+00 3.500000e+00
      endloop
   endfacet
   facet normal -9.961944e-01 8.715888e-02 0.000000e+00
      outer loop
         vertex 7.550000e+01 3.750000e+00 3.500000e+00
         vertex 7.547341e+01 3.446116e+00 6.500000e+00
         vertex 7.550000e+01 3.750000e+00 6.500000e+00
      endloop
   endfacet
   facet normal -9.961945e-01 -8.715812e-02 0.000000e+00
      outer loop
         vertex 5.575000e+01 3.750000e+00 3.500000e+00
         vertex 5.575000e+01 3.750000e+00 6.500000e+00
         vertex 5.571962e+01 4.097296e+00 3.500000e+00
      endloop
   endfacet
   facet normal -9.961945e-01 -8.715812e-02 0.000000e+00
      outer loop
         vertex 5.571962e+01 4.097296e+00 3.500000e+00
         vertex 5.575000e+01 3.750000e+00 6.500000e+00
         vertex 5.571962e+01 4.097296e+00 6.500000e+00
      endloop
   endfacet
   facet normal -9.659258e-01 -2.588190e-01 0.000000e+00
      outer loop
         vertex 5.571962e+01 4.097296e+00 3.500000e+00
         vertex 5.571962e+01 4.097296e+00 6.500000e+00
         vertex 5.562939e+01 4.434040e+00 3.500000e+00
      endloop
   endfacet
   facet normal -9.659258e-01 -2.588190e-01 0.000000e+00
      outer loop
         vertex 5.562939e+01 4.434040e+00 3.500000e+00
         vertex 5.571962e+01 4.097296e+00 6.500000e+00
         vertex 5.562939e+01 4.434040e+00 6.500000e+00
      endloop
   endfacet
   facet normal -9.063069e-01 -4.226201e-01 0.000000e+00
      outer loop
         vertex 5.562939e+01 4.434040e+00 3.500000e+00
         vertex 5.562939e+01 4.434040e+00 6.500000e+00
         vertex 5.548205e+01 4.750000e+00 3.500000e+00
      endloop
   endfacet
   facet normal -9.063069e-01 -4.226201e-01 0.000000e+00
      outer loop
         vertex 5.548205e+01 4.750000e+00 3.500000e+00
         vertex 5.562939e+01 4.434040e+00 6.500000e+00
         vertex 5.548205e+01 4.750000e+00 6.500000e+00
      endloop
   endfacet
   facet normal -8.191538e-01 -5.735739e-01 0.000000e+00
      outer loop
         vertex 5.548205e+01 4.750000e+00 3.500000e+00
         vertex 5.548205e+01 4.750000e+00 6.500000e+00
         vertex 5.528209e+01 5.035575e+00 3.500000e+00
      endloop
   endfacet
   facet normal -8.191538e-01 -5.735739e-01 0.000000e+00
      outer loop
         vertex 5.528209e+01 5.035575e+00 3.500000e+00
         vertex 5.548205e+01 4.750000e+00 6.500000e+00
         vertex 5.528209e+01 5.035575e+00 6.500000e+00
      endloop
   endfacet
   facet normal -7.071068e-01 -7.071068e-01 0.000000e+00
      outer loop
         vertex 5.528209e+01 5.035575e+00 3.500000e+00
         vertex 5.528209e+01 5.035575e+00 6.500000e+00
         vertex 5.503558e+01 5.282089e+00 3.500000e+00
      endloop
   endfacet
   facet normal -7.071068e-01 -7.071068e-01 0.000000e+00
      outer loop
         vertex 5.503558e+01 5.282089e+00 3.500000e+00
         vertex 5.528209e+01 5.035575e+00 6.500000e+00
         vertex 5.503558e+01 5.282089e+00 6.500000e+00
      endloop
   endfacet
   facet normal -5.735765e-01 -8.191520e-01 0.000000e+00
      outer loop
         vertex 5.503558e+01 5.282089e+00 3.500000e+00
         vertex 5.503558e+01 5.282089e+00 6.500000e+00
         vertex 5.475000e+01 5.482051e+00 3.500000e+00
      endloop
   endfacet
   facet normal -5.735765e-01 -8.191520e-01 0.000000e+00
      outer loop
         vertex 5.475000e+01 5.482051e+00 3.500000e+00
         vertex 5.503558e+01 5.282089e+00 6.500000e+00
         vertex 5.475000e+01 5.482051e+00 6.500000e+00
      endloop
   endfacet
   facet normal -4.226174e-01 -9.063082e-01 0.000000e+00
      outer loop
         vertex 5.475000e+01 5.482051e+00 3.500000e+00
         vertex 5.475000e+01 5.482051e+00 6.500000e+00
         vertex 5.443404e+01 5.629385e+00 3.500000e+00
      endloop
   endfacet
   facet normal -4.226174e-01 -9.063082e-01 0.000000e+00
      outer loop
         vertex 5.443404e+01 5.629385e+00 3.500000e+00
         vertex 5.475000e+01 5.482051e+00 6.500000e+00
         vertex 5.443404e+01 5.629385e+00 6.500000e+00
      endloop
   endfacet
   facet normal -2.588191e-01 -9.659258e-01 0.000000e+00
      outer loop
         vertex 5.443404e+01 5.629385e+00 3.500000e+00
         vertex 5.443404e+01 5.629385e+00 6.500000e+00
         vertex 5.409730e+01 5.719615e+00 3.500000e+00
      endloop
   endfacet
   facet normal -2.588191e-01 -9.659258e-01 0.000000e+00
      outer loop
         vertex 5.409730e+01 5.719615e+00 3.500000e+00
         vertex 5.443404e+01 5.629385e+00 6.500000e+00
         vertex 5.409730e+01 5.719615e+00 6.500000e+00
      endloop
   endfacet
   facet normal -8.715605e-02 -9.961947e-01 0.000000e+00
      outer loop
         vertex 5.409730e+01 5.719615e+00 3.500000e+00
         vertex 5.409730e+01 5.719615e+00 6.500000e+00
         vertex 5.375000e+01 5.750000e+00 3.500000e+00
      endloop
   endfacet
   facet normal -8.715605e-02 -9.961947e-01 0.000000e+00
      outer loop
         vertex 5.375000e+01 5.750000e+00 3.500000e+00
         vertex 5.409730e+01 5.719615e+00 6.500000e+00
         vertex 5.375000e+01 5.750000e+00 6.500000e+00
      endloop
   endfacet
   facet normal 8.715628e-02 -9.961947e-01 0.000000e+00
      outer loop
         vertex 5.375000e+01 5.750000e+00 3.500000e+00
         vertex 5.375000e+01 5.750000e+00 6.500000e+00
         vertex 5.340270e+01 5.719615e+00 3.500000e+00
      endloop
   endfacet
   facet normal 8.715628e-02 -9.961947e-01 0.000000e+00
      outer loop
         vertex 5.340270e+01 5.719615e+00 3.500000e+00
         vertex 5.375000e+01 5.750000e+00 6.500000e+00
         vertex 5.340270e+01 5.719615e+00 6.500000e+00
      endloop
   endfacet
   facet normal 2.588191e-01 -9.659258e-01 0.000000e+00
      outer loop
         vertex 5.340270e+01 5.719615e+00 3.500000e+00
         vertex 5.340270e+01 5.719615e+00 6.500000e+00
         vertex 5.306596e+01 5.629385e+00 3.500000e+00
      endloop
   endfacet
   facet normal 2.588191e-01 -9.659258e-01 0.000000e+00
      outer loop
         vertex 5.306596e+01 5.629385e+00 3.500000e+00
         vertex 5.340270e+01 5.719615e+00 6.500000e+00
         vertex 5.306596e+01 5.629385e+00 6.500000e+00
      endloop
   endfacet
   facet normal 4.226184e-01 -9.063077e-01 0.000000e+00
      outer loop
         vertex 5.306596e+01 5.629385e+00 3.500000e+00
         vertex 5.306596e+01 5.629385e+00 6.500000e+00
         vertex 5.275000e+01 5.482051e+00 3.500000e+00
      endloop
   endfacet
   facet normal 4.226184e-01 -9.063077e-01 0.000000e+00
      outer loop
         vertex 5.275000e+01 5.482051e+00 3.500000e+00
         vertex 5.306596e+01 5.629385e+00 6.500000e+00
         vertex 5.275000e+01 5.482051e+00 6.500000e+00
      endloop
   endfacet
   facet normal 5.735753e-01 -8.191528e-01 0.000000e+00
      outer loop
         vertex 5.275000e+01 5.482051e+00 3.500000e+00
         vertex 5.275000e+01 5.482051e+00 6.500000e+00
         vertex 5.246442e+01 5.282089e+00 3.500000e+00
      endloop
   endfacet
   facet normal 5.735753e-01 -8.191528e-01 0.000000e+00
      outer loop
         vertex 5.246442e+01 5.282089e+00 3.500000e+00
         vertex 5.275000e+01 5.482051e+00 6.500000e+00
         vertex 5.246442e+01 5.282089e+00 6.500000e+00
      endloop
   endfacet
   facet normal 7.071068e-01 -7.071068e-01 0.000000e+00
      outer loop
         vertex 5.246442e+01 5.282089e+00 3.500000e+00
         vertex 5.246442e+01 5.282089e+00 6.500000e+00
         vertex 5.221791e+01 5.035575e+00 3.500000e+00
      endloop
   endfacet
   facet normal 7.071068e-01 -7.071068e-01 0.000000e+00
      outer loop
         vertex 5.221791e+01 5.035575e+00 3.500000e+00
         vertex 5.246442e+01 5.282089e+00 6.500000e+00
         vertex 5.221791e+01 5.035575e+00 6.500000e+00
      endloop
   endfacet
   facet normal 8.191526e-01 -5.735757e-01 0.000000e+00
      outer loop
         vertex 5.221791e+01 5.035575e+00 3.500000e+00
         vertex 5.221791e+01 5.035575e+00 6.500000e+00
         vertex 5.201795e+01 4.750000e+00 3.500000e+00
      endloop
   endfacet
   facet normal 8.191526e-01 -5.735757e-01 0.000000e+00
      outer loop
         vertex 5.201795e+01 4.750000e+00 3.500000e+00
         vertex 5.221791e+01 5.035575e+00 6.500000e+00
         vertex 5.201795e+01 4.750000e+00 6.500000e+00
      endloop
   endfacet
   facet normal 9.063079e-01 -4.226179e-01 0.000000e+00
      outer loop
         vertex 5.201795e+01 4.750000e+00 3.500000e+00
         vertex 5.201795e+01 4.750000e+00 6.500000e+00
         vertex 5.187062e+01 4.434040e+00 3.500000e+00
      endloop
   endfacet
   facet normal 9.063079e-01 -4.226179e-01 0.000000e+00
      outer loop
         vertex 5.187062e+01 4.434040e+00 3.500000e+00
         vertex 5.201795e+01 4.750000e+00 6.500000e+00
         vertex 5.187062e+01 4.434040e+00 6.500000e+00
      endloop
   endfacet
   facet normal 9.659258e-01 -2.588190e-01 0.000000e+00
      outer loop
         vertex 5.187062e+01 4.434040e+00 3.500000e+00
         vertex 5.187062e+01 4.434040e+00 6.500000e+00
         vertex 5.178038e+01 4.097296e+00 3.500000e+00
      endloop
   endfacet
   facet normal 9.659258e-01 -2.588190e-01 0.000000e+00
      outer loop
         vertex 5.178038e+01 4.097296e+00 3.500000e+00
         vertex 5.187062e+01 4.434040e+00 6.500000e+00
         vertex 5.178038e+01 4.097296e+00 6.500000e+00
      endloop
   endfacet
   facet normal 9.961947e-01 -8.715547e-02 0.000000e+00
      outer loop
         vertex 5.178038e+01 4.097296e+00 3.500000e+00
         vertex 5.178038e+01 4.097296e+00 6.500000e+00
         vertex 5.175000e+01 3.750000e+00 3.500000e+00
      endloop
   endfacet
   facet normal 9.961947e-01 -8.715547e-02 0.000000e+00
      outer loop
         vertex 5.175000e+01 3.750000e+00 3.500000e+00
         vertex 5.178038e+01 4.097296e+00 6.500000e+00
         vertex 5.175000e+01 3.750000e+00 6.500000e+00
      endloop
   endfacet
   facet normal 9.961947e-01 8.715547e-02 -0.000000e+00
      outer loop
         vertex 5.175000e+01 3.750000e+00 3.500000e+00
         vertex 5.175000e+01 3.750000e+00 6.500000e+00
         vertex 5.178038e+01 3.402704e+00 3.500000e+00
      endloop
   endfacet
   facet normal 9.961947e-01 8.715547e-02 -0.000000e+00
      outer loop
         vertex 5.178038e+01 3.402704e+00 3.500000e+00
         vertex 5.175000e+01 3.750000e+00 6.500000e+00
         vertex 5.178038e+01 3.402704e+00 6.500000e+00
      endloop
   endfacet
   facet normal 9.659258e-01 2.588190e-01 -0.000000e+00
      outer loop
         vertex 5.178038e+01 3.402704e+00 3.500000e+00
         vertex 5.178038e+01 3.402704e+00 6.500000e+00
         vertex 5.187062e+01 3.065960e+00 3.500000e+00
      endloop
   endfacet
   facet normal 9.659258e-01 2.588190e-01 -0.000000e+00
      outer loop
         vertex 5.187062e+01 3.065960e+00 3.500000e+00
         vertex 5.178038e+01 3.402704e+00 6.500000e+00
         vertex 5.187062e+01 3.065960e+00 6.500000e+00
      endloop
   endfacet
   facet normal 9.063079e-01 4.226179e-01 -0.000000e+00
      outer loop
         vertex 5.187062e+01 3.065960e+00 3.500000e+00
         vertex 5.187062e+01 3.065960e+00 6.500000e+00
         vertex 5.201795e+01 2.750000e+00 3.500000e+00
      endloop
   endfacet
   facet normal 9.063079e-01 4.226179e-01 -0.000000e+00
      outer loop
         vertex 5.201795e+01 2.750000e+00 3.500000e+00
         vertex 5.187062e+01 3.065960e+00 6.500000e+00
         vertex 5.201795e+01 2.750000e+00 6.500000e+00
      endloop
   endfacet
   facet normal 8.191526e-01 5.735757e-01 -0.000000e+00
      outer loop
         vertex 5.201795e+01 2.750000e+00 3.500000e+00
         vertex 5.201795e+01 2.750000e+00 6.500000e+00
         vertex 5.221791e+01 2.464425e+00 3.500000e+00
      endloop
   endfacet
   facet normal 8.191526e-01 5.735757e-01 -0.000000e+00
      outer loop
         vertex 5.221791e+01 2.464425e+00 3.500000e+00
         vertex 5.201795e+01 2.750000e+00 6.500000e+00
         vertex 5.221791e+01 2.464425e+00 6.500000e+00
      endloop
   endfacet
   facet normal 7.071068e-01 7.071068e-01 -0.000000e+00
      outer loop
         vertex 5.221791e+01 2.464425e+00 3.500000e+00
         vertex 5.221791e+01 2.464425e+00 6.500000e+00
         vertex 5.246442e+01 2.217911e+00 3.500000e+00
      endloop
   endfacet
   facet normal 7.071068e-01 7.071068e-01 -0.000000e+00
      outer loop
         vertex 5.246442e+01 2.217911e+00 3.500000e+00
         vertex 5.221791e+01 2.464425e+00 6.500000e+00
         vertex 5.246442e+01 2.217911e+00 6.500000e+00
      endloop
   endfacet
   facet normal 5.735753e-01 8.191528e-01 -0.000000e+00
      outer loop
         vertex 5.246442e+01 2.217911e+00 3.500000e+00
         vertex 5.246442e+01 2.217911e+00 6.500000e+00
         vertex 5.275000e+01 2.017949e+00 3.500000e+00
      endloop
   endfacet
   facet normal 5.735753e-01 8.191528e-01 -0.000000e+00
      outer loop
         vertex 5.275000e+01 2.017949e+00 3.500000e+00
         vertex 5.246442e+01 2.217911e+00 6.500000e+00
         vertex 5.275000e+01 2.017949e+00 6.500000e+00
      endloop
   endfacet
   facet normal 4.226184e-01 9.063077e-01 -0.000000e+00
      outer loop
         vertex 5.275000e+01 2.017949e+00 3.500000e+00
         vertex 5.275000e+01 2.017949e+00 6.500000e+00
         vertex 5.306596e+01 1.870615e+00 3.500000e+00
      endloop
   endfacet
   facet normal 4.226184e-01 9.063077e-01 -0.000000e+00
      outer loop
         vertex 5.306596e+01 1.870615e+00 3.500000e+00
         vertex 5.275000e+01 2.017949e+00 6.500000e+00
         vertex 5.306596e+01 1.870615e+00 6.500000e+00
      endloop
   endfacet
   facet normal 2.588191e-01 9.659258e-01 -0.000000e+00
      outer loop
         vertex 5.306596e+01 1.870615e+00 3.500000e+00
         vertex 5.306596e+01 1.870615e+00 6.500000e+00
         vertex 5.340270e+01 1.780384e+00 3.500000e+00
      endloop
   endfacet
   facet normal 2.588191e-01 9.659258e-01 -0.000000e+00
      outer loop
         vertex 5.340270e+01 1.780384e+00 3.500000e+00
         vertex 5.306596e+01 1.870615e+00 6.500000e+00
         vertex 5.340270e+01 1.780384e+00 6.500000e+00
      endloop
   endfacet
   facet normal 8.715628e-02 9.961947e-01 -0.000000e+00
      outer loop
         vertex 5.340270e+01 1.780384e+00 3.500000e+00
         vertex 5.340270e+01 1.780384e+00 6.500000e+00
         vertex 5.375000e+01 1.750000e+00 3.500000e+00
      endloop
   endfacet
   facet normal 8.715628e-02 9.961947e-01 -0.000000e+00
      outer loop
         vertex 5.375000e+01 1.750000e+00 3.500000e+00
         vertex 5.340270e+01 1.780384e+00 6.500000e+00
         vertex 5.375000e+01 1.750000e+00 6.500000e+00
      endloop
   endfacet
   facet normal -8.715605e-02 9.961947e-01 0.000000e+00
      outer loop
         vertex 5.375000e+01 1.750000e+00 3.500000e+00
         vertex 5.375000e+01 1.750000e+00 6.500000e+00
         vertex 5.409730e+01 1.780384e+00 3.500000e+00
      endloop
   endfacet
   facet normal -8.715605e-02 9.961947e-01 0.000000e+00
      outer loop
         vertex 5.409730e+01 1.780384e+00 3.500000e+00
         vertex 5.375000e+01 1.750000e+00 6.500000e+00
         vertex 5.409730e+01 1.780384e+00 6.500000e+00
      endloop
   endfacet
   facet normal -2.588191e-01 9.659258e-01 0.000000e+00
      outer loop
         vertex 5.409730e+01 1.780384e+00 3.500000e+00
         vertex 5.409730e+01 1.780384e+00 6.500000e+00
         vertex 5.443404e+01 1.870615e+00 3.500000e+00
      endloop
   endfacet
   facet normal -2.588191e-01 9.659258e-01 0.000000e+00
      outer loop
         vertex 5.443404e+01 1.870615e+00 3.500000e+00
         vertex 5.409730e+01 1.780384e+00 6.500000e+00
         vertex 5.443404e+01 1.870615e+00 6.500000e+00
      endloop
   endfacet
   facet normal -4.226174e-01 9.063082e-01 0.000000e+00
      outer loop
         vertex 5.443404e+01 1.870615e+00 3.500000e+00
         vertex 5.443404e+01 1.870615e+00 6.500000e+00
         vertex 5.475000e+01 2.017949e+00 3.500000e+00
      endloop
   endfacet
   facet normal -4.226174e-01 9.063082e-01 0.000000e+00
      outer loop
         vertex 5.475000e+01 2.017949e+00 3.500000e+00
         vertex 5.443404e+01 1.870615e+00 6.500000e+00
         vertex 5.475000e+01 2.017949e+00 6.500000e+00
      endloop
   endfacet
   facet normal -5.735765e-01 8.191520e-01 0.000000e+00
      outer loop
         vertex 5.475000e+01 2.017949e+00 3.500000e+00
         vertex 5.475000e+01 2.017949e+00 6.500000e+00
         vertex 5.503558e+01 2.217911e+00 3.500000e+00
      endloop
   endfacet
   facet normal -5.735765e-01 8.191520e-01 0.000000e+00
      outer loop
         vertex 5.503558e+01 2.217911e+00 3.500000e+00
         vertex 5.475000e+01 2.017949e+00 6.500000e+00
         vertex 5.503558e+01 2.217911e+00 6.500000e+00
      endloop
   endfacet
   facet normal -7.071068e-01 7.071068e-01 0.000000e+00
      outer loop
         vertex 5.503558e+01 2.217911e+00 3.500000e+00
         vertex 5.503558e+01 2.217911e+00 6.500000e+00
         vertex 5.528209e+01 2.464425e+00 3.500000e+00
      endloop
   endfacet
   facet normal -7.071068e-01 7.071068e-01 0.000000e+00
      outer loop
         vertex 5.528209e+01 2.464425e+00 3.500000e+00
         vertex 5.503558e+01 2.217911e+00 6.500000e+00
         vertex 5.528209e+01 2.464425e+00 6.500000e+00
      endloop
   endfacet
   facet normal -8.191538e-01 5.735739e-01 0.000000e+00
      outer loop
         vertex 5.528209e+01 2.464425e+00 3.500000e+00
         vertex 5.528209e+01 2.464425e+00 6.500000e+00
         vertex 5.548205e+01 2.750000e+00 3.500000e+00
      endloop
   endfacet
   facet normal -8.191538e-01 5.735739e-01 0.000000e+00
      outer loop
         vertex 5.548205e+01 2.750000e+00 3.500000e+00
         vertex 5.528209e+01 2.464425e+00 6.500000e+00
         vertex 5.548205e+01 2.750000e+00 6.500000e+00
      endloop
   endfacet
   facet normal -9.063069e-01 4.226201e-01 0.000000e+00
      outer loop
         vertex 5.548205e+01 2.750000e+00 3.500000e+00
         vertex 5.548205e+01 2.750000e+00 6.500000e+00
         vertex 5.562939e+01 3.065960e+00 3.500000e+00
      endloop
   endfacet
   facet normal -9.063069e-01 4.226201e-01 0.000000e+00
      outer loop
         vertex 5.562939e+01 3.065960e+00 3.500000e+00
         vertex 5.548205e+01 2.750000e+00 6.500000e+00
         vertex 5.562939e+01 3.065960e+00 6.500000e+00
      endloop
   endfacet
   facet normal -9.659258e-01 2.588190e-01 0.000000e+00
      outer loop
         vertex 5.562939e+01 3.065960e+00 3.500000e+00
         vertex 5.562939e+01 3.065960e+00 6.500000e+00
         vertex 5.571962e+01 3.402704e+00 3.500000e+00
      endloop
   endfacet
   facet normal -9.659258e-01 2.588190e-01 0.000000e+00
      outer loop
         vertex 5.571962e+01 3.402704e+00 3.500000e+00
         vertex 5.562939e+01 3.065960e+00 6.500000e+00
         vertex 5.571962e+01 3.402704e+00 6.500000e+00
      endloop
   endfacet
   facet normal -9.961945e-01 8.715812e-02 0.000000e+00
      outer loop
         vertex 5.571962e+01 3.402704e+00 3.500000e+00
         vertex 5.571962e+01 3.402704e+00 6.500000e+00
         vertex 5.575000e+01 3.750000e+00 3.500000e+00
      endloop
   endfacet
   facet normal -9.961945e-01 8.715812e-02 0.000000e+00
      outer loop
         vertex 5.575000e+01 3.750000e+00 3.500000e+00
         vertex 5.571962e+01 3.402704e+00 6.500000e+00
         vertex 5.575000e+01 3.750000e+00 6.500000e+00
      endloop
   endfacet
endsolid p1