solid p2
   facet normal 8.858165e-03 9.658879e-01 -2.588089e-01
      outer loop
         vertex 1.350000e+01 6.884505e+00 1.760830e+01
         vertex 1.500000e+01 6.946827e+00 1.789223e+01
         vertex 1.500000e+01 6.788924e+00 1.730293e+01
      endloop
   endfacet
   facet normal 6.966199e-03 9.062858e-01 -4.226079e-01
      outer loop
         vertex 1.500000e+01 6.531089e+00 1.675000e+01
         vertex 1.350000e+01 6.729355e+00 1.715046e+01
         vertex 1.500000e+01 6.788924e+00 1.730293e+01
      endloop
   endfacet
   facet normal 0.000000e+00 9.314371e-01 -3.639023e-01
      outer loop
         vertex 1.500000e+01 6.788924e+00 1.730293e+01
         vertex 1.350000e+01 6.729355e+00 1.715046e+01
         vertex 1.350000e+01 6.788924e+00 1.730293e+01
      endloop
   endfacet
   facet normal 0.000000e+00 9.543447e-01 -2.987074e-01
      outer loop
         vertex 1.500000e+01 6.788924e+00 1.730293e+01
         vertex 1.350000e+01 6.788924e+00 1.730293e+01
         vertex 1.350000e+01 6.884505e+00 1.760830e+01
      endloop
   endfacet
   facet normal 0.000000e+00 7.742819e-01 -6.328408e-01
      outer loop
         vertex 1.350000e+01 6.181156e+00 1.625024e+01
         vertex 1.350000e+01 6.238368e+00 1.632024e+01
         vertex 1.500000e+01 6.181156e+00 1.625024e+01
      endloop
   endfacet
   facet normal 4.938417e-03 8.235225e-01 -5.672622e-01
      outer loop
         vertex 1.500000e+01 6.181156e+00 1.625024e+01
         vertex 1.350000e+01 6.238368e+00 1.632024e+01
         vertex 1.350000e+01 6.512597e+00 1.671836e+01
      endloop
   endfacet
   facet normal 2.002094e-03 8.191502e-01 -5.735755e-01
      outer loop
         vertex 1.500000e+01 6.181156e+00 1.625024e+01
         vertex 1.350000e+01 6.512597e+00 1.671836e+01
         vertex 1.500000e+01 6.531089e+00 1.675000e+01
      endloop
   endfacet
   facet normal 0.000000e+00 8.633948e-01 -5.045289e-01
      outer loop
         vertex 1.500000e+01 6.531089e+00 1.675000e+01
         vertex 1.350000e+01 6.512597e+00 1.671836e+01
         vertex 1.350000e+01 6.531089e+00 1.675000e+01
      endloop
   endfacet
   facet normal 0.000000e+00 8.961771e-01 -4.436966e-01
      outer loop
         vertex 1.500000e+01 6.531089e+00 1.675000e+01
         vertex 1.350000e+01 6.531089e+00 1.675000e+01
         vertex 1.350000e+01 6.729355e+00 1.715046e+01
      endloop
   endfacet
   facet normal 0.000000e+00 7.287296e-01 -6.848016e-01
      outer loop
         vertex 1.350000e+01 6.181156e+00 1.625024e+01
         vertex 1.500000e+01 6.181156e+00 1.625024e+01
         vertex 1.350000e+01 5.911898e+00 1.596371e+01
      endloop
   endfacet
   facet normal 8.141863e-03 7.070833e-01 -7.070833e-01
      outer loop
         vertex 1.350000e+01 5.911898e+00 1.596371e+01
         vertex 1.500000e+01 6.181156e+00 1.625024e+01
         vertex 1.500000e+01 5.749757e+00 1.581884e+01
      endloop
   endfacet
   facet normal 0.000000e+00 6.662723e-01 -7.457086e-01
      outer loop
         vertex 1.350000e+01 5.911898e+00 1.596371e+01
         vertex 1.500000e+01 5.749757e+00 1.581884e+01
         vertex 1.350000e+01 5.749757e+00 1.581884e+01
      endloop
   endfacet
   facet normal 0.000000e+00 6.131831e-01 -7.899408e-01
      outer loop
         vertex 1.350000e+01 5.749757e+00 1.581884e+01
         vertex 1.500000e+01 5.749757e+00 1.581884e+01
         vertex 1.350000e+01 5.539417e+00 1.565557e+01
      endloop
   endfacet
   facet normal 8.733158e-03 5.735548e-01 -8.191206e-01
      outer loop
         vertex 1.350000e+01 5.539417e+00 1.565557e+01
         vertex 1.500000e+01 5.749757e+00 1.581884e+01
         vertex 1.500000e+01 5.250000e+00 1.546891e+01
      endloop
   endfacet
   facet normal 0.000000e+00 5.420018e-01 -8.403773e-01
      outer loop
         vertex 1.350000e+01 5.539417e+00 1.565557e+01
         vertex 1.500000e+01 5.250000e+00 1.546891e+01
         vertex 1.350000e+01 5.250000e+00 1.546891e+01
      endloop
   endfacet
   facet normal 0.000000e+00 4.826702e-01 -8.758022e-01
      outer loop
         vertex 1.350000e+01 5.250000e+00 1.546891e+01
         vertex 1.500000e+01 5.250000e+00 1.546891e+01
         vertex 1.350000e+01 5.128029e+00 1.540169e+01
      endloop
   endfacet
   facet normal 6.250029e-03 4.226099e-01 -9.062901e-01
      outer loop
         vertex 1.350000e+01 5.128029e+00 1.540169e+01
         vertex 1.500000e+01 5.250000e+00 1.546891e+01
         vertex 1.500000e+01 4.697071e+00 1.521108e+01
      endloop
   endfacet
   facet normal 0.000000e+00 4.045034e-01 -9.145365e-01
      outer loop
         vertex 1.350000e+01 5.128029e+00 1.540169e+01
         vertex 1.500000e+01 4.697071e+00 1.521108e+01
         vertex 1.350000e+01 4.697071e+00 1.521108e+01
      endloop
   endfacet
   facet normal 0.000000e+00 3.403686e-01 -9.402921e-01
      outer loop
         vertex 1.350000e+01 4.697071e+00 1.521108e+01
         vertex 1.500000e+01 4.697071e+00 1.521108e+01
         vertex 1.350000e+01 4.685583e+00 1.520692e+01
      endloop
   endfacet
   facet normal 6.956098e-04 2.588190e-01 -9.659256e-01
      outer loop
         vertex 1.350000e+01 4.685583e+00 1.520692e+01
         vertex 1.500000e+01 4.697071e+00 1.521108e+01
         vertex 1.500000e+01 4.107769e+00 1.505317e+01
      endloop
   endfacet
   facet normal 6.539146e-03 2.729461e-01 -9.620071e-01
      outer loop
         vertex 1.350000e+01 4.685583e+00 1.520692e+01
         vertex 1.500000e+01 4.107769e+00 1.505317e+01
         vertex 1.350000e+01 4.220519e+00 1.507497e+01
      endloop
   endfacet
   facet normal 8.494330e-03 8.715271e-02 -9.961587e-01
      outer loop
         vertex 1.500000e+01 3.500000e+00 1.500000e+01
         vertex 1.350000e+01 3.741710e+00 1.500836e+01
         vertex 1.500000e+01 4.107769e+00 1.505317e+01
      endloop
   endfacet
   facet normal 0.000000e+00 1.215229e-01 -9.925886e-01
      outer loop
         vertex 1.500000e+01 4.107769e+00 1.505317e+01
         vertex 1.350000e+01 3.741710e+00 1.500836e+01
         vertex 1.350000e+01 4.107769e+00 1.505317e+01
      endloop
   endfacet
   facet normal 0.000000e+00 1.897821e-01 -9.818262e-01
      outer loop
         vertex 1.500000e+01 4.107769e+00 1.505317e+01
         vertex 1.350000e+01 4.107769e+00 1.505317e+01
         vertex 1.350000e+01 4.220519e+00 1.507497e+01
      endloop
   endfacet
   facet normal 8.494330e-03 -8.715271e-02 -9.961587e-01
      outer loop
         vertex 1.500000e+01 2.892232e+00 1.505317e+01
         vertex 1.350000e+01 3.258290e+00 1.500836e+01
         vertex 1.500000e+01 3.500000e+00 1.500000e+01
      endloop
   endfacet
   facet normal 9.595745e-19 -3.455091e-02 -9.994029e-01
      outer loop
         vertex 1.500000e+01 3.500000e+00 1.500000e+01
         vertex 1.350000e+01 3.258290e+00 1.500836e+01
         vertex 1.350000e+01 3.500000e+00 1.500000e+01
      endloop
   endfacet
   facet normal -9.595745e-19 3.455091e-02 -9.994029e-01
      outer loop
         vertex 1.500000e+01 3.500000e+00 1.500000e+01
         vertex 1.350000e+01 3.500000e+00 1.500000e+01
         vertex 1.350000e+01 3.741710e+00 1.500836e+01
      endloop
   endfacet
   facet normal 0.000000e+00 -3.403686e-01 -9.402921e-01
      outer loop
         vertex 1.350000e+01 2.302930e+00 1.521108e+01
         vertex 1.350000e+01 2.314417e+00 1.520692e+01
         vertex 1.500000e+01 2.302930e+00 1.521108e+01
      endloop
   endfacet
   facet normal 5.765664e-04 -2.729519e-01 -9.620275e-01
      outer loop
         vertex 1.500000e+01 2.302930e+00 1.521108e+01
         vertex 1.350000e+01 2.314417e+00 1.520692e+01
         vertex 1.350000e+01 2.779481e+00 1.507497e+01
      endloop
   endfacet
   facet normal 5.420240e-03 -2.588152e-01 -9.659116e-01
      outer loop
         vertex 1.500000e+01 2.302930e+00 1.521108e+01
         vertex 1.350000e+01 2.779481e+00 1.507497e+01
         vertex 1.500000e+01 2.892232e+00 1.505317e+01
      endloop
   endfacet
   facet normal -0.000000e+00 -1.897821e-01 -9.818262e-01
      outer loop
         vertex 1.500000e+01 2.892232e+00 1.505317e+01
         vertex 1.350000e+01 2.779481e+00 1.507497e+01
         vertex 1.350000e+01 2.892232e+00 1.505317e+01
      endloop
   endfacet
   facet normal -0.000000e+00 -1.215229e-01 -9.925886e-01
      outer loop
         vertex 1.500000e+01 2.892232e+00 1.505317e+01
         vertex 1.350000e+01 2.892232e+00 1.505317e+01
         vertex 1.350000e+01 3.258290e+00 1.500836e+01
      endloop
   endfacet
   facet normal 0.000000e+00 -4.045034e-01 -9.145365e-01
      outer loop
         vertex 1.350000e+01 2.302930e+00 1.521108e+01
         vertex 1.500000e+01 2.302930e+00 1.521108e+01
         vertex 1.350000e+01 1.871971e+00 1.540169e+01
      endloop
   endfacet
   facet normal 6.250029e-03 -4.226099e-01 -9.062901e-01
      outer loop
         vertex 1.350000e+01 1.871971e+00 1.540169e+01
         vertex 1.500000e+01 2.302930e+00 1.521108e+01
         vertex 1.500000e+01 1.750000e+00 1.546891e+01
      endloop
   endfacet
   facet normal 0.000000e+00 -4.826702e-01 -8.758022e-01
      outer loop
         vertex 1.350000e+01 1.871971e+00 1.540169e+01
         vertex 1.500000e+01 1.750000e+00 1.546891e+01
         vertex 1.350000e+01 1.750000e+00 1.546891e+01
      endloop
   endfacet
   facet normal 0.000000e+00 -5.420018e-01 -8.403773e-01
      outer loop
         vertex 1.350000e+01 1.750000e+00 1.546891e+01
         vertex 1.500000e+01 1.750000e+00 1.546891e+01
         vertex 1.350000e+01 1.460583e+00 1.565557e+01
      endloop
   endfacet
   facet normal 8.733158e-03 -5.735548e-01 -8.191206e-01
      outer loop
         vertex 1.350000e+01 1.460583e+00 1.565557e+01
         vertex 1.500000e+01 1.750000e+00 1.546891e+01
         vertex 1.500000e+01 1.250244e+00 1.581884e+01
      endloop
   endfacet
   facet normal 0.000000e+00 -6.131831e-01 -7.899408e-01
      outer loop
         vertex 1.350000e+01 1.460583e+00 1.565557e+01
         vertex 1.500000e+01 1.250244e+00 1.581884e+01
         vertex 1.350000e+01 1.250244e+00 1.581884e+01
      endloop
   endfacet
   facet normal 0.000000e+00 -6.662723e-01 -7.457086e-01
      outer loop
         vertex 1.350000e+01 1.250244e+00 1.581884e+01
         vertex 1.500000e+01 1.250244e+00 1.581884e+01
         vertex 1.350000e+01 1.088102e+00 1.596371e+01
      endloop
   endfacet
   facet normal 8.141863e-03 -7.070833e-01 -7.070833e-01
      outer loop
         vertex 1.350000e+01 1.088102e+00 1.596371e+01
         vertex 1.500000e+01 1.250244e+00 1.581884e+01
         vertex 1.500000e+01 8.188447e-01 1.625024e+01
      endloop
   endfacet
   facet normal 0.000000e+00 -7.287296e-01 -6.848016e-01
      outer loop
         vertex 1.350000e+01 1.088102e+00 1.596371e+01
         vertex 1.500000e+01 8.188447e-01 1.625024e+01
         vertex 1.350000e+01 8.188447e-01 1.625024e+01
      endloop
   endfacet
   facet normal 0.000000e+00 -7.742819e-01 -6.328408e-01
      outer loop
         vertex 1.350000e+01 8.188447e-01 1.625024e+01
         vertex 1.500000e+01 8.188447e-01 1.625024e+01
         vertex 1.350000e+01 7.616323e-01 1.632024e+01
      endloop
   endfacet
   facet normal 4.476998e-03 -8.191437e-01 -5.735709e-01
      outer loop
         vertex 1.350000e+01 7.616323e-01 1.632024e+01
         vertex 1.500000e+01 8.188447e-01 1.625024e+01
         vertex 1.500000e+01 4.689111e-01 1.675000e+01
      endloop
   endfacet
   facet normal 1.815022e-03 -8.235311e-01 -5.672682e-01
      outer loop
         vertex 1.350000e+01 7.616323e-01 1.632024e+01
         vertex 1.500000e+01 4.689111e-01 1.675000e+01
         vertex 1.350000e+01 4.874030e-01 1.671836e+01
      endloop
   endfacet
   facet normal 6.966199e-03 -9.062858e-01 -4.226079e-01
      outer loop
         vertex 1.500000e+01 2.110759e-01 1.730293e+01
         vertex 1.350000e+01 2.706456e-01 1.715046e+01
         vertex 1.500000e+01 4.689111e-01 1.675000e+01
      endloop
   endfacet
   facet normal -0.000000e+00 -8.961771e-01 -4.436966e-01
      outer loop
         vertex 1.500000e+01 4.689111e-01 1.675000e+01
         vertex 1.350000e+01 2.706456e-01 1.715046e+01
         vertex 1.350000e+01 4.689111e-01 1.675000e+01
      endloop
   endfacet
   facet normal -0.000000e+00 -8.633948e-01 -5.045289e-01
      outer loop
         vertex 1.500000e+01 4.689111e-01 1.675000e+01
         vertex 1.350000e+01 4.689111e-01 1.675000e+01
         vertex 1.350000e+01 4.874030e-01 1.671836e+01
      endloop
   endfacet
   facet normal 8.858165e-03 -9.658879e-01 -2.588089e-01
      outer loop
         vertex 1.500000e+01 5.317293e-02 1.789223e+01
         vertex 1.350000e+01 1.154949e-01 1.760830e+01
         vertex 1.500000e+01 2.110759e-01 1.730293e+01
      endloop
   endfacet
   facet normal -0.000000e+00 -9.543447e-01 -2.987074e-01
      outer loop
         vertex 1.500000e+01 2.110759e-01 1.730293e+01
         vertex 1.350000e+01 1.154949e-01 1.760830e+01
         vertex 1.350000e+01 2.110759e-01 1.730293e+01
      endloop
   endfacet
   facet normal -0.000000e+00 -9.314371e-01 -3.639023e-01
      outer loop
         vertex 1.500000e+01 2.110759e-01 1.730293e+01
         vertex 1.350000e+01 2.110759e-01 1.730293e+01
         vertex 1.350000e+01 2.706456e-01 1.715046e+01
      endloop
   endfacet
   facet normal 2.997039e-03 -9.956290e-01 -9.334829e-02
      outer loop
         vertex 9.500001e+00 5.317293e-02 1.789223e+01
         vertex 5.877212e+00 9.705778e-03 1.823953e+01
         vertex 5.848885e+00 2.160016e-02 1.811176e+01
      endloop
   endfacet
   facet normal 8.156590e-04 -9.916371e-01 -1.290547e-01
      outer loop
         vertex 5.848885e+00 2.160016e-02 1.811176e+01
         vertex 5.809469e+00 3.783265e-02 1.798678e+01
         vertex 9.500001e+00 5.317293e-02 1.789223e+01
      endloop
   endfacet
   facet normal -0.000000e+00 -9.870918e-01 -1.601555e-01
      outer loop
         vertex 9.500001e+00 5.317293e-02 1.789223e+01
         vertex 5.809469e+00 3.783265e-02 1.798678e+01
         vertex 5.771356e+00 5.317293e-02 1.789223e+01
      endloop
   endfacet
   facet normal -0.000000e+00 -9.767471e-01 -2.143946e-01
      outer loop
         vertex 9.500001e+00 5.317293e-02 1.789223e+01
         vertex 5.771356e+00 5.317293e-02 1.789223e+01
         vertex 9.500001e+00 1.154949e-01 1.760830e+01
      endloop
   endfacet
   facet normal 1.562714e-03 -9.808472e-01 -1.947725e-01
      outer loop
         vertex 9.500001e+00 1.154949e-01 1.760830e+01
         vertex 5.771356e+00 5.317293e-02 1.789223e+01
         vertex 5.699039e+00 8.130143e-02 1.775000e+01
      endloop
   endfacet
   facet normal -2.550322e-03 -9.543416e-01 -2.987065e-01
      outer loop
         vertex 9.500001e+00 1.154949e-01 1.760830e+01
         vertex 5.699039e+00 8.130143e-02 1.775000e+01
         vertex 9.500001e+00 2.110759e-01 1.730293e+01
      endloop
   endfacet
   facet normal 3.955593e-03 -9.688528e-01 -2.476059e-01
      outer loop
         vertex 9.500001e+00 2.110759e-01 1.730293e+01
         vertex 5.699039e+00 8.130143e-02 1.775000e+01
         vertex 5.549068e+00 1.354266e-01 1.753582e+01
      endloop
   endfacet
   facet normal 3.247653e-03 -9.089585e-01 -4.168739e-01
      outer loop
         vertex 4.913030e+00 2.963771e-01 1.709046e+01
         vertex 4.789090e+00 3.138753e-01 1.705134e+01
         vertex 9.500001e+00 4.689111e-01 1.675000e+01
      endloop
   endfacet
   facet normal 2.441542e-03 -9.042283e-01 -4.270423e-01
      outer loop
         vertex 9.500001e+00 4.689111e-01 1.675000e+01
         vertex 4.789090e+00 3.138753e-01 1.705134e+01
         vertex 4.660472e+00 3.270132e-01 1.702279e+01
      endloop
   endfacet
   facet normal 1.822824e-03 -9.000257e-01 -4.358329e-01
      outer loop
         vertex 9.500001e+00 4.689111e-01 1.675000e+01
         vertex 4.660472e+00 3.270132e-01 1.702279e+01
         vertex 4.530432e+00 3.350338e-01 1.700568e+01
      endloop
   endfacet
   facet normal 4.259121e-04 -9.531822e-01 -3.023962e-01
      outer loop
         vertex 5.549068e+00 1.354266e-01 1.753582e+01
         vertex 5.364181e+00 1.939987e-01 1.735093e+01
         vertex 9.500001e+00 2.110759e-01 1.730293e+01
      endloop
   endfacet
   facet normal -6.836372e-06 -9.419718e-01 -3.356920e-01
      outer loop
         vertex 9.500001e+00 2.110759e-01 1.730293e+01
         vertex 5.364181e+00 1.939987e-01 1.735093e+01
         vertex 5.298967e+00 2.124265e-01 1.729923e+01
      endloop
   endfacet
   facet normal 2.142632e-05 -9.314371e-01 -3.639023e-01
      outer loop
         vertex 9.500001e+00 2.110759e-01 1.730293e+01
         vertex 5.298967e+00 2.124265e-01 1.729923e+01
         vertex 9.500001e+00 2.706456e-01 1.715046e+01
      endloop
   endfacet
   facet normal 2.812972e-04 -9.339021e-01 -3.575286e-01
      outer loop
         vertex 9.500001e+00 2.706456e-01 1.715046e+01
         vertex 5.298967e+00 2.124265e-01 1.729923e+01
         vertex 5.150000e+00 2.500000e-01 1.720096e+01
      endloop
   endfacet
   facet normal -8.982065e-04 -8.961767e-01 -4.436964e-01
      outer loop
         vertex 9.500001e+00 2.706456e-01 1.715046e+01
         vertex 5.150000e+00 2.500000e-01 1.720096e+01
         vertex 9.500001e+00 4.689111e-01 1.675000e+01
      endloop
   endfacet
   facet normal 5.959852e-03 -9.209732e-01 -3.895803e-01
      outer loop
         vertex 9.500001e+00 4.689111e-01 1.675000e+01
         vertex 5.150000e+00 2.500000e-01 1.720096e+01
         vertex 5.033799e+00 2.748333e-01 1.714048e+01
      endloop
   endfacet
   facet normal 4.376907e-03 -9.145341e-01 -4.044852e-01
      outer loop
         vertex 9.500001e+00 4.689111e-01 1.675000e+01
         vertex 5.033799e+00 2.748333e-01 1.714048e+01
         vertex 4.913030e+00 2.963771e-01 1.709046e+01
      endloop
   endfacet
   facet normal -1.133945e-03 -8.935600e-01 -4.489423e-01
      outer loop
         vertex 0.000000e+00 4.689111e-01 1.675000e+01
         vertex 4.400000e+00 3.377225e-01 1.700000e+01
         vertex 4.269756e+00 3.350414e-01 1.700567e+01
      endloop
   endfacet
   facet normal -2.026372e-03 -8.994100e-01 -4.371013e-01
      outer loop
         vertex 4.269756e+00 3.350414e-01 1.700567e+01
         vertex 4.139528e+00 3.270132e-01 1.702279e+01
         vertex 0.000000e+00 4.689111e-01 1.675000e+01
      endloop
   endfacet
   facet normal -2.757002e-03 -9.036664e-01 -4.282282e-01
      outer loop
         vertex 0.000000e+00 4.689111e-01 1.675000e+01
         vertex 4.139528e+00 3.270132e-01 1.702279e+01
         vertex 4.011352e+00 3.139293e-01 1.705122e+01
      endloop
   endfacet
   facet normal -3.701076e-03 -9.083978e-01 -4.180905e-01
      outer loop
         vertex 0.000000e+00 4.689111e-01 1.675000e+01
         vertex 4.011352e+00 3.139293e-01 1.705122e+01
         vertex 3.886970e+00 2.963771e-01 1.709046e+01
      endloop
   endfacet
   facet normal 1.062491e-03 -8.942419e-01 -4.475827e-01
      outer loop
         vertex 4.530432e+00 3.350338e-01 1.700568e+01
         vertex 4.400000e+00 3.377225e-01 1.700000e+01
         vertex 9.500001e+00 4.689111e-01 1.675000e+01
      endloop
   endfacet
   facet normal -0.000000e+00 -8.854873e-01 -4.646635e-01
      outer loop
         vertex 9.500001e+00 4.689111e-01 1.675000e+01
         vertex 4.400000e+00 3.377225e-01 1.700000e+01
         vertex 0.000000e+00 4.689111e-01 1.675000e+01
      endloop
   endfacet
   facet normal -0.000000e+00 -8.633948e-01 -5.045289e-01
      outer loop
         vertex 9.500001e+00 4.689111e-01 1.675000e+01
         vertex 0.000000e+00 4.689111e-01 1.675000e+01
         vertex 9.500001e+00 4.874030e-01 1.671836e+01
      endloop
   endfacet
   facet normal -3.161207e-04 -8.191518e-01 -5.735766e-01
      outer loop
         vertex 9.500001e+00 4.874030e-01 1.671836e+01
         vertex 0.000000e+00 4.689111e-01 1.675000e+01
         vertex 0.000000e+00 8.188447e-01 1.625024e+01
      endloop
   endfacet
   facet normal -7.797595e-04 -8.235322e-01 -5.672689e-01
      outer loop
         vertex 9.500001e+00 4.874030e-01 1.671836e+01
         vertex 0.000000e+00 8.188447e-01 1.625024e+01
         vertex 9.500001e+00 7.616323e-01 1.632024e+01
      endloop
   endfacet
   facet normal 0.000000e+00 -7.742819e-01 -6.328408e-01
      outer loop
         vertex 9.500001e+00 7.616323e-01 1.632024e+01
         vertex 0.000000e+00 8.188447e-01 1.625024e+01
         vertex 9.500001e+00 8.188447e-01 1.625024e+01
      endloop
   endfacet
   facet normal -0.000000e+00 -7.287296e-01 -6.848016e-01
      outer loop
         vertex 9.500001e+00 8.188447e-01 1.625024e+01
         vertex 0.000000e+00 8.188447e-01 1.625024e+01
         vertex 9.500001e+00 1.088102e+00 1.596371e+01
      endloop
   endfacet
   facet normal -1.285599e-03 -7.071062e-01 -7.071062e-01
      outer loop
         vertex 9.500001e+00 1.088102e+00 1.596371e+01
         vertex 0.000000e+00 8.188447e-01 1.625024e+01
         vertex 0.000000e+00 1.250244e+00 1.581884e+01
      endloop
   endfacet
   facet normal 0.000000e+00 -6.662723e-01 -7.457086e-01
      outer loop
         vertex 9.500001e+00 1.088102e+00 1.596371e+01
         vertex 0.000000e+00 1.250244e+00 1.581884e+01
         vertex 9.500001e+00 1.250244e+00 1.581884e+01
      endloop
   endfacet
   facet normal 0.000000e+00 -5.735767e-01 -8.191519e-01
      outer loop
         vertex 0.000000e+00 1.250244e+00 1.581884e+01
         vertex 0.000000e+00 1.750000e+00 1.546891e+01
         vertex 9.500001e+00 1.250244e+00 1.581884e+01
      endloop
   endfacet
   facet normal 0.000000e+00 -5.735767e-01 -8.191519e-01
      outer loop
         vertex 9.500001e+00 1.250244e+00 1.581884e+01
         vertex 0.000000e+00 1.750000e+00 1.546891e+01
         vertex 8.400001e+00 1.750000e+00 1.546891e+01
      endloop
   endfacet
   facet normal -2.727670e-02 -6.129550e-01 -7.896469e-01
      outer loop
         vertex 9.500001e+00 1.250244e+00 1.581884e+01
         vertex 8.400001e+00 1.750000e+00 1.546891e+01
         vertex 9.500001e+00 1.460583e+00 1.565557e+01
      endloop
   endfacet
   facet normal 0.000000e+00 -5.420018e-01 -8.403773e-01
      outer loop
         vertex 9.500001e+00 1.460583e+00 1.565557e+01
         vertex 8.400001e+00 1.750000e+00 1.546891e+01
         vertex 9.500001e+00 1.750000e+00 1.546891e+01
      endloop
   endfacet
   facet normal -0.000000e+00 -4.826702e-01 -8.758022e-01
      outer loop
         vertex 9.500001e+00 1.750000e+00 1.546891e+01
         vertex 8.400001e+00 1.750000e+00 1.546891e+01
         vertex 9.500001e+00 1.871971e+00 1.540169e+01
      endloop
   endfacet
   facet normal -8.522626e-03 -4.226029e-01 -9.062749e-01
      outer loop
         vertex 9.500001e+00 1.871971e+00 1.540169e+01
         vertex 8.400001e+00 1.750000e+00 1.546891e+01
         vertex 8.400001e+00 2.302930e+00 1.521108e+01
      endloop
   endfacet
   facet normal 0.000000e+00 -4.045034e-01 -9.145365e-01
      outer loop
         vertex 9.500001e+00 1.871971e+00 1.540169e+01
         vertex 8.400001e+00 2.302930e+00 1.521108e+01
         vertex 9.500001e+00 2.302930e+00 1.521108e+01
      endloop
   endfacet
   facet normal -0.000000e+00 -3.403686e-01 -9.402921e-01
      outer loop
         vertex 9.500001e+00 2.302930e+00 1.521108e+01
         vertex 8.400001e+00 2.302930e+00 1.521108e+01
         vertex 9.500001e+00 2.314417e+00 1.520692e+01
      endloop
   endfacet
   facet normal -9.485588e-04 -2.588189e-01 -9.659254e-01
      outer loop
         vertex 9.500001e+00 2.314417e+00 1.520692e+01
         vertex 8.400001e+00 2.302930e+00 1.521108e+01
         vertex 8.400001e+00 2.892232e+00 1.505317e+01
      endloop
   endfacet
   facet normal -8.916855e-03 -2.729411e-01 -9.619894e-01
      outer loop
         vertex 9.500001e+00 2.314417e+00 1.520692e+01
         vertex 8.400001e+00 2.892232e+00 1.505317e+01
         vertex 9.500001e+00 2.779481e+00 1.507497e+01
      endloop
   endfacet
   facet normal -1.158282e-02 -8.715001e-02 -9.961279e-01
      outer loop
         vertex 8.400001e+00 3.500000e+00 1.500000e+01
         vertex 9.500001e+00 3.258290e+00 1.500836e+01
         vertex 8.400001e+00 2.892232e+00 1.505317e+01
      endloop
   endfacet
   facet normal 0.000000e+00 -1.215229e-01 -9.925886e-01
      outer loop
         vertex 8.400001e+00 2.892232e+00 1.505317e+01
         vertex 9.500001e+00 3.258290e+00 1.500836e+01
         vertex 9.500001e+00 2.892232e+00 1.505317e+01
      endloop
   endfacet
   facet normal 0.000000e+00 -1.897821e-01 -9.818262e-01
      outer loop
         vertex 8.400001e+00 2.892232e+00 1.505317e+01
         vertex 9.500001e+00 2.892232e+00 1.505317e+01
         vertex 9.500001e+00 2.779481e+00 1.507497e+01
      endloop
   endfacet
   facet normal -1.158282e-02 8.715001e-02 -9.961279e-01
      outer loop
         vertex 8.400001e+00 4.107769e+00 1.505317e+01
         vertex 9.500001e+00 3.741710e+00 1.500836e+01
         vertex 8.400001e+00 3.500000e+00 1.500000e+01
      endloop
   endfacet
   facet normal -1.587610e-19 3.455091e-02 -9.994029e-01
      outer loop
         vertex 8.400001e+00 3.500000e+00 1.500000e+01
         vertex 9.500001e+00 3.741710e+00 1.500836e+01
         vertex 9.500001e+00 3.500000e+00 1.500000e+01
      endloop
   endfacet
   facet normal 1.587610e-19 -3.455091e-02 -9.994029e-01
      outer loop
         vertex 8.400001e+00 3.500000e+00 1.500000e+01
         vertex 9.500001e+00 3.500000e+00 1.500000e+01
         vertex 9.500001e+00 3.258290e+00 1.500836e+01
      endloop
   endfacet
   facet normal 0.000000e+00 3.403686e-01 -9.402921e-01
      outer loop
         vertex 9.500001e+00 4.697071e+00 1.521108e+01
         vertex 9.500001e+00 4.685583e+00 1.520692e+01
         vertex 8.400001e+00 4.697071e+00 1.521108e+01
      endloop
   endfacet
   facet normal -7.862270e-04 2.729519e-01 -9.620274e-01
      outer loop
         vertex 8.400001e+00 4.697071e+00 1.521108e+01
         vertex 9.500001e+00 4.685583e+00 1.520692e+01
         vertex 9.500001e+00 4.220519e+00 1.507497e+01
      endloop
   endfacet
   facet normal -7.391145e-03 2.588120e-01 -9.658994e-01
      outer loop
         vertex 8.400001e+00 4.697071e+00 1.521108e+01
         vertex 9.500001e+00 4.220519e+00 1.507497e+01
         vertex 8.400001e+00 4.107769e+00 1.505317e+01
      endloop
   endfacet
   facet normal 0.000000e+00 1.897821e-01 -9.818262e-01
      outer loop
         vertex 8.400001e+00 4.107769e+00 1.505317e+01
         vertex 9.500001e+00 4.220519e+00 1.507497e+01
         vertex 9.500001e+00 4.107769e+00 1.505317e+01
      endloop
   endfacet
   facet normal 0.000000e+00 1.215229e-01 -9.925886e-01
      outer loop
         vertex 8.400001e+00 4.107769e+00 1.505317e+01
         vertex 9.500001e+00 4.107769e+00 1.505317e+01
         vertex 9.500001e+00 3.741710e+00 1.500836e+01
      endloop
   endfacet
   facet normal 0.000000e+00 4.045034e-01 -9.145365e-01
      outer loop
         vertex 9.500001e+00 4.697071e+00 1.521108e+01
         vertex 8.400001e+00 4.697071e+00 1.521108e+01
         vertex 9.500001e+00 5.128029e+00 1.540169e+01
      endloop
   endfacet
   facet normal -8.522626e-03 4.226029e-01 -9.062749e-01
      outer loop
         vertex 9.500001e+00 5.128029e+00 1.540169e+01
         vertex 8.400001e+00 4.697071e+00 1.521108e+01
         vertex 8.400001e+00 5.250000e+00 1.546891e+01
      endloop
   endfacet
   facet normal 0.000000e+00 4.826702e-01 -8.758022e-01
      outer loop
         vertex 9.500001e+00 5.128029e+00 1.540169e+01
         vertex 8.400001e+00 5.250000e+00 1.546891e+01
         vertex 9.500001e+00 5.250000e+00 1.546891e+01
      endloop
   endfacet
   facet normal 0.000000e+00 5.735767e-01 -8.191519e-01
      outer loop
         vertex 0.000000e+00 5.250000e+00 1.546891e+01
         vertex 0.000000e+00 5.749757e+00 1.581884e+01
         vertex 8.400001e+00 5.250000e+00 1.546891e+01
      endloop
   endfacet
   facet normal -2.242780e-03 5.480066e-01 -8.364710e-01
      outer loop
         vertex 8.400001e+00 5.250000e+00 1.546891e+01
         vertex 0.000000e+00 5.749757e+00 1.581884e+01
         vertex 9.500001e+00 5.539417e+00 1.565557e+01
      endloop
   endfacet
   facet normal 0.000000e+00 5.420018e-01 -8.403773e-01
      outer loop
         vertex 8.400001e+00 5.250000e+00 1.546891e+01
         vertex 9.500001e+00 5.539417e+00 1.565557e+01
         vertex 9.500001e+00 5.250000e+00 1.546891e+01
      endloop
   endfacet
   facet normal 0.000000e+00 7.742819e-01 -6.328408e-01
      outer loop
         vertex 9.500001e+00 6.238368e+00 1.632024e+01
         vertex 9.500001e+00 6.181156e+00 1.625024e+01
         vertex 0.000000e+00 6.181156e+00 1.625024e+01
      endloop
   endfacet
   facet normal 0.000000e+00 7.287296e-01 -6.848016e-01
      outer loop
         vertex 0.000000e+00 6.181156e+00 1.625024e+01
         vertex 9.500001e+00 6.181156e+00 1.625024e+01
         vertex 9.500001e+00 5.911898e+00 1.596371e+01
      endloop
   endfacet
   facet normal -1.285599e-03 7.071062e-01 -7.071062e-01
      outer loop
         vertex 0.000000e+00 6.181156e+00 1.625024e+01
         vertex 9.500001e+00 5.911898e+00 1.596371e+01
         vertex 0.000000e+00 5.749757e+00 1.581884e+01
      endloop
   endfacet
   facet normal 0.000000e+00 6.662723e-01 -7.457086e-01
      outer loop
         vertex 0.000000e+00 5.749757e+00 1.581884e+01
         vertex 9.500001e+00 5.911898e+00 1.596371e+01
         vertex 9.500001e+00 5.749757e+00 1.581884e+01
      endloop
   endfacet
   facet normal 0.000000e+00 6.131831e-01 -7.899408e-01
      outer loop
         vertex 0.000000e+00 5.749757e+00 1.581884e+01
         vertex 9.500001e+00 5.749757e+00 1.581884e+01
         vertex 9.500001e+00 5.539417e+00 1.565557e+01
      endloop
   endfacet
   facet normal -2.026799e-03 8.994125e-01 -4.370962e-01
      outer loop
         vertex 4.139528e+00 6.672987e+00 1.702279e+01
         vertex 4.269570e+00 6.664966e+00 1.700568e+01
         vertex 0.000000e+00 6.531089e+00 1.675000e+01
      endloop
   endfacet
   facet normal -5.024324e-03 9.139496e-01 -4.057967e-01
      outer loop
         vertex 3.766201e+00 6.725167e+00 1.714048e+01
         vertex 3.886970e+00 6.703623e+00 1.709046e+01
         vertex 0.000000e+00 6.531089e+00 1.675000e+01
      endloop
   endfacet
   facet normal -3.703222e-03 9.084070e-01 -4.180706e-01
      outer loop
         vertex 0.000000e+00 6.531089e+00 1.675000e+01
         vertex 3.886970e+00 6.703623e+00 1.709046e+01
         vertex 4.010910e+00 6.686125e+00 1.705134e+01
      endloop
   endfacet
   facet normal -2.758216e-03 9.036734e-01 -4.282134e-01
      outer loop
         vertex 0.000000e+00 6.531089e+00 1.675000e+01
         vertex 4.010910e+00 6.686125e+00 1.705134e+01
         vertex 4.139528e+00 6.672987e+00 1.702279e+01
      endloop
   endfacet
   facet normal 1.061562e-03 8.942344e-01 -4.475977e-01
      outer loop
         vertex 4.400000e+00 6.662278e+00 1.700000e+01
         vertex 4.530245e+00 6.664959e+00 1.700567e+01
         vertex 9.500001e+00 6.531089e+00 1.675000e+01
      endloop
   endfacet
   facet normal -1.134996e-03 8.935674e-01 -4.489276e-01
      outer loop
         vertex 4.269570e+00 6.664966e+00 1.700568e+01
         vertex 4.400000e+00 6.662278e+00 1.700000e+01
         vertex 0.000000e+00 6.531089e+00 1.675000e+01
      endloop
   endfacet
   facet normal 0.000000e+00 8.854873e-01 -4.646635e-01
      outer loop
         vertex 0.000000e+00 6.531089e+00 1.675000e+01
         vertex 4.400000e+00 6.662278e+00 1.700000e+01
         vertex 9.500001e+00 6.531089e+00 1.675000e+01
      endloop
   endfacet
   facet normal 0.000000e+00 8.191519e-01 -5.735767e-01
      outer loop
         vertex 0.000000e+00 6.531089e+00 1.675000e+01
         vertex 9.500001e+00 6.531089e+00 1.675000e+01
         vertex 0.000000e+00 6.181156e+00 1.625024e+01
      endloop
   endfacet
   facet normal -5.261943e-03 8.633828e-01 -5.045219e-01
      outer loop
         vertex 0.000000e+00 6.181156e+00 1.625024e+01
         vertex 9.500001e+00 6.531089e+00 1.675000e+01
         vertex 9.500001e+00 6.512597e+00 1.671836e+01
      endloop
   endfacet
   facet normal -7.797595e-04 8.235322e-01 -5.672689e-01
      outer loop
         vertex 0.000000e+00 6.181156e+00 1.625024e+01
         vertex 9.500001e+00 6.512597e+00 1.671836e+01
         vertex 9.500001e+00 6.238368e+00 1.632024e+01
      endloop
   endfacet
   facet normal 1.822470e-03 9.000233e-01 -4.358379e-01
      outer loop
         vertex 4.530245e+00 6.664959e+00 1.700567e+01
         vertex 4.660472e+00 6.672987e+00 1.702279e+01
         vertex 9.500001e+00 6.531089e+00 1.675000e+01
      endloop
   endfacet
   facet normal 2.440515e-03 9.042214e-01 -4.270570e-01
      outer loop
         vertex 9.500001e+00 6.531089e+00 1.675000e+01
         vertex 4.660472e+00 6.672987e+00 1.702279e+01
         vertex 4.788648e+00 6.686071e+00 1.705122e+01
      endloop
   endfacet
   facet normal 3.245818e-03 9.089493e-01 -4.168940e-01
      outer loop
         vertex 9.500001e+00 6.531089e+00 1.675000e+01
         vertex 4.788648e+00 6.686071e+00 1.705122e+01
         vertex 4.913030e+00 6.703623e+00 1.709046e+01
      endloop
   endfacet
   facet normal 4.378873e-03 9.145436e-01 -4.044636e-01
      outer loop
         vertex 4.913030e+00 6.703623e+00 1.709046e+01
         vertex 5.034117e+00 6.725229e+00 1.714063e+01
         vertex 9.500001e+00 6.531089e+00 1.675000e+01
      endloop
   endfacet
   facet normal 5.962175e-03 9.209811e-01 -3.895617e-01
      outer loop
         vertex 9.500001e+00 6.531089e+00 1.675000e+01
         vertex 5.034117e+00 6.725229e+00 1.714063e+01
         vertex 5.150000e+00 6.750000e+00 1.720096e+01
      endloop
   endfacet
   facet normal -8.982065e-04 8.961767e-01 -4.436964e-01
      outer loop
         vertex 9.500001e+00 6.531089e+00 1.675000e+01
         vertex 5.150000e+00 6.750000e+00 1.720096e+01
         vertex 9.500001e+00 6.729355e+00 1.715046e+01
      endloop
   endfacet
   facet normal 1.955954e-04 9.314371e-01 -3.639023e-01
      outer loop
         vertex 9.500001e+00 6.729355e+00 1.715046e+01
         vertex 5.150000e+00 6.750000e+00 1.720096e+01
         vertex 9.500001e+00 6.788924e+00 1.730293e+01
      endloop
   endfacet
   facet normal 1.465914e-05 9.340371e-01 -3.571760e-01
      outer loop
         vertex 9.500001e+00 6.788924e+00 1.730293e+01
         vertex 5.150000e+00 6.750000e+00 1.720096e+01
         vertex 5.298967e+00 6.787574e+00 1.729923e+01
      endloop
   endfacet
   facet normal -6.836372e-06 9.419718e-01 -3.356920e-01
      outer loop
         vertex 9.500001e+00 6.788924e+00 1.730293e+01
         vertex 5.298967e+00 6.787574e+00 1.729923e+01
         vertex 5.364181e+00 6.806002e+00 1.735093e+01
      endloop
   endfacet
   facet normal 4.259121e-04 9.531822e-01 -3.023962e-01
      outer loop
         vertex 5.364181e+00 6.806002e+00 1.735093e+01
         vertex 5.549068e+00 6.864574e+00 1.753582e+01
         vertex 9.500001e+00 6.788924e+00 1.730293e+01
      endloop
   endfacet
   facet normal 3.955593e-03 9.688528e-01 -2.476059e-01
      outer loop
         vertex 9.500001e+00 6.788924e+00 1.730293e+01
         vertex 5.549068e+00 6.864574e+00 1.753582e+01
         vertex 5.699039e+00 6.918699e+00 1.775000e+01
      endloop
   endfacet
   facet normal -2.550322e-03 9.543416e-01 -2.987065e-01
      outer loop
         vertex 9.500001e+00 6.788924e+00 1.730293e+01
         vertex 5.699039e+00 6.918699e+00 1.775000e+01
         vertex 9.500001e+00 6.884505e+00 1.760830e+01
      endloop
   endfacet
   facet normal 1.562714e-03 9.808472e-01 -1.947725e-01
      outer loop
         vertex 9.500001e+00 6.884505e+00 1.760830e+01
         vertex 5.699039e+00 6.918699e+00 1.775000e+01
         vertex 5.771356e+00 6.946827e+00 1.789223e+01
      endloop
   endfacet
   facet normal 0.000000e+00 9.767471e-01 -2.143946e-01
      outer loop
         vertex 9.500001e+00 6.884505e+00 1.760830e+01
         vertex 5.771356e+00 6.946827e+00 1.789223e+01
         vertex 9.500001e+00 6.946827e+00 1.789223e+01
      endloop
   endfacet
   facet normal 0.000000e+00 9.870961e-01 -1.601291e-01
      outer loop
         vertex 9.500001e+00 6.946827e+00 1.789223e+01
         vertex 5.771356e+00 6.946827e+00 1.789223e+01
         vertex 5.809540e+00 6.962196e+00 1.798697e+01
      endloop
   endfacet
   facet normal 8.156281e-04 9.916322e-01 -1.290928e-01
      outer loop
         vertex 5.809540e+00 6.962196e+00 1.798697e+01
         vertex 5.848762e+00 6.978348e+00 1.811129e+01
         vertex 9.500001e+00 6.946827e+00 1.789223e+01
      endloop
   endfacet
   facet normal 2.990705e-03 9.956229e-01 -9.341360e-02
      outer loop
         vertex 9.500001e+00 6.946827e+00 1.789223e+01
         vertex 5.848762e+00 6.978348e+00 1.811129e+01
         vertex 5.877212e+00 6.990294e+00 1.823953e+01
      endloop
   endfacet
   facet normal -2.168291e-03 9.892190e-01 -1.464277e-01
      outer loop
         vertex 9.500001e+00 6.946827e+00 1.789223e+01
         vertex 5.877212e+00 6.990294e+00 1.823953e+01
         vertex 9.500001e+00 6.975089e+00 1.808316e+01
      endloop
   endfacet
   facet normal 1.770535e-03 9.984255e-01 -5.606667e-02
      outer loop
         vertex 9.500001e+00 6.975089e+00 1.808316e+01
         vertex 5.877212e+00 6.990294e+00 1.823953e+01
         vertex 5.894329e+00 6.997573e+00 1.836969e+01
      endloop
   endfacet
   facet normal 1.484083e-03 9.982179e-01 -5.965507e-02
      outer loop
         vertex 9.500001e+00 6.975089e+00 1.808316e+01
         vertex 5.894329e+00 6.997573e+00 1.836969e+01
         vertex 9.500001e+00 7.000000e+00 1.850000e+01
      endloop
   endfacet
   facet normal -1.140098e-03 -8.936031e-01 4.488566e-01
      outer loop
         vertex 4.268508e+00 3.349897e-01 1.999423e+01
         vertex 4.400000e+00 3.377225e-01 2.000000e+01
         vertex 0.000000e+00 4.689111e-01 2.025000e+01
      endloop
   endfacet
   facet normal -2.029742e-03 -8.994298e-01 4.370605e-01
      outer loop
         vertex 4.268508e+00 3.349897e-01 1.999423e+01
         vertex 0.000000e+00 4.689111e-01 2.025000e+01
         vertex 4.139528e+00 3.270132e-01 1.997721e+01
      endloop
   endfacet
   facet normal -5.029198e-03 -9.139697e-01 4.057512e-01
      outer loop
         vertex 3.765509e+00 2.746971e-01 1.985920e+01
         vertex 3.886970e+00 2.963771e-01 1.990954e+01
         vertex 0.000000e+00 4.689111e-01 2.025000e+01
      endloop
   endfacet
   facet normal -3.699867e-03 -9.083927e-01 4.181017e-01
      outer loop
         vertex 0.000000e+00 4.689111e-01 2.025000e+01
         vertex 3.886970e+00 2.963771e-01 1.990954e+01
         vertex 4.011679e+00 3.139691e-01 1.994886e+01
      endloop
   endfacet
   facet normal -2.755714e-03 -9.036590e-01 4.282439e-01
      outer loop
         vertex 0.000000e+00 4.689111e-01 2.025000e+01
         vertex 4.011679e+00 3.139691e-01 1.994886e+01
         vertex 4.139528e+00 3.270132e-01 1.997721e+01
      endloop
   endfacet
   facet normal 7.092482e-04 -8.975464e-01 4.409194e-01
      outer loop
         vertex 4.400000e+00 3.377225e-01 2.000000e+01
         vertex 4.531337e+00 3.349963e-01 1.999424e+01
         vertex 1.500000e+01 4.689111e-01 2.025000e+01
      endloop
   endfacet
   facet normal 1.018659e-03 -9.024390e-01 4.308165e-01
      outer loop
         vertex 4.531337e+00 3.349963e-01 1.999424e+01
         vertex 4.660472e+00 3.270132e-01 1.997721e+01
         vertex 1.500000e+01 4.689111e-01 2.025000e+01
      endloop
   endfacet
   facet normal 1.282096e-03 -9.062224e-01 4.227995e-01
      outer loop
         vertex 1.500000e+01 4.689111e-01 2.025000e+01
         vertex 4.660472e+00 3.270132e-01 1.997721e+01
         vertex 4.787944e+00 3.140150e-01 1.994897e+01
      endloop
   endfacet
   facet normal 1.649498e-03 -9.108563e-01 4.127204e-01
      outer loop
         vertex 1.500000e+01 4.689111e-01 2.025000e+01
         vertex 4.787944e+00 3.140150e-01 1.994897e+01
         vertex 4.913030e+00 2.963771e-01 1.990954e+01
      endloop
   endfacet
   facet normal -5.114770e-04 -9.531575e-01 3.024739e-01
      outer loop
         vertex 3.250934e+00 1.354266e-01 1.946418e+01
         vertex 3.435818e+00 1.939987e-01 1.964907e+01
         vertex 0.000000e+00 2.110759e-01 1.969707e+01
      endloop
   endfacet
   facet normal 8.205071e-06 -9.419723e-01 3.356905e-01
      outer loop
         vertex 0.000000e+00 2.110759e-01 1.969707e+01
         vertex 3.435818e+00 1.939987e-01 1.964907e+01
         vertex 3.501035e+00 2.124265e-01 1.970078e+01
      endloop
   endfacet
   facet normal -9.753220e-05 -9.063078e-01 4.226182e-01
      outer loop
         vertex 0.000000e+00 2.110759e-01 1.969707e+01
         vertex 3.501035e+00 2.124265e-01 1.970078e+01
         vertex 0.000000e+00 4.689111e-01 2.025000e+01
      endloop
   endfacet
   facet normal -9.961133e-03 -9.288676e-01 3.702780e-01
      outer loop
         vertex 0.000000e+00 4.689111e-01 2.025000e+01
         vertex 3.501035e+00 2.124265e-01 1.970078e+01
         vertex 3.650000e+00 2.500000e-01 1.979904e+01
      endloop
   endfacet
   facet normal -6.884875e-03 -9.203476e-01 3.910407e-01
      outer loop
         vertex 0.000000e+00 4.689111e-01 2.025000e+01
         vertex 3.650000e+00 2.500000e-01 1.979904e+01
         vertex 3.765509e+00 2.746971e-01 1.985920e+01
      endloop
   endfacet
   facet normal -3.684794e-03 -9.956033e-01 9.359778e-02
      outer loop
         vertex 0.000000e+00 5.317293e-02 1.910777e+01
         vertex 2.922788e+00 9.705778e-03 1.876047e+01
         vertex 2.951300e+00 2.167677e-02 1.888893e+01
      endloop
   endfacet
   facet normal -1.001596e-03 -9.916167e-01 1.292103e-01
      outer loop
         vertex 2.951300e+00 2.167677e-02 1.888893e+01
         vertex 2.990531e+00 3.783242e-02 1.901322e+01
         vertex 0.000000e+00 5.317293e-02 1.910777e+01
      endloop
   endfacet
   facet normal 0.000000e+00 -9.870917e-01 1.601562e-01
      outer loop
         vertex 0.000000e+00 5.317293e-02 1.910777e+01
         vertex 2.990531e+00 3.783242e-02 1.901322e+01
         vertex 3.028644e+00 5.317293e-02 1.910777e+01
      endloop
   endfacet
   facet normal 0.000000e+00 -9.659258e-01 2.588190e-01
      outer loop
         vertex 0.000000e+00 5.317293e-02 1.910777e+01
         vertex 3.028644e+00 5.317293e-02 1.910777e+01
         vertex 0.000000e+00 2.110759e-01 1.969707e+01
      endloop
   endfacet
   facet normal -1.217475e-02 -9.797310e-01 1.999475e-01
      outer loop
         vertex 0.000000e+00 2.110759e-01 1.969707e+01
         vertex 3.028644e+00 5.317293e-02 1.910777e+01
         vertex 3.100961e+00 8.130143e-02 1.925000e+01
      endloop
   endfacet
   facet normal -4.765947e-03 -9.687130e-01 2.481380e-01
      outer loop
         vertex 0.000000e+00 2.110759e-01 1.969707e+01
         vertex 3.100961e+00 8.130143e-02 1.925000e+01
         vertex 3.250934e+00 1.354266e-01 1.946418e+01
      endloop
   endfacet
   facet normal -1.004651e-03 -9.916244e-01 -1.291514e-01
      outer loop
         vertex 2.990462e+00 3.780425e-02 1.798697e+01
         vertex 2.951240e+00 2.165185e-02 1.811129e+01
         vertex 0.000000e+00 5.317293e-02 1.789223e+01
      endloop
   endfacet
   facet normal -3.688506e-03 -9.956062e-01 -9.356691e-02
      outer loop
         vertex 2.951240e+00 2.165185e-02 1.811129e+01
         vertex 2.922788e+00 9.705778e-03 1.823953e+01
         vertex 0.000000e+00 5.317293e-02 1.789223e+01
      endloop
   endfacet
   facet normal -8.087003e-03 -9.983475e-01 -5.689299e-02
      outer loop
         vertex 0.000000e+00 5.317293e-02 1.789223e+01
         vertex 2.922788e+00 9.705778e-03 1.823953e+01
         vertex 2.905671e+00 2.426794e-03 1.836969e+01
      endloop
   endfacet
   facet normal -3.076597e-03 -9.961900e-01 -8.715544e-02
      outer loop
         vertex 0.000000e+00 5.317293e-02 1.789223e+01
         vertex 2.905671e+00 2.426794e-03 1.836969e+01
         vertex 0.000000e+00 0.000000e+00 1.850000e+01
      endloop
   endfacet
   facet normal 0.000000e+00 -9.998266e-01 -1.862017e-02
      outer loop
         vertex 0.000000e+00 0.000000e+00 1.850000e+01
         vertex 2.905671e+00 2.426794e-03 1.836969e+01
         vertex 2.900001e+00 0.000000e+00 1.850000e+01
      endloop
   endfacet
   facet normal 0.000000e+00 -9.961947e-01 8.715585e-02
      outer loop
         vertex 0.000000e+00 0.000000e+00 1.850000e+01
         vertex 2.900001e+00 0.000000e+00 1.850000e+01
         vertex 0.000000e+00 5.317293e-02 1.910777e+01
      endloop
   endfacet
   facet normal -1.429377e-02 -9.997123e-01 1.926014e-02
      outer loop
         vertex 0.000000e+00 5.317293e-02 1.910777e+01
         vertex 2.900001e+00 0.000000e+00 1.850000e+01
         vertex 2.905684e+00 2.431916e-03 1.863045e+01
      endloop
   endfacet
   facet normal -8.084564e-03 -9.983464e-01 5.691338e-02
      outer loop
         vertex 0.000000e+00 5.317293e-02 1.910777e+01
         vertex 2.905684e+00 2.431916e-03 1.863045e+01
         vertex 2.922788e+00 9.705778e-03 1.876047e+01
      endloop
   endfacet
   facet normal -5.026632e-03 -9.139591e-01 -4.057752e-01
      outer loop
         vertex 3.886970e+00 2.963771e-01 1.709046e+01
         vertex 3.765885e+00 2.747709e-01 1.714063e+01
         vertex 0.000000e+00 4.689111e-01 1.675000e+01
      endloop
   endfacet
   facet normal -6.881482e-03 -9.203380e-01 -3.910635e-01
      outer loop
         vertex 0.000000e+00 4.689111e-01 1.675000e+01
         vertex 3.765885e+00 2.747709e-01 1.714063e+01
         vertex 3.650000e+00 2.500000e-01 1.720096e+01
      endloop
   endfacet
   facet normal -2.141390e-03 -9.063057e-01 -4.226172e-01
      outer loop
         vertex 0.000000e+00 4.689111e-01 1.675000e+01
         vertex 3.650000e+00 2.500000e-01 1.720096e+01
         vertex 0.000000e+00 2.110759e-01 1.730293e+01
      endloop
   endfacet
   facet normal -1.759478e-05 -9.340356e-01 -3.571799e-01
      outer loop
         vertex 0.000000e+00 2.110759e-01 1.730293e+01
         vertex 3.650000e+00 2.500000e-01 1.720096e+01
         vertex 3.501035e+00 2.124265e-01 1.729923e+01
      endloop
   endfacet
   facet normal 8.205071e-06 -9.419723e-01 -3.356905e-01
      outer loop
         vertex 0.000000e+00 2.110759e-01 1.730293e+01
         vertex 3.501035e+00 2.124265e-01 1.729923e+01
         vertex 3.435818e+00 1.939987e-01 1.735093e+01
      endloop
   endfacet
   facet normal -5.114770e-04 -9.531575e-01 -3.024739e-01
      outer loop
         vertex 3.435818e+00 1.939987e-01 1.735093e+01
         vertex 3.250934e+00 1.354266e-01 1.753582e+01
         vertex 0.000000e+00 2.110759e-01 1.730293e+01
      endloop
   endfacet
   facet normal -4.765947e-03 -9.687130e-01 -2.481380e-01
      outer loop
         vertex 0.000000e+00 2.110759e-01 1.730293e+01
         vertex 3.250934e+00 1.354266e-01 1.753582e+01
         vertex 3.100961e+00 8.130143e-02 1.775000e+01
      endloop
   endfacet
   facet normal -3.109391e-03 -9.659212e-01 -2.588178e-01
      outer loop
         vertex 0.000000e+00 2.110759e-01 1.730293e+01
         vertex 3.100961e+00 8.130143e-02 1.775000e+01
         vertex 0.000000e+00 5.317293e-02 1.789223e+01
      endloop
   endfacet
   facet normal 0.000000e+00 -9.809999e-01 -1.940082e-01
      outer loop
         vertex 0.000000e+00 5.317293e-02 1.789223e+01
         vertex 3.100961e+00 8.130143e-02 1.775000e+01
         vertex 3.028644e+00 5.317293e-02 1.789223e+01
      endloop
   endfacet
   facet normal 0.000000e+00 -9.870961e-01 -1.601291e-01
      outer loop
         vertex 0.000000e+00 5.317293e-02 1.789223e+01
         vertex 3.028644e+00 5.317293e-02 1.789223e+01
         vertex 2.990462e+00 3.780425e-02 1.798697e+01
      endloop
   endfacet
   facet normal 3.294388e-04 -9.916562e-01 1.289103e-01
      outer loop
         vertex 5.809540e+00 3.780425e-02 1.901303e+01
         vertex 5.848819e+00 2.162717e-02 1.888849e+01
         vertex 1.500000e+01 5.317293e-02 1.910777e+01
      endloop
   endfacet
   facet normal 1.204009e-03 -9.956664e-01 9.298936e-02
      outer loop
         vertex 1.500000e+01 5.317293e-02 1.910777e+01
         vertex 5.848819e+00 2.162717e-02 1.888849e+01
         vertex 5.877212e+00 9.705778e-03 1.876047e+01
      endloop
   endfacet
   facet normal 2.615428e-03 -9.984128e-01 5.625791e-02
      outer loop
         vertex 1.500000e+01 5.317293e-02 1.910777e+01
         vertex 5.877212e+00 9.705778e-03 1.876047e+01
         vertex 5.894281e+00 2.447283e-03 1.863086e+01
      endloop
   endfacet
   facet normal 6.534340e-03 -9.983647e-01 -5.679166e-02
      outer loop
         vertex 5.877212e+00 9.705778e-03 1.823953e+01
         vertex 9.500001e+00 5.317293e-02 1.789223e+01
         vertex 5.894270e+00 2.452405e-03 1.836900e+01
      endloop
   endfacet
   facet normal -5.446397e-03 -9.892067e-01 -1.464258e-01
      outer loop
         vertex 5.894270e+00 2.452405e-03 1.836900e+01
         vertex 9.500001e+00 5.317293e-02 1.789223e+01
         vertex 9.500001e+00 2.491102e-02 1.808316e+01
      endloop
   endfacet
   facet normal 4.727223e-03 -9.998097e-01 -1.892399e-02
      outer loop
         vertex 5.894270e+00 2.452405e-03 1.836900e+01
         vertex 9.500001e+00 2.491102e-02 1.808316e+01
         vertex 5.900001e+00 0.000000e+00 1.850000e+01
      endloop
   endfacet
   facet normal 0.000000e+00 -9.982190e-01 -5.965514e-02
      outer loop
         vertex 5.900001e+00 0.000000e+00 1.850000e+01
         vertex 9.500001e+00 2.491102e-02 1.808316e+01
         vertex 9.500001e+00 0.000000e+00 1.850000e+01
      endloop
   endfacet
   facet normal 0.000000e+00 -9.998252e-01 1.869802e-02
      outer loop
         vertex 5.900001e+00 0.000000e+00 1.850000e+01
         vertex 9.500001e+00 0.000000e+00 1.850000e+01
         vertex 5.894281e+00 2.447283e-03 1.863086e+01
      endloop
   endfacet
   facet normal 1.874623e-03 -9.975236e-01 7.030772e-02
      outer loop
         vertex 5.894281e+00 2.447283e-03 1.863086e+01
         vertex 9.500001e+00 0.000000e+00 1.850000e+01
         vertex 1.500000e+01 5.317293e-02 1.910777e+01
      endloop
   endfacet
   facet normal 0.000000e+00 -9.961947e-01 8.715585e-02
      outer loop
         vertex 1.500000e+01 5.317293e-02 1.910777e+01
         vertex 9.500001e+00 0.000000e+00 1.850000e+01
         vertex 1.350000e+01 0.000000e+00 1.850000e+01
      endloop
   endfacet
   facet normal 0.000000e+00 -9.961947e-01 8.715585e-02
      outer loop
         vertex 1.500000e+01 5.317293e-02 1.910777e+01
         vertex 1.350000e+01 0.000000e+00 1.850000e+01
         vertex 1.500000e+01 0.000000e+00 1.850000e+01
      endloop
   endfacet
   facet normal -0.000000e+00 -9.982190e-01 -5.965514e-02
      outer loop
         vertex 1.500000e+01 0.000000e+00 1.850000e+01
         vertex 1.350000e+01 0.000000e+00 1.850000e+01
         vertex 1.350000e+01 2.491102e-02 1.808316e+01
      endloop
   endfacet
   facet normal 7.675658e-03 -9.961653e-01 -8.715329e-02
      outer loop
         vertex 1.500000e+01 0.000000e+00 1.850000e+01
         vertex 1.350000e+01 2.491102e-02 1.808316e+01
         vertex 1.500000e+01 5.317293e-02 1.789223e+01
      endloop
   endfacet
   facet normal -0.000000e+00 -9.892213e-01 -1.464280e-01
      outer loop
         vertex 1.500000e+01 5.317293e-02 1.789223e+01
         vertex 1.350000e+01 2.491102e-02 1.808316e+01
         vertex 1.350000e+01 5.317293e-02 1.789223e+01
      endloop
   endfacet
   facet normal -0.000000e+00 -9.767471e-01 -2.143946e-01
      outer loop
         vertex 1.500000e+01 5.317293e-02 1.789223e+01
         vertex 1.350000e+01 5.317293e-02 1.789223e+01
         vertex 1.350000e+01 1.154949e-01 1.760830e+01
      endloop
   endfacet
   facet normal 2.176514e-03 -9.165223e-01 3.999776e-01
      outer loop
         vertex 4.913030e+00 2.963771e-01 1.990954e+01
         vertex 5.034387e+00 2.747176e-01 1.985925e+01
         vertex 1.500000e+01 4.689111e-01 2.025000e+01
      endloop
   endfacet
   facet normal 2.909768e-03 -9.231010e-01 3.845465e-01
      outer loop
         vertex 1.500000e+01 4.689111e-01 2.025000e+01
         vertex 5.034387e+00 2.747176e-01 1.985925e+01
         vertex 5.150000e+00 2.500000e-01 1.979904e+01
      endloop
   endfacet
   facet normal 7.935115e-04 -9.063075e-01 4.226181e-01
      outer loop
         vertex 1.500000e+01 4.689111e-01 2.025000e+01
         vertex 5.150000e+00 2.500000e-01 1.979904e+01
         vertex 1.500000e+01 2.110759e-01 1.969707e+01
      endloop
   endfacet
   facet normal 6.343359e-06 -9.340413e-01 3.571650e-01
      outer loop
         vertex 1.500000e+01 2.110759e-01 1.969707e+01
         vertex 5.150000e+00 2.500000e-01 1.979904e+01
         vertex 5.298967e+00 2.124265e-01 1.970078e+01
      endloop
   endfacet
   facet normal -2.958619e-06 -9.419703e-01 3.356963e-01
      outer loop
         vertex 1.500000e+01 2.110759e-01 1.969707e+01
         vertex 5.298967e+00 2.124265e-01 1.970078e+01
         vertex 5.364181e+00 1.939987e-01 1.964907e+01
      endloop
   endfacet
   facet normal 1.840256e-04 -9.532520e-01 3.021764e-01
      outer loop
         vertex 5.364181e+00 1.939987e-01 1.964907e+01
         vertex 5.549068e+00 1.354266e-01 1.946418e+01
         vertex 1.500000e+01 2.110759e-01 1.969707e+01
      endloop
   endfacet
   facet normal 1.693342e-03 -9.692381e-01 2.461192e-01
      outer loop
         vertex 1.500000e+01 2.110759e-01 1.969707e+01
         vertex 5.549068e+00 1.354266e-01 1.946418e+01
         vertex 5.699039e+00 8.130143e-02 1.925000e+01
      endloop
   endfacet
   facet normal 1.036682e-03 -9.659253e-01 2.588189e-01
      outer loop
         vertex 1.500000e+01 2.110759e-01 1.969707e+01
         vertex 5.699039e+00 8.130143e-02 1.925000e+01
         vertex 1.500000e+01 5.317293e-02 1.910777e+01
      endloop
   endfacet
   facet normal 0.000000e+00 -9.809999e-01 1.940082e-01
      outer loop
         vertex 1.500000e+01 5.317293e-02 1.910777e+01
         vertex 5.699039e+00 8.130143e-02 1.925000e+01
         vertex 5.771356e+00 5.317293e-02 1.910777e+01
      endloop
   endfacet
   facet normal 0.000000e+00 -9.870961e-01 1.601291e-01
      outer loop
         vertex 1.500000e+01 5.317293e-02 1.910777e+01
         vertex 5.771356e+00 5.317293e-02 1.910777e+01
         vertex 5.809540e+00 3.780425e-02 1.901303e+01
      endloop
   endfacet
   facet normal 1.650088e-03 9.108627e-01 4.127062e-01
      outer loop
         vertex 4.913030e+00 6.703623e+00 1.990954e+01
         vertex 4.788322e+00 6.686031e+00 1.994886e+01
         vertex 1.500000e+01 6.531089e+00 2.025000e+01
      endloop
   endfacet
   facet normal 2.176835e-03 9.165257e-01 3.999699e-01
      outer loop
         vertex 4.913030e+00 6.703623e+00 1.990954e+01
         vertex 1.500000e+01 6.531089e+00 2.025000e+01
         vertex 5.034491e+00 6.725303e+00 1.985920e+01
      endloop
   endfacet
   facet normal 1.282625e-03 9.062299e-01 4.227833e-01
      outer loop
         vertex 4.788322e+00 6.686031e+00 1.994886e+01
         vertex 4.660472e+00 6.672987e+00 1.997721e+01
         vertex 1.500000e+01 6.531089e+00 2.025000e+01
      endloop
   endfacet
   facet normal 1.018886e-03 9.024423e-01 4.308096e-01
      outer loop
         vertex 1.500000e+01 6.531089e+00 2.025000e+01
         vertex 4.660472e+00 6.672987e+00 1.997721e+01
         vertex 4.531492e+00 6.665010e+00 1.999423e+01
      endloop
   endfacet
   facet normal 7.093683e-04 8.975484e-01 4.409154e-01
      outer loop
         vertex 1.500000e+01 6.531089e+00 2.025000e+01
         vertex 4.531492e+00 6.665010e+00 1.999423e+01
         vertex 4.400000e+00 6.662278e+00 2.000000e+01
      endloop
   endfacet
   facet normal -2.029145e-03 8.994263e-01 4.370677e-01
      outer loop
         vertex 4.268665e+00 6.665004e+00 1.999424e+01
         vertex 4.139528e+00 6.672987e+00 1.997721e+01
         vertex 0.000000e+00 6.531089e+00 2.025000e+01
      endloop
   endfacet
   facet normal -2.754363e-03 9.036512e-01 4.282603e-01
      outer loop
         vertex 0.000000e+00 6.531089e+00 2.025000e+01
         vertex 4.139528e+00 6.672987e+00 1.997721e+01
         vertex 4.012056e+00 6.685985e+00 1.994897e+01
      endloop
   endfacet
   facet normal -3.698349e-03 9.083862e-01 4.181157e-01
      outer loop
         vertex 0.000000e+00 6.531089e+00 2.025000e+01
         vertex 4.012056e+00 6.685985e+00 1.994897e+01
         vertex 3.886970e+00 6.703623e+00 1.990954e+01
      endloop
   endfacet
   facet normal 1.840256e-04 9.532520e-01 3.021764e-01
      outer loop
         vertex 5.549068e+00 6.864574e+00 1.946418e+01
         vertex 5.364181e+00 6.806002e+00 1.964907e+01
         vertex 1.500000e+01 6.788924e+00 1.969707e+01
      endloop
   endfacet
   facet normal -2.958619e-06 9.419703e-01 3.356963e-01
      outer loop
         vertex 1.500000e+01 6.788924e+00 1.969707e+01
         vertex 5.364181e+00 6.806002e+00 1.964907e+01
         vertex 5.298967e+00 6.787574e+00 1.970078e+01
      endloop
   endfacet
   facet normal 3.519869e-05 9.063078e-01 4.226182e-01
      outer loop
         vertex 1.500000e+01 6.788924e+00 1.969707e+01
         vertex 5.298967e+00 6.787574e+00 1.970078e+01
         vertex 1.500000e+01 6.531089e+00 2.025000e+01
      endloop
   endfacet
   facet normal 4.111668e-03 9.319414e-01 3.625857e-01
      outer loop
         vertex 1.500000e+01 6.531089e+00 2.025000e+01
         vertex 5.298967e+00 6.787574e+00 1.970078e+01
         vertex 5.150000e+00 6.750000e+00 1.979904e+01
      endloop
   endfacet
   facet normal 2.910097e-03 9.231035e-01 3.845405e-01
      outer loop
         vertex 1.500000e+01 6.531089e+00 2.025000e+01
         vertex 5.150000e+00 6.750000e+00 1.979904e+01
         vertex 5.034491e+00 6.725303e+00 1.985920e+01
      endloop
   endfacet
   facet normal 0.000000e+00 9.767471e-01 -2.143946e-01
      outer loop
         vertex 1.350000e+01 6.884505e+00 1.760830e+01
         vertex 1.350000e+01 6.946827e+00 1.789223e+01
         vertex 1.500000e+01 6.946827e+00 1.789223e+01
      endloop
   endfacet
   facet normal 0.000000e+00 9.892213e-01 -1.464280e-01
      outer loop
         vertex 1.500000e+01 6.946827e+00 1.789223e+01
         vertex 1.350000e+01 6.946827e+00 1.789223e+01
         vertex 1.350000e+01 6.975089e+00 1.808316e+01
      endloop
   endfacet
   facet normal 7.675658e-03 9.961653e-01 -8.715329e-02
      outer loop
         vertex 1.500000e+01 6.946827e+00 1.789223e+01
         vertex 1.350000e+01 6.975089e+00 1.808316e+01
         vertex 1.500000e+01 7.000000e+00 1.850000e+01
      endloop
   endfacet
   facet normal 0.000000e+00 9.982190e-01 -5.965514e-02
      outer loop
         vertex 1.500000e+01 7.000000e+00 1.850000e+01
         vertex 1.350000e+01 6.975089e+00 1.808316e+01
         vertex 1.350000e+01 7.000000e+00 1.850000e+01
      endloop
   endfacet
   facet normal 0.000000e+00 9.961947e-01 8.715585e-02
      outer loop
         vertex 1.500000e+01 7.000000e+00 1.850000e+01
         vertex 1.350000e+01 7.000000e+00 1.850000e+01
         vertex 1.500000e+01 6.946827e+00 1.910777e+01
      endloop
   endfacet
   facet normal 0.000000e+00 9.961947e-01 8.715585e-02
      outer loop
         vertex 1.500000e+01 6.946827e+00 1.910777e+01
         vertex 1.350000e+01 7.000000e+00 1.850000e+01
         vertex 9.500001e+00 7.000000e+00 1.850000e+01
      endloop
   endfacet
   facet normal 0.000000e+00 9.998266e-01 -1.862017e-02
      outer loop
         vertex 5.894329e+00 6.997573e+00 1.836969e+01
         vertex 5.900001e+00 7.000000e+00 1.850000e+01
         vertex 9.500001e+00 7.000000e+00 1.850000e+01
      endloop
   endfacet
   facet normal 0.000000e+00 9.998263e-01 1.863956e-02
      outer loop
         vertex 9.500001e+00 7.000000e+00 1.850000e+01
         vertex 5.900001e+00 7.000000e+00 1.850000e+01
         vertex 5.894318e+00 6.997568e+00 1.863045e+01
      endloop
   endfacet
   facet normal 1.871761e-03 9.975218e-01 7.033347e-02
      outer loop
         vertex 9.500001e+00 7.000000e+00 1.850000e+01
         vertex 5.894318e+00 6.997568e+00 1.863045e+01
         vertex 1.500000e+01 6.946827e+00 1.910777e+01
      endloop
   endfacet
   facet normal 2.617719e-03 9.984162e-01 5.619816e-02
      outer loop
         vertex 1.500000e+01 6.946827e+00 1.910777e+01
         vertex 5.894318e+00 6.997568e+00 1.863045e+01
         vertex 5.877212e+00 6.990294e+00 1.876047e+01
      endloop
   endfacet
   facet normal 1.201598e-03 9.956605e-01 9.305197e-02
      outer loop
         vertex 1.500000e+01 6.946827e+00 1.910777e+01
         vertex 5.877212e+00 6.990294e+00 1.876047e+01
         vertex 5.848700e+00 6.978323e+00 1.888893e+01
      endloop
   endfacet
   facet normal 3.281080e-04 9.916444e-01 1.290013e-01
      outer loop
         vertex 5.848700e+00 6.978323e+00 1.888893e+01
         vertex 5.809471e+00 6.962168e+00 1.901322e+01
         vertex 1.500000e+01 6.946827e+00 1.910777e+01
      endloop
   endfacet
   facet normal 0.000000e+00 9.870917e-01 1.601562e-01
      outer loop
         vertex 1.500000e+01 6.946827e+00 1.910777e+01
         vertex 5.809471e+00 6.962168e+00 1.901322e+01
         vertex 5.771356e+00 6.946827e+00 1.910777e+01
      endloop
   endfacet
   facet normal 0.000000e+00 9.659258e-01 2.588190e-01
      outer loop
         vertex 1.500000e+01 6.946827e+00 1.910777e+01
         vertex 5.771356e+00 6.946827e+00 1.910777e+01
         vertex 1.500000e+01 6.788924e+00 1.969707e+01
      endloop
   endfacet
   facet normal 4.256374e-03 9.805769e-01 1.960887e-01
      outer loop
         vertex 1.500000e+01 6.788924e+00 1.969707e+01
         vertex 5.771356e+00 6.946827e+00 1.910777e+01
         vertex 5.699039e+00 6.918699e+00 1.925000e+01
      endloop
   endfacet
   facet normal 1.693342e-03 9.692381e-01 2.461192e-01
      outer loop
         vertex 1.500000e+01 6.788924e+00 1.969707e+01
         vertex 5.699039e+00 6.918699e+00 1.925000e+01
         vertex 5.549068e+00 6.864574e+00 1.946418e+01
      endloop
   endfacet
   facet normal -5.114770e-04 9.531575e-01 -3.024739e-01
      outer loop
         vertex 3.250934e+00 6.864574e+00 1.753582e+01
         vertex 3.435818e+00 6.806002e+00 1.735093e+01
         vertex 0.000000e+00 6.788924e+00 1.730293e+01
      endloop
   endfacet
   facet normal 8.205071e-06 9.419723e-01 -3.356905e-01
      outer loop
         vertex 0.000000e+00 6.788924e+00 1.730293e+01
         vertex 3.435818e+00 6.806002e+00 1.735093e+01
         vertex 3.501035e+00 6.787574e+00 1.729923e+01
      endloop
   endfacet
   facet normal -9.753220e-05 9.063078e-01 -4.226182e-01
      outer loop
         vertex 0.000000e+00 6.788924e+00 1.730293e+01
         vertex 3.501035e+00 6.787574e+00 1.729923e+01
         vertex 0.000000e+00 6.531089e+00 1.675000e+01
      endloop
   endfacet
   facet normal -9.961133e-03 9.288676e-01 -3.702780e-01
      outer loop
         vertex 0.000000e+00 6.531089e+00 1.675000e+01
         vertex 3.501035e+00 6.787574e+00 1.729923e+01
         vertex 3.650000e+00 6.750000e+00 1.720096e+01
      endloop
   endfacet
   facet normal -6.878772e-03 9.203303e-01 -3.910817e-01
      outer loop
         vertex 0.000000e+00 6.531089e+00 1.675000e+01
         vertex 3.650000e+00 6.750000e+00 1.720096e+01
         vertex 3.766201e+00 6.725167e+00 1.714048e+01
      endloop
   endfacet
   facet normal -3.696337e-03 9.956123e-01 -9.350176e-02
      outer loop
         vertex 0.000000e+00 6.946827e+00 1.789223e+01
         vertex 2.922788e+00 6.990294e+00 1.823953e+01
         vertex 2.951115e+00 6.978400e+00 1.811176e+01
      endloop
   endfacet
   facet normal -1.004689e-03 9.916293e-01 -1.291134e-01
      outer loop
         vertex 2.951115e+00 6.978400e+00 1.811176e+01
         vertex 2.990531e+00 6.962168e+00 1.798678e+01
         vertex 0.000000e+00 6.946827e+00 1.789223e+01
      endloop
   endfacet
   facet normal 0.000000e+00 9.870918e-01 -1.601555e-01
      outer loop
         vertex 0.000000e+00 6.946827e+00 1.789223e+01
         vertex 2.990531e+00 6.962168e+00 1.798678e+01
         vertex 3.028644e+00 6.946827e+00 1.789223e+01
      endloop
   endfacet
   facet normal 0.000000e+00 9.659258e-01 -2.588190e-01
      outer loop
         vertex 0.000000e+00 6.946827e+00 1.789223e+01
         vertex 3.028644e+00 6.946827e+00 1.789223e+01
         vertex 0.000000e+00 6.788924e+00 1.730293e+01
      endloop
   endfacet
   facet normal -1.217475e-02 9.797310e-01 -1.999475e-01
      outer loop
         vertex 0.000000e+00 6.788924e+00 1.730293e+01
         vertex 3.028644e+00 6.946827e+00 1.789223e+01
         vertex 3.100961e+00 6.918699e+00 1.775000e+01
      endloop
   endfacet
   facet normal -4.765947e-03 9.687130e-01 -2.481380e-01
      outer loop
         vertex 0.000000e+00 6.788924e+00 1.730293e+01
         vertex 3.100961e+00 6.918699e+00 1.775000e+01
         vertex 3.250934e+00 6.864574e+00 1.753582e+01
      endloop
   endfacet
   facet normal -1.005665e-03 9.916285e-01 1.291200e-01
      outer loop
         vertex 2.990462e+00 6.962196e+00 1.901303e+01
         vertex 2.951181e+00 6.978373e+00 1.888849e+01
         vertex 0.000000e+00 6.946827e+00 1.910777e+01
      endloop
   endfacet
   facet normal -3.692235e-03 9.956091e-01 9.353589e-02
      outer loop
         vertex 2.951181e+00 6.978373e+00 1.888849e+01
         vertex 2.922788e+00 6.990294e+00 1.876047e+01
         vertex 0.000000e+00 6.946827e+00 1.910777e+01
      endloop
   endfacet
   facet normal -8.077391e-03 9.983430e-01 5.697332e-02
      outer loop
         vertex 0.000000e+00 6.946827e+00 1.910777e+01
         vertex 2.922788e+00 6.990294e+00 1.876047e+01
         vertex 2.905719e+00 6.997553e+00 1.863086e+01
      endloop
   endfacet
   facet normal -3.086104e-03 9.961899e-01 8.715544e-02
      outer loop
         vertex 0.000000e+00 6.946827e+00 1.910777e+01
         vertex 2.905719e+00 6.997553e+00 1.863086e+01
         vertex 0.000000e+00 7.000000e+00 1.850000e+01
      endloop
   endfacet
   facet normal -0.000000e+00 9.998252e-01 1.869802e-02
      outer loop
         vertex 0.000000e+00 7.000000e+00 1.850000e+01
         vertex 2.905719e+00 6.997553e+00 1.863086e+01
         vertex 2.900001e+00 7.000000e+00 1.850000e+01
      endloop
   endfacet
   facet normal 0.000000e+00 9.961947e-01 -8.715585e-02
      outer loop
         vertex 0.000000e+00 7.000000e+00 1.850000e+01
         vertex 2.900001e+00 7.000000e+00 1.850000e+01
         vertex 0.000000e+00 6.946827e+00 1.789223e+01
      endloop
   endfacet
   facet normal -1.427701e-02 9.997110e-01 -1.933995e-02
      outer loop
         vertex 0.000000e+00 6.946827e+00 1.789223e+01
         vertex 2.900001e+00 7.000000e+00 1.850000e+01
         vertex 2.905732e+00 6.997548e+00 1.836900e+01
      endloop
   endfacet
   facet normal -8.075006e-03 9.983419e-01 -5.699325e-02
      outer loop
         vertex 0.000000e+00 6.946827e+00 1.789223e+01
         vertex 2.905732e+00 6.997548e+00 1.836900e+01
         vertex 2.922788e+00 6.990294e+00 1.823953e+01
      endloop
   endfacet
   facet normal -5.028402e-03 9.139664e-01 4.057587e-01
      outer loop
         vertex 3.886970e+00 6.703623e+00 1.990954e+01
         vertex 3.765613e+00 6.725283e+00 1.985925e+01
         vertex 0.000000e+00 6.531089e+00 2.025000e+01
      endloop
   endfacet
   facet normal -6.884026e-03 9.203452e-01 3.910464e-01
      outer loop
         vertex 0.000000e+00 6.531089e+00 2.025000e+01
         vertex 3.765613e+00 6.725283e+00 1.985925e+01
         vertex 3.650000e+00 6.750000e+00 1.979904e+01
      endloop
   endfacet
   facet normal -2.141390e-03 9.063057e-01 4.226172e-01
      outer loop
         vertex 0.000000e+00 6.531089e+00 2.025000e+01
         vertex 3.650000e+00 6.750000e+00 1.979904e+01
         vertex 0.000000e+00 6.788924e+00 1.969707e+01
      endloop
   endfacet
   facet normal -1.759478e-05 9.340356e-01 3.571799e-01
      outer loop
         vertex 0.000000e+00 6.788924e+00 1.969707e+01
         vertex 3.650000e+00 6.750000e+00 1.979904e+01
         vertex 3.501035e+00 6.787574e+00 1.970078e+01
      endloop
   endfacet
   facet normal 8.205071e-06 9.419723e-01 3.356905e-01
      outer loop
         vertex 0.000000e+00 6.788924e+00 1.969707e+01
         vertex 3.501035e+00 6.787574e+00 1.970078e+01
         vertex 3.435818e+00 6.806002e+00 1.964907e+01
      endloop
   endfacet
   facet normal -5.114770e-04 9.531575e-01 3.024739e-01
      outer loop
         vertex 3.435818e+00 6.806002e+00 1.964907e+01
         vertex 3.250934e+00 6.864574e+00 1.946418e+01
         vertex 0.000000e+00 6.788924e+00 1.969707e+01
      endloop
   endfacet
   facet normal -4.765947e-03 9.687130e-01 2.481380e-01
      outer loop
         vertex 0.000000e+00 6.788924e+00 1.969707e+01
         vertex 3.250934e+00 6.864574e+00 1.946418e+01
         vertex 3.100961e+00 6.918699e+00 1.925000e+01
      endloop
   endfacet
   facet normal -3.109391e-03 9.659212e-01 2.588178e-01
      outer loop
         vertex 0.000000e+00 6.788924e+00 1.969707e+01
         vertex 3.100961e+00 6.918699e+00 1.925000e+01
         vertex 0.000000e+00 6.946827e+00 1.910777e+01
      endloop
   endfacet
   facet normal -0.000000e+00 9.809999e-01 1.940082e-01
      outer loop
         vertex 0.000000e+00 6.946827e+00 1.910777e+01
         vertex 3.100961e+00 6.918699e+00 1.925000e+01
         vertex 3.028644e+00 6.946827e+00 1.910777e+01
      endloop
   endfacet
   facet normal -0.000000e+00 9.870961e-01 1.601291e-01
      outer loop
         vertex 0.000000e+00 6.946827e+00 1.910777e+01
         vertex 3.028644e+00 6.946827e+00 1.910777e+01
         vertex 2.990462e+00 6.962196e+00 1.901303e+01
      endloop
   endfacet
   facet normal 0.000000e+00 5.735767e-01 8.191519e-01
      outer loop
         vertex 1.500000e+01 5.749757e+00 2.118116e+01
         vertex 8.400001e+00 5.250000e+00 2.153109e+01
         vertex 1.500000e+01 5.250000e+00 2.153109e+01
      endloop
   endfacet
   facet normal 0.000000e+00 4.226182e-01 9.063078e-01
      outer loop
         vertex 1.500000e+01 5.250000e+00 2.153109e+01
         vertex 8.400001e+00 5.250000e+00 2.153109e+01
         vertex 8.400001e+00 4.697071e+00 2.178892e+01
      endloop
   endfacet
   facet normal 0.000000e+00 4.226182e-01 9.063078e-01
      outer loop
         vertex 1.500000e+01 5.250000e+00 2.153109e+01
         vertex 8.400001e+00 4.697071e+00 2.178892e+01
         vertex 1.500000e+01 4.697071e+00 2.178892e+01
      endloop
   endfacet
   facet normal 0.000000e+00 2.588190e-01 9.659258e-01
      outer loop
         vertex 1.500000e+01 4.697071e+00 2.178892e+01
         vertex 8.400001e+00 4.697071e+00 2.178892e+01
         vertex 8.400001e+00 4.107769e+00 2.194683e+01
      endloop
   endfacet
   facet normal 0.000000e+00 2.588190e-01 9.659258e-01
      outer loop
         vertex 1.500000e+01 4.697071e+00 2.178892e+01
         vertex 8.400001e+00 4.107769e+00 2.194683e+01
         vertex 1.500000e+01 4.107769e+00 2.194683e+01
      endloop
   endfacet
   facet normal 0.000000e+00 8.715585e-02 9.961947e-01
      outer loop
         vertex 1.500000e+01 4.107769e+00 2.194683e+01
         vertex 8.400001e+00 4.107769e+00 2.194683e+01
         vertex 8.400001e+00 3.500000e+00 2.200000e+01
      endloop
   endfacet
   facet normal -1.150404e-17 8.715585e-02 9.961947e-01
      outer loop
         vertex 1.500000e+01 4.107769e+00 2.194683e+01
         vertex 8.400001e+00 3.500000e+00 2.200000e+01
         vertex 1.500000e+01 3.500000e+00 2.200000e+01
      endloop
   endfacet
   facet normal 1.132039e-17 -8.715585e-02 9.961947e-01
      outer loop
         vertex 1.500000e+01 3.500000e+00 2.200000e+01
         vertex 8.400001e+00 3.500000e+00 2.200000e+01
         vertex 8.400001e+00 2.892232e+00 2.194683e+01
      endloop
   endfacet
   facet normal 0.000000e+00 -8.715585e-02 9.961947e-01
      outer loop
         vertex 1.500000e+01 3.500000e+00 2.200000e+01
         vertex 8.400001e+00 2.892232e+00 2.194683e+01
         vertex 1.500000e+01 2.892232e+00 2.194683e+01
      endloop
   endfacet
   facet normal 0.000000e+00 -2.588190e-01 9.659258e-01
      outer loop
         vertex 1.500000e+01 2.892232e+00 2.194683e+01
         vertex 8.400001e+00 2.892232e+00 2.194683e+01
         vertex 8.400001e+00 2.302930e+00 2.178892e+01
      endloop
   endfacet
   facet normal 0.000000e+00 -2.588190e-01 9.659258e-01
      outer loop
         vertex 1.500000e+01 2.892232e+00 2.194683e+01
         vertex 8.400001e+00 2.302930e+00 2.178892e+01
         vertex 1.500000e+01 2.302930e+00 2.178892e+01
      endloop
   endfacet
   facet normal 0.000000e+00 -4.226182e-01 9.063078e-01
      outer loop
         vertex 1.500000e+01 2.302930e+00 2.178892e+01
         vertex 8.400001e+00 2.302930e+00 2.178892e+01
         vertex 8.400001e+00 1.750000e+00 2.153109e+01
      endloop
   endfacet
   facet normal 0.000000e+00 -4.226182e-01 9.063078e-01
      outer loop
         vertex 1.500000e+01 2.302930e+00 2.178892e+01
         vertex 8.400001e+00 1.750000e+00 2.153109e+01
         vertex 1.500000e+01 1.750000e+00 2.153109e+01
      endloop
   endfacet
   facet normal 0.000000e+00 -5.735767e-01 8.191519e-01
      outer loop
         vertex 1.500000e+01 1.750000e+00 2.153109e+01
         vertex 8.400001e+00 1.750000e+00 2.153109e+01
         vertex 1.500000e+01 1.250244e+00 2.118116e+01
      endloop
   endfacet
   facet normal 0.000000e+00 -8.854873e-01 4.646635e-01
      outer loop
         vertex 4.400000e+00 3.377225e-01 2.000000e+01
         vertex 1.500000e+01 4.689111e-01 2.025000e+01
         vertex 0.000000e+00 4.689111e-01 2.025000e+01
      endloop
   endfacet
   facet normal 0.000000e+00 -8.191519e-01 5.735767e-01
      outer loop
         vertex 0.000000e+00 4.689111e-01 2.025000e+01
         vertex 1.500000e+01 4.689111e-01 2.025000e+01
         vertex 1.500000e+01 8.188447e-01 2.074976e+01
      endloop
   endfacet
   facet normal 0.000000e+00 -8.191519e-01 5.735767e-01
      outer loop
         vertex 0.000000e+00 4.689111e-01 2.025000e+01
         vertex 1.500000e+01 8.188447e-01 2.074976e+01
         vertex 0.000000e+00 8.188447e-01 2.074976e+01
      endloop
   endfacet
   facet normal 0.000000e+00 -7.071068e-01 7.071068e-01
      outer loop
         vertex 0.000000e+00 8.188447e-01 2.074976e+01
         vertex 1.500000e+01 8.188447e-01 2.074976e+01
         vertex 1.500000e+01 1.250244e+00 2.118116e+01
      endloop
   endfacet
   facet normal 0.000000e+00 -7.071068e-01 7.071068e-01
      outer loop
         vertex 0.000000e+00 8.188447e-01 2.074976e+01
         vertex 1.500000e+01 1.250244e+00 2.118116e+01
         vertex 0.000000e+00 1.250244e+00 2.118116e+01
      endloop
   endfacet
   facet normal 0.000000e+00 -5.735767e-01 8.191519e-01
      outer loop
         vertex 0.000000e+00 1.250244e+00 2.118116e+01
         vertex 1.500000e+01 1.250244e+00 2.118116e+01
         vertex 8.400001e+00 1.750000e+00 2.153109e+01
      endloop
   endfacet
   facet normal 0.000000e+00 -5.735767e-01 8.191519e-01
      outer loop
         vertex 0.000000e+00 1.250244e+00 2.118116e+01
         vertex 8.400001e+00 1.750000e+00 2.153109e+01
         vertex 0.000000e+00 1.750000e+00 2.153109e+01
      endloop
   endfacet
   facet normal 0.000000e+00 7.071068e-01 7.071068e-01
      outer loop
         vertex 0.000000e+00 5.749757e+00 2.118116e+01
         vertex 1.500000e+01 6.181156e+00 2.074976e+01
         vertex 0.000000e+00 6.181156e+00 2.074976e+01
      endloop
   endfacet
   facet normal -0.000000e+00 8.191519e-01 5.735767e-01
      outer loop
         vertex 0.000000e+00 6.181156e+00 2.074976e+01
         vertex 1.500000e+01 6.181156e+00 2.074976e+01
         vertex 1.500000e+01 6.531089e+00 2.025000e+01
      endloop
   endfacet
   facet normal 0.000000e+00 8.191519e-01 5.735767e-01
      outer loop
         vertex 0.000000e+00 6.181156e+00 2.074976e+01
         vertex 1.500000e+01 6.531089e+00 2.025000e+01
         vertex 0.000000e+00 6.531089e+00 2.025000e+01
      endloop
   endfacet
   facet normal -0.000000e+00 8.854873e-01 4.646635e-01
      outer loop
         vertex 0.000000e+00 6.531089e+00 2.025000e+01
         vertex 1.500000e+01 6.531089e+00 2.025000e+01
         vertex 4.400000e+00 6.662278e+00 2.000000e+01
      endloop
   endfacet
   facet normal -1.139622e-03 8.935998e-01 4.488632e-01
      outer loop
         vertex 0.000000e+00 6.531089e+00 2.025000e+01
         vertex 4.400000e+00 6.662278e+00 2.000000e+01
         vertex 4.268665e+00 6.665004e+00 1.999424e+01
      endloop
   endfacet
   facet normal -0.000000e+00 5.735767e-01 8.191519e-01
      outer loop
         vertex 0.000000e+00 5.250000e+00 2.153109e+01
         vertex 8.400001e+00 5.250000e+00 2.153109e+01
         vertex 0.000000e+00 5.749757e+00 2.118116e+01
      endloop
   endfacet
   facet normal -0.000000e+00 5.735767e-01 8.191519e-01
      outer loop
         vertex 0.000000e+00 5.749757e+00 2.118116e+01
         vertex 8.400001e+00 5.250000e+00 2.153109e+01
         vertex 1.500000e+01 5.749757e+00 2.118116e+01
      endloop
   endfacet
   facet normal -0.000000e+00 7.071068e-01 7.071068e-01
      outer loop
         vertex 0.000000e+00 5.749757e+00 2.118116e+01
         vertex 1.500000e+01 5.749757e+00 2.118116e+01
         vertex 1.500000e+01 6.181156e+00 2.074976e+01
      endloop
   endfacet
   facet normal -1.000000e+00 0.000000e+00 0.000000e+00
      outer loop
         vertex 0.000000e+00 1.250244e+00 1.581884e+01
         vertex 0.000000e+00 8.188447e-01 1.625024e+01
         vertex 0.000000e+00 4.689111e-01 1.675000e+01
      endloop
   endfacet
   facet normal -1.000000e+00 0.000000e+00 0.000000e+00
      outer loop
         vertex 0.000000e+00 1.750000e+00 1.546891e+01
         vertex 0.000000e+00 5.317293e-02 1.789223e+01
         vertex 0.000000e+00 0.000000e+00 1.850000e+01
      endloop
   endfacet
   facet normal -1.000000e+00 0.000000e+00 0.000000e+00
      outer loop
         vertex 0.000000e+00 1.250244e+00 1.581884e+01
         vertex 0.000000e+00 4.689111e-01 1.675000e+01
         vertex 0.000000e+00 1.750000e+00 1.546891e+01
      endloop
   endfacet
   facet normal -1.000000e+00 0.000000e+00 0.000000e+00
      outer loop
         vertex 0.000000e+00 1.750000e+00 1.546891e+01
         vertex 0.000000e+00 4.689111e-01 1.675000e+01
         vertex 0.000000e+00 2.110759e-01 1.730293e+01
      endloop
   endfacet
   facet normal -1.000000e+00 0.000000e+00 0.000000e+00
      outer loop
         vertex 0.000000e+00 1.750000e+00 1.546891e+01
         vertex 0.000000e+00 2.110759e-01 1.730293e+01
         vertex 0.000000e+00 5.317293e-02 1.789223e+01
      endloop
   endfacet
   facet normal -1.000000e+00 0.000000e+00 0.000000e+00
      outer loop
         vertex 0.000000e+00 0.000000e+00 1.850000e+01
         vertex 0.000000e+00 5.317293e-02 1.910777e+01
         vertex 0.000000e+00 1.750000e+00 1.546891e+01
      endloop
   endfacet
   facet normal -1.000000e+00 0.000000e+00 0.000000e+00
      outer loop
         vertex 0.000000e+00 1.750000e+00 1.546891e+01
         vertex 0.000000e+00 5.317293e-02 1.910777e+01
         vertex 0.000000e+00 2.110759e-01 1.969707e+01
      endloop
   endfacet
   facet normal -1.000000e+00 0.000000e+00 0.000000e+00
      outer loop
         vertex 0.000000e+00 1.750000e+00 1.546891e+01
         vertex 0.000000e+00 2.110759e-01 1.969707e+01
         vertex 0.000000e+00 4.689111e-01 2.025000e+01
      endloop
   endfacet
   facet normal -1.000000e+00 0.000000e+00 0.000000e+00
      outer loop
         vertex 0.000000e+00 4.689111e-01 2.025000e+01
         vertex 0.000000e+00 8.188447e-01 2.074976e+01
         vertex 0.000000e+00 1.750000e+00 1.546891e+01
      endloop
   endfacet
   facet normal -1.000000e+00 0.000000e+00 0.000000e+00
      outer loop
         vertex 0.000000e+00 1.750000e+00 1.546891e+01
         vertex 0.000000e+00 8.188447e-01 2.074976e+01
         vertex 0.000000e+00 1.250244e+00 2.118116e+01
      endloop
   endfacet
   facet normal -1.000000e+00 0.000000e+00 0.000000e+00
      outer loop
         vertex 0.000000e+00 1.750000e+00 1.546891e+01
         vertex 0.000000e+00 1.250244e+00 2.118116e+01
         vertex 0.000000e+00 1.750000e+00 2.153109e+01
      endloop
   endfacet
   facet normal 1.000000e+00 0.000000e+00 0.000000e+00
      outer loop
         vertex 2.280000e+01 4.526061e+00 2.131908e+01
         vertex 2.280000e+01 4.020945e+00 2.145442e+01
         vertex 2.280000e+01 3.500000e+00 1.850000e+01
      endloop
   endfacet
   facet normal 1.000000e+00 0.000000e+00 0.000000e+00
      outer loop
         vertex 2.280000e+01 3.500000e+00 1.850000e+01
         vertex 2.280000e+01 4.020945e+00 2.145442e+01
         vertex 2.280000e+01 3.500000e+00 2.150000e+01
      endloop
   endfacet
   facet normal 1.000000e+00 0.000000e+00 -0.000000e+00
      outer loop
         vertex 2.280000e+01 3.500000e+00 1.850000e+01
         vertex 2.280000e+01 3.500000e+00 2.150000e+01
         vertex 2.280000e+01 2.979056e+00 2.145442e+01
      endloop
   endfacet
   facet normal 1.000000e+00 0.000000e+00 0.000000e+00
      outer loop
         vertex 2.280000e+01 5.798133e+00 2.042836e+01
         vertex 2.280000e+01 5.428363e+00 2.079813e+01
         vertex 2.280000e+01 3.500000e+00 1.850000e+01
      endloop
   endfacet
   facet normal 1.000000e+00 0.000000e+00 0.000000e+00
      outer loop
         vertex 2.280000e+01 3.500000e+00 1.850000e+01
         vertex 2.280000e+01 5.428363e+00 2.079813e+01
         vertex 2.280000e+01 5.000000e+00 2.109808e+01
      endloop
   endfacet
   facet normal 1.000000e+00 0.000000e+00 0.000000e+00
      outer loop
         vertex 2.280000e+01 3.500000e+00 1.850000e+01
         vertex 2.280000e+01 5.000000e+00 2.109808e+01
         vertex 2.280000e+01 4.526061e+00 2.131908e+01
      endloop
   endfacet
   facet normal 1.000000e+00 0.000000e+00 0.000000e+00
      outer loop
         vertex 2.280000e+01 6.454423e+00 1.902094e+01
         vertex 2.280000e+01 6.319078e+00 1.952606e+01
         vertex 2.280000e+01 3.500000e+00 1.850000e+01
      endloop
   endfacet
   facet normal 1.000000e+00 0.000000e+00 0.000000e+00
      outer loop
         vertex 2.280000e+01 3.500000e+00 1.850000e+01
         vertex 2.280000e+01 6.319078e+00 1.952606e+01
         vertex 2.280000e+01 6.098076e+00 2.000000e+01
      endloop
   endfacet
   facet normal 1.000000e+00 0.000000e+00 0.000000e+00
      outer loop
         vertex 2.280000e+01 3.500000e+00 1.850000e+01
         vertex 2.280000e+01 6.098076e+00 2.000000e+01
         vertex 2.280000e+01 5.798133e+00 2.042836e+01
      endloop
   endfacet
   facet normal 1.000000e+00 0.000000e+00 -0.000000e+00
      outer loop
         vertex 2.280000e+01 6.319078e+00 1.747394e+01
         vertex 2.280000e+01 6.454423e+00 1.797906e+01
         vertex 2.280000e+01 3.500000e+00 1.850000e+01
      endloop
   endfacet
   facet normal 1.000000e+00 -0.000000e+00 0.000000e+00
      outer loop
         vertex 2.280000e+01 3.500000e+00 1.850000e+01
         vertex 2.280000e+01 6.454423e+00 1.797906e+01
         vertex 2.280000e+01 6.500000e+00 1.850000e+01
      endloop
   endfacet
   facet normal 1.000000e+00 0.000000e+00 0.000000e+00
      outer loop
         vertex 2.280000e+01 3.500000e+00 1.850000e+01
         vertex 2.280000e+01 6.500000e+00 1.850000e+01
         vertex 2.280000e+01 6.454423e+00 1.902094e+01
      endloop
   endfacet
   facet normal 1.000000e+00 0.000000e+00 -0.000000e+00
      outer loop
         vertex 2.280000e+01 5.428363e+00 1.620187e+01
         vertex 2.280000e+01 5.798133e+00 1.657164e+01
         vertex 2.280000e+01 3.500000e+00 1.850000e+01
      endloop
   endfacet
   facet normal 1.000000e+00 0.000000e+00 0.000000e+00
      outer loop
         vertex 2.280000e+01 3.500000e+00 1.850000e+01
         vertex 2.280000e+01 5.798133e+00 1.657164e+01
         vertex 2.280000e+01 6.098076e+00 1.700000e+01
      endloop
   endfacet
   facet normal 1.000000e+00 0.000000e+00 0.000000e+00
      outer loop
         vertex 2.280000e+01 3.500000e+00 1.850000e+01
         vertex 2.280000e+01 6.098076e+00 1.700000e+01
         vertex 2.280000e+01 6.319078e+00 1.747394e+01
      endloop
   endfacet
   facet normal 1.000000e+00 0.000000e+00 -0.000000e+00
      outer loop
         vertex 2.280000e+01 4.020945e+00 1.554558e+01
         vertex 2.280000e+01 4.526061e+00 1.568092e+01
         vertex 2.280000e+01 3.500000e+00 1.850000e+01
      endloop
   endfacet
   facet normal 1.000000e+00 0.000000e+00 0.000000e+00
      outer loop
         vertex 2.280000e+01 3.500000e+00 1.850000e+01
         vertex 2.280000e+01 4.526061e+00 1.568092e+01
         vertex 2.280000e+01 5.000000e+00 1.590192e+01
      endloop
   endfacet
   facet normal 1.000000e+00 0.000000e+00 0.000000e+00
      outer loop
         vertex 2.280000e+01 3.500000e+00 1.850000e+01
         vertex 2.280000e+01 5.000000e+00 1.590192e+01
         vertex 2.280000e+01 5.428363e+00 1.620187e+01
      endloop
   endfacet
   facet normal 1.000000e+00 -0.000000e+00 0.000000e+00
      outer loop
         vertex 2.280000e+01 2.473940e+00 1.568092e+01
         vertex 2.280000e+01 2.979056e+00 1.554558e+01
         vertex 2.280000e+01 3.500000e+00 1.850000e+01
      endloop
   endfacet
   facet normal 1.000000e+00 0.000000e+00 0.000000e+00
      outer loop
         vertex 2.280000e+01 3.500000e+00 1.850000e+01
         vertex 2.280000e+01 2.979056e+00 1.554558e+01
         vertex 2.280000e+01 3.500000e+00 1.550000e+01
      endloop
   endfacet
   facet normal 1.000000e+00 0.000000e+00 0.000000e+00
      outer loop
         vertex 2.280000e+01 3.500000e+00 1.850000e+01
         vertex 2.280000e+01 3.500000e+00 1.550000e+01
         vertex 2.280000e+01 4.020945e+00 1.554558e+01
      endloop
   endfacet
   facet normal 1.000000e+00 -0.000000e+00 0.000000e+00
      outer loop
         vertex 2.280000e+01 1.201867e+00 1.657164e+01
         vertex 2.280000e+01 1.571637e+00 1.620187e+01
         vertex 2.280000e+01 3.500000e+00 1.850000e+01
      endloop
   endfacet
   facet normal 1.000000e+00 0.000000e+00 0.000000e+00
      outer loop
         vertex 2.280000e+01 3.500000e+00 1.850000e+01
         vertex 2.280000e+01 1.571637e+00 1.620187e+01
         vertex 2.280000e+01 2.000000e+00 1.590192e+01
      endloop
   endfacet
   facet normal 1.000000e+00 0.000000e+00 0.000000e+00
      outer loop
         vertex 2.280000e+01 3.500000e+00 1.850000e+01
         vertex 2.280000e+01 2.000000e+00 1.590192e+01
         vertex 2.280000e+01 2.473940e+00 1.568092e+01
      endloop
   endfacet
   facet normal 1.000000e+00 -0.000000e+00 0.000000e+00
      outer loop
         vertex 2.280000e+01 5.455769e-01 1.797906e+01
         vertex 2.280000e+01 6.809223e-01 1.747394e+01
         vertex 2.280000e+01 3.500000e+00 1.850000e+01
      endloop
   endfacet
   facet normal 1.000000e+00 0.000000e+00 0.000000e+00
      outer loop
         vertex 2.280000e+01 3.500000e+00 1.850000e+01
         vertex 2.280000e+01 6.809223e-01 1.747394e+01
         vertex 2.280000e+01 9.019240e-01 1.700000e+01
      endloop
   endfacet
   facet normal 1.000000e+00 0.000000e+00 0.000000e+00
      outer loop
         vertex 2.280000e+01 3.500000e+00 1.850000e+01
         vertex 2.280000e+01 9.019240e-01 1.700000e+01
         vertex 2.280000e+01 1.201867e+00 1.657164e+01
      endloop
   endfacet
   facet normal 1.000000e+00 0.000000e+00 0.000000e+00
      outer loop
         vertex 2.280000e+01 6.809223e-01 1.952606e+01
         vertex 2.280000e+01 5.455769e-01 1.902094e+01
         vertex 2.280000e+01 3.500000e+00 1.850000e+01
      endloop
   endfacet
   facet normal 1.000000e+00 0.000000e+00 0.000000e+00
      outer loop
         vertex 2.280000e+01 3.500000e+00 1.850000e+01
         vertex 2.280000e+01 5.455769e-01 1.902094e+01
         vertex 2.280000e+01 5.000001e-01 1.850000e+01
      endloop
   endfacet
   facet normal 1.000000e+00 0.000000e+00 0.000000e+00
      outer loop
         vertex 2.280000e+01 3.500000e+00 1.850000e+01
         vertex 2.280000e+01 5.000001e-01 1.850000e+01
         vertex 2.280000e+01 5.455769e-01 1.797906e+01
      endloop
   endfacet
   facet normal 1.000000e+00 0.000000e+00 0.000000e+00
      outer loop
         vertex 2.280000e+01 1.571637e+00 2.079813e+01
         vertex 2.280000e+01 1.201867e+00 2.042836e+01
         vertex 2.280000e+01 3.500000e+00 1.850000e+01
      endloop
   endfacet
   facet normal 1.000000e+00 0.000000e+00 0.000000e+00
      outer loop
         vertex 2.280000e+01 3.500000e+00 1.850000e+01
         vertex 2.280000e+01 1.201867e+00 2.042836e+01
         vertex 2.280000e+01 9.019240e-01 2.000000e+01
      endloop
   endfacet
   facet normal 1.000000e+00 0.000000e+00 0.000000e+00
      outer loop
         vertex 2.280000e+01 3.500000e+00 1.850000e+01
         vertex 2.280000e+01 9.019240e-01 2.000000e+01
         vertex 2.280000e+01 6.809223e-01 1.952606e+01
      endloop
   endfacet
   facet normal 1.000000e+00 0.000000e+00 0.000000e+00
      outer loop
         vertex 2.280000e+01 2.979056e+00 2.145442e+01
         vertex 2.280000e+01 2.473940e+00 2.131908e+01
         vertex 2.280000e+01 3.500000e+00 1.850000e+01
      endloop
   endfacet
   facet normal 1.000000e+00 0.000000e+00 0.000000e+00
      outer loop
         vertex 2.280000e+01 3.500000e+00 1.850000e+01
         vertex 2.280000e+01 2.473940e+00 2.131908e+01
         vertex 2.280000e+01 2.000000e+00 2.109808e+01
      endloop
   endfacet
   facet normal 1.000000e+00 0.000000e+00 0.000000e+00
      outer loop
         vertex 2.280000e+01 3.500000e+00 1.850000e+01
         vertex 2.280000e+01 2.000000e+00 2.109808e+01
         vertex 2.280000e+01 1.571637e+00 2.079813e+01
      endloop
   endfacet
   facet normal 0.000000e+00 8.715591e-02 9.961947e-01
      outer loop
         vertex 1.900000e+01 3.500000e+00 2.150000e+01
         vertex 2.280000e+01 4.020945e+00 2.145442e+01
         vertex 1.900000e+01 4.020945e+00 2.145442e+01
      endloop
   endfacet
   facet normal -0.000000e+00 2.588190e-01 9.659258e-01
      outer loop
         vertex 1.900000e+01 4.020945e+00 2.145442e+01
         vertex 2.280000e+01 4.020945e+00 2.145442e+01
         vertex 2.280000e+01 4.526061e+00 2.131908e+01
      endloop
   endfacet
   facet normal 0.000000e+00 2.588190e-01 9.659258e-01
      outer loop
         vertex 1.900000e+01 4.020945e+00 2.145442e+01
         vertex 2.280000e+01 4.526061e+00 2.131908e+01
         vertex 1.900000e+01 4.526061e+00 2.131908e+01
      endloop
   endfacet
   facet normal -0.000000e+00 4.226183e-01 9.063078e-01
      outer loop
         vertex 1.900000e+01 4.526061e+00 2.131908e+01
         vertex 2.280000e+01 4.526061e+00 2.131908e+01
         vertex 2.280000e+01 5.000000e+00 2.109808e+01
      endloop
   endfacet
   facet normal 0.000000e+00 4.226183e-01 9.063078e-01
      outer loop
         vertex 1.900000e+01 4.526061e+00 2.131908e+01
         vertex 2.280000e+01 5.000000e+00 2.109808e+01
         vertex 1.900000e+01 5.000000e+00 2.109808e+01
      endloop
   endfacet
   facet normal -0.000000e+00 5.735764e-01 8.191520e-01
      outer loop
         vertex 1.900000e+01 5.000000e+00 2.109808e+01
         vertex 2.280000e+01 5.000000e+00 2.109808e+01
         vertex 2.280000e+01 5.428363e+00 2.079813e+01
      endloop
   endfacet
   facet normal 0.000000e+00 5.735764e-01 8.191520e-01
      outer loop
         vertex 1.900000e+01 5.000000e+00 2.109808e+01
         vertex 2.280000e+01 5.428363e+00 2.079813e+01
         vertex 1.900000e+01 5.428363e+00 2.079813e+01
      endloop
   endfacet
   facet normal -0.000000e+00 7.071068e-01 7.071068e-01
      outer loop
         vertex 1.900000e+01 5.428363e+00 2.079813e+01
         vertex 2.280000e+01 5.428363e+00 2.079813e+01
         vertex 2.280000e+01 5.798133e+00 2.042836e+01
      endloop
   endfacet
   facet normal 0.000000e+00 7.071068e-01 7.071068e-01
      outer loop
         vertex 1.900000e+01 5.428363e+00 2.079813e+01
         vertex 2.280000e+01 5.798133e+00 2.042836e+01
         vertex 1.900000e+01 5.798133e+00 2.042836e+01
      endloop
   endfacet
   facet normal -0.000000e+00 8.191520e-01 5.735764e-01
      outer loop
         vertex 1.900000e+01 5.798133e+00 2.042836e+01
         vertex 2.280000e+01 5.798133e+00 2.042836e+01
         vertex 2.280000e+01 6.098076e+00 2.000000e+01
      endloop
   endfacet
   facet normal 0.000000e+00 8.191520e-01 5.735764e-01
      outer loop
         vertex 1.900000e+01 5.798133e+00 2.042836e+01
         vertex 2.280000e+01 6.098076e+00 2.000000e+01
         vertex 1.900000e+01 6.098076e+00 2.000000e+01
      endloop
   endfacet
   facet normal -0.000000e+00 9.063078e-01 4.226183e-01
      outer loop
         vertex 1.900000e+01 6.098076e+00 2.000000e+01
         vertex 2.280000e+01 6.098076e+00 2.000000e+01
         vertex 2.280000e+01 6.319078e+00 1.952606e+01
      endloop
   endfacet
   facet normal 0.000000e+00 9.063078e-01 4.226183e-01
      outer loop
         vertex 1.900000e+01 6.098076e+00 2.000000e+01
         vertex 2.280000e+01 6.319078e+00 1.952606e+01
         vertex 1.900000e+01 6.319078e+00 1.952606e+01
      endloop
   endfacet
   facet normal -0.000000e+00 9.659258e-01 2.588190e-01
      outer loop
         vertex 1.900000e+01 6.319078e+00 1.952606e+01
         vertex 2.280000e+01 6.319078e+00 1.952606e+01
         vertex 2.280000e+01 6.454423e+00 1.902094e+01
      endloop
   endfacet
   facet normal 0.000000e+00 9.659258e-01 2.588190e-01
      outer loop
         vertex 1.900000e+01 6.319078e+00 1.952606e+01
         vertex 2.280000e+01 6.454423e+00 1.902094e+01
         vertex 1.900000e+01 6.454423e+00 1.902094e+01
      endloop
   endfacet
   facet normal -0.000000e+00 9.961947e-01 8.715591e-02
      outer loop
         vertex 1.900000e+01 6.454423e+00 1.902094e+01
         vertex 2.280000e+01 6.454423e+00 1.902094e+01
         vertex 2.280000e+01 6.500000e+00 1.850000e+01
      endloop
   endfacet
   facet normal 0.000000e+00 9.961947e-01 8.715591e-02
      outer loop
         vertex 1.900000e+01 6.454423e+00 1.902094e+01
         vertex 2.280000e+01 6.500000e+00 1.850000e+01
         vertex 1.900000e+01 6.500000e+00 1.850000e+01
      endloop
   endfacet
   facet normal 0.000000e+00 9.961947e-01 -8.715591e-02
      outer loop
         vertex 1.900000e+01 6.500000e+00 1.850000e+01
         vertex 2.280000e+01 6.500000e+00 1.850000e+01
         vertex 2.280000e+01 6.454423e+00 1.797906e+01
      endloop
   endfacet
   facet normal 0.000000e+00 9.961947e-01 -8.715591e-02
      outer loop
         vertex 1.900000e+01 6.500000e+00 1.850000e+01
         vertex 2.280000e+01 6.454423e+00 1.797906e+01
         vertex 1.900000e+01 6.454423e+00 1.797906e+01
      endloop
   endfacet
   facet normal 0.000000e+00 9.659258e-01 -2.588190e-01
      outer loop
         vertex 1.900000e+01 6.454423e+00 1.797906e+01
         vertex 2.280000e+01 6.454423e+00 1.797906e+01
         vertex 2.280000e+01 6.319078e+00 1.747394e+01
      endloop
   endfacet
   facet normal 0.000000e+00 9.659258e-01 -2.588190e-01
      outer loop
         vertex 1.900000e+01 6.454423e+00 1.797906e+01
         vertex 2.280000e+01 6.319078e+00 1.747394e+01
         vertex 1.900000e+01 6.319078e+00 1.747394e+01
      endloop
   endfacet
   facet normal 0.000000e+00 9.063078e-01 -4.226183e-01
      outer loop
         vertex 1.900000e+01 6.319078e+00 1.747394e+01
         vertex 2.280000e+01 6.319078e+00 1.747394e+01
         vertex 2.280000e+01 6.098076e+00 1.700000e+01
      endloop
   endfacet
   facet normal 0.000000e+00 9.063078e-01 -4.226183e-01
      outer loop
         vertex 1.900000e+01 6.319078e+00 1.747394e+01
         vertex 2.280000e+01 6.098076e+00 1.700000e+01
         vertex 1.900000e+01 6.098076e+00 1.700000e+01
      endloop
   endfacet
   facet normal 0.000000e+00 8.191520e-01 -5.735764e-01
      outer loop
         vertex 1.900000e+01 6.098076e+00 1.700000e+01
         vertex 2.280000e+01 6.098076e+00 1.700000e+01
         vertex 2.280000e+01 5.798133e+00 1.657164e+01
      endloop
   endfacet
   facet normal 0.000000e+00 8.191520e-01 -5.735764e-01
      outer loop
         vertex 1.900000e+01 6.098076e+00 1.700000e+01
         vertex 2.280000e+01 5.798133e+00 1.657164e+01
         vertex 1.900000e+01 5.798133e+00 1.657164e+01
      endloop
   endfacet
   facet normal 0.000000e+00 7.071068e-01 -7.071068e-01
      outer loop
         vertex 1.900000e+01 5.798133e+00 1.657164e+01
         vertex 2.280000e+01 5.798133e+00 1.657164e+01
         vertex 2.280000e+01 5.428363e+00 1.620187e+01
      endloop
   endfacet
   facet normal 0.000000e+00 7.071068e-01 -7.071068e-01
      outer loop
         vertex 1.900000e+01 5.798133e+00 1.657164e+01
         vertex 2.280000e+01 5.428363e+00 1.620187e+01
         vertex 1.900000e+01 5.428363e+00 1.620187e+01
      endloop
   endfacet
   facet normal 0.000000e+00 5.735764e-01 -8.191520e-01
      outer loop
         vertex 1.900000e+01 5.428363e+00 1.620187e+01
         vertex 2.280000e+01 5.428363e+00 1.620187e+01
         vertex 2.280000e+01 5.000000e+00 1.590192e+01
      endloop
   endfacet
   facet normal 0.000000e+00 5.735764e-01 -8.191520e-01
      outer loop
         vertex 1.900000e+01 5.428363e+00 1.620187e+01
         vertex 2.280000e+01 5.000000e+00 1.590192e+01
         vertex 1.900000e+01 5.000000e+00 1.590192e+01
      endloop
   endfacet
   facet normal 0.000000e+00 4.226183e-01 -9.063078e-01
      outer loop
         vertex 1.900000e+01 5.000000e+00 1.590192e+01
         vertex 2.280000e+01 5.000000e+00 1.590192e+01
         vertex 2.280000e+01 4.526061e+00 1.568092e+01
      endloop
   endfacet
   facet normal 0.000000e+00 4.226183e-01 -9.063078e-01
      outer loop
         vertex 1.900000e+01 5.000000e+00 1.590192e+01
         vertex 2.280000e+01 4.526061e+00 1.568092e+01
         vertex 1.900000e+01 4.526061e+00 1.568092e+01
      endloop
   endfacet
   facet normal 0.000000e+00 2.588190e-01 -9.659258e-01
      outer loop
         vertex 1.900000e+01 4.526061e+00 1.568092e+01
         vertex 2.280000e+01 4.526061e+00 1.568092e+01
         vertex 2.280000e+01 4.020945e+00 1.554558e+01
      endloop
   endfacet
   facet normal 0.000000e+00 2.588190e-01 -9.659258e-01
      outer loop
         vertex 1.900000e+01 4.526061e+00 1.568092e+01
         vertex 2.280000e+01 4.020945e+00 1.554558e+01
         vertex 1.900000e+01 4.020945e+00 1.554558e+01
      endloop
   endfacet
   facet normal 0.000000e+00 8.715591e-02 -9.961947e-01
      outer loop
         vertex 1.900000e+01 4.020945e+00 1.554558e+01
         vertex 2.280000e+01 4.020945e+00 1.554558e+01
         vertex 2.280000e+01 3.500000e+00 1.550000e+01
      endloop
   endfacet
   facet normal 0.000000e+00 8.715591e-02 -9.961947e-01
      outer loop
         vertex 1.900000e+01 4.020945e+00 1.554558e+01
         vertex 2.280000e+01 3.500000e+00 1.550000e+01
         vertex 1.900000e+01 3.500000e+00 1.550000e+01
      endloop
   endfacet
   facet normal 0.000000e+00 -8.715591e-02 -9.961947e-01
      outer loop
         vertex 1.900000e+01 3.500000e+00 1.550000e+01
         vertex 2.280000e+01 3.500000e+00 1.550000e+01
         vertex 2.280000e+01 2.979056e+00 1.554558e+01
      endloop
   endfacet
   facet normal 0.000000e+00 -8.715591e-02 -9.961947e-01
      outer loop
         vertex 1.900000e+01 3.500000e+00 1.550000e+01
         vertex 2.280000e+01 2.979056e+00 1.554558e+01
         vertex 1.900000e+01 2.979056e+00 1.554558e+01
      endloop
   endfacet
   facet normal 0.000000e+00 -2.588190e-01 -9.659258e-01
      outer loop
         vertex 1.900000e+01 2.979056e+00 1.554558e+01
         vertex 2.280000e+01 2.979056e+00 1.554558e+01
         vertex 2.280000e+01 2.473940e+00 1.568092e+01
      endloop
   endfacet
   facet normal 0.000000e+00 -2.588190e-01 -9.659258e-01
      outer loop
         vertex 1.900000e+01 2.979056e+00 1.554558e+01
         vertex 2.280000e+01 2.473940e+00 1.568092e+01
         vertex 1.900000e+01 2.473940e+00 1.568092e+01
      endloop
   endfacet
   facet normal 0.000000e+00 -4.226183e-01 -9.063078e-01
      outer loop
         vertex 1.900000e+01 2.473940e+00 1.568092e+01
         vertex 2.280000e+01 2.473940e+00 1.568092e+01
         vertex 2.280000e+01 2.000000e+00 1.590192e+01
      endloop
   endfacet
   facet normal 0.000000e+00 -4.226183e-01 -9.063078e-01
      outer loop
         vertex 1.900000e+01 2.473940e+00 1.568092e+01
         vertex 2.280000e+01 2.000000e+00 1.590192e+01
         vertex 1.900000e+01 2.000000e+00 1.590192e+01
      endloop
   endfacet
   facet normal 0.000000e+00 -5.735764e-01 -8.191520e-01
      outer loop
         vertex 1.900000e+01 2.000000e+00 1.590192e+01
         vertex 2.280000e+01 2.000000e+00 1.590192e+01
         vertex 2.280000e+01 1.571637e+00 1.620187e+01
      endloop
   endfacet
   facet normal 0.000000e+00 -5.735764e-01 -8.191520e-01
      outer loop
         vertex 1.900000e+01 2.000000e+00 1.590192e+01
         vertex 2.280000e+01 1.571637e+00 1.620187e+01
         vertex 1.900000e+01 1.571637e+00 1.620187e+01
      endloop
   endfacet
   facet normal 0.000000e+00 -7.071068e-01 -7.071068e-01
      outer loop
         vertex 1.900000e+01 1.571637e+00 1.620187e+01
         vertex 2.280000e+01 1.571637e+00 1.620187e+01
         vertex 2.280000e+01 1.201867e+00 1.657164e+01
      endloop
   endfacet
   facet normal 0.000000e+00 -7.071068e-01 -7.071068e-01
      outer loop
         vertex 1.900000e+01 1.571637e+00 1.620187e+01
         vertex 2.280000e+01 1.201867e+00 1.657164e+01
         vertex 1.900000e+01 1.201867e+00 1.657164e+01
      endloop
   endfacet
   facet normal 0.000000e+00 -8.191520e-01 -5.735764e-01
      outer loop
         vertex 1.900000e+01 1.201867e+00 1.657164e+01
         vertex 2.280000e+01 1.201867e+00 1.657164e+01
         vertex 2.280000e+01 9.019240e-01 1.700000e+01
      endloop
   endfacet
   facet normal 0.000000e+00 -8.191520e-01 -5.735764e-01
      outer loop
         vertex 1.900000e+01 1.201867e+00 1.657164e+01
         vertex 2.280000e+01 9.019240e-01 1.700000e+01
         vertex 1.900000e+01 9.019240e-01 1.700000e+01
      endloop
   endfacet
   facet normal 0.000000e+00 -9.063078e-01 -4.226183e-01
      outer loop
         vertex 1.900000e+01 9.019240e-01 1.700000e+01
         vertex 2.280000e+01 9.019240e-01 1.700000e+01
         vertex 2.280000e+01 6.809223e-01 1.747394e+01
      endloop
   endfacet
   facet normal 0.000000e+00 -9.063078e-01 -4.226183e-01
      outer loop
         vertex 1.900000e+01 9.019240e-01 1.700000e+01
         vertex 2.280000e+01 6.809223e-01 1.747394e+01
         vertex 1.900000e+01 6.809223e-01 1.747394e+01
      endloop
   endfacet
   facet normal 0.000000e+00 -9.659258e-01 -2.588190e-01
      outer loop
         vertex 1.900000e+01 6.809223e-01 1.747394e+01
         vertex 2.280000e+01 6.809223e-01 1.747394e+01
         vertex 2.280000e+01 5.455769e-01 1.797906e+01
      endloop
   endfacet
   facet normal 0.000000e+00 -9.659258e-01 -2.588190e-01
      outer loop
         vertex 1.900000e+01 6.809223e-01 1.747394e+01
         vertex 2.280000e+01 5.455769e-01 1.797906e+01
         vertex 1.900000e+01 5.455769e-01 1.797906e+01
      endloop
   endfacet
   facet normal 0.000000e+00 -9.961947e-01 -8.715591e-02
      outer loop
         vertex 1.900000e+01 5.455769e-01 1.797906e+01
         vertex 2.280000e+01 5.455769e-01 1.797906e+01
         vertex 2.280000e+01 5.000001e-01 1.850000e+01
      endloop
   endfacet
   facet normal 0.000000e+00 -9.961947e-01 -8.715591e-02
      outer loop
         vertex 1.900000e+01 5.455769e-01 1.797906e+01
         vertex 2.280000e+01 5.000001e-01 1.850000e+01
         vertex 1.900000e+01 5.000001e-01 1.850000e+01
      endloop
   endfacet
   facet normal 0.000000e+00 -9.961947e-01 8.715591e-02
      outer loop
         vertex 1.900000e+01 5.000001e-01 1.850000e+01
         vertex 2.280000e+01 5.000001e-01 1.850000e+01
         vertex 2.280000e+01 5.455769e-01 1.902094e+01
      endloop
   endfacet
   facet normal 0.000000e+00 -9.961947e-01 8.715591e-02
      outer loop
         vertex 1.900000e+01 5.000001e-01 1.850000e+01
         vertex 2.280000e+01 5.455769e-01 1.902094e+01
         vertex 1.900000e+01 5.455769e-01 1.902094e+01
      endloop
   endfacet
   facet normal 0.000000e+00 -9.659258e-01 2.588190e-01
      outer loop
         vertex 1.900000e+01 5.455769e-01 1.902094e+01
         vertex 2.280000e+01 5.455769e-01 1.902094e+01
         vertex 2.280000e+01 6.809223e-01 1.952606e+01
      endloop
   endfacet
   facet normal 0.000000e+00 -9.659258e-01 2.588190e-01
      outer loop
         vertex 1.900000e+01 5.455769e-01 1.902094e+01
         vertex 2.280000e+01 6.809223e-01 1.952606e+01
         vertex 1.900000e+01 6.809223e-01 1.952606e+01
      endloop
   endfacet
   facet normal 0.000000e+00 -9.063078e-01 4.226183e-01
      outer loop
         vertex 1.900000e+01 6.809223e-01 1.952606e+01
         vertex 2.280000e+01 6.809223e-01 1.952606e+01
         vertex 2.280000e+01 9.019240e-01 2.000000e+01
      endloop
   endfacet
   facet normal 0.000000e+00 -9.063078e-01 4.226183e-01
      outer loop
         vertex 1.900000e+01 6.809223e-01 1.952606e+01
         vertex 2.280000e+01 9.019240e-01 2.000000e+01
         vertex 1.900000e+01 9.019240e-01 2.000000e+01
      endloop
   endfacet
   facet normal 0.000000e+00 -8.191520e-01 5.735764e-01
      outer loop
         vertex 1.900000e+01 9.019240e-01 2.000000e+01
         vertex 2.280000e+01 9.019240e-01 2.000000e+01
         vertex 2.280000e+01 1.201867e+00 2.042836e+01
      endloop
   endfacet
   facet normal 0.000000e+00 -8.191520e-01 5.735764e-01
      outer loop
         vertex 1.900000e+01 9.019240e-01 2.000000e+01
         vertex 2.280000e+01 1.201867e+00 2.042836e+01
         vertex 1.900000e+01 1.201867e+00 2.042836e+01
      endloop
   endfacet
   facet normal 0.000000e+00 -7.071068e-01 7.071068e-01
      outer loop
         vertex 1.900000e+01 1.201867e+00 2.042836e+01
         vertex 2.280000e+01 1.201867e+00 2.042836e+01
         vertex 2.280000e+01 1.571637e+00 2.079813e+01
      endloop
   endfacet
   facet normal 0.000000e+00 -7.071068e-01 7.071068e-01
      outer loop
         vertex 1.900000e+01 1.201867e+00 2.042836e+01
         vertex 2.280000e+01 1.571637e+00 2.079813e+01
         vertex 1.900000e+01 1.571637e+00 2.079813e+01
      endloop
   endfacet
   facet normal 0.000000e+00 -5.735764e-01 8.191520e-01
      outer loop
         vertex 1.900000e+01 1.571637e+00 2.079813e+01
         vertex 2.280000e+01 1.571637e+00 2.079813e+01
         vertex 2.280000e+01 2.000000e+00 2.109808e+01
      endloop
   endfacet
   facet normal 0.000000e+00 -5.735764e-01 8.191520e-01
      outer loop
         vertex 1.900000e+01 1.571637e+00 2.079813e+01
         vertex 2.280000e+01 2.000000e+00 2.109808e+01
         vertex 1.900000e+01 2.000000e+00 2.109808e+01
      endloop
   endfacet
   facet normal 0.000000e+00 -4.226183e-01 9.063078e-01
      outer loop
         vertex 1.900000e+01 2.000000e+00 2.109808e+01
         vertex 2.280000e+01 2.000000e+00 2.109808e+01
         vertex 2.280000e+01 2.473940e+00 2.131908e+01
      endloop
   endfacet
   facet normal 0.000000e+00 -4.226183e-01 9.063078e-01
      outer loop
         vertex 1.900000e+01 2.000000e+00 2.109808e+01
         vertex 2.280000e+01 2.473940e+00 2.131908e+01
         vertex 1.900000e+01 2.473940e+00 2.131908e+01
      endloop
   endfacet
   facet normal 0.000000e+00 -2.588190e-01 9.659258e-01
      outer loop
         vertex 1.900000e+01 2.473940e+00 2.131908e+01
         vertex 2.280000e+01 2.473940e+00 2.131908e+01
         vertex 2.280000e+01 2.979056e+00 2.145442e+01
      endloop
   endfacet
   facet normal 0.000000e+00 -2.588190e-01 9.659258e-01
      outer loop
         vertex 1.900000e+01 2.473940e+00 2.131908e+01
         vertex 2.280000e+01 2.979056e+00 2.145442e+01
         vertex 1.900000e+01 2.979056e+00 2.145442e+01
      endloop
   endfacet
   facet normal 0.000000e+00 -8.715591e-02 9.961947e-01
      outer loop
         vertex 1.900000e+01 2.979056e+00 2.145442e+01
         vertex 2.280000e+01 2.979056e+00 2.145442e+01
         vertex 2.280000e+01 3.500000e+00 2.150000e+01
      endloop
   endfacet
   facet normal 0.000000e+00 -8.715591e-02 9.961947e-01
      outer loop
         vertex 1.900000e+01 2.979056e+00 2.145442e+01
         vertex 2.280000e+01 3.500000e+00 2.150000e+01
         vertex 1.900000e+01 3.500000e+00 2.150000e+01
      endloop
   endfacet
   facet normal -0.000000e+00 8.715591e-02 9.961947e-01
      outer loop
         vertex 1.900000e+01 3.500000e+00 2.150000e+01
         vertex 2.280000e+01 3.500000e+00 2.150000e+01
         vertex 2.280000e+01 4.020945e+00 2.145442e+01
      endloop
   endfacet
   facet normal -1.000000e+00 0.000000e+00 0.000000e+00
      outer loop
         vertex 1.900000e+01 5.058846e+00 1.940000e+01
         vertex 1.900000e+01 6.098076e+00 2.000000e+01
         vertex 1.900000e+01 5.191447e+00 1.911564e+01
      endloop
   endfacet
   facet normal -1.000000e+00 0.000000e+00 0.000000e+00
      outer loop
         vertex 1.900000e+01 5.191447e+00 1.911564e+01
         vertex 1.900000e+01 6.098076e+00 2.000000e+01
         vertex 1.900000e+01 6.319078e+00 1.952606e+01
      endloop
   endfacet
   facet normal -1.000000e+00 0.000000e+00 0.000000e+00
      outer loop
         vertex 1.900000e+01 5.191447e+00 1.911564e+01
         vertex 1.900000e+01 6.319078e+00 1.952606e+01
         vertex 1.900000e+01 5.272654e+00 1.881257e+01
      endloop
   endfacet
   facet normal -1.000000e+00 0.000000e+00 0.000000e+00
      outer loop
         vertex 1.900000e+01 5.272654e+00 1.881257e+01
         vertex 1.900000e+01 6.319078e+00 1.952606e+01
         vertex 1.900000e+01 6.454423e+00 1.902094e+01
      endloop
   endfacet
   facet normal -1.000000e+00 0.000000e+00 0.000000e+00
      outer loop
         vertex 1.900000e+01 5.272654e+00 1.881257e+01
         vertex 1.900000e+01 6.454423e+00 1.902094e+01
         vertex 1.900000e+01 5.300000e+00 1.850000e+01
      endloop
   endfacet
   facet normal -1.000000e+00 0.000000e+00 0.000000e+00
      outer loop
         vertex 1.900000e+01 5.300000e+00 1.850000e+01
         vertex 1.900000e+01 6.454423e+00 1.902094e+01
         vertex 1.900000e+01 6.500000e+00 1.850000e+01
      endloop
   endfacet
   facet normal -1.000000e+00 0.000000e+00 -0.000000e+00
      outer loop
         vertex 1.900000e+01 5.300000e+00 1.850000e+01
         vertex 1.900000e+01 6.500000e+00 1.850000e+01
         vertex 1.900000e+01 5.272654e+00 1.818743e+01
      endloop
   endfacet
   facet normal -1.000000e+00 0.000000e+00 0.000000e+00
      outer loop
         vertex 1.900000e+01 5.272654e+00 1.818743e+01
         vertex 1.900000e+01 6.500000e+00 1.850000e+01
         vertex 1.900000e+01 6.454423e+00 1.797906e+01
      endloop
   endfacet
   facet normal -1.000000e+00 0.000000e+00 -0.000000e+00
      outer loop
         vertex 1.900000e+01 5.272654e+00 1.818743e+01
         vertex 1.900000e+01 6.454423e+00 1.797906e+01
         vertex 1.900000e+01 5.191447e+00 1.788436e+01
      endloop
   endfacet
   facet normal -1.000000e+00 0.000000e+00 0.000000e+00
      outer loop
         vertex 1.900000e+01 5.191447e+00 1.788436e+01
         vertex 1.900000e+01 6.454423e+00 1.797906e+01
         vertex 1.900000e+01 6.319078e+00 1.747394e+01
      endloop
   endfacet
   facet normal -1.000000e+00 0.000000e+00 -0.000000e+00
      outer loop
         vertex 1.900000e+01 5.191447e+00 1.788436e+01
         vertex 1.900000e+01 6.319078e+00 1.747394e+01
         vertex 1.900000e+01 5.058846e+00 1.760000e+01
      endloop
   endfacet
   facet normal -1.000000e+00 0.000000e+00 0.000000e+00
      outer loop
         vertex 1.900000e+01 5.058846e+00 1.760000e+01
         vertex 1.900000e+01 6.319078e+00 1.747394e+01
         vertex 1.900000e+01 6.098076e+00 1.700000e+01
      endloop
   endfacet
   facet normal -1.000000e+00 0.000000e+00 -0.000000e+00
      outer loop
         vertex 1.900000e+01 5.058846e+00 1.760000e+01
         vertex 1.900000e+01 6.098076e+00 1.700000e+01
         vertex 1.900000e+01 4.878880e+00 1.734298e+01
      endloop
   endfacet
   facet normal -1.000000e+00 0.000000e+00 0.000000e+00
      outer loop
         vertex 1.900000e+01 4.878880e+00 1.734298e+01
         vertex 1.900000e+01 6.098076e+00 1.700000e+01
         vertex 1.900000e+01 5.798133e+00 1.657164e+01
      endloop
   endfacet
   facet normal -1.000000e+00 0.000000e+00 -0.000000e+00
      outer loop
         vertex 1.900000e+01 4.878880e+00 1.734298e+01
         vertex 1.900000e+01 5.798133e+00 1.657164e+01
         vertex 1.900000e+01 4.657018e+00 1.712112e+01
      endloop
   endfacet
   facet normal -1.000000e+00 0.000000e+00 0.000000e+00
      outer loop
         vertex 1.900000e+01 4.657018e+00 1.712112e+01
         vertex 1.900000e+01 5.798133e+00 1.657164e+01
         vertex 1.900000e+01 5.428363e+00 1.620187e+01
      endloop
   endfacet
   facet normal -1.000000e+00 0.000000e+00 -0.000000e+00
      outer loop
         vertex 1.900000e+01 4.657018e+00 1.712112e+01
         vertex 1.900000e+01 5.428363e+00 1.620187e+01
         vertex 1.900000e+01 4.400000e+00 1.694115e+01
      endloop
   endfacet
   facet normal -1.000000e+00 0.000000e+00 0.000000e+00
      outer loop
         vertex 1.900000e+01 4.400000e+00 1.694115e+01
         vertex 1.900000e+01 5.428363e+00 1.620187e+01
         vertex 1.900000e+01 5.000000e+00 1.590192e+01
      endloop
   endfacet
   facet normal -1.000000e+00 0.000000e+00 -0.000000e+00
      outer loop
         vertex 1.900000e+01 4.400000e+00 1.694115e+01
         vertex 1.900000e+01 5.000000e+00 1.590192e+01
         vertex 1.900000e+01 4.115636e+00 1.680855e+01
      endloop
   endfacet
   facet normal -1.000000e+00 0.000000e+00 0.000000e+00
      outer loop
         vertex 1.900000e+01 4.115636e+00 1.680855e+01
         vertex 1.900000e+01 5.000000e+00 1.590192e+01
         vertex 1.900000e+01 4.526061e+00 1.568092e+01
      endloop
   endfacet
   facet normal -1.000000e+00 0.000000e+00 -0.000000e+00
      outer loop
         vertex 1.900000e+01 4.115636e+00 1.680855e+01
         vertex 1.900000e+01 4.526061e+00 1.568092e+01
         vertex 1.900000e+01 3.812567e+00 1.672735e+01
      endloop
   endfacet
   facet normal -1.000000e+00 0.000000e+00 0.000000e+00
      outer loop
         vertex 1.900000e+01 3.812567e+00 1.672735e+01
         vertex 1.900000e+01 4.526061e+00 1.568092e+01
         vertex 1.900000e+01 4.020945e+00 1.554558e+01
      endloop
   endfacet
   facet normal -1.000000e+00 0.000000e+00 -0.000000e+00
      outer loop
         vertex 1.900000e+01 3.812567e+00 1.672735e+01
         vertex 1.900000e+01 4.020945e+00 1.554558e+01
         vertex 1.900000e+01 3.500000e+00 1.670000e+01
      endloop
   endfacet
   facet normal -1.000000e+00 0.000000e+00 0.000000e+00
      outer loop
         vertex 1.900000e+01 3.500000e+00 1.670000e+01
         vertex 1.900000e+01 4.020945e+00 1.554558e+01
         vertex 1.900000e+01 3.500000e+00 1.550000e+01
      endloop
   endfacet
   facet normal -1.000000e+00 -0.000000e+00 -0.000000e+00
      outer loop
         vertex 1.900000e+01 3.500000e+00 1.670000e+01
         vertex 1.900000e+01 3.500000e+00 1.550000e+01
         vertex 1.900000e+01 3.187433e+00 1.672735e+01
      endloop
   endfacet
   facet normal -1.000000e+00 0.000000e+00 -0.000000e+00
      outer loop
         vertex 1.900000e+01 3.187433e+00 1.672735e+01
         vertex 1.900000e+01 3.500000e+00 1.550000e+01
         vertex 1.900000e+01 2.979056e+00 1.554558e+01
      endloop
   endfacet
   facet normal -1.000000e+00 -0.000000e+00 0.000000e+00
      outer loop
         vertex 1.900000e+01 3.187433e+00 1.672735e+01
         vertex 1.900000e+01 2.979056e+00 1.554558e+01
         vertex 1.900000e+01 2.884364e+00 1.680855e+01
      endloop
   endfacet
   facet normal -1.000000e+00 0.000000e+00 -0.000000e+00
      outer loop
         vertex 1.900000e+01 2.884364e+00 1.680855e+01
         vertex 1.900000e+01 2.979056e+00 1.554558e+01
         vertex 1.900000e+01 2.473940e+00 1.568092e+01
      endloop
   endfacet
   facet normal -1.000000e+00 -0.000000e+00 0.000000e+00
      outer loop
         vertex 1.900000e+01 2.884364e+00 1.680855e+01
         vertex 1.900000e+01 2.473940e+00 1.568092e+01
         vertex 1.900000e+01 2.600000e+00 1.694115e+01
      endloop
   endfacet
   facet normal -1.000000e+00 0.000000e+00 0.000000e+00
      outer loop
         vertex 1.900000e+01 2.600000e+00 1.694115e+01
         vertex 1.900000e+01 2.473940e+00 1.568092e+01
         vertex 1.900000e+01 2.000000e+00 1.590192e+01
      endloop
   endfacet
   facet normal -1.000000e+00 -0.000000e+00 0.000000e+00
      outer loop
         vertex 1.900000e+01 2.600000e+00 1.694115e+01
         vertex 1.900000e+01 2.000000e+00 1.590192e+01
         vertex 1.900000e+01 2.342982e+00 1.712112e+01
      endloop
   endfacet
   facet normal -1.000000e+00 0.000000e+00 0.000000e+00
      outer loop
         vertex 1.900000e+01 2.342982e+00 1.712112e+01
         vertex 1.900000e+01 2.000000e+00 1.590192e+01
         vertex 1.900000e+01 1.571637e+00 1.620187e+01
      endloop
   endfacet
   facet normal -1.000000e+00 -0.000000e+00 0.000000e+00
      outer loop
         vertex 1.900000e+01 2.342982e+00 1.712112e+01
         vertex 1.900000e+01 1.571637e+00 1.620187e+01
         vertex 1.900000e+01 2.121120e+00 1.734298e+01
      endloop
   endfacet
   facet normal -1.000000e+00 0.000000e+00 0.000000e+00
      outer loop
         vertex 1.900000e+01 2.121120e+00 1.734298e+01
         vertex 1.900000e+01 1.571637e+00 1.620187e+01
         vertex 1.900000e+01 1.201867e+00 1.657164e+01
      endloop
   endfacet
   facet normal -1.000000e+00 -0.000000e+00 0.000000e+00
      outer loop
         vertex 1.900000e+01 2.121120e+00 1.734298e+01
         vertex 1.900000e+01 1.201867e+00 1.657164e+01
         vertex 1.900000e+01 1.941154e+00 1.760000e+01
      endloop
   endfacet
   facet normal -1.000000e+00 0.000000e+00 0.000000e+00
      outer loop
         vertex 1.900000e+01 1.941154e+00 1.760000e+01
         vertex 1.900000e+01 1.201867e+00 1.657164e+01
         vertex 1.900000e+01 9.019240e-01 1.700000e+01
      endloop
   endfacet
   facet normal -1.000000e+00 -0.000000e+00 0.000000e+00
      outer loop
         vertex 1.900000e+01 1.941154e+00 1.760000e+01
         vertex 1.900000e+01 9.019240e-01 1.700000e+01
         vertex 1.900000e+01 1.808553e+00 1.788436e+01
      endloop
   endfacet
   facet normal -1.000000e+00 0.000000e+00 0.000000e+00
      outer loop
         vertex 1.900000e+01 1.808553e+00 1.788436e+01
         vertex 1.900000e+01 9.019240e-01 1.700000e+01
         vertex 1.900000e+01 6.809223e-01 1.747394e+01
      endloop
   endfacet
   facet normal -1.000000e+00 -0.000000e+00 0.000000e+00
      outer loop
         vertex 1.900000e+01 1.808553e+00 1.788436e+01
         vertex 1.900000e+01 6.809223e-01 1.747394e+01
         vertex 1.900000e+01 1.727346e+00 1.818743e+01
      endloop
   endfacet
   facet normal -1.000000e+00 0.000000e+00 0.000000e+00
      outer loop
         vertex 1.900000e+01 1.727346e+00 1.818743e+01
         vertex 1.900000e+01 6.809223e-01 1.747394e+01
         vertex 1.900000e+01 5.455769e-01 1.797906e+01
      endloop
   endfacet
   facet normal -1.000000e+00 -0.000000e+00 0.000000e+00
      outer loop
         vertex 1.900000e+01 1.727346e+00 1.818743e+01
         vertex 1.900000e+01 5.455769e-01 1.797906e+01
         vertex 1.900000e+01 1.700000e+00 1.850000e+01
      endloop
   endfacet
   facet normal -1.000000e+00 -0.000000e+00 0.000000e+00
      outer loop
         vertex 1.900000e+01 1.700000e+00 1.850000e+01
         vertex 1.900000e+01 5.455769e-01 1.797906e+01
         vertex 1.900000e+01 5.000001e-01 1.850000e+01
      endloop
   endfacet
   facet normal -1.000000e+00 0.000000e+00 0.000000e+00
      outer loop
         vertex 1.900000e+01 1.700000e+00 1.850000e+01
         vertex 1.900000e+01 5.000001e-01 1.850000e+01
         vertex 1.900000e+01 1.727346e+00 1.881257e+01
      endloop
   endfacet
   facet normal -1.000000e+00 -0.000000e+00 0.000000e+00
      outer loop
         vertex 1.900000e+01 1.727346e+00 1.881257e+01
         vertex 1.900000e+01 5.000001e-01 1.850000e+01
         vertex 1.900000e+01 5.455769e-01 1.902094e+01
      endloop
   endfacet
   facet normal -1.000000e+00 0.000000e+00 0.000000e+00
      outer loop
         vertex 1.900000e+01 1.727346e+00 1.881257e+01
         vertex 1.900000e+01 5.455769e-01 1.902094e+01
         vertex 1.900000e+01 1.808553e+00 1.911564e+01
      endloop
   endfacet
   facet normal -1.000000e+00 -0.000000e+00 0.000000e+00
      outer loop
         vertex 1.900000e+01 1.808553e+00 1.911564e+01
         vertex 1.900000e+01 5.455769e-01 1.902094e+01
         vertex 1.900000e+01 6.809223e-01 1.952606e+01
      endloop
   endfacet
   facet normal -1.000000e+00 0.000000e+00 0.000000e+00
      outer loop
         vertex 1.900000e+01 1.808553e+00 1.911564e+01
         vertex 1.900000e+01 6.809223e-01 1.952606e+01
         vertex 1.900000e+01 1.941154e+00 1.940000e+01
      endloop
   endfacet
   facet normal -1.000000e+00 0.000000e+00 0.000000e+00
      outer loop
         vertex 1.900000e+01 1.941154e+00 1.940000e+01
         vertex 1.900000e+01 6.809223e-01 1.952606e+01
         vertex 1.900000e+01 9.019240e-01 2.000000e+01
      endloop
   endfacet
   facet normal -1.000000e+00 0.000000e+00 0.000000e+00
      outer loop
         vertex 1.900000e+01 1.941154e+00 1.940000e+01
         vertex 1.900000e+01 9.019240e-01 2.000000e+01
         vertex 1.900000e+01 2.121120e+00 1.965702e+01
      endloop
   endfacet
   facet normal -1.000000e+00 0.000000e+00 0.000000e+00
      outer loop
         vertex 1.900000e+01 2.121120e+00 1.965702e+01
         vertex 1.900000e+01 9.019240e-01 2.000000e+01
         vertex 1.900000e+01 1.201867e+00 2.042836e+01
      endloop
   endfacet
   facet normal -1.000000e+00 0.000000e+00 0.000000e+00
      outer loop
         vertex 1.900000e+01 2.121120e+00 1.965702e+01
         vertex 1.900000e+01 1.201867e+00 2.042836e+01
         vertex 1.900000e+01 2.342982e+00 1.987888e+01
      endloop
   endfacet
   facet normal -1.000000e+00 0.000000e+00 0.000000e+00
      outer loop
         vertex 1.900000e+01 2.342982e+00 1.987888e+01
         vertex 1.900000e+01 1.201867e+00 2.042836e+01
         vertex 1.900000e+01 1.571637e+00 2.079813e+01
      endloop
   endfacet
   facet normal -1.000000e+00 0.000000e+00 0.000000e+00
      outer loop
         vertex 1.900000e+01 2.342982e+00 1.987888e+01
         vertex 1.900000e+01 1.571637e+00 2.079813e+01
         vertex 1.900000e+01 2.600000e+00 2.005885e+01
      endloop
   endfacet
   facet normal -1.000000e+00 0.000000e+00 0.000000e+00
      outer loop
         vertex 1.900000e+01 2.600000e+00 2.005885e+01
         vertex 1.900000e+01 1.571637e+00 2.079813e+01
         vertex 1.900000e+01 2.000000e+00 2.109808e+01
      endloop
   endfacet
   facet normal -1.000000e+00 0.000000e+00 0.000000e+00
      outer loop
         vertex 1.900000e+01 2.600000e+00 2.005885e+01
         vertex 1.900000e+01 2.000000e+00 2.109808e+01
         vertex 1.900000e+01 2.884364e+00 2.019145e+01
      endloop
   endfacet
   facet normal -1.000000e+00 0.000000e+00 0.000000e+00
      outer loop
         vertex 1.900000e+01 2.884364e+00 2.019145e+01
         vertex 1.900000e+01 2.000000e+00 2.109808e+01
         vertex 1.900000e+01 2.473940e+00 2.131908e+01
      endloop
   endfacet
   facet normal -1.000000e+00 0.000000e+00 0.000000e+00
      outer loop
         vertex 1.900000e+01 2.884364e+00 2.019145e+01
         vertex 1.900000e+01 2.473940e+00 2.131908e+01
         vertex 1.900000e+01 3.187433e+00 2.027265e+01
      endloop
   endfacet
   facet normal -1.000000e+00 0.000000e+00 0.000000e+00
      outer loop
         vertex 1.900000e+01 3.187433e+00 2.027265e+01
         vertex 1.900000e+01 2.473940e+00 2.131908e+01
         vertex 1.900000e+01 2.979056e+00 2.145442e+01
      endloop
   endfacet
   facet normal -1.000000e+00 0.000000e+00 0.000000e+00
      outer loop
         vertex 1.900000e+01 3.187433e+00 2.027265e+01
         vertex 1.900000e+01 2.979056e+00 2.145442e+01
         vertex 1.900000e+01 3.500000e+00 2.030000e+01
      endloop
   endfacet
   facet normal -1.000000e+00 0.000000e+00 0.000000e+00
      outer loop
         vertex 1.900000e+01 3.500000e+00 2.030000e+01
         vertex 1.900000e+01 2.979056e+00 2.145442e+01
         vertex 1.900000e+01 3.500000e+00 2.150000e+01
      endloop
   endfacet
   facet normal -1.000000e+00 0.000000e+00 0.000000e+00
      outer loop
         vertex 1.900000e+01 3.500000e+00 2.030000e+01
         vertex 1.900000e+01 3.500000e+00 2.150000e+01
         vertex 1.900000e+01 3.812567e+00 2.027265e+01
      endloop
   endfacet
   facet normal -1.000000e+00 0.000000e+00 0.000000e+00
      outer loop
         vertex 1.900000e+01 3.812567e+00 2.027265e+01
         vertex 1.900000e+01 3.500000e+00 2.150000e+01
         vertex 1.900000e+01 4.020945e+00 2.145442e+01
      endloop
   endfacet
   facet normal -1.000000e+00 0.000000e+00 0.000000e+00
      outer loop
         vertex 1.900000e+01 3.812567e+00 2.027265e+01
         vertex 1.900000e+01 4.020945e+00 2.145442e+01
         vertex 1.900000e+01 4.115636e+00 2.019145e+01
      endloop
   endfacet
   facet normal -1.000000e+00 0.000000e+00 0.000000e+00
      outer loop
         vertex 1.900000e+01 4.115636e+00 2.019145e+01
         vertex 1.900000e+01 4.020945e+00 2.145442e+01
         vertex 1.900000e+01 4.526061e+00 2.131908e+01
      endloop
   endfacet
   facet normal -1.000000e+00 0.000000e+00 0.000000e+00
      outer loop
         vertex 1.900000e+01 4.115636e+00 2.019145e+01
         vertex 1.900000e+01 4.526061e+00 2.131908e+01
         vertex 1.900000e+01 4.400000e+00 2.005885e+01
      endloop
   endfacet
   facet normal -1.000000e+00 0.000000e+00 0.000000e+00
      outer loop
         vertex 1.900000e+01 4.400000e+00 2.005885e+01
         vertex 1.900000e+01 4.526061e+00 2.131908e+01
         vertex 1.900000e+01 5.000000e+00 2.109808e+01
      endloop
   endfacet
   facet normal -1.000000e+00 0.000000e+00 0.000000e+00
      outer loop
         vertex 1.900000e+01 4.400000e+00 2.005885e+01
         vertex 1.900000e+01 5.000000e+00 2.109808e+01
         vertex 1.900000e+01 4.657018e+00 1.987888e+01
      endloop
   endfacet
   facet normal -1.000000e+00 0.000000e+00 0.000000e+00
      outer loop
         vertex 1.900000e+01 4.657018e+00 1.987888e+01
         vertex 1.900000e+01 5.000000e+00 2.109808e+01
         vertex 1.900000e+01 5.428363e+00 2.079813e+01
      endloop
   endfacet
   facet normal -1.000000e+00 0.000000e+00 0.000000e+00
      outer loop
         vertex 1.900000e+01 4.657018e+00 1.987888e+01
         vertex 1.900000e+01 5.428363e+00 2.079813e+01
         vertex 1.900000e+01 4.878880e+00 1.965702e+01
      endloop
   endfacet
   facet normal -1.000000e+00 0.000000e+00 0.000000e+00
      outer loop
         vertex 1.900000e+01 4.878880e+00 1.965702e+01
         vertex 1.900000e+01 5.428363e+00 2.079813e+01
         vertex 1.900000e+01 5.798133e+00 2.042836e+01
      endloop
   endfacet
   facet normal -1.000000e+00 0.000000e+00 0.000000e+00
      outer loop
         vertex 1.900000e+01 4.878880e+00 1.965702e+01
         vertex 1.900000e+01 5.798133e+00 2.042836e+01
         vertex 1.900000e+01 5.058846e+00 1.940000e+01
      endloop
   endfacet
   facet normal -1.000000e+00 0.000000e+00 0.000000e+00
      outer loop
         vertex 1.900000e+01 5.058846e+00 1.940000e+01
         vertex 1.900000e+01 5.798133e+00 2.042836e+01
         vertex 1.900000e+01 6.098076e+00 2.000000e+01
      endloop
   endfacet
   facet normal 0.000000e+00 8.715547e-02 9.961947e-01
      outer loop
         vertex 1.500000e+01 3.500000e+00 2.030000e+01
         vertex 1.900000e+01 3.812567e+00 2.027265e+01
         vertex 1.500000e+01 3.812567e+00 2.027265e+01
      endloop
   endfacet
   facet normal -0.000000e+00 2.588191e-01 9.659258e-01
      outer loop
         vertex 1.500000e+01 3.812567e+00 2.027265e+01
         vertex 1.900000e+01 3.812567e+00 2.027265e+01
         vertex 1.900000e+01 4.115636e+00 2.019145e+01
      endloop
   endfacet
   facet normal 0.000000e+00 2.588191e-01 9.659258e-01
      outer loop
         vertex 1.500000e+01 3.812567e+00 2.027265e+01
         vertex 1.900000e+01 4.115636e+00 2.019145e+01
         vertex 1.500000e+01 4.115636e+00 2.019145e+01
      endloop
   endfacet
   facet normal -0.000000e+00 4.226183e-01 9.063078e-01
      outer loop
         vertex 1.500000e+01 4.115636e+00 2.019145e+01
         vertex 1.900000e+01 4.115636e+00 2.019145e+01
         vertex 1.900000e+01 4.400000e+00 2.005885e+01
      endloop
   endfacet
   facet normal 0.000000e+00 4.226183e-01 9.063078e-01
      outer loop
         vertex 1.500000e+01 4.115636e+00 2.019145e+01
         vertex 1.900000e+01 4.400000e+00 2.005885e+01
         vertex 1.500000e+01 4.400000e+00 2.005885e+01
      endloop
   endfacet
   facet normal -0.000000e+00 5.735765e-01 8.191520e-01
      outer loop
         vertex 1.500000e+01 4.400000e+00 2.005885e+01
         vertex 1.900000e+01 4.400000e+00 2.005885e+01
         vertex 1.900000e+01 4.657018e+00 1.987888e+01
      endloop
   endfacet
   facet normal 0.000000e+00 5.735765e-01 8.191520e-01
      outer loop
         vertex 1.500000e+01 4.400000e+00 2.005885e+01
         vertex 1.900000e+01 4.657018e+00 1.987888e+01
         vertex 1.500000e+01 4.657018e+00 1.987888e+01
      endloop
   endfacet
   facet normal -0.000000e+00 7.071068e-01 7.071068e-01
      outer loop
         vertex 1.500000e+01 4.657018e+00 1.987888e+01
         vertex 1.900000e+01 4.657018e+00 1.987888e+01
         vertex 1.900000e+01 4.878880e+00 1.965702e+01
      endloop
   endfacet
   facet normal 0.000000e+00 7.071068e-01 7.071068e-01
      outer loop
         vertex 1.500000e+01 4.657018e+00 1.987888e+01
         vertex 1.900000e+01 4.878880e+00 1.965702e+01
         vertex 1.500000e+01 4.878880e+00 1.965702e+01
      endloop
   endfacet
   facet normal -0.000000e+00 8.191520e-01 5.735765e-01
      outer loop
         vertex 1.500000e+01 4.878880e+00 1.965702e+01
         vertex 1.900000e+01 4.878880e+00 1.965702e+01
         vertex 1.900000e+01 5.058846e+00 1.940000e+01
      endloop
   endfacet
   facet normal 0.000000e+00 8.191520e-01 5.735765e-01
      outer loop
         vertex 1.500000e+01 4.878880e+00 1.965702e+01
         vertex 1.900000e+01 5.058846e+00 1.940000e+01
         vertex 1.500000e+01 5.058846e+00 1.940000e+01
      endloop
   endfacet
   facet normal -0.000000e+00 9.063078e-01 4.226183e-01
      outer loop
         vertex 1.500000e+01 5.058846e+00 1.940000e+01
         vertex 1.900000e+01 5.058846e+00 1.940000e+01
         vertex 1.900000e+01 5.191447e+00 1.911564e+01
      endloop
   endfacet
   facet normal 0.000000e+00 9.063078e-01 4.226183e-01
      outer loop
         vertex 1.500000e+01 5.058846e+00 1.940000e+01
         vertex 1.900000e+01 5.191447e+00 1.911564e+01
         vertex 1.500000e+01 5.191447e+00 1.911564e+01
      endloop
   endfacet
   facet normal -0.000000e+00 9.659258e-01 2.588191e-01
      outer loop
         vertex 1.500000e+01 5.191447e+00 1.911564e+01
         vertex 1.900000e+01 5.191447e+00 1.911564e+01
         vertex 1.900000e+01 5.272654e+00 1.881257e+01
      endloop
   endfacet
   facet normal 0.000000e+00 9.659258e-01 2.588191e-01
      outer loop
         vertex 1.500000e+01 5.191447e+00 1.911564e+01
         vertex 1.900000e+01 5.272654e+00 1.881257e+01
         vertex 1.500000e+01 5.272654e+00 1.881257e+01
      endloop
   endfacet
   facet normal -0.000000e+00 9.961947e-01 8.715547e-02
      outer loop
         vertex 1.500000e+01 5.272654e+00 1.881257e+01
         vertex 1.900000e+01 5.272654e+00 1.881257e+01
         vertex 1.900000e+01 5.300000e+00 1.850000e+01
      endloop
   endfacet
   facet normal 0.000000e+00 9.961947e-01 8.715547e-02
      outer loop
         vertex 1.500000e+01 5.272654e+00 1.881257e+01
         vertex 1.900000e+01 5.300000e+00 1.850000e+01
         vertex 1.500000e+01 5.300000e+00 1.850000e+01
      endloop
   endfacet
   facet normal 0.000000e+00 9.961947e-01 -8.715547e-02
      outer loop
         vertex 1.500000e+01 5.300000e+00 1.850000e+01
         vertex 1.900000e+01 5.300000e+00 1.850000e+01
         vertex 1.900000e+01 5.272654e+00 1.818743e+01
      endloop
   endfacet
   facet normal 0.000000e+00 9.961947e-01 -8.715547e-02
      outer loop
         vertex 1.500000e+01 5.300000e+00 1.850000e+01
         vertex 1.900000e+01 5.272654e+00 1.818743e+01
         vertex 1.500000e+01 5.272654e+00 1.818743e+01
      endloop
   endfacet
   facet normal 0.000000e+00 9.659258e-01 -2.588191e-01
      outer loop
         vertex 1.500000e+01 5.272654e+00 1.818743e+01
         vertex 1.900000e+01 5.272654e+00 1.818743e+01
         vertex 1.900000e+01 5.191447e+00 1.788436e+01
      endloop
   endfacet
   facet normal 0.000000e+00 9.659258e-01 -2.588191e-01
      outer loop
         vertex 1.500000e+01 5.272654e+00 1.818743e+01
         vertex 1.900000e+01 5.191447e+00 1.788436e+01
         vertex 1.500000e+01 5.191447e+00 1.788436e+01
      endloop
   endfacet
   facet normal 0.000000e+00 9.063078e-01 -4.226183e-01
      outer loop
         vertex 1.500000e+01 5.191447e+00 1.788436e+01
         vertex 1.900000e+01 5.191447e+00 1.788436e+01
         vertex 1.900000e+01 5.058846e+00 1.760000e+01
      endloop
   endfacet
   facet normal 0.000000e+00 9.063078e-01 -4.226183e-01
      outer loop
         vertex 1.500000e+01 5.191447e+00 1.788436e+01
         vertex 1.900000e+01 5.058846e+00 1.760000e+01
         vertex 1.500000e+01 5.058846e+00 1.760000e+01
      endloop
   endfacet
   facet normal 0.000000e+00 8.191520e-01 -5.735765e-01
      outer loop
         vertex 1.500000e+01 5.058846e+00 1.760000e+01
         vertex 1.900000e+01 5.058846e+00 1.760000e+01
         vertex 1.900000e+01 4.878880e+00 1.734298e+01
      endloop
   endfacet
   facet normal 0.000000e+00 8.191520e-01 -5.735765e-01
      outer loop
         vertex 1.500000e+01 5.058846e+00 1.760000e+01
         vertex 1.900000e+01 4.878880e+00 1.734298e+01
         vertex 1.500000e+01 4.878880e+00 1.734298e+01
      endloop
   endfacet
   facet normal 0.000000e+00 7.071068e-01 -7.071068e-01
      outer loop
         vertex 1.500000e+01 4.878880e+00 1.734298e+01
         vertex 1.900000e+01 4.878880e+00 1.734298e+01
         vertex 1.900000e+01 4.657018e+00 1.712112e+01
      endloop
   endfacet
   facet normal 0.000000e+00 7.071068e-01 -7.071068e-01
      outer loop
         vertex 1.500000e+01 4.878880e+00 1.734298e+01
         vertex 1.900000e+01 4.657018e+00 1.712112e+01
         vertex 1.500000e+01 4.657018e+00 1.712112e+01
      endloop
   endfacet
   facet normal 0.000000e+00 5.735765e-01 -8.191520e-01
      outer loop
         vertex 1.500000e+01 4.657018e+00 1.712112e+01
         vertex 1.900000e+01 4.657018e+00 1.712112e+01
         vertex 1.900000e+01 4.400000e+00 1.694115e+01
      endloop
   endfacet
   facet normal 0.000000e+00 5.735765e-01 -8.191520e-01
      outer loop
         vertex 1.500000e+01 4.657018e+00 1.712112e+01
         vertex 1.900000e+01 4.400000e+00 1.694115e+01
         vertex 1.500000e+01 4.400000e+00 1.694115e+01
      endloop
   endfacet
   facet normal 0.000000e+00 4.226183e-01 -9.063078e-01
      outer loop
         vertex 1.500000e+01 4.400000e+00 1.694115e+01
         vertex 1.900000e+01 4.400000e+00 1.694115e+01
         vertex 1.900000e+01 4.115636e+00 1.680855e+01
      endloop
   endfacet
   facet normal 0.000000e+00 4.226183e-01 -9.063078e-01
      outer loop
         vertex 1.500000e+01 4.400000e+00 1.694115e+01
         vertex 1.900000e+01 4.115636e+00 1.680855e+01
         vertex 1.500000e+01 4.115636e+00 1.680855e+01
      endloop
   endfacet
   facet normal 0.000000e+00 2.588191e-01 -9.659258e-01
      outer loop
         vertex 1.500000e+01 4.115636e+00 1.680855e+01
         vertex 1.900000e+01 4.115636e+00 1.680855e+01
         vertex 1.900000e+01 3.812567e+00 1.672735e+01
      endloop
   endfacet
   facet normal 0.000000e+00 2.588191e-01 -9.659258e-01
      outer loop
         vertex 1.500000e+01 4.115636e+00 1.680855e+01
         vertex 1.900000e+01 3.812567e+00 1.672735e+01
         vertex 1.500000e+01 3.812567e+00 1.672735e+01
      endloop
   endfacet
   facet normal 0.000000e+00 8.715547e-02 -9.961947e-01
      outer loop
         vertex 1.500000e+01 3.812567e+00 1.672735e+01
         vertex 1.900000e+01 3.812567e+00 1.672735e+01
         vertex 1.900000e+01 3.500000e+00 1.670000e+01
      endloop
   endfacet
   facet normal 0.000000e+00 8.715547e-02 -9.961947e-01
      outer loop
         vertex 1.500000e+01 3.812567e+00 1.672735e+01
         vertex 1.900000e+01 3.500000e+00 1.670000e+01
         vertex 1.500000e+01 3.500000e+00 1.670000e+01
      endloop
   endfacet
   facet normal 0.000000e+00 -8.715547e-02 -9.961947e-01
      outer loop
         vertex 1.500000e+01 3.500000e+00 1.670000e+01
         vertex 1.900000e+01 3.500000e+00 1.670000e+01
         vertex 1.900000e+01 3.187433e+00 1.672735e+01
      endloop
   endfacet
   facet normal 0.000000e+00 -8.715547e-02 -9.961947e-01
      outer loop
         vertex 1.500000e+01 3.500000e+00 1.670000e+01
         vertex 1.900000e+01 3.187433e+00 1.672735e+01
         vertex 1.500000e+01 3.187433e+00 1.672735e+01
      endloop
   endfacet
   facet normal 0.000000e+00 -2.588191e-01 -9.659258e-01
      outer loop
         vertex 1.500000e+01 3.187433e+00 1.672735e+01
         vertex 1.900000e+01 3.187433e+00 1.672735e+01
         vertex 1.900000e+01 2.884364e+00 1.680855e+01
      endloop
   endfacet
   facet normal 0.000000e+00 -2.588191e-01 -9.659258e-01
      outer loop
         vertex 1.500000e+01 3.187433e+00 1.672735e+01
         vertex 1.900000e+01 2.884364e+00 1.680855e+01
         vertex 1.500000e+01 2.884364e+00 1.680855e+01
      endloop
   endfacet
   facet normal 0.000000e+00 -4.226183e-01 -9.063078e-01
      outer loop
         vertex 1.500000e+01 2.884364e+00 1.680855e+01
         vertex 1.900000e+01 2.884364e+00 1.680855e+01
         vertex 1.900000e+01 2.600000e+00 1.694115e+01
      endloop
   endfacet
   facet normal 0.000000e+00 -4.226183e-01 -9.063078e-01
      outer loop
         vertex 1.500000e+01 2.884364e+00 1.680855e+01
         vertex 1.900000e+01 2.600000e+00 1.694115e+01
         vertex 1.500000e+01 2.600000e+00 1.694115e+01
      endloop
   endfacet
   facet normal 0.000000e+00 -5.735765e-01 -8.191520e-01
      outer loop
         vertex 1.500000e+01 2.600000e+00 1.694115e+01
         vertex 1.900000e+01 2.600000e+00 1.694115e+01
         vertex 1.900000e+01 2.342982e+00 1.712112e+01
      endloop
   endfacet
   facet normal 0.000000e+00 -5.735765e-01 -8.191520e-01
      outer loop
         vertex 1.500000e+01 2.600000e+00 1.694115e+01
         vertex 1.900000e+01 2.342982e+00 1.712112e+01
         vertex 1.500000e+01 2.342982e+00 1.712112e+01
      endloop
   endfacet
   facet normal 0.000000e+00 -7.071068e-01 -7.071068e-01
      outer loop
         vertex 1.500000e+01 2.342982e+00 1.712112e+01
         vertex 1.900000e+01 2.342982e+00 1.712112e+01
         vertex 1.900000e+01 2.121120e+00 1.734298e+01
      endloop
   endfacet
   facet normal 0.000000e+00 -7.071068e-01 -7.071068e-01
      outer loop
         vertex 1.500000e+01 2.342982e+00 1.712112e+01
         vertex 1.900000e+01 2.121120e+00 1.734298e+01
         vertex 1.500000e+01 2.121120e+00 1.734298e+01
      endloop
   endfacet
   facet normal 0.000000e+00 -8.191520e-01 -5.735765e-01
      outer loop
         vertex 1.500000e+01 2.121120e+00 1.734298e+01
         vertex 1.900000e+01 2.121120e+00 1.734298e+01
         vertex 1.900000e+01 1.941154e+00 1.760000e+01
      endloop
   endfacet
   facet normal 0.000000e+00 -8.191520e-01 -5.735765e-01
      outer loop
         vertex 1.500000e+01 2.121120e+00 1.734298e+01
         vertex 1.900000e+01 1.941154e+00 1.760000e+01
         vertex 1.500000e+01 1.941154e+00 1.760000e+01
      endloop
   endfacet
   facet normal 0.000000e+00 -9.063078e-01 -4.226183e-01
      outer loop
         vertex 1.500000e+01 1.941154e+00 1.760000e+01
         vertex 1.900000e+01 1.941154e+00 1.760000e+01
         vertex 1.900000e+01 1.808553e+00 1.788436e+01
      endloop
   endfacet
   facet normal 0.000000e+00 -9.063078e-01 -4.226183e-01
      outer loop
         vertex 1.500000e+01 1.941154e+00 1.760000e+01
         vertex 1.900000e+01 1.808553e+00 1.788436e+01
         vertex 1.500000e+01 1.808553e+00 1.788436e+01
      endloop
   endfacet
   facet normal 0.000000e+00 -9.659258e-01 -2.588191e-01
      outer loop
         vertex 1.500000e+01 1.808553e+00 1.788436e+01
         vertex 1.900000e+01 1.808553e+00 1.788436e+01
         vertex 1.900000e+01 1.727346e+00 1.818743e+01
      endloop
   endfacet
   facet normal 0.000000e+00 -9.659258e-01 -2.588191e-01
      outer loop
         vertex 1.500000e+01 1.808553e+00 1.788436e+01
         vertex 1.900000e+01 1.727346e+00 1.818743e+01
         vertex 1.500000e+01 1.727346e+00 1.818743e+01
      endloop
   endfacet
   facet normal 0.000000e+00 -9.961947e-01 -8.715547e-02
      outer loop
         vertex 1.500000e+01 1.727346e+00 1.818743e+01
         vertex 1.900000e+01 1.727346e+00 1.818743e+01
         vertex 1.900000e+01 1.700000e+00 1.850000e+01
      endloop
   endfacet
   facet normal 0.000000e+00 -9.961947e-01 -8.715547e-02
      outer loop
         vertex 1.500000e+01 1.727346e+00 1.818743e+01
         vertex 1.900000e+01 1.700000e+00 1.850000e+01
         vertex 1.500000e+01 1.700000e+00 1.850000e+01
      endloop
   endfacet
   facet normal 0.000000e+00 -9.961947e-01 8.715547e-02
      outer loop
         vertex 1.500000e+01 1.700000e+00 1.850000e+01
         vertex 1.900000e+01 1.700000e+00 1.850000e+01
         vertex 1.900000e+01 1.727346e+00 1.881257e+01
      endloop
   endfacet
   facet normal 0.000000e+00 -9.961947e-01 8.715547e-02
      outer loop
         vertex 1.500000e+01 1.700000e+00 1.850000e+01
         vertex 1.900000e+01 1.727346e+00 1.881257e+01
         vertex 1.500000e+01 1.727346e+00 1.881257e+01
      endloop
   endfacet
   facet normal 0.000000e+00 -9.659258e-01 2.588191e-01
      outer loop
         vertex 1.500000e+01 1.727346e+00 1.881257e+01
         vertex 1.900000e+01 1.727346e+00 1.881257e+01
         vertex 1.900000e+01 1.808553e+00 1.911564e+01
      endloop
   endfacet
   facet normal 0.000000e+00 -9.659258e-01 2.588191e-01
      outer loop
         vertex 1.500000e+01 1.727346e+00 1.881257e+01
         vertex 1.900000e+01 1.808553e+00 1.911564e+01
         vertex 1.500000e+01 1.808553e+00 1.911564e+01
      endloop
   endfacet
   facet normal 0.000000e+00 -9.063078e-01 4.226183e-01
      outer loop
         vertex 1.500000e+01 1.808553e+00 1.911564e+01
         vertex 1.900000e+01 1.808553e+00 1.911564e+01
         vertex 1.900000e+01 1.941154e+00 1.940000e+01
      endloop
   endfacet
   facet normal 0.000000e+00 -9.063078e-01 4.226183e-01
      outer loop
         vertex 1.500000e+01 1.808553e+00 1.911564e+01
         vertex 1.900000e+01 1.941154e+00 1.940000e+01
         vertex 1.500000e+01 1.941154e+00 1.940000e+01
      endloop
   endfacet
   facet normal 0.000000e+00 -8.191520e-01 5.735765e-01
      outer loop
         vertex 1.500000e+01 1.941154e+00 1.940000e+01
         vertex 1.900000e+01 1.941154e+00 1.940000e+01
         vertex 1.900000e+01 2.121120e+00 1.965702e+01
      endloop
   endfacet
   facet normal 0.000000e+00 -8.191520e-01 5.735765e-01
      outer loop
         vertex 1.500000e+01 1.941154e+00 1.940000e+01
         vertex 1.900000e+01 2.121120e+00 1.965702e+01
         vertex 1.500000e+01 2.121120e+00 1.965702e+01
      endloop
   endfacet
   facet normal 0.000000e+00 -7.071068e-01 7.071068e-01
      outer loop
         vertex 1.500000e+01 2.121120e+00 1.965702e+01
         vertex 1.900000e+01 2.121120e+00 1.965702e+01
         vertex 1.900000e+01 2.342982e+00 1.987888e+01
      endloop
   endfacet
   facet normal 0.000000e+00 -7.071068e-01 7.071068e-01
      outer loop
         vertex 1.500000e+01 2.121120e+00 1.965702e+01
         vertex 1.900000e+01 2.342982e+00 1.987888e+01
         vertex 1.500000e+01 2.342982e+00 1.987888e+01
      endloop
   endfacet
   facet normal 0.000000e+00 -5.735765e-01 8.191520e-01
      outer loop
         vertex 1.500000e+01 2.342982e+00 1.987888e+01
         vertex 1.900000e+01 2.342982e+00 1.987888e+01
         vertex 1.900000e+01 2.600000e+00 2.005885e+01
      endloop
   endfacet
   facet normal 0.000000e+00 -5.735765e-01 8.191520e-01
      outer loop
         vertex 1.500000e+01 2.342982e+00 1.987888e+01
         vertex 1.900000e+01 2.600000e+00 2.005885e+01
         vertex 1.500000e+01 2.600000e+00 2.005885e+01
      endloop
   endfacet
   facet normal 0.000000e+00 -4.226183e-01 9.063078e-01
      outer loop
         vertex 1.500000e+01 2.600000e+00 2.005885e+01
         vertex 1.900000e+01 2.600000e+00 2.005885e+01
         vertex 1.900000e+01 2.884364e+00 2.019145e+01
      endloop
   endfacet
   facet normal 0.000000e+00 -4.226183e-01 9.063078e-01
      outer loop
         vertex 1.500000e+01 2.600000e+00 2.005885e+01
         vertex 1.900000e+01 2.884364e+00 2.019145e+01
         vertex 1.500000e+01 2.884364e+00 2.019145e+01
      endloop
   endfacet
   facet normal 0.000000e+00 -2.588191e-01 9.659258e-01
      outer loop
         vertex 1.500000e+01 2.884364e+00 2.019145e+01
         vertex 1.900000e+01 2.884364e+00 2.019145e+01
         vertex 1.900000e+01 3.187433e+00 2.027265e+01
      endloop
   endfacet
   facet normal 0.000000e+00 -2.588191e-01 9.659258e-01
      outer loop
         vertex 1.500000e+01 2.884364e+00 2.019145e+01
         vertex 1.900000e+01 3.187433e+00 2.027265e+01
         vertex 1.500000e+01 3.187433e+00 2.027265e+01
      endloop
   endfacet
   facet normal 0.000000e+00 -8.715547e-02 9.961947e-01
      outer loop
         vertex 1.500000e+01 3.187433e+00 2.027265e+01
         vertex 1.900000e+01 3.187433e+00 2.027265e+01
         vertex 1.900000e+01 3.500000e+00 2.030000e+01
      endloop
   endfacet
   facet normal 0.000000e+00 -8.715547e-02 9.961947e-01
      outer loop
         vertex 1.500000e+01 3.187433e+00 2.027265e+01
         vertex 1.900000e+01 3.500000e+00 2.030000e+01
         vertex 1.500000e+01 3.500000e+00 2.030000e+01
      endloop
   endfacet
   facet normal -0.000000e+00 8.715547e-02 9.961947e-01
      outer loop
         vertex 1.500000e+01 3.500000e+00 2.030000e+01
         vertex 1.900000e+01 3.500000e+00 2.030000e+01
         vertex 1.900000e+01 3.812567e+00 2.027265e+01
      endloop
   endfacet
   facet normal 1.000000e+00 0.000000e+00 0.000000e+00
      outer loop
         vertex 1.500000e+01 1.941154e+00 1.940000e+01
         vertex 1.500000e+01 4.689111e-01 2.025000e+01
         vertex 1.500000e+01 1.808553e+00 1.911564e+01
      endloop
   endfacet
   facet normal 1.000000e+00 0.000000e+00 0.000000e+00
      outer loop
         vertex 1.500000e+01 1.808553e+00 1.911564e+01
         vertex 1.500000e+01 4.689111e-01 2.025000e+01
         vertex 1.500000e+01 2.110759e-01 1.969707e+01
      endloop
   endfacet
   facet normal 1.000000e+00 0.000000e+00 0.000000e+00
      outer loop
         vertex 1.500000e+01 1.808553e+00 1.911564e+01
         vertex 1.500000e+01 2.110759e-01 1.969707e+01
         vertex 1.500000e+01 1.727346e+00 1.881257e+01
      endloop
   endfacet
   facet normal 1.000000e+00 0.000000e+00 0.000000e+00
      outer loop
         vertex 1.500000e+01 1.727346e+00 1.881257e+01
         vertex 1.500000e+01 2.110759e-01 1.969707e+01
         vertex 1.500000e+01 5.317293e-02 1.910777e+01
      endloop
   endfacet
   facet normal 1.000000e+00 0.000000e+00 0.000000e+00
      outer loop
         vertex 1.500000e+01 1.727346e+00 1.881257e+01
         vertex 1.500000e+01 5.317293e-02 1.910777e+01
         vertex 1.500000e+01 1.700000e+00 1.850000e+01
      endloop
   endfacet
   facet normal 1.000000e+00 0.000000e+00 0.000000e+00
      outer loop
         vertex 1.500000e+01 1.700000e+00 1.850000e+01
         vertex 1.500000e+01 5.317293e-02 1.910777e+01
         vertex 1.500000e+01 0.000000e+00 1.850000e+01
      endloop
   endfacet
   facet normal 1.000000e+00 0.000000e+00 0.000000e+00
      outer loop
         vertex 1.500000e+01 1.700000e+00 1.850000e+01
         vertex 1.500000e+01 0.000000e+00 1.850000e+01
         vertex 1.500000e+01 1.727346e+00 1.818743e+01
      endloop
   endfacet
   facet normal 1.000000e+00 0.000000e+00 0.000000e+00
      outer loop
         vertex 1.500000e+01 1.727346e+00 1.818743e+01
         vertex 1.500000e+01 0.000000e+00 1.850000e+01
         vertex 1.500000e+01 5.317293e-02 1.789223e+01
      endloop
   endfacet
   facet normal 1.000000e+00 0.000000e+00 0.000000e+00
      outer loop
         vertex 1.500000e+01 1.727346e+00 1.818743e+01
         vertex 1.500000e+01 5.317293e-02 1.789223e+01
         vertex 1.500000e+01 1.808553e+00 1.788436e+01
      endloop
   endfacet
   facet normal 1.000000e+00 0.000000e+00 0.000000e+00
      outer loop
         vertex 1.500000e+01 1.808553e+00 1.788436e+01
         vertex 1.500000e+01 5.317293e-02 1.789223e+01
         vertex 1.500000e+01 2.110759e-01 1.730293e+01
      endloop
   endfacet
   facet normal 1.000000e+00 0.000000e+00 0.000000e+00
      outer loop
         vertex 1.500000e+01 1.808553e+00 1.788436e+01
         vertex 1.500000e+01 2.110759e-01 1.730293e+01
         vertex 1.500000e+01 1.941154e+00 1.760000e+01
      endloop
   endfacet
   facet normal 1.000000e+00 0.000000e+00 0.000000e+00
      outer loop
         vertex 1.500000e+01 1.941154e+00 1.760000e+01
         vertex 1.500000e+01 2.110759e-01 1.730293e+01
         vertex 1.500000e+01 4.689111e-01 1.675000e+01
      endloop
   endfacet
   facet normal 1.000000e+00 0.000000e+00 0.000000e+00
      outer loop
         vertex 1.500000e+01 1.941154e+00 1.760000e+01
         vertex 1.500000e+01 4.689111e-01 1.675000e+01
         vertex 1.500000e+01 2.121120e+00 1.734298e+01
      endloop
   endfacet
   facet normal 1.000000e+00 0.000000e+00 0.000000e+00
      outer loop
         vertex 1.500000e+01 2.121120e+00 1.734298e+01
         vertex 1.500000e+01 4.689111e-01 1.675000e+01
         vertex 1.500000e+01 8.188447e-01 1.625024e+01
      endloop
   endfacet
   facet normal 1.000000e+00 0.000000e+00 0.000000e+00
      outer loop
         vertex 1.500000e+01 2.121120e+00 1.734298e+01
         vertex 1.500000e+01 8.188447e-01 1.625024e+01
         vertex 1.500000e+01 2.342982e+00 1.712112e+01
      endloop
   endfacet
   facet normal 1.000000e+00 0.000000e+00 0.000000e+00
      outer loop
         vertex 1.500000e+01 2.342982e+00 1.712112e+01
         vertex 1.500000e+01 8.188447e-01 1.625024e+01
         vertex 1.500000e+01 1.250244e+00 1.581884e+01
      endloop
   endfacet
   facet normal 1.000000e+00 0.000000e+00 0.000000e+00
      outer loop
         vertex 1.500000e+01 2.342982e+00 1.712112e+01
         vertex 1.500000e+01 1.250244e+00 1.581884e+01
         vertex 1.500000e+01 2.600000e+00 1.694115e+01
      endloop
   endfacet
   facet normal 1.000000e+00 0.000000e+00 0.000000e+00
      outer loop
         vertex 1.500000e+01 2.600000e+00 1.694115e+01
         vertex 1.500000e+01 1.250244e+00 1.581884e+01
         vertex 1.500000e+01 1.750000e+00 1.546891e+01
      endloop
   endfacet
   facet normal 1.000000e+00 0.000000e+00 0.000000e+00
      outer loop
         vertex 1.500000e+01 2.600000e+00 1.694115e+01
         vertex 1.500000e+01 1.750000e+00 1.546891e+01
         vertex 1.500000e+01 2.884364e+00 1.680855e+01
      endloop
   endfacet
   facet normal 1.000000e+00 0.000000e+00 0.000000e+00
      outer loop
         vertex 1.500000e+01 2.884364e+00 1.680855e+01
         vertex 1.500000e+01 1.750000e+00 1.546891e+01
         vertex 1.500000e+01 2.302930e+00 1.521108e+01
      endloop
   endfacet
   facet normal 1.000000e+00 0.000000e+00 0.000000e+00
      outer loop
         vertex 1.500000e+01 2.884364e+00 1.680855e+01
         vertex 1.500000e+01 2.302930e+00 1.521108e+01
         vertex 1.500000e+01 3.187433e+00 1.672735e+01
      endloop
   endfacet
   facet normal 1.000000e+00 0.000000e+00 0.000000e+00
      outer loop
         vertex 1.500000e+01 3.187433e+00 1.672735e+01
         vertex 1.500000e+01 2.302930e+00 1.521108e+01
         vertex 1.500000e+01 2.892232e+00 1.505317e+01
      endloop
   endfacet
   facet normal 1.000000e+00 0.000000e+00 0.000000e+00
      outer loop
         vertex 1.500000e+01 3.187433e+00 1.672735e+01
         vertex 1.500000e+01 2.892232e+00 1.505317e+01
         vertex 1.500000e+01 3.500000e+00 1.670000e+01
      endloop
   endfacet
   facet normal 1.000000e+00 0.000000e+00 0.000000e+00
      outer loop
         vertex 1.500000e+01 3.500000e+00 1.670000e+01
         vertex 1.500000e+01 2.892232e+00 1.505317e+01
         vertex 1.500000e+01 3.500000e+00 1.500000e+01
      endloop
   endfacet
   facet normal 1.000000e+00 -0.000000e+00 0.000000e+00
      outer loop
         vertex 1.500000e+01 3.500000e+00 1.670000e+01
         vertex 1.500000e+01 3.500000e+00 1.500000e+01
         vertex 1.500000e+01 3.812567e+00 1.672735e+01
      endloop
   endfacet
   facet normal 1.000000e+00 0.000000e+00 0.000000e+00
      outer loop
         vertex 1.500000e+01 3.812567e+00 1.672735e+01
         vertex 1.500000e+01 3.500000e+00 1.500000e+01
         vertex 1.500000e+01 4.107769e+00 1.505317e+01
      endloop
   endfacet
   facet normal 1.000000e+00 -0.000000e+00 0.000000e+00
      outer loop
         vertex 1.500000e+01 3.812567e+00 1.672735e+01
         vertex 1.500000e+01 4.107769e+00 1.505317e+01
         vertex 1.500000e+01 4.115636e+00 1.680855e+01
      endloop
   endfacet
   facet normal 1.000000e+00 0.000000e+00 0.000000e+00
      outer loop
         vertex 1.500000e+01 4.115636e+00 1.680855e+01
         vertex 1.500000e+01 4.107769e+00 1.505317e+01
         vertex 1.500000e+01 4.697071e+00 1.521108e+01
      endloop
   endfacet
   facet normal 1.000000e+00 -0.000000e+00 0.000000e+00
      outer loop
         vertex 1.500000e+01 4.115636e+00 1.680855e+01
         vertex 1.500000e+01 4.697071e+00 1.521108e+01
         vertex 1.500000e+01 4.400000e+00 1.694115e+01
      endloop
   endfacet
   facet normal 1.000000e+00 0.000000e+00 0.000000e+00
      outer loop
         vertex 1.500000e+01 4.400000e+00 1.694115e+01
         vertex 1.500000e+01 4.697071e+00 1.521108e+01
         vertex 1.500000e+01 5.250000e+00 1.546891e+01
      endloop
   endfacet
   facet normal 1.000000e+00 -0.000000e+00 0.000000e+00
      outer loop
         vertex 1.500000e+01 4.400000e+00 1.694115e+01
         vertex 1.500000e+01 5.250000e+00 1.546891e+01
         vertex 1.500000e+01 4.657018e+00 1.712112e+01
      endloop
   endfacet
   facet normal 1.000000e+00 0.000000e+00 0.000000e+00
      outer loop
         vertex 1.500000e+01 4.657018e+00 1.712112e+01
         vertex 1.500000e+01 5.250000e+00 1.546891e+01
         vertex 1.500000e+01 5.749757e+00 1.581884e+01
      endloop
   endfacet
   facet normal 1.000000e+00 -0.000000e+00 0.000000e+00
      outer loop
         vertex 1.500000e+01 4.657018e+00 1.712112e+01
         vertex 1.500000e+01 5.749757e+00 1.581884e+01
         vertex 1.500000e+01 4.878880e+00 1.734298e+01
      endloop
   endfacet
   facet normal 1.000000e+00 0.000000e+00 0.000000e+00
      outer loop
         vertex 1.500000e+01 4.878880e+00 1.734298e+01
         vertex 1.500000e+01 5.749757e+00 1.581884e+01
         vertex 1.500000e+01 6.181156e+00 1.625024e+01
      endloop
   endfacet
   facet normal 1.000000e+00 -0.000000e+00 0.000000e+00
      outer loop
         vertex 1.500000e+01 4.878880e+00 1.734298e+01
         vertex 1.500000e+01 6.181156e+00 1.625024e+01
         vertex 1.500000e+01 5.058846e+00 1.760000e+01
      endloop
   endfacet
   facet normal 1.000000e+00 0.000000e+00 0.000000e+00
      outer loop
         vertex 1.500000e+01 5.058846e+00 1.760000e+01
         vertex 1.500000e+01 6.181156e+00 1.625024e+01
         vertex 1.500000e+01 6.531089e+00 1.675000e+01
      endloop
   endfacet
   facet normal 1.000000e+00 -0.000000e+00 0.000000e+00
      outer loop
         vertex 1.500000e+01 5.058846e+00 1.760000e+01
         vertex 1.500000e+01 6.531089e+00 1.675000e+01
         vertex 1.500000e+01 5.191447e+00 1.788436e+01
      endloop
   endfacet
   facet normal 1.000000e+00 0.000000e+00 0.000000e+00
      outer loop
         vertex 1.500000e+01 5.191447e+00 1.788436e+01
         vertex 1.500000e+01 6.531089e+00 1.675000e+01
         vertex 1.500000e+01 6.788924e+00 1.730293e+01
      endloop
   endfacet
   facet normal 1.000000e+00 -0.000000e+00 0.000000e+00
      outer loop
         vertex 1.500000e+01 5.191447e+00 1.788436e+01
         vertex 1.500000e+01 6.788924e+00 1.730293e+01
         vertex 1.500000e+01 5.272654e+00 1.818743e+01
      endloop
   endfacet
   facet normal 1.000000e+00 0.000000e+00 0.000000e+00
      outer loop
         vertex 1.500000e+01 5.272654e+00 1.818743e+01
         vertex 1.500000e+01 6.788924e+00 1.730293e+01
         vertex 1.500000e+01 6.946827e+00 1.789223e+01
      endloop
   endfacet
   facet normal 1.000000e+00 -0.000000e+00 0.000000e+00
      outer loop
         vertex 1.500000e+01 5.272654e+00 1.818743e+01
         vertex 1.500000e+01 6.946827e+00 1.789223e+01
         vertex 1.500000e+01 5.300000e+00 1.850000e+01
      endloop
   endfacet
   facet normal 1.000000e+00 -0.000000e+00 0.000000e+00
      outer loop
         vertex 1.500000e+01 5.300000e+00 1.850000e+01
         vertex 1.500000e+01 6.946827e+00 1.789223e+01
         vertex 1.500000e+01 7.000000e+00 1.850000e+01
      endloop
   endfacet
   facet normal 1.000000e+00 0.000000e+00 -0.000000e+00
      outer loop
         vertex 1.500000e+01 5.300000e+00 1.850000e+01
         vertex 1.500000e+01 7.000000e+00 1.850000e+01
         vertex 1.500000e+01 5.272654e+00 1.881257e+01
      endloop
   endfacet
   facet normal 1.000000e+00 -0.000000e+00 0.000000e+00
      outer loop
         vertex 1.500000e+01 5.272654e+00 1.881257e+01
         vertex 1.500000e+01 7.000000e+00 1.850000e+01
         vertex 1.500000e+01 6.946827e+00 1.910777e+01
      endloop
   endfacet
   facet normal 1.000000e+00 0.000000e+00 -0.000000e+00
      outer loop
         vertex 1.500000e+01 5.272654e+00 1.881257e+01
         vertex 1.500000e+01 6.946827e+00 1.910777e+01
         vertex 1.500000e+01 5.191447e+00 1.911564e+01
      endloop
   endfacet
   facet normal 1.000000e+00 -0.000000e+00 0.000000e+00
      outer loop
         vertex 1.500000e+01 5.191447e+00 1.911564e+01
         vertex 1.500000e+01 6.946827e+00 1.910777e+01
         vertex 1.500000e+01 6.788924e+00 1.969707e+01
      endloop
   endfacet
   facet normal 1.000000e+00 0.000000e+00 -0.000000e+00
      outer loop
         vertex 1.500000e+01 5.191447e+00 1.911564e+01
         vertex 1.500000e+01 6.788924e+00 1.969707e+01
         vertex 1.500000e+01 5.058846e+00 1.940000e+01
      endloop
   endfacet
   facet normal 1.000000e+00 0.000000e+00 0.000000e+00
      outer loop
         vertex 1.500000e+01 5.058846e+00 1.940000e+01
         vertex 1.500000e+01 6.788924e+00 1.969707e+01
         vertex 1.500000e+01 6.531089e+00 2.025000e+01
      endloop
   endfacet
   facet normal 1.000000e+00 0.000000e+00 -0.000000e+00
      outer loop
         vertex 1.500000e+01 5.058846e+00 1.940000e+01
         vertex 1.500000e+01 6.531089e+00 2.025000e+01
         vertex 1.500000e+01 4.878880e+00 1.965702e+01
      endloop
   endfacet
   facet normal 1.000000e+00 0.000000e+00 0.000000e+00
      outer loop
         vertex 1.500000e+01 4.878880e+00 1.965702e+01
         vertex 1.500000e+01 6.531089e+00 2.025000e+01
         vertex 1.500000e+01 6.181156e+00 2.074976e+01
      endloop
   endfacet
   facet normal 1.000000e+00 0.000000e+00 -0.000000e+00
      outer loop
         vertex 1.500000e+01 4.878880e+00 1.965702e+01
         vertex 1.500000e+01 6.181156e+00 2.074976e+01
         vertex 1.500000e+01 4.657018e+00 1.987888e+01
      endloop
   endfacet
   facet normal 1.000000e+00 0.000000e+00 0.000000e+00
      outer loop
         vertex 1.500000e+01 4.657018e+00 1.987888e+01
         vertex 1.500000e+01 6.181156e+00 2.074976e+01
         vertex 1.500000e+01 5.749757e+00 2.118116e+01
      endloop
   endfacet
   facet normal 1.000000e+00 0.000000e+00 -0.000000e+00
      outer loop
         vertex 1.500000e+01 4.657018e+00 1.987888e+01
         vertex 1.500000e+01 5.749757e+00 2.118116e+01
         vertex 1.500000e+01 4.400000e+00 2.005885e+01
      endloop
   endfacet
   facet normal 1.000000e+00 0.000000e+00 0.000000e+00
      outer loop
         vertex 1.500000e+01 4.400000e+00 2.005885e+01
         vertex 1.500000e+01 5.749757e+00 2.118116e+01
         vertex 1.500000e+01 5.250000e+00 2.153109e+01
      endloop
   endfacet
   facet normal 1.000000e+00 0.000000e+00 -0.000000e+00
      outer loop
         vertex 1.500000e+01 4.400000e+00 2.005885e+01
         vertex 1.500000e+01 5.250000e+00 2.153109e+01
         vertex 1.500000e+01 4.115636e+00 2.019145e+01
      endloop
   endfacet
   facet normal 1.000000e+00 0.000000e+00 0.000000e+00
      outer loop
         vertex 1.500000e+01 4.115636e+00 2.019145e+01
         vertex 1.500000e+01 5.250000e+00 2.153109e+01
         vertex 1.500000e+01 4.697071e+00 2.178892e+01
      endloop
   endfacet
   facet normal 1.000000e+00 0.000000e+00 -0.000000e+00
      outer loop
         vertex 1.500000e+01 4.115636e+00 2.019145e+01
         vertex 1.500000e+01 4.697071e+00 2.178892e+01
         vertex 1.500000e+01 3.812567e+00 2.027265e+01
      endloop
   endfacet
   facet normal 1.000000e+00 0.000000e+00 0.000000e+00
      outer loop
         vertex 1.500000e+01 3.812567e+00 2.027265e+01
         vertex 1.500000e+01 4.697071e+00 2.178892e+01
         vertex 1.500000e+01 4.107769e+00 2.194683e+01
      endloop
   endfacet
   facet normal 1.000000e+00 0.000000e+00 -0.000000e+00
      outer loop
         vertex 1.500000e+01 3.812567e+00 2.027265e+01
         vertex 1.500000e+01 4.107769e+00 2.194683e+01
         vertex 1.500000e+01 3.500000e+00 2.030000e+01
      endloop
   endfacet
   facet normal 1.000000e+00 0.000000e+00 0.000000e+00
      outer loop
         vertex 1.500000e+01 3.500000e+00 2.030000e+01
         vertex 1.500000e+01 4.107769e+00 2.194683e+01
         vertex 1.500000e+01 3.500000e+00 2.200000e+01
      endloop
   endfacet
   facet normal 1.000000e+00 0.000000e+00 -0.000000e+00
      outer loop
         vertex 1.500000e+01 3.500000e+00 2.030000e+01
         vertex 1.500000e+01 3.500000e+00 2.200000e+01
         vertex 1.500000e+01 3.187433e+00 2.027265e+01
      endloop
   endfacet
   facet normal 1.000000e+00 0.000000e+00 -0.000000e+00
      outer loop
         vertex 1.500000e+01 3.187433e+00 2.027265e+01
         vertex 1.500000e+01 3.500000e+00 2.200000e+01
         vertex 1.500000e+01 2.892232e+00 2.194683e+01
      endloop
   endfacet
   facet normal 1.000000e+00 0.000000e+00 0.000000e+00
      outer loop
         vertex 1.500000e+01 3.187433e+00 2.027265e+01
         vertex 1.500000e+01 2.892232e+00 2.194683e+01
         vertex 1.500000e+01 2.884364e+00 2.019145e+01
      endloop
   endfacet
   facet normal 1.000000e+00 0.000000e+00 -0.000000e+00
      outer loop
         vertex 1.500000e+01 2.884364e+00 2.019145e+01
         vertex 1.500000e+01 2.892232e+00 2.194683e+01
         vertex 1.500000e+01 2.302930e+00 2.178892e+01
      endloop
   endfacet
   facet normal 1.000000e+00 0.000000e+00 0.000000e+00
      outer loop
         vertex 1.500000e+01 2.884364e+00 2.019145e+01
         vertex 1.500000e+01 2.302930e+00 2.178892e+01
         vertex 1.500000e+01 2.600000e+00 2.005885e+01
      endloop
   endfacet
   facet normal 1.000000e+00 0.000000e+00 0.000000e+00
      outer loop
         vertex 1.500000e+01 2.600000e+00 2.005885e+01
         vertex 1.500000e+01 2.302930e+00 2.178892e+01
         vertex 1.500000e+01 1.750000e+00 2.153109e+01
      endloop
   endfacet
   facet normal 1.000000e+00 0.000000e+00 0.000000e+00
      outer loop
         vertex 1.500000e+01 2.600000e+00 2.005885e+01
         vertex 1.500000e+01 1.750000e+00 2.153109e+01
         vertex 1.500000e+01 2.342982e+00 1.987888e+01
      endloop
   endfacet
   facet normal 1.000000e+00 0.000000e+00 0.000000e+00
      outer loop
         vertex 1.500000e+01 2.342982e+00 1.987888e+01
         vertex 1.500000e+01 1.750000e+00 2.153109e+01
         vertex 1.500000e+01 1.250244e+00 2.118116e+01
      endloop
   endfacet
   facet normal 1.000000e+00 0.000000e+00 0.000000e+00
      outer loop
         vertex 1.500000e+01 2.342982e+00 1.987888e+01
         vertex 1.500000e+01 1.250244e+00 2.118116e+01
         vertex 1.500000e+01 2.121120e+00 1.965702e+01
      endloop
   endfacet
   facet normal 1.000000e+00 0.000000e+00 0.000000e+00
      outer loop
         vertex 1.500000e+01 2.121120e+00 1.965702e+01
         vertex 1.500000e+01 1.250244e+00 2.118116e+01
         vertex 1.500000e+01 8.188447e-01 2.074976e+01
      endloop
   endfacet
   facet normal 1.000000e+00 0.000000e+00 0.000000e+00
      outer loop
         vertex 1.500000e+01 2.121120e+00 1.965702e+01
         vertex 1.500000e+01 8.188447e-01 2.074976e+01
         vertex 1.500000e+01 1.941154e+00 1.940000e+01
      endloop
   endfacet
   facet normal 1.000000e+00 0.000000e+00 0.000000e+00
      outer loop
         vertex 1.500000e+01 1.941154e+00 1.940000e+01
         vertex 1.500000e+01 8.188447e-01 2.074976e+01
         vertex 1.500000e+01 4.689111e-01 2.025000e+01
      endloop
   endfacet
   facet normal -1.000000e+00 0.000000e+00 0.000000e+00
      outer loop
         vertex 0.000000e+00 5.250000e+00 1.546891e+01
         vertex 0.000000e+00 5.250000e+00 2.153109e+01
         vertex 0.000000e+00 5.749757e+00 1.581884e+01
      endloop
   endfacet
   facet normal -1.000000e+00 0.000000e+00 0.000000e+00
      outer loop
         vertex 0.000000e+00 5.749757e+00 1.581884e+01
         vertex 0.000000e+00 5.250000e+00 2.153109e+01
         vertex 0.000000e+00 6.181156e+00 1.625024e+01
      endloop
   endfacet
   facet normal -1.000000e+00 0.000000e+00 0.000000e+00
      outer loop
         vertex 0.000000e+00 6.181156e+00 1.625024e+01
         vertex 0.000000e+00 5.250000e+00 2.153109e+01
         vertex 0.000000e+00 6.531089e+00 1.675000e+01
      endloop
   endfacet
   facet normal -1.000000e+00 0.000000e+00 0.000000e+00
      outer loop
         vertex 0.000000e+00 6.531089e+00 1.675000e+01
         vertex 0.000000e+00 5.250000e+00 2.153109e+01
         vertex 0.000000e+00 5.749757e+00 2.118116e+01
      endloop
   endfacet
   facet normal -1.000000e+00 0.000000e+00 0.000000e+00
      outer loop
         vertex 0.000000e+00 6.531089e+00 1.675000e+01
         vertex 0.000000e+00 5.749757e+00 2.118116e+01
         vertex 0.000000e+00 6.181156e+00 2.074976e+01
      endloop
   endfacet
   facet normal -1.000000e+00 0.000000e+00 0.000000e+00
      outer loop
         vertex 0.000000e+00 6.181156e+00 2.074976e+01
         vertex 0.000000e+00 6.531089e+00 2.025000e+01
         vertex 0.000000e+00 6.531089e+00 1.675000e+01
      endloop
   endfacet
   facet normal -1.000000e+00 0.000000e+00 0.000000e+00
      outer loop
         vertex 0.000000e+00 6.531089e+00 1.675000e+01
         vertex 0.000000e+00 6.531089e+00 2.025000e+01
         vertex 0.000000e+00 6.788924e+00 1.969707e+01
      endloop
   endfacet
   facet normal -1.000000e+00 0.000000e+00 0.000000e+00
      outer loop
         vertex 0.000000e+00 6.531089e+00 1.675000e+01
         vertex 0.000000e+00 6.788924e+00 1.969707e+01
         vertex 0.000000e+00 6.946827e+00 1.910777e+01
      endloop
   endfacet
   facet normal -1.000000e+00 0.000000e+00 -0.000000e+00
      outer loop
         vertex 0.000000e+00 6.946827e+00 1.910777e+01
         vertex 0.000000e+00 7.000000e+00 1.850000e+01
         vertex 0.000000e+00 6.531089e+00 1.675000e+01
      endloop
   endfacet
   facet normal -1.000000e+00 0.000000e+00 0.000000e+00
      outer loop
         vertex 0.000000e+00 6.531089e+00 1.675000e+01
         vertex 0.000000e+00 7.000000e+00 1.850000e+01
         vertex 0.000000e+00 6.946827e+00 1.789223e+01
      endloop
   endfacet
   facet normal -1.000000e+00 0.000000e+00 0.000000e+00
      outer loop
         vertex 0.000000e+00 6.531089e+00 1.675000e+01
         vertex 0.000000e+00 6.946827e+00 1.789223e+01
         vertex 0.000000e+00 6.788924e+00 1.730293e+01
      endloop
   endfacet
   facet normal -1.000000e+00 0.000000e+00 0.000000e+00
      outer loop
         vertex 8.400001e+00 2.302930e+00 2.178892e+01
         vertex 8.400001e+00 4.107769e+00 1.505317e+01
         vertex 8.400001e+00 3.500000e+00 1.500000e+01
      endloop
   endfacet
   facet normal -1.000000e+00 0.000000e+00 0.000000e+00
      outer loop
         vertex 8.400001e+00 4.107769e+00 1.505317e+01
         vertex 8.400001e+00 2.302930e+00 2.178892e+01
         vertex 8.400001e+00 4.697071e+00 1.521108e+01
      endloop
   endfacet
   facet normal -1.000000e+00 0.000000e+00 0.000000e+00
      outer loop
         vertex 8.400001e+00 4.697071e+00 1.521108e+01
         vertex 8.400001e+00 2.302930e+00 2.178892e+01
         vertex 8.400001e+00 2.892232e+00 2.194683e+01
      endloop
   endfacet
   facet normal -1.000000e+00 0.000000e+00 0.000000e+00
      outer loop
         vertex 8.400001e+00 4.697071e+00 1.521108e+01
         vertex 8.400001e+00 2.892232e+00 2.194683e+01
         vertex 8.400001e+00 3.500000e+00 2.200000e+01
      endloop
   endfacet
   facet normal -1.000000e+00 -0.000000e+00 -0.000000e+00
      outer loop
         vertex 8.400001e+00 5.250000e+00 2.153109e+01
         vertex 8.400001e+00 5.250000e+00 1.546891e+01
         vertex 8.400001e+00 4.697071e+00 2.178892e+01
      endloop
   endfacet
   facet normal -1.000000e+00 0.000000e+00 0.000000e+00
      outer loop
         vertex 8.400001e+00 4.697071e+00 2.178892e+01
         vertex 8.400001e+00 5.250000e+00 1.546891e+01
         vertex 8.400001e+00 4.697071e+00 1.521108e+01
      endloop
   endfacet
   facet normal -1.000000e+00 -0.000000e+00 -0.000000e+00
      outer loop
         vertex 8.400001e+00 4.697071e+00 2.178892e+01
         vertex 8.400001e+00 4.697071e+00 1.521108e+01
         vertex 8.400001e+00 4.107769e+00 2.194683e+01
      endloop
   endfacet
   facet normal -1.000000e+00 -0.000000e+00 -0.000000e+00
      outer loop
         vertex 8.400001e+00 4.107769e+00 2.194683e+01
         vertex 8.400001e+00 4.697071e+00 1.521108e+01
         vertex 8.400001e+00 3.500000e+00 2.200000e+01
      endloop
   endfacet
   facet normal -1.000000e+00 0.000000e+00 0.000000e+00
      outer loop
         vertex 8.400001e+00 1.750000e+00 1.546891e+01
         vertex 8.400001e+00 1.750000e+00 2.153109e+01
         vertex 8.400001e+00 2.302930e+00 1.521108e+01
      endloop
   endfacet
   facet normal -1.000000e+00 0.000000e+00 0.000000e+00
      outer loop
         vertex 8.400001e+00 2.302930e+00 1.521108e+01
         vertex 8.400001e+00 1.750000e+00 2.153109e+01
         vertex 8.400001e+00 2.302930e+00 2.178892e+01
      endloop
   endfacet
   facet normal -1.000000e+00 0.000000e+00 0.000000e+00
      outer loop
         vertex 8.400001e+00 2.302930e+00 1.521108e+01
         vertex 8.400001e+00 2.302930e+00 2.178892e+01
         vertex 8.400001e+00 2.892232e+00 1.505317e+01
      endloop
   endfacet
   facet normal -1.000000e+00 0.000000e+00 0.000000e+00
      outer loop
         vertex 8.400001e+00 2.892232e+00 1.505317e+01
         vertex 8.400001e+00 2.302930e+00 2.178892e+01
         vertex 8.400001e+00 3.500000e+00 1.500000e+01
      endloop
   endfacet
   facet normal -0.000000e+00 1.000000e+00 0.000000e+00
      outer loop
         vertex 5.877212e+00 1.750000e+00 1.823953e+01
         vertex 5.900001e+00 1.750000e+00 1.850000e+01
         vertex 8.400001e+00 1.750000e+00 1.546891e+01
      endloop
   endfacet
   facet normal 0.000000e+00 1.000000e+00 0.000000e+00
      outer loop
         vertex 2.922788e+00 1.750000e+00 1.823953e+01
         vertex 2.990462e+00 1.750000e+00 1.798697e+01
         vertex 0.000000e+00 1.750000e+00 1.546891e+01
      endloop
   endfacet
   facet normal 0.000000e+00 1.000000e+00 0.000000e+00
      outer loop
         vertex 0.000000e+00 1.750000e+00 1.546891e+01
         vertex 2.990462e+00 1.750000e+00 1.798697e+01
         vertex 3.100961e+00 1.750000e+00 1.775000e+01
      endloop
   endfacet
   facet normal 0.000000e+00 1.000000e+00 0.000000e+00
      outer loop
         vertex 0.000000e+00 1.750000e+00 1.546891e+01
         vertex 3.100961e+00 1.750000e+00 1.775000e+01
         vertex 3.250934e+00 1.750000e+00 1.753582e+01
      endloop
   endfacet
   facet normal -0.000000e+00 1.000000e+00 0.000000e+00
      outer loop
         vertex 5.549068e+00 1.750000e+00 1.946418e+01
         vertex 8.400001e+00 1.750000e+00 2.153109e+01
         vertex 5.699039e+00 1.750000e+00 1.925000e+01
      endloop
   endfacet
   facet normal -0.000000e+00 1.000000e+00 0.000000e+00
      outer loop
         vertex 5.699039e+00 1.750000e+00 1.925000e+01
         vertex 8.400001e+00 1.750000e+00 2.153109e+01
         vertex 5.809540e+00 1.750000e+00 1.901303e+01
      endloop
   endfacet
   facet normal 0.000000e+00 1.000000e+00 -0.000000e+00
      outer loop
         vertex 5.549068e+00 1.750000e+00 1.946418e+01
         vertex 5.364181e+00 1.750000e+00 1.964907e+01
         vertex 8.400001e+00 1.750000e+00 2.153109e+01
      endloop
   endfacet
   facet normal 0.000000e+00 1.000000e+00 0.000000e+00
      outer loop
         vertex 8.400001e+00 1.750000e+00 2.153109e+01
         vertex 5.364181e+00 1.750000e+00 1.964907e+01
         vertex 5.150000e+00 1.750000e+00 1.979904e+01
      endloop
   endfacet
   facet normal 0.000000e+00 1.000000e+00 0.000000e+00
      outer loop
         vertex 8.400001e+00 1.750000e+00 2.153109e+01
         vertex 5.150000e+00 1.750000e+00 1.979904e+01
         vertex 4.913030e+00 1.750000e+00 1.990954e+01
      endloop
   endfacet
   facet normal 0.000000e+00 1.000000e+00 0.000000e+00
      outer loop
         vertex 3.250934e+00 1.750000e+00 1.753582e+01
         vertex 3.435818e+00 1.750000e+00 1.735093e+01
         vertex 0.000000e+00 1.750000e+00 1.546891e+01
      endloop
   endfacet
   facet normal 0.000000e+00 1.000000e+00 0.000000e+00
      outer loop
         vertex 0.000000e+00 1.750000e+00 1.546891e+01
         vertex 3.435818e+00 1.750000e+00 1.735093e+01
         vertex 3.650000e+00 1.750000e+00 1.720096e+01
      endloop
   endfacet
   facet normal 0.000000e+00 1.000000e+00 0.000000e+00
      outer loop
         vertex 0.000000e+00 1.750000e+00 1.546891e+01
         vertex 3.650000e+00 1.750000e+00 1.720096e+01
         vertex 3.886970e+00 1.750000e+00 1.709046e+01
      endloop
   endfacet
   facet normal 0.000000e+00 1.000000e+00 -0.000000e+00
      outer loop
         vertex 8.400001e+00 1.750000e+00 1.546891e+01
         vertex 5.900001e+00 1.750000e+00 1.850000e+01
         vertex 8.400001e+00 1.750000e+00 2.153109e+01
      endloop
   endfacet
   facet normal 0.000000e+00 1.000000e+00 0.000000e+00
      outer loop
         vertex 8.400001e+00 1.750000e+00 2.153109e+01
         vertex 5.900001e+00 1.750000e+00 1.850000e+01
         vertex 5.877212e+00 1.750000e+00 1.876047e+01
      endloop
   endfacet
   facet normal 0.000000e+00 1.000000e+00 0.000000e+00
      outer loop
         vertex 8.400001e+00 1.750000e+00 2.153109e+01
         vertex 5.877212e+00 1.750000e+00 1.876047e+01
         vertex 5.809540e+00 1.750000e+00 1.901303e+01
      endloop
   endfacet
   facet normal 0.000000e+00 1.000000e+00 -0.000000e+00
      outer loop
         vertex 4.913030e+00 1.750000e+00 1.990954e+01
         vertex 4.660472e+00 1.750000e+00 1.997721e+01
         vertex 8.400001e+00 1.750000e+00 2.153109e+01
      endloop
   endfacet
   facet normal 0.000000e+00 1.000000e+00 0.000000e+00
      outer loop
         vertex 8.400001e+00 1.750000e+00 2.153109e+01
         vertex 4.660472e+00 1.750000e+00 1.997721e+01
         vertex 4.400000e+00 1.750000e+00 2.000000e+01
      endloop
   endfacet
   facet normal 0.000000e+00 1.000000e+00 0.000000e+00
      outer loop
         vertex 8.400001e+00 1.750000e+00 2.153109e+01
         vertex 4.400000e+00 1.750000e+00 2.000000e+01
         vertex 0.000000e+00 1.750000e+00 2.153109e+01
      endloop
   endfacet
   facet normal 0.000000e+00 1.000000e+00 0.000000e+00
      outer loop
         vertex 0.000000e+00 1.750000e+00 2.153109e+01
         vertex 4.400000e+00 1.750000e+00 2.000000e+01
         vertex 4.139528e+00 1.750000e+00 1.997721e+01
      endloop
   endfacet
   facet normal 0.000000e+00 1.000000e+00 0.000000e+00
      outer loop
         vertex 0.000000e+00 1.750000e+00 2.153109e+01
         vertex 4.139528e+00 1.750000e+00 1.997721e+01
         vertex 3.886970e+00 1.750000e+00 1.990954e+01
      endloop
   endfacet
   facet normal 0.000000e+00 1.000000e+00 0.000000e+00
      outer loop
         vertex 3.886970e+00 1.750000e+00 1.990954e+01
         vertex 3.650000e+00 1.750000e+00 1.979904e+01
         vertex 0.000000e+00 1.750000e+00 2.153109e+01
      endloop
   endfacet
   facet normal 0.000000e+00 1.000000e+00 0.000000e+00
      outer loop
         vertex 0.000000e+00 1.750000e+00 2.153109e+01
         vertex 3.650000e+00 1.750000e+00 1.979904e+01
         vertex 3.435818e+00 1.750000e+00 1.964907e+01
      endloop
   endfacet
   facet normal 0.000000e+00 1.000000e+00 0.000000e+00
      outer loop
         vertex 0.000000e+00 1.750000e+00 2.153109e+01
         vertex 3.435818e+00 1.750000e+00 1.964907e+01
         vertex 3.250934e+00 1.750000e+00 1.946418e+01
      endloop
   endfacet
   facet normal 0.000000e+00 1.000000e+00 0.000000e+00
      outer loop
         vertex 0.000000e+00 1.750000e+00 2.153109e+01
         vertex 2.922788e+00 1.750000e+00 1.876047e+01
         vertex 0.000000e+00 1.750000e+00 1.546891e+01
      endloop
   endfacet
   facet normal 0.000000e+00 1.000000e+00 0.000000e+00
      outer loop
         vertex 0.000000e+00 1.750000e+00 1.546891e+01
         vertex 2.922788e+00 1.750000e+00 1.876047e+01
         vertex 2.900001e+00 1.750000e+00 1.850000e+01
      endloop
   endfacet
   facet normal 0.000000e+00 1.000000e+00 0.000000e+00
      outer loop
         vertex 0.000000e+00 1.750000e+00 1.546891e+01
         vertex 2.900001e+00 1.750000e+00 1.850000e+01
         vertex 2.922788e+00 1.750000e+00 1.823953e+01
      endloop
   endfacet
   facet normal 0.000000e+00 1.000000e+00 0.000000e+00
      outer loop
         vertex 3.886970e+00 1.750000e+00 1.709046e+01
         vertex 4.139528e+00 1.750000e+00 1.702279e+01
         vertex 0.000000e+00 1.750000e+00 1.546891e+01
      endloop
   endfacet
   facet normal 0.000000e+00 1.000000e+00 0.000000e+00
      outer loop
         vertex 0.000000e+00 1.750000e+00 1.546891e+01
         vertex 4.139528e+00 1.750000e+00 1.702279e+01
         vertex 4.400000e+00 1.750000e+00 1.700000e+01
      endloop
   endfacet
   facet normal 0.000000e+00 1.000000e+00 0.000000e+00
      outer loop
         vertex 0.000000e+00 1.750000e+00 1.546891e+01
         vertex 4.400000e+00 1.750000e+00 1.700000e+01
         vertex 8.400001e+00 1.750000e+00 1.546891e+01
      endloop
   endfacet
   facet normal 0.000000e+00 1.000000e+00 0.000000e+00
      outer loop
         vertex 8.400001e+00 1.750000e+00 1.546891e+01
         vertex 4.400000e+00 1.750000e+00 1.700000e+01
         vertex 4.660472e+00 1.750000e+00 1.702279e+01
      endloop
   endfacet
   facet normal 0.000000e+00 1.000000e+00 0.000000e+00
      outer loop
         vertex 8.400001e+00 1.750000e+00 1.546891e+01
         vertex 4.660472e+00 1.750000e+00 1.702279e+01
         vertex 4.913030e+00 1.750000e+00 1.709046e+01
      endloop
   endfacet
   facet normal 0.000000e+00 1.000000e+00 0.000000e+00
      outer loop
         vertex 3.250934e+00 1.750000e+00 1.946418e+01
         vertex 3.100961e+00 1.750000e+00 1.925000e+01
         vertex 0.000000e+00 1.750000e+00 2.153109e+01
      endloop
   endfacet
   facet normal 0.000000e+00 1.000000e+00 0.000000e+00
      outer loop
         vertex 0.000000e+00 1.750000e+00 2.153109e+01
         vertex 3.100961e+00 1.750000e+00 1.925000e+01
         vertex 2.990462e+00 1.750000e+00 1.901303e+01
      endloop
   endfacet
   facet normal 0.000000e+00 1.000000e+00 0.000000e+00
      outer loop
         vertex 0.000000e+00 1.750000e+00 2.153109e+01
         vertex 2.990462e+00 1.750000e+00 1.901303e+01
         vertex 2.922788e+00 1.750000e+00 1.876047e+01
      endloop
   endfacet
   facet normal -0.000000e+00 1.000000e+00 0.000000e+00
      outer loop
         vertex 4.913030e+00 1.750000e+00 1.709046e+01
         vertex 5.150000e+00 1.750000e+00 1.720096e+01
         vertex 8.400001e+00 1.750000e+00 1.546891e+01
      endloop
   endfacet
   facet normal 0.000000e+00 1.000000e+00 0.000000e+00
      outer loop
         vertex 8.400001e+00 1.750000e+00 1.546891e+01
         vertex 5.150000e+00 1.750000e+00 1.720096e+01
         vertex 5.364181e+00 1.750000e+00 1.735093e+01
      endloop
   endfacet
   facet normal 0.000000e+00 1.000000e+00 0.000000e+00
      outer loop
         vertex 8.400001e+00 1.750000e+00 1.546891e+01
         vertex 5.364181e+00 1.750000e+00 1.735093e+01
         vertex 5.549068e+00 1.750000e+00 1.753582e+01
      endloop
   endfacet
   facet normal -0.000000e+00 1.000000e+00 0.000000e+00
      outer loop
         vertex 5.549068e+00 1.750000e+00 1.753582e+01
         vertex 5.699039e+00 1.750000e+00 1.775000e+01
         vertex 8.400001e+00 1.750000e+00 1.546891e+01
      endloop
   endfacet
   facet normal 0.000000e+00 1.000000e+00 0.000000e+00
      outer loop
         vertex 8.400001e+00 1.750000e+00 1.546891e+01
         vertex 5.699039e+00 1.750000e+00 1.775000e+01
         vertex 5.809540e+00 1.750000e+00 1.798697e+01
      endloop
   endfacet
   facet normal 0.000000e+00 1.000000e+00 0.000000e+00
      outer loop
         vertex 8.400001e+00 1.750000e+00 1.546891e+01
         vertex 5.809540e+00 1.750000e+00 1.798697e+01
         vertex 5.877212e+00 1.750000e+00 1.823953e+01
      endloop
   endfacet
   facet normal -0.000000e+00 -1.000000e+00 0.000000e+00
      outer loop
         vertex 3.100961e+00 5.250000e+00 1.775000e+01
         vertex 2.990462e+00 5.250000e+00 1.798697e+01
         vertex 0.000000e+00 5.250000e+00 1.546891e+01
      endloop
   endfacet
   facet normal 0.000000e+00 -1.000000e+00 -0.000000e+00
      outer loop
         vertex 5.877212e+00 5.250000e+00 1.823953e+01
         vertex 5.809540e+00 5.250000e+00 1.798697e+01
         vertex 8.400001e+00 5.250000e+00 1.546891e+01
      endloop
   endfacet
   facet normal 0.000000e+00 -1.000000e+00 0.000000e+00
      outer loop
         vertex 8.400001e+00 5.250000e+00 1.546891e+01
         vertex 5.809540e+00 5.250000e+00 1.798697e+01
         vertex 5.699039e+00 5.250000e+00 1.775000e+01
      endloop
   endfacet
   facet normal 0.000000e+00 -1.000000e+00 0.000000e+00
      outer loop
         vertex 8.400001e+00 5.250000e+00 1.546891e+01
         vertex 5.699039e+00 5.250000e+00 1.775000e+01
         vertex 5.549068e+00 5.250000e+00 1.753582e+01
      endloop
   endfacet
   facet normal 0.000000e+00 -1.000000e+00 -0.000000e+00
      outer loop
         vertex 5.549068e+00 5.250000e+00 1.753582e+01
         vertex 5.364181e+00 5.250000e+00 1.735093e+01
         vertex 8.400001e+00 5.250000e+00 1.546891e+01
      endloop
   endfacet
   facet normal 0.000000e+00 -1.000000e+00 0.000000e+00
      outer loop
         vertex 8.400001e+00 5.250000e+00 1.546891e+01
         vertex 5.364181e+00 5.250000e+00 1.735093e+01
         vertex 5.150000e+00 5.250000e+00 1.720096e+01
      endloop
   endfacet
   facet normal 0.000000e+00 -1.000000e+00 0.000000e+00
      outer loop
         vertex 8.400001e+00 5.250000e+00 1.546891e+01
         vertex 5.150000e+00 5.250000e+00 1.720096e+01
         vertex 4.913030e+00 5.250000e+00 1.709046e+01
      endloop
   endfacet
   facet normal 0.000000e+00 -1.000000e+00 0.000000e+00
      outer loop
         vertex 0.000000e+00 5.250000e+00 1.546891e+01
         vertex 3.886970e+00 5.250000e+00 1.709046e+01
         vertex 3.650000e+00 5.250000e+00 1.720096e+01
      endloop
   endfacet
   facet normal 0.000000e+00 -1.000000e+00 -0.000000e+00
      outer loop
         vertex 4.913030e+00 5.250000e+00 1.709046e+01
         vertex 4.660472e+00 5.250000e+00 1.702279e+01
         vertex 8.400001e+00 5.250000e+00 1.546891e+01
      endloop
   endfacet
   facet normal 0.000000e+00 -1.000000e+00 0.000000e+00
      outer loop
         vertex 8.400001e+00 5.250000e+00 1.546891e+01
         vertex 4.660472e+00 5.250000e+00 1.702279e+01
         vertex 4.400000e+00 5.250000e+00 1.700000e+01
      endloop
   endfacet
   facet normal 0.000000e+00 -1.000000e+00 0.000000e+00
      outer loop
         vertex 8.400001e+00 5.250000e+00 1.546891e+01
         vertex 4.400000e+00 5.250000e+00 1.700000e+01
         vertex 0.000000e+00 5.250000e+00 1.546891e+01
      endloop
   endfacet
   facet normal 0.000000e+00 -1.000000e+00 0.000000e+00
      outer loop
         vertex 0.000000e+00 5.250000e+00 1.546891e+01
         vertex 4.400000e+00 5.250000e+00 1.700000e+01
         vertex 4.139528e+00 5.250000e+00 1.702279e+01
      endloop
   endfacet
   facet normal 0.000000e+00 -1.000000e+00 0.000000e+00
      outer loop
         vertex 0.000000e+00 5.250000e+00 1.546891e+01
         vertex 4.139528e+00 5.250000e+00 1.702279e+01
         vertex 3.886970e+00 5.250000e+00 1.709046e+01
      endloop
   endfacet
   facet normal -0.000000e+00 -1.000000e+00 0.000000e+00
      outer loop
         vertex 3.650000e+00 5.250000e+00 1.720096e+01
         vertex 3.435818e+00 5.250000e+00 1.735093e+01
         vertex 0.000000e+00 5.250000e+00 1.546891e+01
      endloop
   endfacet
   facet normal 0.000000e+00 -1.000000e+00 0.000000e+00
      outer loop
         vertex 0.000000e+00 5.250000e+00 1.546891e+01
         vertex 3.435818e+00 5.250000e+00 1.735093e+01
         vertex 3.250934e+00 5.250000e+00 1.753582e+01
      endloop
   endfacet
   facet normal 0.000000e+00 -1.000000e+00 0.000000e+00
      outer loop
         vertex 0.000000e+00 5.250000e+00 1.546891e+01
         vertex 3.250934e+00 5.250000e+00 1.753582e+01
         vertex 3.100961e+00 5.250000e+00 1.775000e+01
      endloop
   endfacet
   facet normal -0.000000e+00 -1.000000e+00 0.000000e+00
      outer loop
         vertex 2.990462e+00 5.250000e+00 1.798697e+01
         vertex 2.922788e+00 5.250000e+00 1.823953e+01
         vertex 0.000000e+00 5.250000e+00 1.546891e+01
      endloop
   endfacet
   facet normal 0.000000e+00 -1.000000e+00 0.000000e+00
      outer loop
         vertex 0.000000e+00 5.250000e+00 1.546891e+01
         vertex 2.922788e+00 5.250000e+00 1.823953e+01
         vertex 2.900001e+00 5.250000e+00 1.850000e+01
      endloop
   endfacet
   facet normal 0.000000e+00 -1.000000e+00 0.000000e+00
      outer loop
         vertex 0.000000e+00 5.250000e+00 1.546891e+01
         vertex 2.900001e+00 5.250000e+00 1.850000e+01
         vertex 0.000000e+00 5.250000e+00 2.153109e+01
      endloop
   endfacet
   facet normal 0.000000e+00 -1.000000e+00 0.000000e+00
      outer loop
         vertex 0.000000e+00 5.250000e+00 2.153109e+01
         vertex 2.900001e+00 5.250000e+00 1.850000e+01
         vertex 2.922788e+00 5.250000e+00 1.876047e+01
      endloop
   endfacet
   facet normal 0.000000e+00 -1.000000e+00 0.000000e+00
      outer loop
         vertex 0.000000e+00 5.250000e+00 2.153109e+01
         vertex 2.922788e+00 5.250000e+00 1.876047e+01
         vertex 2.990462e+00 5.250000e+00 1.901303e+01
      endloop
   endfacet
   facet normal 0.000000e+00 -1.000000e+00 0.000000e+00
      outer loop
         vertex 4.913030e+00 5.250000e+00 1.990954e+01
         vertex 5.150000e+00 5.250000e+00 1.979904e+01
         vertex 8.400001e+00 5.250000e+00 2.153109e+01
      endloop
   endfacet
   facet normal 0.000000e+00 -1.000000e+00 0.000000e+00
      outer loop
         vertex 5.699039e+00 5.250000e+00 1.925000e+01
         vertex 5.809540e+00 5.250000e+00 1.901303e+01
         vertex 8.400001e+00 5.250000e+00 2.153109e+01
      endloop
   endfacet
   facet normal 0.000000e+00 -1.000000e+00 0.000000e+00
      outer loop
         vertex 8.400001e+00 5.250000e+00 2.153109e+01
         vertex 5.809540e+00 5.250000e+00 1.901303e+01
         vertex 5.877212e+00 5.250000e+00 1.876047e+01
      endloop
   endfacet
   facet normal 0.000000e+00 -1.000000e+00 -0.000000e+00
      outer loop
         vertex 8.400001e+00 5.250000e+00 2.153109e+01
         vertex 5.877212e+00 5.250000e+00 1.876047e+01
         vertex 8.400001e+00 5.250000e+00 1.546891e+01
      endloop
   endfacet
   facet normal 0.000000e+00 -1.000000e+00 0.000000e+00
      outer loop
         vertex 8.400001e+00 5.250000e+00 1.546891e+01
         vertex 5.877212e+00 5.250000e+00 1.876047e+01
         vertex 5.900001e+00 5.250000e+00 1.850000e+01
      endloop
   endfacet
   facet normal 0.000000e+00 -1.000000e+00 0.000000e+00
      outer loop
         vertex 8.400001e+00 5.250000e+00 1.546891e+01
         vertex 5.900001e+00 5.250000e+00 1.850000e+01
         vertex 5.877212e+00 5.250000e+00 1.823953e+01
      endloop
   endfacet
   facet normal -0.000000e+00 -1.000000e+00 0.000000e+00
      outer loop
         vertex 3.886970e+00 5.250000e+00 1.990954e+01
         vertex 0.000000e+00 5.250000e+00 2.153109e+01
         vertex 3.650000e+00 5.250000e+00 1.979904e+01
      endloop
   endfacet
   facet normal -0.000000e+00 -1.000000e+00 0.000000e+00
      outer loop
         vertex 3.650000e+00 5.250000e+00 1.979904e+01
         vertex 0.000000e+00 5.250000e+00 2.153109e+01
         vertex 3.435818e+00 5.250000e+00 1.964907e+01
      endloop
   endfacet
   facet normal 0.000000e+00 -1.000000e+00 0.000000e+00
      outer loop
         vertex 5.150000e+00 5.250000e+00 1.979904e+01
         vertex 5.364181e+00 5.250000e+00 1.964907e+01
         vertex 8.400001e+00 5.250000e+00 2.153109e+01
      endloop
   endfacet
   facet normal 0.000000e+00 -1.000000e+00 0.000000e+00
      outer loop
         vertex 8.400001e+00 5.250000e+00 2.153109e+01
         vertex 5.364181e+00 5.250000e+00 1.964907e+01
         vertex 5.549068e+00 5.250000e+00 1.946418e+01
      endloop
   endfacet
   facet normal 0.000000e+00 -1.000000e+00 0.000000e+00
      outer loop
         vertex 8.400001e+00 5.250000e+00 2.153109e+01
         vertex 5.549068e+00 5.250000e+00 1.946418e+01
         vertex 5.699039e+00 5.250000e+00 1.925000e+01
      endloop
   endfacet
   facet normal 0.000000e+00 -1.000000e+00 0.000000e+00
      outer loop
         vertex 2.990462e+00 5.250000e+00 1.901303e+01
         vertex 3.100961e+00 5.250000e+00 1.925000e+01
         vertex 0.000000e+00 5.250000e+00 2.153109e+01
      endloop
   endfacet
   facet normal 0.000000e+00 -1.000000e+00 0.000000e+00
      outer loop
         vertex 0.000000e+00 5.250000e+00 2.153109e+01
         vertex 3.100961e+00 5.250000e+00 1.925000e+01
         vertex 3.250934e+00 5.250000e+00 1.946418e+01
      endloop
   endfacet
   facet normal 0.000000e+00 -1.000000e+00 0.000000e+00
      outer loop
         vertex 0.000000e+00 5.250000e+00 2.153109e+01
         vertex 3.250934e+00 5.250000e+00 1.946418e+01
         vertex 3.435818e+00 5.250000e+00 1.964907e+01
      endloop
   endfacet
   facet normal 0.000000e+00 -1.000000e+00 0.000000e+00
      outer loop
         vertex 3.886970e+00 5.250000e+00 1.990954e+01
         vertex 4.139528e+00 5.250000e+00 1.997721e+01
         vertex 0.000000e+00 5.250000e+00 2.153109e+01
      endloop
   endfacet
   facet normal 0.000000e+00 -1.000000e+00 0.000000e+00
      outer loop
         vertex 0.000000e+00 5.250000e+00 2.153109e+01
         vertex 4.139528e+00 5.250000e+00 1.997721e+01
         vertex 4.400000e+00 5.250000e+00 2.000000e+01
      endloop
   endfacet
   facet normal 0.000000e+00 -1.000000e+00 0.000000e+00
      outer loop
         vertex 0.000000e+00 5.250000e+00 2.153109e+01
         vertex 4.400000e+00 5.250000e+00 2.000000e+01
         vertex 8.400001e+00 5.250000e+00 2.153109e+01
      endloop
   endfacet
   facet normal 0.000000e+00 -1.000000e+00 0.000000e+00
      outer loop
         vertex 8.400001e+00 5.250000e+00 2.153109e+01
         vertex 4.400000e+00 5.250000e+00 2.000000e+01
         vertex 4.660472e+00 5.250000e+00 1.997721e+01
      endloop
   endfacet
   facet normal 0.000000e+00 -1.000000e+00 0.000000e+00
      outer loop
         vertex 8.400001e+00 5.250000e+00 2.153109e+01
         vertex 4.660472e+00 5.250000e+00 1.997721e+01
         vertex 4.913030e+00 5.250000e+00 1.990954e+01
      endloop
   endfacet
   facet normal 1.304248e-01 0.000000e+00 9.914582e-01
      outer loop
         vertex 4.269570e+00 6.664966e+00 1.700568e+01
         vertex 4.139528e+00 6.672987e+00 1.702279e+01
         vertex 4.139528e+00 5.250000e+00 1.702279e+01
      endloop
   endfacet
   facet normal 3.006119e-01 0.000000e+00 -9.537465e-01
      outer loop
         vertex 3.886970e+00 5.250000e+00 1.990954e+01
         vertex 3.886970e+00 6.703623e+00 1.990954e+01
         vertex 4.012056e+00 6.685985e+00 1.994897e+01
      endloop
   endfacet
   facet normal 2.588170e-01 3.974859e-03 -9.659182e-01
      outer loop
         vertex 3.886970e+00 5.250000e+00 1.990954e+01
         vertex 4.012056e+00 6.685985e+00 1.994897e+01
         vertex 4.139528e+00 5.250000e+00 1.997721e+01
      endloop
   endfacet
   facet normal 3.828399e-01 0.000000e+00 -9.238147e-01
      outer loop
         vertex 3.886970e+00 6.703623e+00 1.990954e+01
         vertex 3.886970e+00 5.250000e+00 1.990954e+01
         vertex 3.765613e+00 6.725283e+00 1.985925e+01
      endloop
   endfacet
   facet normal 4.226157e-01 3.868999e-03 -9.063007e-01
      outer loop
         vertex 3.765613e+00 6.725283e+00 1.985925e+01
         vertex 3.886970e+00 5.250000e+00 1.990954e+01
         vertex 3.650000e+00 5.250000e+00 1.979904e+01
      endloop
   endfacet
   facet normal 4.618995e-01 0.000000e+00 -8.869323e-01
      outer loop
         vertex 3.765613e+00 6.725283e+00 1.985925e+01
         vertex 3.650000e+00 5.250000e+00 1.979904e+01
         vertex 3.650000e+00 6.750000e+00 1.979904e+01
      endloop
   endfacet
   facet normal 5.506323e-01 0.000000e+00 -8.347479e-01
      outer loop
         vertex 3.650000e+00 6.750000e+00 1.979904e+01
         vertex 3.650000e+00 5.250000e+00 1.979904e+01
         vertex 3.501035e+00 6.787574e+00 1.970078e+01
      endloop
   endfacet
   facet normal 5.735727e-01 3.219488e-03 -8.191483e-01
      outer loop
         vertex 3.501035e+00 6.787574e+00 1.970078e+01
         vertex 3.650000e+00 5.250000e+00 1.979904e+01
         vertex 3.435818e+00 5.250000e+00 1.964907e+01
      endloop
   endfacet
   facet normal 6.212815e-01 0.000000e+00 -7.835875e-01
      outer loop
         vertex 3.501035e+00 6.787574e+00 1.970078e+01
         vertex 3.435818e+00 5.250000e+00 1.964907e+01
         vertex 3.435818e+00 6.806002e+00 1.964907e+01
      endloop
   endfacet
   facet normal 7.071085e-01 0.000000e+00 -7.071051e-01
      outer loop
         vertex 3.435818e+00 6.806002e+00 1.964907e+01
         vertex 3.435818e+00 5.250000e+00 1.964907e+01
         vertex 3.250934e+00 5.250000e+00 1.946418e+01
      endloop
   endfacet
   facet normal 7.071085e-01 0.000000e+00 -7.071051e-01
      outer loop
         vertex 3.435818e+00 6.806002e+00 1.964907e+01
         vertex 3.250934e+00 5.250000e+00 1.946418e+01
         vertex 3.250934e+00 6.864574e+00 1.946418e+01
      endloop
   endfacet
   facet normal 8.191497e-01 0.000000e+00 -5.735797e-01
      outer loop
         vertex 3.250934e+00 6.864574e+00 1.946418e+01
         vertex 3.250934e+00 5.250000e+00 1.946418e+01
         vertex 3.100961e+00 5.250000e+00 1.925000e+01
      endloop
   endfacet
   facet normal 8.191497e-01 0.000000e+00 -5.735797e-01
      outer loop
         vertex 3.250934e+00 6.864574e+00 1.946418e+01
         vertex 3.100961e+00 5.250000e+00 1.925000e+01
         vertex 3.100961e+00 6.918699e+00 1.925000e+01
      endloop
   endfacet
   facet normal 8.913949e-01 0.000000e+00 -4.532275e-01
      outer loop
         vertex 3.100961e+00 6.918699e+00 1.925000e+01
         vertex 3.100961e+00 5.250000e+00 1.925000e+01
         vertex 3.028644e+00 6.946827e+00 1.910777e+01
      endloop
   endfacet
   facet normal 9.063050e-01 3.201694e-03 -4.226121e-01
      outer loop
         vertex 3.028644e+00 6.946827e+00 1.910777e+01
         vertex 3.100961e+00 5.250000e+00 1.925000e+01
         vertex 2.990462e+00 5.250000e+00 1.901303e+01
      endloop
   endfacet
   facet normal 9.275046e-01 0.000000e+00 -3.738117e-01
      outer loop
         vertex 3.028644e+00 6.946827e+00 1.910777e+01
         vertex 2.990462e+00 5.250000e+00 1.901303e+01
         vertex 2.990462e+00 6.962196e+00 1.901303e+01
      endloop
   endfacet
   facet normal 9.536891e-01 0.000000e+00 -3.007942e-01
      outer loop
         vertex 2.990462e+00 6.962196e+00 1.901303e+01
         vertex 2.990462e+00 5.250000e+00 1.901303e+01
         vertex 2.951181e+00 6.978373e+00 1.888849e+01
      endloop
   endfacet
   facet normal 9.659197e-01 3.302504e-03 -2.588209e-01
      outer loop
         vertex 2.951181e+00 6.978373e+00 1.888849e+01
         vertex 2.990462e+00 5.250000e+00 1.901303e+01
         vertex 2.922788e+00 5.250000e+00 1.876047e+01
      endloop
   endfacet
   facet normal 9.762761e-01 0.000000e+00 -2.165293e-01
      outer loop
         vertex 2.951181e+00 6.978373e+00 1.888849e+01
         vertex 2.922788e+00 5.250000e+00 1.876047e+01
         vertex 2.922788e+00 6.990294e+00 1.876047e+01
      endloop
   endfacet
   facet normal 9.914392e-01 0.000000e+00 -1.305693e-01
      outer loop
         vertex 2.922788e+00 6.990294e+00 1.876047e+01
         vertex 2.922788e+00 5.250000e+00 1.876047e+01
         vertex 2.905719e+00 6.997553e+00 1.863086e+01
      endloop
   endfacet
   facet normal 9.961896e-01 3.266497e-03 -8.715236e-02
      outer loop
         vertex 2.905719e+00 6.997553e+00 1.863086e+01
         vertex 2.922788e+00 5.250000e+00 1.876047e+01
         vertex 2.900001e+00 5.250000e+00 1.850000e+01
      endloop
   endfacet
   facet normal 9.990466e-01 0.000000e+00 -4.365577e-02
      outer loop
         vertex 2.905719e+00 6.997553e+00 1.863086e+01
         vertex 2.900001e+00 5.250000e+00 1.850000e+01
         vertex 2.900001e+00 7.000000e+00 1.850000e+01
      endloop
   endfacet
   facet normal 9.990443e-01 0.000000e+00 4.370920e-02
      outer loop
         vertex 2.900001e+00 7.000000e+00 1.850000e+01
         vertex 2.900001e+00 5.250000e+00 1.850000e+01
         vertex 2.905732e+00 6.997548e+00 1.836900e+01
      endloop
   endfacet
   facet normal 9.961896e-01 3.265943e-03 8.715236e-02
      outer loop
         vertex 2.905732e+00 6.997548e+00 1.836900e+01
         vertex 2.900001e+00 5.250000e+00 1.850000e+01
         vertex 2.922788e+00 5.250000e+00 1.823953e+01
      endloop
   endfacet
   facet normal 9.914341e-01 0.000000e+00 1.306077e-01
      outer loop
         vertex 2.905732e+00 6.997548e+00 1.836900e+01
         vertex 2.922788e+00 5.250000e+00 1.823953e+01
         vertex 2.922788e+00 6.990294e+00 1.823953e+01
      endloop
   endfacet
   facet normal 9.762948e-01 0.000000e+00 2.164451e-01
      outer loop
         vertex 2.922788e+00 6.990294e+00 1.823953e+01
         vertex 2.922788e+00 5.250000e+00 1.823953e+01
         vertex 2.951115e+00 6.978400e+00 1.811176e+01
      endloop
   endfacet
   facet normal 9.659197e-01 3.302677e-03 2.588209e-01
      outer loop
         vertex 2.951115e+00 6.978400e+00 1.811176e+01
         vertex 2.922788e+00 5.250000e+00 1.823953e+01
         vertex 2.990462e+00 5.250000e+00 1.798697e+01
      endloop
   endfacet
   facet normal 9.536942e-01 -4.817981e-06 3.007779e-01
      outer loop
         vertex 2.951115e+00 6.978400e+00 1.811176e+01
         vertex 2.990462e+00 5.250000e+00 1.798697e+01
         vertex 2.990531e+00 6.962168e+00 1.798678e+01
      endloop
   endfacet
   facet normal 9.274773e-01 4.396191e-06 3.738795e-01
      outer loop
         vertex 2.990531e+00 6.962168e+00 1.798678e+01
         vertex 2.990462e+00 5.250000e+00 1.798697e+01
         vertex 3.028644e+00 6.946827e+00 1.789223e+01
      endloop
   endfacet
   facet normal 9.063050e-01 3.201694e-03 4.226121e-01
      outer loop
         vertex 3.028644e+00 6.946827e+00 1.789223e+01
         vertex 2.990462e+00 5.250000e+00 1.798697e+01
         vertex 3.100961e+00 5.250000e+00 1.775000e+01
      endloop
   endfacet
   facet normal 8.913949e-01 0.000000e+00 4.532275e-01
      outer loop
         vertex 3.028644e+00 6.946827e+00 1.789223e+01
         vertex 3.100961e+00 5.250000e+00 1.775000e+01
         vertex 3.100961e+00 6.918699e+00 1.775000e+01
      endloop
   endfacet
   facet normal 8.191497e-01 0.000000e+00 5.735797e-01
      outer loop
         vertex 3.100961e+00 6.918699e+00 1.775000e+01
         vertex 3.100961e+00 5.250000e+00 1.775000e+01
         vertex 3.250934e+00 5.250000e+00 1.753582e+01
      endloop
   endfacet
   facet normal 8.191497e-01 0.000000e+00 5.735797e-01
      outer loop
         vertex 3.100961e+00 6.918699e+00 1.775000e+01
         vertex 3.250934e+00 5.250000e+00 1.753582e+01
         vertex 3.250934e+00 6.864574e+00 1.753582e+01
      endloop
   endfacet
   facet normal 7.071085e-01 0.000000e+00 7.071051e-01
      outer loop
         vertex 3.250934e+00 6.864574e+00 1.753582e+01
         vertex 3.250934e+00 5.250000e+00 1.753582e+01
         vertex 3.435818e+00 5.250000e+00 1.735093e+01
      endloop
   endfacet
   facet normal 7.071085e-01 0.000000e+00 7.071051e-01
      outer loop
         vertex 3.250934e+00 6.864574e+00 1.753582e+01
         vertex 3.435818e+00 5.250000e+00 1.735093e+01
         vertex 3.435818e+00 6.806002e+00 1.735093e+01
      endloop
   endfacet
   facet normal 5.735757e-01 -0.000000e+00 8.191526e-01
      outer loop
         vertex 3.650000e+00 5.250000e+00 1.720096e+01
         vertex 3.650000e+00 6.750000e+00 1.720096e+01
         vertex 3.435818e+00 5.250000e+00 1.735093e+01
      endloop
   endfacet
   facet normal 5.514457e-01 4.664122e-03 8.341977e-01
      outer loop
         vertex 3.435818e+00 5.250000e+00 1.735093e+01
         vertex 3.650000e+00 6.750000e+00 1.720096e+01
         vertex 3.501035e+00 6.787574e+00 1.729923e+01
      endloop
   endfacet
   facet normal 6.212815e-01 -0.000000e+00 7.835875e-01
      outer loop
         vertex 3.435818e+00 5.250000e+00 1.735093e+01
         vertex 3.501035e+00 6.787574e+00 1.729923e+01
         vertex 3.435818e+00 6.806002e+00 1.735093e+01
      endloop
   endfacet
   facet normal 2.588191e-01 -0.000000e+00 9.659258e-01
      outer loop
         vertex 4.139528e+00 5.250000e+00 1.702279e+01
         vertex 4.139528e+00 6.672987e+00 1.702279e+01
         vertex 3.886970e+00 5.250000e+00 1.709046e+01
      endloop
   endfacet
   facet normal 2.174838e-01 7.817012e-03 9.760326e-01
      outer loop
         vertex 4.139528e+00 6.672987e+00 1.702279e+01
         vertex 4.010910e+00 6.686125e+00 1.705134e+01
         vertex 3.886970e+00 5.250000e+00 1.709046e+01
      endloop
   endfacet
   facet normal 3.009896e-01 -0.000000e+00 9.536274e-01
      outer loop
         vertex 3.886970e+00 5.250000e+00 1.709046e+01
         vertex 4.010910e+00 6.686125e+00 1.705134e+01
         vertex 3.886970e+00 6.703623e+00 1.709046e+01
      endloop
   endfacet
   facet normal 4.226188e-01 -0.000000e+00 9.063075e-01
      outer loop
         vertex 3.886970e+00 5.250000e+00 1.709046e+01
         vertex 3.886970e+00 6.703623e+00 1.709046e+01
         vertex 3.650000e+00 5.250000e+00 1.720096e+01
      endloop
   endfacet
   facet normal 3.837889e-01 7.628570e-03 9.233894e-01
      outer loop
         vertex 3.650000e+00 5.250000e+00 1.720096e+01
         vertex 3.886970e+00 6.703623e+00 1.709046e+01
         vertex 3.766201e+00 6.725167e+00 1.714048e+01
      endloop
   endfacet
   facet normal 4.617086e-01 -0.000000e+00 8.870317e-01
      outer loop
         vertex 3.650000e+00 5.250000e+00 1.720096e+01
         vertex 3.766201e+00 6.725167e+00 1.714048e+01
         vertex 3.650000e+00 6.750000e+00 1.720096e+01
      endloop
   endfacet
   facet normal 4.368329e-02 8.063312e-03 9.990129e-01
      outer loop
         vertex 4.269570e+00 6.664966e+00 1.700568e+01
         vertex 4.139528e+00 5.250000e+00 1.702279e+01
         vertex 4.400000e+00 6.662278e+00 1.700000e+01
      endloop
   endfacet
   facet normal 8.715590e-02 0.000000e+00 9.961947e-01
      outer loop
         vertex 4.400000e+00 6.662278e+00 1.700000e+01
         vertex 4.139528e+00 5.250000e+00 1.702279e+01
         vertex 4.400000e+00 5.250000e+00 1.700000e+01
      endloop
   endfacet
   facet normal -4.345552e-02 0.000000e+00 9.990554e-01
      outer loop
         vertex 4.400000e+00 6.662278e+00 1.700000e+01
         vertex 4.400000e+00 5.250000e+00 1.700000e+01
         vertex 4.530245e+00 6.664959e+00 1.700567e+01
      endloop
   endfacet
   facet normal -8.715519e-02 4.033996e-03 9.961866e-01
      outer loop
         vertex 4.530245e+00 6.664959e+00 1.700567e+01
         vertex 4.400000e+00 5.250000e+00 1.700000e+01
         vertex 4.660472e+00 5.250000e+00 1.702279e+01
      endloop
   endfacet
   facet normal -1.303652e-01 0.000000e+00 9.914660e-01
      outer loop
         vertex 4.530245e+00 6.664959e+00 1.700567e+01
         vertex 4.660472e+00 5.250000e+00 1.702279e+01
         vertex 4.660472e+00 6.672987e+00 1.702279e+01
      endloop
   endfacet
   facet normal -2.165815e-01 0.000000e+00 9.762645e-01
      outer loop
         vertex 4.660472e+00 6.672987e+00 1.702279e+01
         vertex 4.660472e+00 5.250000e+00 1.702279e+01
         vertex 4.788648e+00 6.686071e+00 1.705122e+01
      endloop
   endfacet
   facet normal -2.588170e-01 3.974587e-03 9.659182e-01
      outer loop
         vertex 4.788648e+00 6.686071e+00 1.705122e+01
         vertex 4.660472e+00 5.250000e+00 1.702279e+01
         vertex 4.913030e+00 5.250000e+00 1.709046e+01
      endloop
   endfacet
   facet normal -3.008436e-01 0.000000e+00 9.536735e-01
      outer loop
         vertex 4.788648e+00 6.686071e+00 1.705122e+01
         vertex 4.913030e+00 5.250000e+00 1.709046e+01
         vertex 4.913030e+00 6.703623e+00 1.709046e+01
      endloop
   endfacet
   facet normal -3.827455e-01 0.000000e+00 9.238538e-01
      outer loop
         vertex 4.913030e+00 6.703623e+00 1.709046e+01
         vertex 4.913030e+00 5.250000e+00 1.709046e+01
         vertex 5.034117e+00 6.725229e+00 1.714063e+01
      endloop
   endfacet
   facet normal -4.226157e-01 3.869437e-03 9.063007e-01
      outer loop
         vertex 5.034117e+00 6.725229e+00 1.714063e+01
         vertex 4.913030e+00 5.250000e+00 1.709046e+01
         vertex 5.150000e+00 5.250000e+00 1.720096e+01
      endloop
   endfacet
   facet normal -4.618139e-01 0.000000e+00 8.869769e-01
      outer loop
         vertex 5.034117e+00 6.725229e+00 1.714063e+01
         vertex 5.150000e+00 5.250000e+00 1.720096e+01
         vertex 5.150000e+00 6.750000e+00 1.720096e+01
      endloop
   endfacet
   facet normal -5.506275e-01 0.000000e+00 8.347511e-01
      outer loop
         vertex 5.150000e+00 6.750000e+00 1.720096e+01
         vertex 5.150000e+00 5.250000e+00 1.720096e+01
         vertex 5.298967e+00 6.787574e+00 1.729923e+01
      endloop
   endfacet
   facet normal -5.735727e-01 3.220183e-03 8.191483e-01
      outer loop
         vertex 5.298967e+00 6.787574e+00 1.729923e+01
         vertex 5.150000e+00 5.250000e+00 1.720096e+01
         vertex 5.364181e+00 5.250000e+00 1.735093e+01
      endloop
   endfacet
   facet normal -6.212923e-01 0.000000e+00 7.835789e-01
      outer loop
         vertex 5.298967e+00 6.787574e+00 1.729923e+01
         vertex 5.364181e+00 5.250000e+00 1.735093e+01
         vertex 5.364181e+00 6.806002e+00 1.735093e+01
      endloop
   endfacet
   facet normal -7.071049e-01 0.000000e+00 7.071087e-01
      outer loop
         vertex 5.364181e+00 6.806002e+00 1.735093e+01
         vertex 5.364181e+00 5.250000e+00 1.735093e+01
         vertex 5.549068e+00 5.250000e+00 1.753582e+01
      endloop
   endfacet
   facet normal -7.071049e-01 0.000000e+00 7.071087e-01
      outer loop
         vertex 5.364181e+00 6.806002e+00 1.735093e+01
         vertex 5.549068e+00 5.250000e+00 1.753582e+01
         vertex 5.549068e+00 6.864574e+00 1.753582e+01
      endloop
   endfacet
   facet normal -8.191531e-01 0.000000e+00 5.735749e-01
      outer loop
         vertex 5.549068e+00 6.864574e+00 1.753582e+01
         vertex 5.549068e+00 5.250000e+00 1.753582e+01
         vertex 5.699039e+00 5.250000e+00 1.775000e+01
      endloop
   endfacet
   facet normal -8.191531e-01 0.000000e+00 5.735749e-01
      outer loop
         vertex 5.549068e+00 6.864574e+00 1.753582e+01
         vertex 5.699039e+00 5.250000e+00 1.775000e+01
         vertex 5.699039e+00 6.918699e+00 1.775000e+01
      endloop
   endfacet
   facet normal -8.913949e-01 0.000000e+00 4.532275e-01
      outer loop
         vertex 5.699039e+00 6.918699e+00 1.775000e+01
         vertex 5.699039e+00 5.250000e+00 1.775000e+01
         vertex 5.771356e+00 6.946827e+00 1.789223e+01
      endloop
   endfacet
   facet normal -9.063023e-01 3.201087e-03 4.226180e-01
      outer loop
         vertex 5.771356e+00 6.946827e+00 1.789223e+01
         vertex 5.699039e+00 5.250000e+00 1.775000e+01
         vertex 5.809540e+00 5.250000e+00 1.798697e+01
      endloop
   endfacet
   facet normal -9.274983e-01 0.000000e+00 3.738274e-01
      outer loop
         vertex 5.771356e+00 6.946827e+00 1.789223e+01
         vertex 5.809540e+00 5.250000e+00 1.798697e+01
         vertex 5.809540e+00 6.962196e+00 1.798697e+01
      endloop
   endfacet
   facet normal -9.536668e-01 0.000000e+00 3.008647e-01
      outer loop
         vertex 5.809540e+00 6.962196e+00 1.798697e+01
         vertex 5.809540e+00 5.250000e+00 1.798697e+01
         vertex 5.848762e+00 6.978348e+00 1.811129e+01
      endloop
   endfacet
   facet normal -9.659215e-01 3.302855e-03 2.588143e-01
      outer loop
         vertex 5.848762e+00 6.978348e+00 1.811129e+01
         vertex 5.809540e+00 5.250000e+00 1.798697e+01
         vertex 5.877212e+00 5.250000e+00 1.823953e+01
      endloop
   endfacet
   facet normal -9.762621e-01 0.000000e+00 2.165926e-01
      outer loop
         vertex 5.848762e+00 6.978348e+00 1.811129e+01
         vertex 5.877212e+00 5.250000e+00 1.823953e+01
         vertex 5.877212e+00 6.990294e+00 1.823953e+01
      endloop
   endfacet
   facet normal -9.914632e-01 0.000000e+00 1.303867e-01
      outer loop
         vertex 5.877212e+00 6.990294e+00 1.823953e+01
         vertex 5.877212e+00 5.250000e+00 1.823953e+01
         vertex 5.894329e+00 6.997573e+00 1.836969e+01
      endloop
   endfacet
   facet normal -9.961890e-01 3.265960e-03 8.715943e-02
      outer loop
         vertex 5.894329e+00 6.997573e+00 1.836969e+01
         vertex 5.877212e+00 5.250000e+00 1.823953e+01
         vertex 5.900001e+00 5.250000e+00 1.850000e+01
      endloop
   endfacet
   facet normal -9.990541e-01 0.000000e+00 4.348431e-02
      outer loop
         vertex 5.894329e+00 6.997573e+00 1.836969e+01
         vertex 5.900001e+00 5.250000e+00 1.850000e+01
         vertex 5.900001e+00 7.000000e+00 1.850000e+01
      endloop
   endfacet
   facet normal -9.990524e-01 -0.000000e+00 -4.352342e-02
      outer loop
         vertex 5.900001e+00 7.000000e+00 1.850000e+01
         vertex 5.900001e+00 5.250000e+00 1.850000e+01
         vertex 5.894318e+00 6.997568e+00 1.863045e+01
      endloop
   endfacet
   facet normal -9.961890e-01 3.266541e-03 -8.715943e-02
      outer loop
         vertex 5.894318e+00 6.997568e+00 1.863045e+01
         vertex 5.900001e+00 5.250000e+00 1.850000e+01
         vertex 5.877212e+00 5.250000e+00 1.876047e+01
      endloop
   endfacet
   facet normal -9.914562e-01 0.000000e+00 -1.304401e-01
      outer loop
         vertex 5.894318e+00 6.997568e+00 1.863045e+01
         vertex 5.877212e+00 5.250000e+00 1.876047e+01
         vertex 5.877212e+00 6.990294e+00 1.876047e+01
      endloop
   endfacet
   facet normal -9.762430e-01 -0.000000e+00 -2.166786e-01
      outer loop
         vertex 5.877212e+00 6.990294e+00 1.876047e+01
         vertex 5.877212e+00 5.250000e+00 1.876047e+01
         vertex 5.848700e+00 6.978323e+00 1.888893e+01
      endloop
   endfacet
   facet normal -9.659215e-01 3.302026e-03 -2.588143e-01
      outer loop
         vertex 5.848700e+00 6.978323e+00 1.888893e+01
         vertex 5.877212e+00 5.250000e+00 1.876047e+01
         vertex 5.809540e+00 5.250000e+00 1.901303e+01
      endloop
   endfacet
   facet normal -9.536270e-01 -4.965465e-06 -3.009909e-01
      outer loop
         vertex 5.848700e+00 6.978323e+00 1.888893e+01
         vertex 5.809540e+00 5.250000e+00 1.901303e+01
         vertex 5.809471e+00 6.962168e+00 1.901322e+01
      endloop
   endfacet
   facet normal -9.274723e-01 4.181686e-06 -3.738918e-01
      outer loop
         vertex 5.809471e+00 6.962168e+00 1.901322e+01
         vertex 5.809540e+00 5.250000e+00 1.901303e+01
         vertex 5.771356e+00 6.946827e+00 1.910777e+01
      endloop
   endfacet
   facet normal -9.063023e-01 3.201087e-03 -4.226180e-01
      outer loop
         vertex 5.771356e+00 6.946827e+00 1.910777e+01
         vertex 5.809540e+00 5.250000e+00 1.901303e+01
         vertex 5.699039e+00 5.250000e+00 1.925000e+01
      endloop
   endfacet
   facet normal -8.913949e-01 0.000000e+00 -4.532275e-01
      outer loop
         vertex 5.771356e+00 6.946827e+00 1.910777e+01
         vertex 5.699039e+00 5.250000e+00 1.925000e+01
         vertex 5.699039e+00 6.918699e+00 1.925000e+01
      endloop
   endfacet
   facet normal -8.191531e-01 -0.000000e+00 -5.735749e-01
      outer loop
         vertex 5.699039e+00 6.918699e+00 1.925000e+01
         vertex 5.699039e+00 5.250000e+00 1.925000e+01
         vertex 5.549068e+00 5.250000e+00 1.946418e+01
      endloop
   endfacet
   facet normal -8.191531e-01 0.000000e+00 -5.735749e-01
      outer loop
         vertex 5.699039e+00 6.918699e+00 1.925000e+01
         vertex 5.549068e+00 5.250000e+00 1.946418e+01
         vertex 5.549068e+00 6.864574e+00 1.946418e+01
      endloop
   endfacet
   facet normal -7.071049e-01 -0.000000e+00 -7.071087e-01
      outer loop
         vertex 5.549068e+00 6.864574e+00 1.946418e+01
         vertex 5.549068e+00 5.250000e+00 1.946418e+01
         vertex 5.364181e+00 5.250000e+00 1.964907e+01
      endloop
   endfacet
   facet normal -7.071049e-01 0.000000e+00 -7.071087e-01
      outer loop
         vertex 5.549068e+00 6.864574e+00 1.946418e+01
         vertex 5.364181e+00 5.250000e+00 1.964907e+01
         vertex 5.364181e+00 6.806002e+00 1.964907e+01
      endloop
   endfacet
   facet normal -5.735757e-01 0.000000e+00 -8.191526e-01
      outer loop
         vertex 5.150000e+00 5.250000e+00 1.979904e+01
         vertex 5.150000e+00 6.750000e+00 1.979904e+01
         vertex 5.364181e+00 5.250000e+00 1.964907e+01
      endloop
   endfacet
   facet normal -5.514411e-01 4.665089e-03 -8.342008e-01
      outer loop
         vertex 5.364181e+00 5.250000e+00 1.964907e+01
         vertex 5.150000e+00 6.750000e+00 1.979904e+01
         vertex 5.298967e+00 6.787574e+00 1.970078e+01
      endloop
   endfacet
   facet normal -6.212923e-01 0.000000e+00 -7.835789e-01
      outer loop
         vertex 5.364181e+00 5.250000e+00 1.964907e+01
         vertex 5.298967e+00 6.787574e+00 1.970078e+01
         vertex 5.364181e+00 6.806002e+00 1.964907e+01
      endloop
   endfacet
   facet normal -2.588191e-01 0.000000e+00 -9.659258e-01
      outer loop
         vertex 4.913030e+00 5.250000e+00 1.990954e+01
         vertex 4.660472e+00 5.250000e+00 1.997721e+01
         vertex 4.660472e+00 6.672987e+00 1.997721e+01
      endloop
   endfacet
   facet normal -2.172270e-01 7.865281e-03 -9.760894e-01
      outer loop
         vertex 4.660472e+00 6.672987e+00 1.997721e+01
         vertex 4.788322e+00 6.686031e+00 1.994886e+01
         vertex 4.913030e+00 5.250000e+00 1.990954e+01
      endloop
   endfacet
   facet normal -3.007389e-01 0.000000e+00 -9.537065e-01
      outer loop
         vertex 4.913030e+00 5.250000e+00 1.990954e+01
         vertex 4.788322e+00 6.686031e+00 1.994886e+01
         vertex 4.913030e+00 6.703623e+00 1.990954e+01
      endloop
   endfacet
   facet normal -4.226188e-01 0.000000e+00 -9.063075e-01
      outer loop
         vertex 4.913030e+00 5.250000e+00 1.990954e+01
         vertex 4.913030e+00 6.703623e+00 1.990954e+01
         vertex 5.150000e+00 5.250000e+00 1.979904e+01
      endloop
   endfacet
   facet normal -3.840199e-01 7.583645e-03 -9.232937e-01
      outer loop
         vertex 5.150000e+00 5.250000e+00 1.979904e+01
         vertex 4.913030e+00 6.703623e+00 1.990954e+01
         vertex 5.034491e+00 6.725303e+00 1.985920e+01
      endloop
   endfacet
   facet normal -4.619330e-01 0.000000e+00 -8.869148e-01
      outer loop
         vertex 5.150000e+00 5.250000e+00 1.979904e+01
         vertex 5.034491e+00 6.725303e+00 1.985920e+01
         vertex 5.150000e+00 6.750000e+00 1.979904e+01
      endloop
   endfacet
   facet normal 2.163441e-01 0.000000e+00 -9.763172e-01
      outer loop
         vertex 4.012056e+00 6.685985e+00 1.994897e+01
         vertex 4.139528e+00 6.672987e+00 1.997721e+01
         vertex 4.139528e+00 5.250000e+00 1.997721e+01
      endloop
   endfacet
   facet normal 1.307252e-01 0.000000e+00 -9.914186e-01
      outer loop
         vertex 4.139528e+00 5.250000e+00 1.997721e+01
         vertex 4.139528e+00 6.672987e+00 1.997721e+01
         vertex 4.268665e+00 6.665004e+00 1.999424e+01
      endloop
   endfacet
   facet normal 8.715519e-02 4.033695e-03 -9.961866e-01
      outer loop
         vertex 4.139528e+00 5.250000e+00 1.997721e+01
         vertex 4.268665e+00 6.665004e+00 1.999424e+01
         vertex 4.400000e+00 5.250000e+00 2.000000e+01
      endloop
   endfacet
   facet normal 4.382132e-02 0.000000e+00 -9.990394e-01
      outer loop
         vertex 4.400000e+00 5.250000e+00 2.000000e+01
         vertex 4.268665e+00 6.665004e+00 1.999424e+01
         vertex 4.400000e+00 6.662278e+00 2.000000e+01
      endloop
   endfacet
   facet normal -8.715590e-02 0.000000e+00 -9.961947e-01
      outer loop
         vertex 4.400000e+00 5.250000e+00 2.000000e+01
         vertex 4.400000e+00 6.662278e+00 2.000000e+01
         vertex 4.660472e+00 5.250000e+00 1.997721e+01
      endloop
   endfacet
   facet normal -4.403706e-02 7.997822e-03 -9.989979e-01
      outer loop
         vertex 4.660472e+00 5.250000e+00 1.997721e+01
         vertex 4.400000e+00 6.662278e+00 2.000000e+01
         vertex 4.531492e+00 6.665010e+00 1.999423e+01
      endloop
   endfacet
   facet normal -1.307782e-01 0.000000e+00 -9.914117e-01
      outer loop
         vertex 4.660472e+00 5.250000e+00 1.997721e+01
         vertex 4.531492e+00 6.665010e+00 1.999423e+01
         vertex 4.660472e+00 6.672987e+00 1.997721e+01
      endloop
   endfacet
   facet normal -1.304266e-01 0.000000e+00 9.914580e-01
      outer loop
         vertex 4.530432e+00 3.350338e-01 1.700568e+01
         vertex 4.660472e+00 3.270132e-01 1.702279e+01
         vertex 4.660472e+00 1.750000e+00 1.702279e+01
      endloop
   endfacet
   facet normal -3.006119e-01 -0.000000e+00 -9.537465e-01
      outer loop
         vertex 4.913030e+00 1.750000e+00 1.990954e+01
         vertex 4.913030e+00 2.963771e-01 1.990954e+01
         vertex 4.787944e+00 3.140150e-01 1.994897e+01
      endloop
   endfacet
   facet normal -2.588170e-01 -3.974859e-03 -9.659182e-01
      outer loop
         vertex 4.913030e+00 1.750000e+00 1.990954e+01
         vertex 4.787944e+00 3.140150e-01 1.994897e+01
         vertex 4.660472e+00 1.750000e+00 1.997721e+01
      endloop
   endfacet
   facet normal -3.828399e-01 0.000000e+00 -9.238147e-01
      outer loop
         vertex 4.913030e+00 2.963771e-01 1.990954e+01
         vertex 4.913030e+00 1.750000e+00 1.990954e+01
         vertex 5.034387e+00 2.747176e-01 1.985925e+01
      endloop
   endfacet
   facet normal -4.226157e-01 -3.868999e-03 -9.063007e-01
      outer loop
         vertex 5.034387e+00 2.747176e-01 1.985925e+01
         vertex 4.913030e+00 1.750000e+00 1.990954e+01
         vertex 5.150000e+00 1.750000e+00 1.979904e+01
      endloop
   endfacet
   facet normal -4.618995e-01 0.000000e+00 -8.869323e-01
      outer loop
         vertex 5.034387e+00 2.747176e-01 1.985925e+01
         vertex 5.150000e+00 1.750000e+00 1.979904e+01
         vertex 5.150000e+00 2.500000e-01 1.979904e+01
      endloop
   endfacet
   facet normal -5.506275e-01 0.000000e+00 -8.347511e-01
      outer loop
         vertex 5.150000e+00 2.500000e-01 1.979904e+01
         vertex 5.150000e+00 1.750000e+00 1.979904e+01
         vertex 5.298967e+00 2.124265e-01 1.970078e+01
      endloop
   endfacet
   facet normal -5.735727e-01 -3.220183e-03 -8.191483e-01
      outer loop
         vertex 5.298967e+00 2.124265e-01 1.970078e+01
         vertex 5.150000e+00 1.750000e+00 1.979904e+01
         vertex 5.364181e+00 1.750000e+00 1.964907e+01
      endloop
   endfacet
   facet normal -6.212923e-01 0.000000e+00 -7.835789e-01
      outer loop
         vertex 5.298967e+00 2.124265e-01 1.970078e+01
         vertex 5.364181e+00 1.750000e+00 1.964907e+01
         vertex 5.364181e+00 1.939987e-01 1.964907e+01
      endloop
   endfacet
   facet normal -7.071049e-01 0.000000e+00 -7.071087e-01
      outer loop
         vertex 5.364181e+00 1.939987e-01 1.964907e+01
         vertex 5.364181e+00 1.750000e+00 1.964907e+01
         vertex 5.549068e+00 1.750000e+00 1.946418e+01
      endloop
   endfacet
   facet normal -7.071049e-01 0.000000e+00 -7.071087e-01
      outer loop
         vertex 5.364181e+00 1.939987e-01 1.964907e+01
         vertex 5.549068e+00 1.750000e+00 1.946418e+01
         vertex 5.549068e+00 1.354266e-01 1.946418e+01
      endloop
   endfacet
   facet normal -8.191531e-01 0.000000e+00 -5.735749e-01
      outer loop
         vertex 5.549068e+00 1.354266e-01 1.946418e+01
         vertex 5.549068e+00 1.750000e+00 1.946418e+01
         vertex 5.699039e+00 1.750000e+00 1.925000e+01
      endloop
   endfacet
   facet normal -8.191531e-01 0.000000e+00 -5.735749e-01
      outer loop
         vertex 5.549068e+00 1.354266e-01 1.946418e+01
         vertex 5.699039e+00 1.750000e+00 1.925000e+01
         vertex 5.699039e+00 8.130143e-02 1.925000e+01
      endloop
   endfacet
   facet normal -8.913949e-01 0.000000e+00 -4.532275e-01
      outer loop
         vertex 5.699039e+00 8.130143e-02 1.925000e+01
         vertex 5.699039e+00 1.750000e+00 1.925000e+01
         vertex 5.771356e+00 5.317293e-02 1.910777e+01
      endloop
   endfacet
   facet normal -9.063023e-01 -3.201087e-03 -4.226180e-01
      outer loop
         vertex 5.771356e+00 5.317293e-02 1.910777e+01
         vertex 5.699039e+00 1.750000e+00 1.925000e+01
         vertex 5.809540e+00 1.750000e+00 1.901303e+01
      endloop
   endfacet
   facet normal -9.274983e-01 0.000000e+00 -3.738274e-01
      outer loop
         vertex 5.771356e+00 5.317293e-02 1.910777e+01
         vertex 5.809540e+00 1.750000e+00 1.901303e+01
         vertex 5.809540e+00 3.780425e-02 1.901303e+01
      endloop
   endfacet
   facet normal -9.536932e-01 0.000000e+00 -3.007812e-01
      outer loop
         vertex 5.809540e+00 3.780425e-02 1.901303e+01
         vertex 5.809540e+00 1.750000e+00 1.901303e+01
         vertex 5.848819e+00 2.162717e-02 1.888849e+01
      endloop
   endfacet
   facet normal -9.659215e-01 -3.301982e-03 -2.588143e-01
      outer loop
         vertex 5.848819e+00 2.162717e-02 1.888849e+01
         vertex 5.809540e+00 1.750000e+00 1.901303e+01
         vertex 5.877212e+00 1.750000e+00 1.876047e+01
      endloop
   endfacet
   facet normal -9.762761e-01 0.000000e+00 -2.165293e-01
      outer loop
         vertex 5.848819e+00 2.162717e-02 1.888849e+01
         vertex 5.877212e+00 1.750000e+00 1.876047e+01
         vertex 5.877212e+00 9.705778e-03 1.876047e+01
      endloop
   endfacet
   facet normal -9.914392e-01 0.000000e+00 -1.305693e-01
      outer loop
         vertex 5.877212e+00 9.705778e-03 1.876047e+01
         vertex 5.877212e+00 1.750000e+00 1.876047e+01
         vertex 5.894281e+00 2.447283e-03 1.863086e+01
      endloop
   endfacet
   facet normal -9.961890e-01 -3.265966e-03 -8.715943e-02
      outer loop
         vertex 5.894281e+00 2.447283e-03 1.863086e+01
         vertex 5.877212e+00 1.750000e+00 1.876047e+01
         vertex 5.900001e+00 1.750000e+00 1.850000e+01
      endloop
   endfacet
   facet normal -9.990460e-01 0.000000e+00 -4.366996e-02
      outer loop
         vertex 5.894281e+00 2.447283e-03 1.863086e+01
         vertex 5.900001e+00 1.750000e+00 1.850000e+01
         vertex 5.900001e+00 0.000000e+00 1.850000e+01
      endloop
   endfacet
   facet normal -9.990443e-01 0.000000e+00 4.370920e-02
      outer loop
         vertex 5.900001e+00 0.000000e+00 1.850000e+01
         vertex 5.900001e+00 1.750000e+00 1.850000e+01
         vertex 5.894270e+00 2.452405e-03 1.836900e+01
      endloop
   endfacet
   facet normal -9.961890e-01 -3.266475e-03 8.715943e-02
      outer loop
         vertex 5.894270e+00 2.452405e-03 1.836900e+01
         vertex 5.900001e+00 1.750000e+00 1.850000e+01
         vertex 5.877212e+00 1.750000e+00 1.823953e+01
      endloop
   endfacet
   facet normal -9.914323e-01 0.000000e+00 1.306217e-01
      outer loop
         vertex 5.894270e+00 2.452405e-03 1.836900e+01
         vertex 5.877212e+00 1.750000e+00 1.823953e+01
         vertex 5.877212e+00 9.705778e-03 1.823953e+01
      endloop
   endfacet
   facet normal -9.762948e-01 0.000000e+00 2.164451e-01
      outer loop
         vertex 5.877212e+00 9.705778e-03 1.823953e+01
         vertex 5.877212e+00 1.750000e+00 1.823953e+01
         vertex 5.848885e+00 2.160016e-02 1.811176e+01
      endloop
   endfacet
   facet normal -9.659215e-01 -3.302157e-03 2.588143e-01
      outer loop
         vertex 5.848885e+00 2.160016e-02 1.811176e+01
         vertex 5.877212e+00 1.750000e+00 1.823953e+01
         vertex 5.809540e+00 1.750000e+00 1.798697e+01
      endloop
   endfacet
   facet normal -9.536942e-01 5.855477e-06 3.007781e-01
      outer loop
         vertex 5.848885e+00 2.160016e-02 1.811176e+01
         vertex 5.809540e+00 1.750000e+00 1.798697e+01
         vertex 5.809469e+00 3.783265e-02 1.798678e+01
      endloop
   endfacet
   facet normal -9.274772e-01 -3.387218e-06 3.738796e-01
      outer loop
         vertex 5.809469e+00 3.783265e-02 1.798678e+01
         vertex 5.809540e+00 1.750000e+00 1.798697e+01
         vertex 5.771356e+00 5.317293e-02 1.789223e+01
      endloop
   endfacet
   facet normal -9.063023e-01 -3.201087e-03 4.226180e-01
      outer loop
         vertex 5.771356e+00 5.317293e-02 1.789223e+01
         vertex 5.809540e+00 1.750000e+00 1.798697e+01
         vertex 5.699039e+00 1.750000e+00 1.775000e+01
      endloop
   endfacet
   facet normal -8.913949e-01 0.000000e+00 4.532275e-01
      outer loop
         vertex 5.771356e+00 5.317293e-02 1.789223e+01
         vertex 5.699039e+00 1.750000e+00 1.775000e+01
         vertex 5.699039e+00 8.130143e-02 1.775000e+01
      endloop
   endfacet
   facet normal -8.191531e-01 0.000000e+00 5.735749e-01
      outer loop
         vertex 5.699039e+00 8.130143e-02 1.775000e+01
         vertex 5.699039e+00 1.750000e+00 1.775000e+01
         vertex 5.549068e+00 1.750000e+00 1.753582e+01
      endloop
   endfacet
   facet normal -8.191531e-01 0.000000e+00 5.735749e-01
      outer loop
         vertex 5.699039e+00 8.130143e-02 1.775000e+01
         vertex 5.549068e+00 1.750000e+00 1.753582e+01
         vertex 5.549068e+00 1.354266e-01 1.753582e+01
      endloop
   endfacet
   facet normal -7.071049e-01 0.000000e+00 7.071087e-01
      outer loop
         vertex 5.549068e+00 1.354266e-01 1.753582e+01
         vertex 5.549068e+00 1.750000e+00 1.753582e+01
         vertex 5.364181e+00 1.750000e+00 1.735093e+01
      endloop
   endfacet
   facet normal -7.071049e-01 0.000000e+00 7.071087e-01
      outer loop
         vertex 5.549068e+00 1.354266e-01 1.753582e+01
         vertex 5.364181e+00 1.750000e+00 1.735093e+01
         vertex 5.364181e+00 1.939987e-01 1.735093e+01
      endloop
   endfacet
   facet normal -5.735757e-01 0.000000e+00 8.191526e-01
      outer loop
         vertex 5.150000e+00 1.750000e+00 1.720096e+01
         vertex 5.150000e+00 2.500000e-01 1.720096e+01
         vertex 5.364181e+00 1.750000e+00 1.735093e+01
      endloop
   endfacet
   facet normal -5.514411e-01 -4.665089e-03 8.342008e-01
      outer loop
         vertex 5.364181e+00 1.750000e+00 1.735093e+01
         vertex 5.150000e+00 2.500000e-01 1.720096e+01
         vertex 5.298967e+00 2.124265e-01 1.729923e+01
      endloop
   endfacet
   facet normal -6.212923e-01 0.000000e+00 7.835789e-01
      outer loop
         vertex 5.364181e+00 1.750000e+00 1.735093e+01
         vertex 5.298967e+00 2.124265e-01 1.729923e+01
         vertex 5.364181e+00 1.939987e-01 1.735093e+01
      endloop
   endfacet
   facet normal -2.588191e-01 0.000000e+00 9.659258e-01
      outer loop
         vertex 4.660472e+00 1.750000e+00 1.702279e+01
         vertex 4.660472e+00 3.270132e-01 1.702279e+01
         vertex 4.913030e+00 1.750000e+00 1.709046e+01
      endloop
   endfacet
   facet normal -2.174838e-01 -7.817012e-03 9.760326e-01
      outer loop
         vertex 4.660472e+00 3.270132e-01 1.702279e+01
         vertex 4.789090e+00 3.138753e-01 1.705134e+01
         vertex 4.913030e+00 1.750000e+00 1.709046e+01
      endloop
   endfacet
   facet normal -3.009896e-01 0.000000e+00 9.536274e-01
      outer loop
         vertex 4.913030e+00 1.750000e+00 1.709046e+01
         vertex 4.789090e+00 3.138753e-01 1.705134e+01
         vertex 4.913030e+00 2.963771e-01 1.709046e+01
      endloop
   endfacet
   facet normal -4.226188e-01 0.000000e+00 9.063075e-01
      outer loop
         vertex 4.913030e+00 1.750000e+00 1.709046e+01
         vertex 4.913030e+00 2.963771e-01 1.709046e+01
         vertex 5.150000e+00 1.750000e+00 1.720096e+01
      endloop
   endfacet
   facet normal -3.837889e-01 -7.628570e-03 9.233894e-01
      outer loop
         vertex 5.150000e+00 1.750000e+00 1.720096e+01
         vertex 4.913030e+00 2.963771e-01 1.709046e+01
         vertex 5.033799e+00 2.748333e-01 1.714048e+01
      endloop
   endfacet
   facet normal -4.617086e-01 0.000000e+00 8.870317e-01
      outer loop
         vertex 5.150000e+00 1.750000e+00 1.720096e+01
         vertex 5.033799e+00 2.748333e-01 1.714048e+01
         vertex 5.150000e+00 2.500000e-01 1.720096e+01
      endloop
   endfacet
   facet normal -4.368267e-02 -8.063427e-03 9.990129e-01
      outer loop
         vertex 4.530432e+00 3.350338e-01 1.700568e+01
         vertex 4.660472e+00 1.750000e+00 1.702279e+01
         vertex 4.400000e+00 3.377225e-01 1.700000e+01
      endloop
   endfacet
   facet normal -8.715590e-02 0.000000e+00 9.961947e-01
      outer loop
         vertex 4.400000e+00 3.377225e-01 1.700000e+01
         vertex 4.660472e+00 1.750000e+00 1.702279e+01
         vertex 4.400000e+00 1.750000e+00 1.700000e+01
      endloop
   endfacet
   facet normal 4.345614e-02 -0.000000e+00 9.990553e-01
      outer loop
         vertex 4.400000e+00 3.377225e-01 1.700000e+01
         vertex 4.400000e+00 1.750000e+00 1.700000e+01
         vertex 4.269756e+00 3.350414e-01 1.700567e+01
      endloop
   endfacet
   facet normal 8.715519e-02 -4.033881e-03 9.961866e-01
      outer loop
         vertex 4.269756e+00 3.350414e-01 1.700567e+01
         vertex 4.400000e+00 1.750000e+00 1.700000e+01
         vertex 4.139528e+00 1.750000e+00 1.702279e+01
      endloop
   endfacet
   facet normal 1.303634e-01 0.000000e+00 9.914663e-01
      outer loop
         vertex 4.269756e+00 3.350414e-01 1.700567e+01
         vertex 4.139528e+00 1.750000e+00 1.702279e+01
         vertex 4.139528e+00 3.270132e-01 1.702279e+01
      endloop
   endfacet
   facet normal 2.165815e-01 -0.000000e+00 9.762645e-01
      outer loop
         vertex 4.139528e+00 3.270132e-01 1.702279e+01
         vertex 4.139528e+00 1.750000e+00 1.702279e+01
         vertex 4.011352e+00 3.139293e-01 1.705122e+01
      endloop
   endfacet
   facet normal 2.588170e-01 -3.974587e-03 9.659182e-01
      outer loop
         vertex 4.011352e+00 3.139293e-01 1.705122e+01
         vertex 4.139528e+00 1.750000e+00 1.702279e+01
         vertex 3.886970e+00 1.750000e+00 1.709046e+01
      endloop
   endfacet
   facet normal 3.008436e-01 0.000000e+00 9.536735e-01
      outer loop
         vertex 4.011352e+00 3.139293e-01 1.705122e+01
         vertex 3.886970e+00 1.750000e+00 1.709046e+01
         vertex 3.886970e+00 2.963771e-01 1.709046e+01
      endloop
   endfacet
   facet normal 3.827505e-01 -0.000000e+00 9.238517e-01
      outer loop
         vertex 3.886970e+00 2.963771e-01 1.709046e+01
         vertex 3.886970e+00 1.750000e+00 1.709046e+01
         vertex 3.765885e+00 2.747709e-01 1.714063e+01
      endloop
   endfacet
   facet normal 4.226157e-01 -3.868903e-03 9.063007e-01
      outer loop
         vertex 3.765885e+00 2.747709e-01 1.714063e+01
         vertex 3.886970e+00 1.750000e+00 1.709046e+01
         vertex 3.650000e+00 1.750000e+00 1.720096e+01
      endloop
   endfacet
   facet normal 4.618080e-01 0.000000e+00 8.869799e-01
      outer loop
         vertex 3.765885e+00 2.747709e-01 1.714063e+01
         vertex 3.650000e+00 1.750000e+00 1.720096e+01
         vertex 3.650000e+00 2.500000e-01 1.720096e+01
      endloop
   endfacet
   facet normal 5.506323e-01 -0.000000e+00 8.347479e-01
      outer loop
         vertex 3.650000e+00 2.500000e-01 1.720096e+01
         vertex 3.650000e+00 1.750000e+00 1.720096e+01
         vertex 3.501035e+00 2.124265e-01 1.729923e+01
      endloop
   endfacet
   facet normal 5.735727e-01 -3.219488e-03 8.191483e-01
      outer loop
         vertex 3.501035e+00 2.124265e-01 1.729923e+01
         vertex 3.650000e+00 1.750000e+00 1.720096e+01
         vertex 3.435818e+00 1.750000e+00 1.735093e+01
      endloop
   endfacet
   facet normal 6.212815e-01 0.000000e+00 7.835875e-01
      outer loop
         vertex 3.501035e+00 2.124265e-01 1.729923e+01
         vertex 3.435818e+00 1.750000e+00 1.735093e+01
         vertex 3.435818e+00 1.939987e-01 1.735093e+01
      endloop
   endfacet
   facet normal 7.071085e-01 -0.000000e+00 7.071051e-01
      outer loop
         vertex 3.435818e+00 1.939987e-01 1.735093e+01
         vertex 3.435818e+00 1.750000e+00 1.735093e+01
         vertex 3.250934e+00 1.750000e+00 1.753582e+01
      endloop
   endfacet
   facet normal 7.071085e-01 0.000000e+00 7.071051e-01
      outer loop
         vertex 3.435818e+00 1.939987e-01 1.735093e+01
         vertex 3.250934e+00 1.750000e+00 1.753582e+01
         vertex 3.250934e+00 1.354266e-01 1.753582e+01
      endloop
   endfacet
   facet normal 8.191497e-01 -0.000000e+00 5.735797e-01
      outer loop
         vertex 3.250934e+00 1.354266e-01 1.753582e+01
         vertex 3.250934e+00 1.750000e+00 1.753582e+01
         vertex 3.100961e+00 1.750000e+00 1.775000e+01
      endloop
   endfacet
   facet normal 8.191497e-01 0.000000e+00 5.735797e-01
      outer loop
         vertex 3.250934e+00 1.354266e-01 1.753582e+01
         vertex 3.100961e+00 1.750000e+00 1.775000e+01
         vertex 3.100961e+00 8.130143e-02 1.775000e+01
      endloop
   endfacet
   facet normal 8.913949e-01 -0.000000e+00 4.532275e-01
      outer loop
         vertex 3.100961e+00 8.130143e-02 1.775000e+01
         vertex 3.100961e+00 1.750000e+00 1.775000e+01
         vertex 3.028644e+00 5.317293e-02 1.789223e+01
      endloop
   endfacet
   facet normal 9.063050e-01 -3.201694e-03 4.226121e-01
      outer loop
         vertex 3.028644e+00 5.317293e-02 1.789223e+01
         vertex 3.100961e+00 1.750000e+00 1.775000e+01
         vertex 2.990462e+00 1.750000e+00 1.798697e+01
      endloop
   endfacet
   facet normal 9.275046e-01 0.000000e+00 3.738117e-01
      outer loop
         vertex 3.028644e+00 5.317293e-02 1.789223e+01
         vertex 2.990462e+00 1.750000e+00 1.798697e+01
         vertex 2.990462e+00 3.780425e-02 1.798697e+01
      endloop
   endfacet
   facet normal 9.536668e-01 -0.000000e+00 3.008647e-01
      outer loop
         vertex 2.990462e+00 3.780425e-02 1.798697e+01
         vertex 2.990462e+00 1.750000e+00 1.798697e+01
         vertex 2.951240e+00 2.165185e-02 1.811129e+01
      endloop
   endfacet
   facet normal 9.659197e-01 -3.302337e-03 2.588209e-01
      outer loop
         vertex 2.951240e+00 2.165185e-02 1.811129e+01
         vertex 2.990462e+00 1.750000e+00 1.798697e+01
         vertex 2.922788e+00 1.750000e+00 1.823953e+01
      endloop
   endfacet
   facet normal 9.762591e-01 0.000000e+00 2.166061e-01
      outer loop
         vertex 2.951240e+00 2.165185e-02 1.811129e+01
         vertex 2.922788e+00 1.750000e+00 1.823953e+01
         vertex 2.922788e+00 9.705778e-03 1.823953e+01
      endloop
   endfacet
   facet normal 9.914632e-01 -0.000000e+00 1.303867e-01
      outer loop
         vertex 2.922788e+00 9.705778e-03 1.823953e+01
         vertex 2.922788e+00 1.750000e+00 1.823953e+01
         vertex 2.905671e+00 2.426794e-03 1.836969e+01
      endloop
   endfacet
   facet normal 9.961896e-01 -3.266492e-03 8.715236e-02
      outer loop
         vertex 2.905671e+00 2.426794e-03 1.836969e+01
         vertex 2.922788e+00 1.750000e+00 1.823953e+01
         vertex 2.900001e+00 1.750000e+00 1.850000e+01
      endloop
   endfacet
   facet normal 9.990547e-01 0.000000e+00 4.347006e-02
      outer loop
         vertex 2.905671e+00 2.426794e-03 1.836969e+01
         vertex 2.900001e+00 1.750000e+00 1.850000e+01
         vertex 2.900001e+00 0.000000e+00 1.850000e+01
      endloop
   endfacet
   facet normal 9.990524e-01 0.000000e+00 -4.352342e-02
      outer loop
         vertex 2.900001e+00 0.000000e+00 1.850000e+01
         vertex 2.900001e+00 1.750000e+00 1.850000e+01
         vertex 2.905684e+00 2.431916e-03 1.863045e+01
      endloop
   endfacet
   facet normal 9.961896e-01 -3.266011e-03 -8.715236e-02
      outer loop
         vertex 2.905684e+00 2.431916e-03 1.863045e+01
         vertex 2.900001e+00 1.750000e+00 1.850000e+01
         vertex 2.922788e+00 1.750000e+00 1.876047e+01
      endloop
   endfacet
   facet normal 9.914580e-01 0.000000e+00 -1.304262e-01
      outer loop
         vertex 2.905684e+00 2.431916e-03 1.863045e+01
         vertex 2.922788e+00 1.750000e+00 1.876047e+01
         vertex 2.922788e+00 9.705778e-03 1.876047e+01
      endloop
   endfacet
   facet normal 9.762430e-01 0.000000e+00 -2.166786e-01
      outer loop
         vertex 2.922788e+00 9.705778e-03 1.876047e+01
         vertex 2.922788e+00 1.750000e+00 1.876047e+01
         vertex 2.951300e+00 2.167677e-02 1.888893e+01
      endloop
   endfacet
   facet normal 9.659197e-01 -3.302549e-03 -2.588209e-01
      outer loop
         vertex 2.951300e+00 2.167677e-02 1.888893e+01
         vertex 2.922788e+00 1.750000e+00 1.876047e+01
         vertex 2.990462e+00 1.750000e+00 1.901303e+01
      endloop
   endfacet
   facet normal 9.536229e-01 4.963857e-06 -3.010039e-01
      outer loop
         vertex 2.951300e+00 2.167677e-02 1.888893e+01
         vertex 2.990462e+00 1.750000e+00 1.901303e+01
         vertex 2.990531e+00 3.783242e-02 1.901322e+01
      endloop
   endfacet
   facet normal 9.274786e-01 -4.179686e-06 -3.738761e-01
      outer loop
         vertex 2.990531e+00 3.783242e-02 1.901322e+01
         vertex 2.990462e+00 1.750000e+00 1.901303e+01
         vertex 3.028644e+00 5.317293e-02 1.910777e+01
      endloop
   endfacet
   facet normal 9.063050e-01 -3.201694e-03 -4.226121e-01
      outer loop
         vertex 3.028644e+00 5.317293e-02 1.910777e+01
         vertex 2.990462e+00 1.750000e+00 1.901303e+01
         vertex 3.100961e+00 1.750000e+00 1.925000e+01
      endloop
   endfacet
   facet normal 8.913949e-01 0.000000e+00 -4.532275e-01
      outer loop
         vertex 3.028644e+00 5.317293e-02 1.910777e+01
         vertex 3.100961e+00 1.750000e+00 1.925000e+01
         vertex 3.100961e+00 8.130143e-02 1.925000e+01
      endloop
   endfacet
   facet normal 8.191497e-01 0.000000e+00 -5.735797e-01
      outer loop
         vertex 3.100961e+00 8.130143e-02 1.925000e+01
         vertex 3.100961e+00 1.750000e+00 1.925000e+01
         vertex 3.250934e+00 1.750000e+00 1.946418e+01
      endloop
   endfacet
   facet normal 8.191497e-01 0.000000e+00 -5.735797e-01
      outer loop
         vertex 3.100961e+00 8.130143e-02 1.925000e+01
         vertex 3.250934e+00 1.750000e+00 1.946418e+01
         vertex 3.250934e+00 1.354266e-01 1.946418e+01
      endloop
   endfacet
   facet normal 7.071085e-01 0.000000e+00 -7.071051e-01
      outer loop
         vertex 3.250934e+00 1.354266e-01 1.946418e+01
         vertex 3.250934e+00 1.750000e+00 1.946418e+01
         vertex 3.435818e+00 1.750000e+00 1.964907e+01
      endloop
   endfacet
   facet normal 7.071085e-01 0.000000e+00 -7.071051e-01
      outer loop
         vertex 3.250934e+00 1.354266e-01 1.946418e+01
         vertex 3.435818e+00 1.750000e+00 1.964907e+01
         vertex 3.435818e+00 1.939987e-01 1.964907e+01
      endloop
   endfacet
   facet normal 5.735757e-01 0.000000e+00 -8.191526e-01
      outer loop
         vertex 3.650000e+00 1.750000e+00 1.979904e+01
         vertex 3.650000e+00 2.500000e-01 1.979904e+01
         vertex 3.435818e+00 1.750000e+00 1.964907e+01
      endloop
   endfacet
   facet normal 5.514457e-01 -4.664122e-03 -8.341977e-01
      outer loop
         vertex 3.435818e+00 1.750000e+00 1.964907e+01
         vertex 3.650000e+00 2.500000e-01 1.979904e+01
         vertex 3.501035e+00 2.124265e-01 1.970078e+01
      endloop
   endfacet
   facet normal 6.212815e-01 0.000000e+00 -7.835875e-01
      outer loop
         vertex 3.435818e+00 1.750000e+00 1.964907e+01
         vertex 3.501035e+00 2.124265e-01 1.970078e+01
         vertex 3.435818e+00 1.939987e-01 1.964907e+01
      endloop
   endfacet
   facet normal 2.588191e-01 0.000000e+00 -9.659258e-01
      outer loop
         vertex 3.886970e+00 1.750000e+00 1.990954e+01
         vertex 4.139528e+00 1.750000e+00 1.997721e+01
         vertex 4.139528e+00 3.270132e-01 1.997721e+01
      endloop
   endfacet
   facet normal 2.172300e-01 -7.864724e-03 -9.760888e-01
      outer loop
         vertex 4.139528e+00 3.270132e-01 1.997721e+01
         vertex 4.011679e+00 3.139691e-01 1.994886e+01
         vertex 3.886970e+00 1.750000e+00 1.990954e+01
      endloop
   endfacet
   facet normal 3.007348e-01 0.000000e+00 -9.537078e-01
      outer loop
         vertex 3.886970e+00 1.750000e+00 1.990954e+01
         vertex 4.011679e+00 3.139691e-01 1.994886e+01
         vertex 3.886970e+00 2.963771e-01 1.990954e+01
      endloop
   endfacet
   facet normal 4.226188e-01 0.000000e+00 -9.063075e-01
      outer loop
         vertex 3.886970e+00 1.750000e+00 1.990954e+01
         vertex 3.886970e+00 2.963771e-01 1.990954e+01
         vertex 3.650000e+00 1.750000e+00 1.979904e+01
      endloop
   endfacet
   facet normal 3.840199e-01 -7.583645e-03 -9.232937e-01
      outer loop
         vertex 3.650000e+00 1.750000e+00 1.979904e+01
         vertex 3.886970e+00 2.963771e-01 1.990954e+01
         vertex 3.765509e+00 2.746971e-01 1.985920e+01
      endloop
   endfacet
   facet normal 4.619330e-01 0.000000e+00 -8.869148e-01
      outer loop
         vertex 3.650000e+00 1.750000e+00 1.979904e+01
         vertex 3.765509e+00 2.746971e-01 1.985920e+01
         vertex 3.650000e+00 2.500000e-01 1.979904e+01
      endloop
   endfacet
   facet normal -2.163441e-01 0.000000e+00 -9.763172e-01
      outer loop
         vertex 4.787944e+00 3.140150e-01 1.994897e+01
         vertex 4.660472e+00 3.270132e-01 1.997721e+01
         vertex 4.660472e+00 1.750000e+00 1.997721e+01
      endloop
   endfacet
   facet normal -1.307270e-01 -0.000000e+00 -9.914184e-01
      outer loop
         vertex 4.660472e+00 1.750000e+00 1.997721e+01
         vertex 4.660472e+00 3.270132e-01 1.997721e+01
         vertex 4.531337e+00 3.349963e-01 1.999424e+01
      endloop
   endfacet
   facet normal -8.715519e-02 -4.033809e-03 -9.961866e-01
      outer loop
         vertex 4.660472e+00 1.750000e+00 1.997721e+01
         vertex 4.531337e+00 3.349963e-01 1.999424e+01
         vertex 4.400000e+00 1.750000e+00 2.000000e+01
      endloop
   endfacet
   facet normal -4.382070e-02 -0.000000e+00 -9.990394e-01
      outer loop
         vertex 4.400000e+00 1.750000e+00 2.000000e+01
         vertex 4.531337e+00 3.349963e-01 1.999424e+01
         vertex 4.400000e+00 3.377225e-01 2.000000e+01
      endloop
   endfacet
   facet normal 8.715590e-02 0.000000e+00 -9.961947e-01
      outer loop
         vertex 4.400000e+00 1.750000e+00 2.000000e+01
         vertex 4.400000e+00 3.377225e-01 2.000000e+01
         vertex 4.139528e+00 1.750000e+00 1.997721e+01
      endloop
   endfacet
   facet normal 4.403706e-02 -7.997822e-03 -9.989979e-01
      outer loop
         vertex 4.139528e+00 1.750000e+00 1.997721e+01
         vertex 4.400000e+00 3.377225e-01 2.000000e+01
         vertex 4.268508e+00 3.349897e-01 1.999423e+01
      endloop
   endfacet
   facet normal 1.307782e-01 0.000000e+00 -9.914117e-01
      outer loop
         vertex 4.139528e+00 1.750000e+00 1.997721e+01
         vertex 4.268508e+00 3.349897e-01 1.999423e+01
         vertex 4.139528e+00 3.270132e-01 1.997721e+01
      endloop
   endfacet
   facet normal -0.000000e+00 -9.961947e-01 -8.715580e-02
      outer loop
         vertex 1.300000e+01 0.000000e+00 3.500001e+00
         vertex 1.000000e+01 0.000000e+00 3.500001e+00
         vertex 1.000000e+01 5.317293e-02 2.892232e+00
      endloop
   endfacet
   facet normal 0.000000e+00 -9.961947e-01 -8.715580e-02
      outer loop
         vertex 1.300000e+01 0.000000e+00 3.500001e+00
         vertex 1.000000e+01 5.317293e-02 2.892232e+00
         vertex 1.300000e+01 5.317293e-02 2.892232e+00
      endloop
   endfacet
   facet normal -0.000000e+00 -9.659258e-01 -2.588191e-01
      outer loop
         vertex 1.300000e+01 5.317293e-02 2.892232e+00
         vertex 1.000000e+01 5.317293e-02 2.892232e+00
         vertex 1.000000e+01 2.110759e-01 2.302930e+00
      endloop
   endfacet
   facet normal 0.000000e+00 -9.659258e-01 -2.588191e-01
      outer loop
         vertex 1.300000e+01 5.317293e-02 2.892232e+00
         vertex 1.000000e+01 2.110759e-01 2.302930e+00
         vertex 1.300000e+01 2.110759e-01 2.302930e+00
      endloop
   endfacet
   facet normal -0.000000e+00 -9.063079e-01 -4.226180e-01
      outer loop
         vertex 1.300000e+01 2.110759e-01 2.302930e+00
         vertex 1.000000e+01 2.110759e-01 2.302930e+00
         vertex 1.000000e+01 4.689111e-01 1.750000e+00
      endloop
   endfacet
   facet normal 0.000000e+00 -9.063079e-01 -4.226180e-01
      outer loop
         vertex 1.300000e+01 2.110759e-01 2.302930e+00
         vertex 1.000000e+01 4.689111e-01 1.750000e+00
         vertex 1.300000e+01 4.689111e-01 1.750000e+00
      endloop
   endfacet
   facet normal -0.000000e+00 -8.191521e-01 -5.735763e-01
      outer loop
         vertex 1.300000e+01 4.689111e-01 1.750000e+00
         vertex 1.000000e+01 4.689111e-01 1.750000e+00
         vertex 1.000000e+01 8.188447e-01 1.250243e+00
      endloop
   endfacet
   facet normal 0.000000e+00 -8.191521e-01 -5.735763e-01
      outer loop
         vertex 1.300000e+01 4.689111e-01 1.750000e+00
         vertex 1.000000e+01 8.188447e-01 1.250243e+00
         vertex 1.300000e+01 8.188447e-01 1.250243e+00
      endloop
   endfacet
   facet normal -0.000000e+00 -7.071060e-01 -7.071075e-01
      outer loop
         vertex 1.300000e+01 8.188447e-01 1.250243e+00
         vertex 1.000000e+01 8.188447e-01 1.250243e+00
         vertex 1.000000e+01 1.250244e+00 8.188449e-01
      endloop
   endfacet
   facet normal 0.000000e+00 -7.071060e-01 -7.071075e-01
      outer loop
         vertex 1.300000e+01 8.188447e-01 1.250243e+00
         vertex 1.000000e+01 1.250244e+00 8.188449e-01
         vertex 1.300000e+01 1.250244e+00 8.188449e-01
      endloop
   endfacet
   facet normal -0.000000e+00 -5.735764e-01 -8.191521e-01
      outer loop
         vertex 1.300000e+01 1.250244e+00 8.188449e-01
         vertex 1.000000e+01 1.250244e+00 8.188449e-01
         vertex 1.000000e+01 1.750000e+00 4.689116e-01
      endloop
   endfacet
   facet normal 0.000000e+00 -5.735764e-01 -8.191521e-01
      outer loop
         vertex 1.300000e+01 1.250244e+00 8.188449e-01
         vertex 1.000000e+01 1.750000e+00 4.689116e-01
         vertex 1.300000e+01 1.750000e+00 4.689116e-01
      endloop
   endfacet
   facet normal -0.000000e+00 -4.226176e-01 -9.063081e-01
      outer loop
         vertex 1.300000e+01 1.750000e+00 4.689116e-01
         vertex 1.000000e+01 1.750000e+00 4.689116e-01
         vertex 1.000000e+01 2.302930e+00 2.110768e-01
      endloop
   endfacet
   facet normal 0.000000e+00 -4.226176e-01 -9.063081e-01
      outer loop
         vertex 1.300000e+01 1.750000e+00 4.689116e-01
         vertex 1.000000e+01 2.302930e+00 2.110768e-01
         vertex 1.300000e+01 2.302930e+00 2.110768e-01
      endloop
   endfacet
   facet normal -0.000000e+00 -2.588205e-01 -9.659254e-01
      outer loop
         vertex 1.300000e+01 2.302930e+00 2.110768e-01
         vertex 1.000000e+01 2.302930e+00 2.110768e-01
         vertex 1.000000e+01 2.892232e+00 5.317293e-02
      endloop
   endfacet
   facet normal 0.000000e+00 -2.588205e-01 -9.659254e-01
      outer loop
         vertex 1.300000e+01 2.302930e+00 2.110768e-01
         vertex 1.000000e+01 2.892232e+00 5.317293e-02
         vertex 1.300000e+01 2.892232e+00 5.317293e-02
      endloop
   endfacet
   facet normal -0.000000e+00 -8.715585e-02 -9.961947e-01
      outer loop
         vertex 1.300000e+01 2.892232e+00 5.317293e-02
         vertex 1.000000e+01 2.892232e+00 5.317293e-02
         vertex 1.000000e+01 3.500000e+00 0.000000e+00
      endloop
   endfacet
   facet normal 0.000000e+00 -8.715585e-02 -9.961947e-01
      outer loop
         vertex 1.300000e+01 2.892232e+00 5.317293e-02
         vertex 1.000000e+01 3.500000e+00 0.000000e+00
         vertex 1.300000e+01 3.500000e+00 0.000000e+00
      endloop
   endfacet
   facet normal 0.000000e+00 8.715585e-02 -9.961947e-01
      outer loop
         vertex 1.300000e+01 3.500000e+00 0.000000e+00
         vertex 1.000000e+01 3.500000e+00 0.000000e+00
         vertex 1.000000e+01 4.107769e+00 5.317293e-02
      endloop
   endfacet
   facet normal 0.000000e+00 8.715585e-02 -9.961947e-01
      outer loop
         vertex 1.300000e+01 3.500000e+00 0.000000e+00
         vertex 1.000000e+01 4.107769e+00 5.317293e-02
         vertex 1.300000e+01 4.107769e+00 5.317293e-02
      endloop
   endfacet
   facet normal 0.000000e+00 2.588205e-01 -9.659254e-01
      outer loop
         vertex 1.300000e+01 4.107769e+00 5.317293e-02
         vertex 1.000000e+01 4.107769e+00 5.317293e-02
         vertex 1.000000e+01 4.697071e+00 2.110768e-01
      endloop
   endfacet
   facet normal 0.000000e+00 2.588205e-01 -9.659254e-01
      outer loop
         vertex 1.300000e+01 4.107769e+00 5.317293e-02
         vertex 1.000000e+01 4.697071e+00 2.110768e-01
         vertex 1.300000e+01 4.697071e+00 2.110768e-01
      endloop
   endfacet
   facet normal 0.000000e+00 4.226176e-01 -9.063081e-01
      outer loop
         vertex 1.300000e+01 4.697071e+00 2.110768e-01
         vertex 1.000000e+01 4.697071e+00 2.110768e-01
         vertex 1.000000e+01 5.250000e+00 4.689116e-01
      endloop
   endfacet
   facet normal 0.000000e+00 4.226176e-01 -9.063081e-01
      outer loop
         vertex 1.300000e+01 4.697071e+00 2.110768e-01
         vertex 1.000000e+01 5.250000e+00 4.689116e-01
         vertex 1.300000e+01 5.250000e+00 4.689116e-01
      endloop
   endfacet
   facet normal 0.000000e+00 5.735764e-01 -8.191521e-01
      outer loop
         vertex 1.300000e+01 5.250000e+00 4.689116e-01
         vertex 1.000000e+01 5.250000e+00 4.689116e-01
         vertex 1.000000e+01 5.749757e+00 8.188449e-01
      endloop
   endfacet
   facet normal 0.000000e+00 5.735764e-01 -8.191521e-01
      outer loop
         vertex 1.300000e+01 5.250000e+00 4.689116e-01
         vertex 1.000000e+01 5.749757e+00 8.188449e-01
         vertex 1.300000e+01 5.749757e+00 8.188449e-01
      endloop
   endfacet
   facet normal 0.000000e+00 7.071060e-01 -7.071075e-01
      outer loop
         vertex 1.300000e+01 5.749757e+00 8.188449e-01
         vertex 1.000000e+01 5.749757e+00 8.188449e-01
         vertex 1.000000e+01 6.181156e+00 1.250243e+00
      endloop
   endfacet
   facet normal 0.000000e+00 7.071060e-01 -7.071075e-01
      outer loop
         vertex 1.300000e+01 5.749757e+00 8.188449e-01
         vertex 1.000000e+01 6.181156e+00 1.250243e+00
         vertex 1.300000e+01 6.181156e+00 1.250243e+00
      endloop
   endfacet
   facet normal 0.000000e+00 8.191521e-01 -5.735763e-01
      outer loop
         vertex 1.300000e+01 6.181156e+00 1.250243e+00
         vertex 1.000000e+01 6.181156e+00 1.250243e+00
         vertex 1.000000e+01 6.531089e+00 1.750000e+00
      endloop
   endfacet
   facet normal 0.000000e+00 8.191521e-01 -5.735763e-01
      outer loop
         vertex 1.300000e+01 6.181156e+00 1.250243e+00
         vertex 1.000000e+01 6.531089e+00 1.750000e+00
         vertex 1.300000e+01 6.531089e+00 1.750000e+00
      endloop
   endfacet
   facet normal 0.000000e+00 9.063079e-01 -4.226180e-01
      outer loop
         vertex 1.300000e+01 6.531089e+00 1.750000e+00
         vertex 1.000000e+01 6.531089e+00 1.750000e+00
         vertex 1.000000e+01 6.788924e+00 2.302930e+00
      endloop
   endfacet
   facet normal 0.000000e+00 9.063079e-01 -4.226180e-01
      outer loop
         vertex 1.300000e+01 6.531089e+00 1.750000e+00
         vertex 1.000000e+01 6.788924e+00 2.302930e+00
         vertex 1.300000e+01 6.788924e+00 2.302930e+00
      endloop
   endfacet
   facet normal 0.000000e+00 9.659258e-01 -2.588191e-01
      outer loop
         vertex 1.300000e+01 6.788924e+00 2.302930e+00
         vertex 1.000000e+01 6.788924e+00 2.302930e+00
         vertex 1.000000e+01 6.946827e+00 2.892232e+00
      endloop
   endfacet
   facet normal 0.000000e+00 9.659258e-01 -2.588191e-01
      outer loop
         vertex 1.300000e+01 6.788924e+00 2.302930e+00
         vertex 1.000000e+01 6.946827e+00 2.892232e+00
         vertex 1.300000e+01 6.946827e+00 2.892232e+00
      endloop
   endfacet
   facet normal 0.000000e+00 9.961947e-01 -8.715580e-02
      outer loop
         vertex 1.300000e+01 6.946827e+00 2.892232e+00
         vertex 1.000000e+01 6.946827e+00 2.892232e+00
         vertex 1.000000e+01 7.000000e+00 3.500001e+00
      endloop
   endfacet
   facet normal 0.000000e+00 9.961947e-01 -8.715580e-02
      outer loop
         vertex 1.300000e+01 6.946827e+00 2.892232e+00
         vertex 1.000000e+01 7.000000e+00 3.500001e+00
         vertex 1.300000e+01 7.000000e+00 3.500001e+00
      endloop
   endfacet
   facet normal 1.000000e+00 0.000000e+00 -0.000000e+00
      outer loop
         vertex 1.300000e+01 1.333423e+00 3.882026e+00
         vertex 1.300000e+01 1.432676e+00 4.252445e+00
         vertex 1.300000e+01 0.000000e+00 3.500001e+00
      endloop
   endfacet
   facet normal 1.000000e+00 0.000000e+00 -0.000000e+00
      outer loop
         vertex 1.300000e+01 1.814702e+00 4.914133e+00
         vertex 1.300000e+01 2.085867e+00 5.185298e+00
         vertex 1.300000e+01 0.000000e+00 1.656351e+01
      endloop
   endfacet
   facet normal 1.000000e+00 0.000000e+00 0.000000e+00
      outer loop
         vertex 1.300000e+01 7.435449e-01 1.560139e+01
         vertex 1.300000e+01 3.704368e-01 1.600885e+01
         vertex 1.300000e+01 2.747556e+00 5.567324e+00
      endloop
   endfacet
   facet normal 1.000000e+00 0.000000e+00 0.000000e+00
      outer loop
         vertex 1.300000e+01 0.000000e+00 3.500001e+00
         vertex 1.300000e+01 1.432676e+00 4.252445e+00
         vertex 1.300000e+01 0.000000e+00 1.656351e+01
      endloop
   endfacet
   facet normal 1.000000e+00 0.000000e+00 0.000000e+00
      outer loop
         vertex 1.300000e+01 0.000000e+00 1.656351e+01
         vertex 1.300000e+01 1.432676e+00 4.252445e+00
         vertex 1.300000e+01 1.594744e+00 4.600001e+00
      endloop
   endfacet
   facet normal 1.000000e+00 0.000000e+00 0.000000e+00
      outer loop
         vertex 1.300000e+01 0.000000e+00 1.656351e+01
         vertex 1.300000e+01 1.594744e+00 4.600001e+00
         vertex 1.300000e+01 1.814702e+00 4.914133e+00
      endloop
   endfacet
   facet normal 1.000000e+00 0.000000e+00 -0.000000e+00
      outer loop
         vertex 1.300000e+01 2.085867e+00 5.185298e+00
         vertex 1.300000e+01 2.400000e+00 5.405257e+00
         vertex 1.300000e+01 0.000000e+00 1.656351e+01
      endloop
   endfacet
   facet normal 1.000000e+00 0.000000e+00 0.000000e+00
      outer loop
         vertex 1.300000e+01 0.000000e+00 1.656351e+01
         vertex 1.300000e+01 2.400000e+00 5.405257e+00
         vertex 1.300000e+01 2.747556e+00 5.567324e+00
      endloop
   endfacet
   facet normal 1.000000e+00 0.000000e+00 0.000000e+00
      outer loop
         vertex 1.300000e+01 0.000000e+00 1.656351e+01
         vertex 1.300000e+01 2.747556e+00 5.567324e+00
         vertex 1.300000e+01 5.703210e-02 1.646383e+01
      endloop
   endfacet
   facet normal 1.000000e+00 0.000000e+00 0.000000e+00
      outer loop
         vertex 1.300000e+01 5.703210e-02 1.646383e+01
         vertex 1.300000e+01 2.747556e+00 5.567324e+00
         vertex 1.300000e+01 3.704368e-01 1.600885e+01
      endloop
   endfacet
   facet normal 1.000000e+00 0.000000e+00 0.000000e+00
      outer loop
         vertex 1.300000e+01 2.676550e+00 1.458568e+01
         vertex 1.300000e+01 3.117974e+00 5.666577e+00
         vertex 1.300000e+01 3.223760e+00 1.450955e+01
      endloop
   endfacet
   facet normal 1.000000e+00 0.000000e+00 0.000000e+00
      outer loop
         vertex 1.300000e+01 3.223760e+00 1.450955e+01
         vertex 1.300000e+01 3.117974e+00 5.666577e+00
         vertex 1.300000e+01 3.500000e+00 5.700001e+00
      endloop
   endfacet
   facet normal 1.000000e+00 -0.000000e+00 0.000000e+00
      outer loop
         vertex 1.300000e+01 3.223760e+00 1.450955e+01
         vertex 1.300000e+01 3.500000e+00 5.700001e+00
         vertex 1.300000e+01 3.776240e+00 1.450955e+01
      endloop
   endfacet
   facet normal 1.000000e+00 0.000000e+00 0.000000e+00
      outer loop
         vertex 1.300000e+01 3.776240e+00 1.450955e+01
         vertex 1.300000e+01 3.500000e+00 5.700001e+00
         vertex 1.300000e+01 3.882026e+00 5.666577e+00
      endloop
   endfacet
   facet normal 1.000000e+00 -0.000000e+00 0.000000e+00
      outer loop
         vertex 1.300000e+01 3.776240e+00 1.450955e+01
         vertex 1.300000e+01 3.882026e+00 5.666577e+00
         vertex 1.300000e+01 4.323451e+00 1.458568e+01
      endloop
   endfacet
   facet normal 1.000000e+00 -0.000000e+00 0.000000e+00
      outer loop
         vertex 1.300000e+01 4.323451e+00 1.458568e+01
         vertex 1.300000e+01 3.882026e+00 5.666577e+00
         vertex 1.300000e+01 4.854952e+00 1.473648e+01
      endloop
   endfacet
   facet normal 1.000000e+00 0.000000e+00 0.000000e+00
      outer loop
         vertex 1.300000e+01 2.676550e+00 1.458568e+01
         vertex 1.300000e+01 2.145048e+00 1.473648e+01
         vertex 1.300000e+01 3.117974e+00 5.666577e+00
      endloop
   endfacet
   facet normal 1.000000e+00 0.000000e+00 0.000000e+00
      outer loop
         vertex 1.300000e+01 3.117974e+00 5.666577e+00
         vertex 1.300000e+01 2.145048e+00 1.473648e+01
         vertex 1.300000e+01 1.639396e+00 1.495908e+01
      endloop
   endfacet
   facet normal 1.000000e+00 0.000000e+00 0.000000e+00
      outer loop
         vertex 1.300000e+01 3.117974e+00 5.666577e+00
         vertex 1.300000e+01 1.639396e+00 1.495908e+01
         vertex 1.300000e+01 2.747556e+00 5.567324e+00
      endloop
   endfacet
   facet normal 1.000000e+00 0.000000e+00 0.000000e+00
      outer loop
         vertex 1.300000e+01 2.747556e+00 5.567324e+00
         vertex 1.300000e+01 1.639396e+00 1.495908e+01
         vertex 1.300000e+01 1.169238e+00 1.524922e+01
      endloop
   endfacet
   facet normal 1.000000e+00 0.000000e+00 0.000000e+00
      outer loop
         vertex 1.300000e+01 2.747556e+00 5.567324e+00
         vertex 1.300000e+01 1.169238e+00 1.524922e+01
         vertex 1.300000e+01 7.435449e-01 1.560139e+01
      endloop
   endfacet
   facet normal 1.000000e+00 0.000000e+00 0.000000e+00
      outer loop
         vertex 1.300000e+01 7.000000e+00 1.656351e+01
         vertex 1.300000e+01 4.600000e+00 5.405257e+00
         vertex 1.300000e+01 4.914133e+00 5.185298e+00
      endloop
   endfacet
   facet normal 1.000000e+00 0.000000e+00 -0.000000e+00
      outer loop
         vertex 1.300000e+01 4.600000e+00 5.405257e+00
         vertex 1.300000e+01 7.000000e+00 1.656351e+01
         vertex 1.300000e+01 4.252444e+00 5.567324e+00
      endloop
   endfacet
   facet normal 1.000000e+00 0.000000e+00 0.000000e+00
      outer loop
         vertex 1.300000e+01 4.252444e+00 5.567324e+00
         vertex 1.300000e+01 7.000000e+00 1.656351e+01
         vertex 1.300000e+01 6.942968e+00 1.646383e+01
      endloop
   endfacet
   facet normal 1.000000e+00 0.000000e+00 0.000000e+00
      outer loop
         vertex 1.300000e+01 4.252444e+00 5.567324e+00
         vertex 1.300000e+01 6.942968e+00 1.646383e+01
         vertex 1.300000e+01 6.629563e+00 1.600885e+01
      endloop
   endfacet
   facet normal 1.000000e+00 -0.000000e+00 -0.000000e+00
      outer loop
         vertex 1.300000e+01 5.567324e+00 4.252445e+00
         vertex 1.300000e+01 7.000000e+00 3.500001e+00
         vertex 1.300000e+01 5.405256e+00 4.600001e+00
      endloop
   endfacet
   facet normal 1.000000e+00 -0.000000e+00 0.000000e+00
      outer loop
         vertex 1.300000e+01 5.405256e+00 4.600001e+00
         vertex 1.300000e+01 7.000000e+00 3.500001e+00
         vertex 1.300000e+01 7.000000e+00 1.656351e+01
      endloop
   endfacet
   facet normal 1.000000e+00 0.000000e+00 -0.000000e+00
      outer loop
         vertex 1.300000e+01 5.405256e+00 4.600001e+00
         vertex 1.300000e+01 7.000000e+00 1.656351e+01
         vertex 1.300000e+01 5.185298e+00 4.914133e+00
      endloop
   endfacet
   facet normal 1.000000e+00 0.000000e+00 -0.000000e+00
      outer loop
         vertex 1.300000e+01 5.185298e+00 4.914133e+00
         vertex 1.300000e+01 7.000000e+00 1.656351e+01
         vertex 1.300000e+01 4.914133e+00 5.185298e+00
      endloop
   endfacet
   facet normal 1.000000e+00 0.000000e+00 0.000000e+00
      outer loop
         vertex 1.300000e+01 5.567324e+00 4.252445e+00
         vertex 1.300000e+01 5.666577e+00 3.882026e+00
         vertex 1.300000e+01 7.000000e+00 3.500001e+00
      endloop
   endfacet
   facet normal 1.000000e+00 0.000000e+00 0.000000e+00
      outer loop
         vertex 1.300000e+01 7.000000e+00 3.500001e+00
         vertex 1.300000e+01 5.666577e+00 3.882026e+00
         vertex 1.300000e+01 5.700000e+00 3.500001e+00
      endloop
   endfacet
   facet normal 1.000000e+00 0.000000e+00 0.000000e+00
      outer loop
         vertex 1.300000e+01 7.000000e+00 3.500001e+00
         vertex 1.300000e+01 5.700000e+00 3.500001e+00
         vertex 1.300000e+01 6.946827e+00 2.892232e+00
      endloop
   endfacet
   facet normal 1.000000e+00 0.000000e+00 0.000000e+00
      outer loop
         vertex 1.300000e+01 6.946827e+00 2.892232e+00
         vertex 1.300000e+01 5.700000e+00 3.500001e+00
         vertex 1.300000e+01 5.666577e+00 3.117974e+00
      endloop
   endfacet
   facet normal 1.000000e+00 0.000000e+00 0.000000e+00
      outer loop
         vertex 1.300000e+01 6.946827e+00 2.892232e+00
         vertex 1.300000e+01 5.666577e+00 3.117974e+00
         vertex 1.300000e+01 6.788924e+00 2.302930e+00
      endloop
   endfacet
   facet normal 1.000000e+00 0.000000e+00 0.000000e+00
      outer loop
         vertex 1.300000e+01 6.788924e+00 2.302930e+00
         vertex 1.300000e+01 5.666577e+00 3.117974e+00
         vertex 1.300000e+01 5.567324e+00 2.747556e+00
      endloop
   endfacet
   facet normal 1.000000e+00 0.000000e+00 0.000000e+00
      outer loop
         vertex 1.300000e+01 6.788924e+00 2.302930e+00
         vertex 1.300000e+01 5.567324e+00 2.747556e+00
         vertex 1.300000e+01 6.531089e+00 1.750000e+00
      endloop
   endfacet
   facet normal 1.000000e+00 0.000000e+00 0.000000e+00
      outer loop
         vertex 1.300000e+01 6.531089e+00 1.750000e+00
         vertex 1.300000e+01 5.567324e+00 2.747556e+00
         vertex 1.300000e+01 5.405256e+00 2.400000e+00
      endloop
   endfacet
   facet normal 1.000000e+00 0.000000e+00 0.000000e+00
      outer loop
         vertex 1.300000e+01 6.531089e+00 1.750000e+00
         vertex 1.300000e+01 5.405256e+00 2.400000e+00
         vertex 1.300000e+01 6.181156e+00 1.250243e+00
      endloop
   endfacet
   facet normal 1.000000e+00 0.000000e+00 0.000000e+00
      outer loop
         vertex 1.300000e+01 6.181156e+00 1.250243e+00
         vertex 1.300000e+01 5.405256e+00 2.400000e+00
         vertex 1.300000e+01 5.185298e+00 2.085868e+00
      endloop
   endfacet
   facet normal 1.000000e+00 0.000000e+00 0.000000e+00
      outer loop
         vertex 1.300000e+01 6.181156e+00 1.250243e+00
         vertex 1.300000e+01 5.185298e+00 2.085868e+00
         vertex 1.300000e+01 5.749757e+00 8.188449e-01
      endloop
   endfacet
   facet normal 1.000000e+00 0.000000e+00 0.000000e+00
      outer loop
         vertex 1.300000e+01 5.749757e+00 8.188449e-01
         vertex 1.300000e+01 5.185298e+00 2.085868e+00
         vertex 1.300000e+01 4.914133e+00 1.814703e+00
      endloop
   endfacet
   facet normal 1.000000e+00 0.000000e+00 0.000000e+00
      outer loop
         vertex 1.300000e+01 5.749757e+00 8.188449e-01
         vertex 1.300000e+01 4.914133e+00 1.814703e+00
         vertex 1.300000e+01 5.250000e+00 4.689116e-01
      endloop
   endfacet
   facet normal 1.000000e+00 0.000000e+00 0.000000e+00
      outer loop
         vertex 1.300000e+01 5.250000e+00 4.689116e-01
         vertex 1.300000e+01 4.914133e+00 1.814703e+00
         vertex 1.300000e+01 4.600000e+00 1.594745e+00
      endloop
   endfacet
   facet normal 1.000000e+00 0.000000e+00 0.000000e+00
      outer loop
         vertex 1.300000e+01 5.250000e+00 4.689116e-01
         vertex 1.300000e+01 4.600000e+00 1.594745e+00
         vertex 1.300000e+01 4.697071e+00 2.110768e-01
      endloop
   endfacet
   facet normal 1.000000e+00 0.000000e+00 0.000000e+00
      outer loop
         vertex 1.300000e+01 4.697071e+00 2.110768e-01
         vertex 1.300000e+01 4.600000e+00 1.594745e+00
         vertex 1.300000e+01 4.252444e+00 1.432676e+00
      endloop
   endfacet
   facet normal 1.000000e+00 0.000000e+00 0.000000e+00
      outer loop
         vertex 1.300000e+01 4.697071e+00 2.110768e-01
         vertex 1.300000e+01 4.252444e+00 1.432676e+00
         vertex 1.300000e+01 4.107769e+00 5.317293e-02
      endloop
   endfacet
   facet normal 1.000000e+00 0.000000e+00 -0.000000e+00
      outer loop
         vertex 1.300000e+01 4.107769e+00 5.317293e-02
         vertex 1.300000e+01 4.252444e+00 1.432676e+00
         vertex 1.300000e+01 3.882026e+00 1.333423e+00
      endloop
   endfacet
   facet normal 1.000000e+00 0.000000e+00 0.000000e+00
      outer loop
         vertex 1.300000e+01 4.107769e+00 5.317293e-02
         vertex 1.300000e+01 3.882026e+00 1.333423e+00
         vertex 1.300000e+01 3.500000e+00 0.000000e+00
      endloop
   endfacet
   facet normal 1.000000e+00 0.000000e+00 0.000000e+00
      outer loop
         vertex 1.300000e+01 3.500000e+00 0.000000e+00
         vertex 1.300000e+01 3.882026e+00 1.333423e+00
         vertex 1.300000e+01 3.500000e+00 1.300000e+00
      endloop
   endfacet
   facet normal 1.000000e+00 0.000000e+00 -0.000000e+00
      outer loop
         vertex 1.300000e+01 3.500000e+00 0.000000e+00
         vertex 1.300000e+01 3.500000e+00 1.300000e+00
         vertex 1.300000e+01 2.892232e+00 5.317293e-02
      endloop
   endfacet
   facet normal 1.000000e+00 0.000000e+00 0.000000e+00
      outer loop
         vertex 1.300000e+01 2.892232e+00 5.317293e-02
         vertex 1.300000e+01 3.500000e+00 1.300000e+00
         vertex 1.300000e+01 3.117974e+00 1.333423e+00
      endloop
   endfacet
   facet normal 1.000000e+00 0.000000e+00 -0.000000e+00
      outer loop
         vertex 1.300000e+01 2.892232e+00 5.317293e-02
         vertex 1.300000e+01 3.117974e+00 1.333423e+00
         vertex 1.300000e+01 2.302930e+00 2.110768e-01
      endloop
   endfacet
   facet normal 1.000000e+00 0.000000e+00 0.000000e+00
      outer loop
         vertex 1.300000e+01 2.302930e+00 2.110768e-01
         vertex 1.300000e+01 3.117974e+00 1.333423e+00
         vertex 1.300000e+01 2.747556e+00 1.432676e+00
      endloop
   endfacet
   facet normal 1.000000e+00 0.000000e+00 -0.000000e+00
      outer loop
         vertex 1.300000e+01 2.302930e+00 2.110768e-01
         vertex 1.300000e+01 2.747556e+00 1.432676e+00
         vertex 1.300000e+01 1.750000e+00 4.689116e-01
      endloop
   endfacet
   facet normal 1.000000e+00 0.000000e+00 0.000000e+00
      outer loop
         vertex 1.300000e+01 1.750000e+00 4.689116e-01
         vertex 1.300000e+01 2.747556e+00 1.432676e+00
         vertex 1.300000e+01 2.400000e+00 1.594745e+00
      endloop
   endfacet
   facet normal 1.000000e+00 0.000000e+00 -0.000000e+00
      outer loop
         vertex 1.300000e+01 1.750000e+00 4.689116e-01
         vertex 1.300000e+01 2.400000e+00 1.594745e+00
         vertex 1.300000e+01 1.250244e+00 8.188449e-01
      endloop
   endfacet
   facet normal 1.000000e+00 0.000000e+00 0.000000e+00
      outer loop
         vertex 1.300000e+01 1.250244e+00 8.188449e-01
         vertex 1.300000e+01 2.400000e+00 1.594745e+00
         vertex 1.300000e+01 2.085867e+00 1.814703e+00
      endloop
   endfacet
   facet normal 1.000000e+00 0.000000e+00 -0.000000e+00
      outer loop
         vertex 1.300000e+01 1.250244e+00 8.188449e-01
         vertex 1.300000e+01 2.085867e+00 1.814703e+00
         vertex 1.300000e+01 8.188447e-01 1.250243e+00
      endloop
   endfacet
   facet normal 1.000000e+00 0.000000e+00 0.000000e+00
      outer loop
         vertex 1.300000e+01 8.188447e-01 1.250243e+00
         vertex 1.300000e+01 2.085867e+00 1.814703e+00
         vertex 1.300000e+01 1.814702e+00 2.085868e+00
      endloop
   endfacet
   facet normal 1.000000e+00 0.000000e+00 -0.000000e+00
      outer loop
         vertex 1.300000e+01 8.188447e-01 1.250243e+00
         vertex 1.300000e+01 1.814702e+00 2.085868e+00
         vertex 1.300000e+01 4.689111e-01 1.750000e+00
      endloop
   endfacet
   facet normal 1.000000e+00 0.000000e+00 0.000000e+00
      outer loop
         vertex 1.300000e+01 4.689111e-01 1.750000e+00
         vertex 1.300000e+01 1.814702e+00 2.085868e+00
         vertex 1.300000e+01 1.594744e+00 2.400000e+00
      endloop
   endfacet
   facet normal 1.000000e+00 0.000000e+00 -0.000000e+00
      outer loop
         vertex 1.300000e+01 4.689111e-01 1.750000e+00
         vertex 1.300000e+01 1.594744e+00 2.400000e+00
         vertex 1.300000e+01 2.110759e-01 2.302930e+00
      endloop
   endfacet
   facet normal 1.000000e+00 0.000000e+00 0.000000e+00
      outer loop
         vertex 1.300000e+01 2.110759e-01 2.302930e+00
         vertex 1.300000e+01 1.594744e+00 2.400000e+00
         vertex 1.300000e+01 1.432676e+00 2.747556e+00
      endloop
   endfacet
   facet normal 1.000000e+00 0.000000e+00 -0.000000e+00
      outer loop
         vertex 1.300000e+01 2.110759e-01 2.302930e+00
         vertex 1.300000e+01 1.432676e+00 2.747556e+00
         vertex 1.300000e+01 5.317293e-02 2.892232e+00
      endloop
   endfacet
   facet normal 1.000000e+00 -0.000000e+00 0.000000e+00
      outer loop
         vertex 1.300000e+01 5.317293e-02 2.892232e+00
         vertex 1.300000e+01 1.432676e+00 2.747556e+00
         vertex 1.300000e+01 1.333423e+00 3.117974e+00
      endloop
   endfacet
   facet normal 1.000000e+00 0.000000e+00 -0.000000e+00
      outer loop
         vertex 1.300000e+01 5.317293e-02 2.892232e+00
         vertex 1.300000e+01 1.333423e+00 3.117974e+00
         vertex 1.300000e+01 0.000000e+00 3.500001e+00
      endloop
   endfacet
   facet normal 1.000000e+00 -0.000000e+00 0.000000e+00
      outer loop
         vertex 1.300000e+01 0.000000e+00 3.500001e+00
         vertex 1.300000e+01 1.333423e+00 3.117974e+00
         vertex 1.300000e+01 1.300000e+00 3.500001e+00
      endloop
   endfacet
   facet normal 1.000000e+00 0.000000e+00 0.000000e+00
      outer loop
         vertex 1.300000e+01 0.000000e+00 3.500001e+00
         vertex 1.300000e+01 1.300000e+00 3.500001e+00
         vertex 1.300000e+01 1.333423e+00 3.882026e+00
      endloop
   endfacet
   facet normal 1.000000e+00 0.000000e+00 0.000000e+00
      outer loop
         vertex 1.300000e+01 6.629563e+00 1.600885e+01
         vertex 1.300000e+01 6.256455e+00 1.560139e+01
         vertex 1.300000e+01 4.252444e+00 5.567324e+00
      endloop
   endfacet
   facet normal 1.000000e+00 0.000000e+00 0.000000e+00
      outer loop
         vertex 1.300000e+01 4.252444e+00 5.567324e+00
         vertex 1.300000e+01 6.256455e+00 1.560139e+01
         vertex 1.300000e+01 5.830762e+00 1.524922e+01
      endloop
   endfacet
   facet normal 1.000000e+00 0.000000e+00 -0.000000e+00
      outer loop
         vertex 1.300000e+01 4.252444e+00 5.567324e+00
         vertex 1.300000e+01 5.830762e+00 1.524922e+01
         vertex 1.300000e+01 3.882026e+00 5.666577e+00
      endloop
   endfacet
   facet normal 1.000000e+00 0.000000e+00 0.000000e+00
      outer loop
         vertex 1.300000e+01 3.882026e+00 5.666577e+00
         vertex 1.300000e+01 5.830762e+00 1.524922e+01
         vertex 1.300000e+01 5.360604e+00 1.495908e+01
      endloop
   endfacet
   facet normal 1.000000e+00 0.000000e+00 0.000000e+00
      outer loop
         vertex 1.300000e+01 3.882026e+00 5.666577e+00
         vertex 1.300000e+01 5.360604e+00 1.495908e+01
         vertex 1.300000e+01 4.854952e+00 1.473648e+01
      endloop
   endfacet
   facet normal 0.000000e+00 1.000000e+00 0.000000e+00
      outer loop
         vertex 1.303041e+01 7.000000e+00 1.694897e+01
         vertex 1.302416e+01 7.000000e+00 1.690466e+01
         vertex 9.992127e+00 7.000000e+00 1.675336e+01
      endloop
   endfacet
   facet normal 0.000000e+00 1.000000e+00 0.000000e+00
      outer loop
         vertex 9.992127e+00 7.000000e+00 1.675336e+01
         vertex 1.302416e+01 7.000000e+00 1.690466e+01
         vertex 1.300790e+01 7.000000e+00 1.675373e+01
      endloop
   endfacet
   facet normal -0.000000e+00 1.000000e+00 0.000000e+00
      outer loop
         vertex 9.992127e+00 7.000000e+00 1.675336e+01
         vertex 1.300790e+01 7.000000e+00 1.675373e+01
         vertex 1.000000e+01 7.000000e+00 1.656351e+01
      endloop
   endfacet
   facet normal 0.000000e+00 1.000000e+00 -0.000000e+00
      outer loop
         vertex 1.303041e+01 7.000000e+00 1.694897e+01
         vertex 9.992127e+00 7.000000e+00 1.675336e+01
         vertex 1.304459e+01 7.000000e+00 1.703665e+01
      endloop
   endfacet
   facet normal 0.000000e+00 1.000000e+00 0.000000e+00
      outer loop
         vertex 1.304459e+01 7.000000e+00 1.703665e+01
         vertex 9.992127e+00 7.000000e+00 1.675336e+01
         vertex 9.984088e+00 7.000000e+00 1.683730e+01
      endloop
   endfacet
   facet normal 0.000000e+00 1.000000e+00 -0.000000e+00
      outer loop
         vertex 1.304459e+01 7.000000e+00 1.703665e+01
         vertex 9.984088e+00 7.000000e+00 1.683730e+01
         vertex 1.306728e+01 7.000000e+00 1.715512e+01
      endloop
   endfacet
   facet normal 0.000000e+00 1.000000e+00 -0.000000e+00
      outer loop
         vertex 1.300000e+01 7.000000e+00 3.500001e+00
         vertex 1.000000e+01 7.000000e+00 3.500001e+00
         vertex 1.300000e+01 7.000000e+00 1.656351e+01
      endloop
   endfacet
   facet normal 0.000000e+00 1.000000e+00 0.000000e+00
      outer loop
         vertex 1.300000e+01 7.000000e+00 1.656351e+01
         vertex 1.000000e+01 7.000000e+00 3.500001e+00
         vertex 1.000000e+01 7.000000e+00 1.656351e+01
      endloop
   endfacet
   facet normal 0.000000e+00 1.000000e+00 -0.000000e+00
      outer loop
         vertex 1.300000e+01 7.000000e+00 1.656351e+01
         vertex 1.000000e+01 7.000000e+00 1.656351e+01
         vertex 1.300101e+01 7.000000e+00 1.663006e+01
      endloop
   endfacet
   facet normal 0.000000e+00 1.000000e+00 -0.000000e+00
      outer loop
         vertex 1.300101e+01 7.000000e+00 1.663006e+01
         vertex 1.000000e+01 7.000000e+00 1.656351e+01
         vertex 1.300790e+01 7.000000e+00 1.675373e+01
      endloop
   endfacet
   facet normal 0.000000e+00 1.000000e+00 0.000000e+00
      outer loop
         vertex 1.349582e+01 7.000000e+00 1.848893e+01
         vertex 1.341381e+01 7.000000e+00 1.827097e+01
         vertex 9.882258e+00 7.000000e+00 1.737064e+01
      endloop
   endfacet
   facet normal 0.000000e+00 1.000000e+00 -0.000000e+00
      outer loop
         vertex 9.824453e+00 7.000000e+00 1.757737e+01
         vertex 9.820412e+00 7.000000e+00 1.759083e+01
         vertex 1.350000e+01 7.000000e+00 1.850000e+01
      endloop
   endfacet
   facet normal 0.000000e+00 1.000000e+00 0.000000e+00
      outer loop
         vertex 1.350000e+01 7.000000e+00 1.850000e+01
         vertex 9.820412e+00 7.000000e+00 1.759083e+01
         vertex 9.748861e+00 7.000000e+00 1.781537e+01
      endloop
   endfacet
   facet normal 0.000000e+00 1.000000e+00 0.000000e+00
      outer loop
         vertex 1.350000e+01 7.000000e+00 1.850000e+01
         vertex 9.748861e+00 7.000000e+00 1.781537e+01
         vertex 9.706065e+00 7.000000e+00 1.794050e+01
      endloop
   endfacet
   facet normal 0.000000e+00 1.000000e+00 0.000000e+00
      outer loop
         vertex 1.317969e+01 7.000000e+00 1.759118e+01
         vertex 1.317553e+01 7.000000e+00 1.757731e+01
         vertex 9.955453e+00 7.000000e+00 1.703641e+01
      endloop
   endfacet
   facet normal 0.000000e+00 1.000000e+00 0.000000e+00
      outer loop
         vertex 9.955453e+00 7.000000e+00 1.703641e+01
         vertex 1.317553e+01 7.000000e+00 1.757731e+01
         vertex 1.314870e+01 7.000000e+00 1.748497e+01
      endloop
   endfacet
   facet normal -0.000000e+00 1.000000e+00 0.000000e+00
      outer loop
         vertex 9.955453e+00 7.000000e+00 1.703641e+01
         vertex 1.314870e+01 7.000000e+00 1.748497e+01
         vertex 9.969216e+00 7.000000e+00 1.695146e+01
      endloop
   endfacet
   facet normal 0.000000e+00 1.000000e+00 0.000000e+00
      outer loop
         vertex 9.969216e+00 7.000000e+00 1.695146e+01
         vertex 1.314870e+01 7.000000e+00 1.748497e+01
         vertex 1.311766e+01 7.000000e+00 1.737032e+01
      endloop
   endfacet
   facet normal -0.000000e+00 1.000000e+00 0.000000e+00
      outer loop
         vertex 9.969216e+00 7.000000e+00 1.695146e+01
         vertex 1.311766e+01 7.000000e+00 1.737032e+01
         vertex 9.984088e+00 7.000000e+00 1.683730e+01
      endloop
   endfacet
   facet normal 0.000000e+00 1.000000e+00 0.000000e+00
      outer loop
         vertex 9.984088e+00 7.000000e+00 1.683730e+01
         vertex 1.311766e+01 7.000000e+00 1.737032e+01
         vertex 1.307457e+01 7.000000e+00 1.718949e+01
      endloop
   endfacet
   facet normal 0.000000e+00 1.000000e+00 0.000000e+00
      outer loop
         vertex 9.984088e+00 7.000000e+00 1.683730e+01
         vertex 1.307457e+01 7.000000e+00 1.718949e+01
         vertex 1.306728e+01 7.000000e+00 1.715512e+01
      endloop
   endfacet
   facet normal 0.000000e+00 1.000000e+00 -0.000000e+00
      outer loop
         vertex 1.349582e+01 7.000000e+00 1.848893e+01
         vertex 9.882258e+00 7.000000e+00 1.737064e+01
         vertex 1.350000e+01 7.000000e+00 1.850000e+01
      endloop
   endfacet
   facet normal 0.000000e+00 1.000000e+00 0.000000e+00
      outer loop
         vertex 1.350000e+01 7.000000e+00 1.850000e+01
         vertex 9.882258e+00 7.000000e+00 1.737064e+01
         vertex 9.851306e+00 7.000000e+00 1.748497e+01
      endloop
   endfacet
   facet normal 0.000000e+00 1.000000e+00 0.000000e+00
      outer loop
         vertex 1.350000e+01 7.000000e+00 1.850000e+01
         vertex 9.851306e+00 7.000000e+00 1.748497e+01
         vertex 9.824453e+00 7.000000e+00 1.757737e+01
      endloop
   endfacet
   facet normal 0.000000e+00 1.000000e+00 0.000000e+00
      outer loop
         vertex 9.500001e+00 7.000000e+00 1.850000e+01
         vertex 1.350000e+01 7.000000e+00 1.850000e+01
         vertex 9.504183e+00 7.000000e+00 1.848893e+01
      endloop
   endfacet
   facet normal -0.000000e+00 1.000000e+00 0.000000e+00
      outer loop
         vertex 9.504183e+00 7.000000e+00 1.848893e+01
         vertex 1.350000e+01 7.000000e+00 1.850000e+01
         vertex 9.586054e+00 7.000000e+00 1.827135e+01
      endloop
   endfacet
   facet normal 0.000000e+00 1.000000e+00 -0.000000e+00
      outer loop
         vertex 9.706065e+00 7.000000e+00 1.794050e+01
         vertex 9.670421e+00 7.000000e+00 1.804123e+01
         vertex 1.350000e+01 7.000000e+00 1.850000e+01
      endloop
   endfacet
   facet normal 0.000000e+00 1.000000e+00 0.000000e+00
      outer loop
         vertex 1.350000e+01 7.000000e+00 1.850000e+01
         vertex 9.670421e+00 7.000000e+00 1.804123e+01
         vertex 9.656506e+00 7.000000e+00 1.807987e+01
      endloop
   endfacet
   facet normal 0.000000e+00 1.000000e+00 0.000000e+00
      outer loop
         vertex 1.350000e+01 7.000000e+00 1.850000e+01
         vertex 9.656506e+00 7.000000e+00 1.807987e+01
         vertex 9.586054e+00 7.000000e+00 1.827135e+01
      endloop
   endfacet
   facet normal 0.000000e+00 1.000000e+00 -0.000000e+00
      outer loop
         vertex 1.317969e+01 7.000000e+00 1.759118e+01
         vertex 9.955453e+00 7.000000e+00 1.703641e+01
         vertex 1.325151e+01 7.000000e+00 1.781646e+01
      endloop
   endfacet
   facet normal 0.000000e+00 1.000000e+00 0.000000e+00
      outer loop
         vertex 1.325151e+01 7.000000e+00 1.781646e+01
         vertex 9.955453e+00 7.000000e+00 1.703641e+01
         vertex 9.932846e+00 7.000000e+00 1.715451e+01
      endloop
   endfacet
   facet normal 0.000000e+00 1.000000e+00 0.000000e+00
      outer loop
         vertex 1.325151e+01 7.000000e+00 1.781646e+01
         vertex 9.932846e+00 7.000000e+00 1.715451e+01
         vertex 9.929721e+00 7.000000e+00 1.716943e+01
      endloop
   endfacet
   facet normal 0.000000e+00 1.000000e+00 0.000000e+00
      outer loop
         vertex 1.341381e+01 7.000000e+00 1.827097e+01
         vertex 1.334353e+01 7.000000e+00 1.807998e+01
         vertex 9.882258e+00 7.000000e+00 1.737064e+01
      endloop
   endfacet
   facet normal 0.000000e+00 1.000000e+00 0.000000e+00
      outer loop
         vertex 9.882258e+00 7.000000e+00 1.737064e+01
         vertex 1.334353e+01 7.000000e+00 1.807998e+01
         vertex 1.332930e+01 7.000000e+00 1.804045e+01
      endloop
   endfacet
   facet normal -0.000000e+00 1.000000e+00 0.000000e+00
      outer loop
         vertex 9.882258e+00 7.000000e+00 1.737064e+01
         vertex 1.332930e+01 7.000000e+00 1.804045e+01
         vertex 9.929721e+00 7.000000e+00 1.716943e+01
      endloop
   endfacet
   facet normal 0.000000e+00 1.000000e+00 0.000000e+00
      outer loop
         vertex 9.929721e+00 7.000000e+00 1.716943e+01
         vertex 1.332930e+01 7.000000e+00 1.804045e+01
         vertex 1.330959e+01 7.000000e+00 1.798508e+01
      endloop
   endfacet
   facet normal 0.000000e+00 1.000000e+00 0.000000e+00
      outer loop
         vertex 9.929721e+00 7.000000e+00 1.716943e+01
         vertex 1.330959e+01 7.000000e+00 1.798508e+01
         vertex 1.325151e+01 7.000000e+00 1.781646e+01
      endloop
   endfacet
   facet normal -1.000000e+00 -0.000000e+00 0.000000e+00
      outer loop
         vertex 1.000000e+01 3.704368e-01 1.600885e+01
         vertex 1.000000e+01 0.000000e+00 3.500001e+00
         vertex 1.000000e+01 5.703210e-02 1.646383e+01
      endloop
   endfacet
   facet normal -1.000000e+00 -0.000000e+00 0.000000e+00
      outer loop
         vertex 1.000000e+01 5.703210e-02 1.646383e+01
         vertex 1.000000e+01 0.000000e+00 3.500001e+00
         vertex 1.000000e+01 0.000000e+00 1.656351e+01
      endloop
   endfacet
   facet normal -1.000000e+00 0.000000e+00 -0.000000e+00
      outer loop
         vertex 1.000000e+01 3.704368e-01 1.600885e+01
         vertex 1.000000e+01 7.435449e-01 1.560139e+01
         vertex 1.000000e+01 0.000000e+00 3.500001e+00
      endloop
   endfacet
   facet normal -1.000000e+00 0.000000e+00 0.000000e+00
      outer loop
         vertex 1.000000e+01 0.000000e+00 3.500001e+00
         vertex 1.000000e+01 7.435449e-01 1.560139e+01
         vertex 1.000000e+01 1.169238e+00 1.524922e+01
      endloop
   endfacet
   facet normal -1.000000e+00 0.000000e+00 0.000000e+00
      outer loop
         vertex 1.000000e+01 0.000000e+00 3.500001e+00
         vertex 1.000000e+01 1.169238e+00 1.524922e+01
         vertex 1.000000e+01 1.639396e+00 1.495908e+01
      endloop
   endfacet
   facet normal -1.000000e+00 0.000000e+00 -0.000000e+00
      outer loop
         vertex 1.000000e+01 1.639396e+00 1.495908e+01
         vertex 1.000000e+01 2.145048e+00 1.473648e+01
         vertex 1.000000e+01 0.000000e+00 3.500001e+00
      endloop
   endfacet
   facet normal -1.000000e+00 0.000000e+00 0.000000e+00
      outer loop
         vertex 1.000000e+01 0.000000e+00 3.500001e+00
         vertex 1.000000e+01 2.145048e+00 1.473648e+01
         vertex 1.000000e+01 2.676550e+00 1.458568e+01
      endloop
   endfacet
   facet normal -1.000000e+00 0.000000e+00 0.000000e+00
      outer loop
         vertex 1.000000e+01 0.000000e+00 3.500001e+00
         vertex 1.000000e+01 2.676550e+00 1.458568e+01
         vertex 1.000000e+01 5.317293e-02 2.892232e+00
      endloop
   endfacet
   facet normal -1.000000e+00 0.000000e+00 0.000000e+00
      outer loop
         vertex 1.000000e+01 3.223760e+00 1.450955e+01
         vertex 1.000000e+01 1.750000e+00 4.689116e-01
         vertex 1.000000e+01 1.250244e+00 8.188449e-01
      endloop
   endfacet
   facet normal -1.000000e+00 -0.000000e+00 0.000000e+00
      outer loop
         vertex 1.000000e+01 6.181156e+00 1.250243e+00
         vertex 1.000000e+01 5.749757e+00 8.188449e-01
         vertex 1.000000e+01 3.776240e+00 1.450955e+01
      endloop
   endfacet
   facet normal -1.000000e+00 0.000000e+00 0.000000e+00
      outer loop
         vertex 1.000000e+01 4.323451e+00 1.458568e+01
         vertex 1.000000e+01 4.854952e+00 1.473648e+01
         vertex 1.000000e+01 7.000000e+00 3.500001e+00
      endloop
   endfacet
   facet normal -1.000000e+00 0.000000e+00 0.000000e+00
      outer loop
         vertex 1.000000e+01 4.854952e+00 1.473648e+01
         vertex 1.000000e+01 5.360604e+00 1.495908e+01
         vertex 1.000000e+01 7.000000e+00 3.500001e+00
      endloop
   endfacet
   facet normal -1.000000e+00 0.000000e+00 0.000000e+00
      outer loop
         vertex 1.000000e+01 7.000000e+00 3.500001e+00
         vertex 1.000000e+01 5.360604e+00 1.495908e+01
         vertex 1.000000e+01 5.830762e+00 1.524922e+01
      endloop
   endfacet
   facet normal -1.000000e+00 0.000000e+00 0.000000e+00
      outer loop
         vertex 1.000000e+01 7.000000e+00 3.500001e+00
         vertex 1.000000e+01 5.830762e+00 1.524922e+01
         vertex 1.000000e+01 6.256455e+00 1.560139e+01
      endloop
   endfacet
   facet normal -1.000000e+00 0.000000e+00 0.000000e+00
      outer loop
         vertex 1.000000e+01 6.256455e+00 1.560139e+01
         vertex 1.000000e+01 6.629563e+00 1.600885e+01
         vertex 1.000000e+01 7.000000e+00 3.500001e+00
      endloop
   endfacet
   facet normal -1.000000e+00 0.000000e+00 0.000000e+00
      outer loop
         vertex 1.000000e+01 7.000000e+00 3.500001e+00
         vertex 1.000000e+01 6.629563e+00 1.600885e+01
         vertex 1.000000e+01 6.942968e+00 1.646383e+01
      endloop
   endfacet
   facet normal -1.000000e+00 0.000000e+00 0.000000e+00
      outer loop
         vertex 1.000000e+01 7.000000e+00 3.500001e+00
         vertex 1.000000e+01 6.942968e+00 1.646383e+01
         vertex 1.000000e+01 7.000000e+00 1.656351e+01
      endloop
   endfacet
   facet normal -1.000000e+00 -0.000000e+00 0.000000e+00
      outer loop
         vertex 1.000000e+01 5.749757e+00 8.188449e-01
         vertex 1.000000e+01 5.250000e+00 4.689116e-01
         vertex 1.000000e+01 3.776240e+00 1.450955e+01
      endloop
   endfacet
   facet normal -1.000000e+00 0.000000e+00 0.000000e+00
      outer loop
         vertex 1.000000e+01 3.776240e+00 1.450955e+01
         vertex 1.000000e+01 5.250000e+00 4.689116e-01
         vertex 1.000000e+01 4.697071e+00 2.110768e-01
      endloop
   endfacet
   facet normal -1.000000e+00 0.000000e+00 0.000000e+00
      outer loop
         vertex 1.000000e+01 3.776240e+00 1.450955e+01
         vertex 1.000000e+01 4.697071e+00 2.110768e-01
         vertex 1.000000e+01 4.107769e+00 5.317293e-02
      endloop
   endfacet
   facet normal -1.000000e+00 0.000000e+00 0.000000e+00
      outer loop
         vertex 1.000000e+01 1.250244e+00 8.188449e-01
         vertex 1.000000e+01 8.188447e-01 1.250243e+00
         vertex 1.000000e+01 3.223760e+00 1.450955e+01
      endloop
   endfacet
   facet normal -1.000000e+00 0.000000e+00 0.000000e+00
      outer loop
         vertex 1.000000e+01 3.223760e+00 1.450955e+01
         vertex 1.000000e+01 8.188447e-01 1.250243e+00
         vertex 1.000000e+01 4.689111e-01 1.750000e+00
      endloop
   endfacet
   facet normal -1.000000e+00 -0.000000e+00 0.000000e+00
      outer loop
         vertex 1.000000e+01 3.223760e+00 1.450955e+01
         vertex 1.000000e+01 4.689111e-01 1.750000e+00
         vertex 1.000000e+01 2.676550e+00 1.458568e+01
      endloop
   endfacet
   facet normal -1.000000e+00 0.000000e+00 0.000000e+00
      outer loop
         vertex 1.000000e+01 2.676550e+00 1.458568e+01
         vertex 1.000000e+01 4.689111e-01 1.750000e+00
         vertex 1.000000e+01 2.110759e-01 2.302930e+00
      endloop
   endfacet
   facet normal -1.000000e+00 0.000000e+00 0.000000e+00
      outer loop
         vertex 1.000000e+01 2.676550e+00 1.458568e+01
         vertex 1.000000e+01 2.110759e-01 2.302930e+00
         vertex 1.000000e+01 5.317293e-02 2.892232e+00
      endloop
   endfacet
   facet normal -1.000000e+00 -0.000000e+00 0.000000e+00
      outer loop
         vertex 1.000000e+01 4.107769e+00 5.317293e-02
         vertex 1.000000e+01 3.500000e+00 0.000000e+00
         vertex 1.000000e+01 3.776240e+00 1.450955e+01
      endloop
   endfacet
   facet normal -1.000000e+00 0.000000e+00 0.000000e+00
      outer loop
         vertex 1.000000e+01 3.776240e+00 1.450955e+01
         vertex 1.000000e+01 3.500000e+00 0.000000e+00
         vertex 1.000000e+01 2.892232e+00 5.317293e-02
      endloop
   endfacet
   facet normal -1.000000e+00 -0.000000e+00 0.000000e+00
      outer loop
         vertex 1.000000e+01 3.776240e+00 1.450955e+01
         vertex 1.000000e+01 2.892232e+00 5.317293e-02
         vertex 1.000000e+01 3.223760e+00 1.450955e+01
      endloop
   endfacet
   facet normal -1.000000e+00 0.000000e+00 0.000000e+00
      outer loop
         vertex 1.000000e+01 3.223760e+00 1.450955e+01
         vertex 1.000000e+01 2.892232e+00 5.317293e-02
         vertex 1.000000e+01 2.302930e+00 2.110768e-01
      endloop
   endfacet
   facet normal -1.000000e+00 0.000000e+00 0.000000e+00
      outer loop
         vertex 1.000000e+01 3.223760e+00 1.450955e+01
         vertex 1.000000e+01 2.302930e+00 2.110768e-01
         vertex 1.000000e+01 1.750000e+00 4.689116e-01
      endloop
   endfacet
   facet normal -1.000000e+00 -0.000000e+00 0.000000e+00
      outer loop
         vertex 1.000000e+01 7.000000e+00 3.500001e+00
         vertex 1.000000e+01 6.946827e+00 2.892232e+00
         vertex 1.000000e+01 4.323451e+00 1.458568e+01
      endloop
   endfacet
   facet normal -1.000000e+00 0.000000e+00 0.000000e+00
      outer loop
         vertex 1.000000e+01 4.323451e+00 1.458568e+01
         vertex 1.000000e+01 6.946827e+00 2.892232e+00
         vertex 1.000000e+01 6.788924e+00 2.302930e+00
      endloop
   endfacet
   facet normal -1.000000e+00 0.000000e+00 -0.000000e+00
      outer loop
         vertex 1.000000e+01 4.323451e+00 1.458568e+01
         vertex 1.000000e+01 6.788924e+00 2.302930e+00
         vertex 1.000000e+01 3.776240e+00 1.450955e+01
      endloop
   endfacet
   facet normal -1.000000e+00 0.000000e+00 0.000000e+00
      outer loop
         vertex 1.000000e+01 3.776240e+00 1.450955e+01
         vertex 1.000000e+01 6.788924e+00 2.302930e+00
         vertex 1.000000e+01 6.531089e+00 1.750000e+00
      endloop
   endfacet
   facet normal -1.000000e+00 0.000000e+00 0.000000e+00
      outer loop
         vertex 1.000000e+01 3.776240e+00 1.450955e+01
         vertex 1.000000e+01 6.531089e+00 1.750000e+00
         vertex 1.000000e+01 6.181156e+00 1.250243e+00
      endloop
   endfacet
   facet normal 0.000000e+00 -1.000000e+00 0.000000e+00
      outer loop
         vertex 9.969587e+00 0.000000e+00 1.694897e+01
         vertex 9.975837e+00 0.000000e+00 1.690466e+01
         vertex 1.300787e+01 0.000000e+00 1.675336e+01
      endloop
   endfacet
   facet normal 0.000000e+00 -1.000000e+00 0.000000e+00
      outer loop
         vertex 1.300787e+01 0.000000e+00 1.675336e+01
         vertex 9.975837e+00 0.000000e+00 1.690466e+01
         vertex 9.992098e+00 0.000000e+00 1.675373e+01
      endloop
   endfacet
   facet normal -0.000000e+00 -1.000000e+00 0.000000e+00
      outer loop
         vertex 1.300787e+01 0.000000e+00 1.675336e+01
         vertex 9.992098e+00 0.000000e+00 1.675373e+01
         vertex 1.300000e+01 0.000000e+00 1.656351e+01
      endloop
   endfacet
   facet normal 0.000000e+00 -1.000000e+00 0.000000e+00
      outer loop
         vertex 9.969587e+00 0.000000e+00 1.694897e+01
         vertex 1.300787e+01 0.000000e+00 1.675336e+01
         vertex 9.955410e+00 0.000000e+00 1.703665e+01
      endloop
   endfacet
   facet normal 0.000000e+00 -1.000000e+00 0.000000e+00
      outer loop
         vertex 9.955410e+00 0.000000e+00 1.703665e+01
         vertex 1.300787e+01 0.000000e+00 1.675336e+01
         vertex 1.301591e+01 0.000000e+00 1.683730e+01
      endloop
   endfacet
   facet normal 0.000000e+00 -1.000000e+00 0.000000e+00
      outer loop
         vertex 9.955410e+00 0.000000e+00 1.703665e+01
         vertex 1.301591e+01 0.000000e+00 1.683730e+01
         vertex 9.932720e+00 0.000000e+00 1.715512e+01
      endloop
   endfacet
   facet normal 0.000000e+00 -1.000000e+00 0.000000e+00
      outer loop
         vertex 1.000000e+01 0.000000e+00 3.500001e+00
         vertex 1.300000e+01 0.000000e+00 3.500001e+00
         vertex 1.000000e+01 0.000000e+00 1.656351e+01
      endloop
   endfacet
   facet normal 0.000000e+00 -1.000000e+00 0.000000e+00
      outer loop
         vertex 1.000000e+01 0.000000e+00 1.656351e+01
         vertex 1.300000e+01 0.000000e+00 3.500001e+00
         vertex 1.300000e+01 0.000000e+00 1.656351e+01
      endloop
   endfacet
   facet normal 0.000000e+00 -1.000000e+00 0.000000e+00
      outer loop
         vertex 1.000000e+01 0.000000e+00 1.656351e+01
         vertex 1.300000e+01 0.000000e+00 1.656351e+01
         vertex 9.998988e+00 0.000000e+00 1.663006e+01
      endloop
   endfacet
   facet normal 0.000000e+00 -1.000000e+00 0.000000e+00
      outer loop
         vertex 9.998988e+00 0.000000e+00 1.663006e+01
         vertex 1.300000e+01 0.000000e+00 1.656351e+01
         vertex 9.992098e+00 0.000000e+00 1.675373e+01
      endloop
   endfacet
   facet normal 0.000000e+00 -1.000000e+00 0.000000e+00
      outer loop
         vertex 9.504183e+00 0.000000e+00 1.848893e+01
         vertex 9.586195e+00 0.000000e+00 1.827097e+01
         vertex 1.311774e+01 0.000000e+00 1.737064e+01
      endloop
   endfacet
   facet normal 0.000000e+00 -1.000000e+00 0.000000e+00
      outer loop
         vertex 1.317555e+01 0.000000e+00 1.757737e+01
         vertex 1.317959e+01 0.000000e+00 1.759083e+01
         vertex 9.500001e+00 0.000000e+00 1.850000e+01
      endloop
   endfacet
   facet normal 0.000000e+00 -1.000000e+00 0.000000e+00
      outer loop
         vertex 9.500001e+00 0.000000e+00 1.850000e+01
         vertex 1.317959e+01 0.000000e+00 1.759083e+01
         vertex 1.325114e+01 0.000000e+00 1.781537e+01
      endloop
   endfacet
   facet normal 0.000000e+00 -1.000000e+00 0.000000e+00
      outer loop
         vertex 9.500001e+00 0.000000e+00 1.850000e+01
         vertex 1.325114e+01 0.000000e+00 1.781537e+01
         vertex 1.329394e+01 0.000000e+00 1.794050e+01
      endloop
   endfacet
   facet normal 0.000000e+00 -1.000000e+00 0.000000e+00
      outer loop
         vertex 9.820307e+00 0.000000e+00 1.759118e+01
         vertex 9.824470e+00 0.000000e+00 1.757731e+01
         vertex 1.304455e+01 0.000000e+00 1.703641e+01
      endloop
   endfacet
   facet normal 0.000000e+00 -1.000000e+00 0.000000e+00
      outer loop
         vertex 1.304455e+01 0.000000e+00 1.703641e+01
         vertex 9.824470e+00 0.000000e+00 1.757731e+01
         vertex 9.851306e+00 0.000000e+00 1.748497e+01
      endloop
   endfacet
   facet normal -0.000000e+00 -1.000000e+00 0.000000e+00
      outer loop
         vertex 1.304455e+01 0.000000e+00 1.703641e+01
         vertex 9.851306e+00 0.000000e+00 1.748497e+01
         vertex 1.303078e+01 0.000000e+00 1.695146e+01
      endloop
   endfacet
   facet normal 0.000000e+00 -1.000000e+00 0.000000e+00
      outer loop
         vertex 1.303078e+01 0.000000e+00 1.695146e+01
         vertex 9.851306e+00 0.000000e+00 1.748497e+01
         vertex 9.882339e+00 0.000000e+00 1.737032e+01
      endloop
   endfacet
   facet normal -0.000000e+00 -1.000000e+00 0.000000e+00
      outer loop
         vertex 1.303078e+01 0.000000e+00 1.695146e+01
         vertex 9.882339e+00 0.000000e+00 1.737032e+01
         vertex 1.301591e+01 0.000000e+00 1.683730e+01
      endloop
   endfacet
   facet normal 0.000000e+00 -1.000000e+00 0.000000e+00
      outer loop
         vertex 1.301591e+01 0.000000e+00 1.683730e+01
         vertex 9.882339e+00 0.000000e+00 1.737032e+01
         vertex 9.925431e+00 0.000000e+00 1.718949e+01
      endloop
   endfacet
   facet normal 0.000000e+00 -1.000000e+00 0.000000e+00
      outer loop
         vertex 1.301591e+01 0.000000e+00 1.683730e+01
         vertex 9.925431e+00 0.000000e+00 1.718949e+01
         vertex 9.932720e+00 0.000000e+00 1.715512e+01
      endloop
   endfacet
   facet normal 0.000000e+00 -1.000000e+00 0.000000e+00
      outer loop
         vertex 9.504183e+00 0.000000e+00 1.848893e+01
         vertex 1.311774e+01 0.000000e+00 1.737064e+01
         vertex 9.500001e+00 0.000000e+00 1.850000e+01
      endloop
   endfacet
   facet normal 0.000000e+00 -1.000000e+00 0.000000e+00
      outer loop
         vertex 9.500001e+00 0.000000e+00 1.850000e+01
         vertex 1.311774e+01 0.000000e+00 1.737064e+01
         vertex 1.314870e+01 0.000000e+00 1.748497e+01
      endloop
   endfacet
   facet normal 0.000000e+00 -1.000000e+00 0.000000e+00
      outer loop
         vertex 9.500001e+00 0.000000e+00 1.850000e+01
         vertex 1.314870e+01 0.000000e+00 1.748497e+01
         vertex 1.317555e+01 0.000000e+00 1.757737e+01
      endloop
   endfacet
   facet normal -0.000000e+00 -1.000000e+00 0.000000e+00
      outer loop
         vertex 1.350000e+01 0.000000e+00 1.850000e+01
         vertex 9.500001e+00 0.000000e+00 1.850000e+01
         vertex 1.349582e+01 0.000000e+00 1.848893e+01
      endloop
   endfacet
   facet normal -0.000000e+00 -1.000000e+00 0.000000e+00
      outer loop
         vertex 1.349582e+01 0.000000e+00 1.848893e+01
         vertex 9.500001e+00 0.000000e+00 1.850000e+01
         vertex 1.341395e+01 0.000000e+00 1.827135e+01
      endloop
   endfacet
   facet normal 0.000000e+00 -1.000000e+00 0.000000e+00
      outer loop
         vertex 1.329394e+01 0.000000e+00 1.794050e+01
         vertex 1.332958e+01 0.000000e+00 1.804123e+01
         vertex 9.500001e+00 0.000000e+00 1.850000e+01
      endloop
   endfacet
   facet normal 0.000000e+00 -1.000000e+00 0.000000e+00
      outer loop
         vertex 9.500001e+00 0.000000e+00 1.850000e+01
         vertex 1.332958e+01 0.000000e+00 1.804123e+01
         vertex 1.334350e+01 0.000000e+00 1.807987e+01
      endloop
   endfacet
   facet normal 0.000000e+00 -1.000000e+00 0.000000e+00
      outer loop
         vertex 9.500001e+00 0.000000e+00 1.850000e+01
         vertex 1.334350e+01 0.000000e+00 1.807987e+01
         vertex 1.341395e+01 0.000000e+00 1.827135e+01
      endloop
   endfacet
   facet normal 0.000000e+00 -1.000000e+00 0.000000e+00
      outer loop
         vertex 9.820307e+00 0.000000e+00 1.759118e+01
         vertex 1.304455e+01 0.000000e+00 1.703641e+01
         vertex 9.748495e+00 0.000000e+00 1.781646e+01
      endloop
   endfacet
   facet normal 0.000000e+00 -1.000000e+00 0.000000e+00
      outer loop
         vertex 9.748495e+00 0.000000e+00 1.781646e+01
         vertex 1.304455e+01 0.000000e+00 1.703641e+01
         vertex 1.306716e+01 0.000000e+00 1.715451e+01
      endloop
   endfacet
   facet normal 0.000000e+00 -1.000000e+00 0.000000e+00
      outer loop
         vertex 9.748495e+00 0.000000e+00 1.781646e+01
         vertex 1.306716e+01 0.000000e+00 1.715451e+01
         vertex 1.307028e+01 0.000000e+00 1.716943e+01
      endloop
   endfacet
   facet normal 0.000000e+00 -1.000000e+00 0.000000e+00
      outer loop
         vertex 9.586195e+00 0.000000e+00 1.827097e+01
         vertex 9.656467e+00 0.000000e+00 1.807998e+01
         vertex 1.311774e+01 0.000000e+00 1.737064e+01
      endloop
   endfacet
   facet normal 0.000000e+00 -1.000000e+00 0.000000e+00
      outer loop
         vertex 1.311774e+01 0.000000e+00 1.737064e+01
         vertex 9.656467e+00 0.000000e+00 1.807998e+01
         vertex 9.670700e+00 0.000000e+00 1.804045e+01
      endloop
   endfacet
   facet normal -0.000000e+00 -1.000000e+00 0.000000e+00
      outer loop
         vertex 1.311774e+01 0.000000e+00 1.737064e+01
         vertex 9.670700e+00 0.000000e+00 1.804045e+01
         vertex 1.307028e+01 0.000000e+00 1.716943e+01
      endloop
   endfacet
   facet normal 0.000000e+00 -1.000000e+00 0.000000e+00
      outer loop
         vertex 1.307028e+01 0.000000e+00 1.716943e+01
         vertex 9.670700e+00 0.000000e+00 1.804045e+01
         vertex 9.690408e+00 0.000000e+00 1.798508e+01
      endloop
   endfacet
   facet normal 0.000000e+00 -1.000000e+00 0.000000e+00
      outer loop
         vertex 1.307028e+01 0.000000e+00 1.716943e+01
         vertex 9.690408e+00 0.000000e+00 1.798508e+01
         vertex 9.748495e+00 0.000000e+00 1.781646e+01
      endloop
   endfacet
   facet normal 0.000000e+00 -9.961947e-01 8.715603e-02
      outer loop
         vertex 1.350000e+01 1.800000e+00 3.500001e+00
         vertex 3.500000e+01 1.825827e+00 3.795202e+00
         vertex 1.350000e+01 1.825827e+00 3.795202e+00
      endloop
   endfacet
   facet normal 0.000000e+00 -9.659259e-01 2.588187e-01
      outer loop
         vertex 1.350000e+01 1.825827e+00 3.795202e+00
         vertex 3.500000e+01 1.825827e+00 3.795202e+00
         vertex 3.500000e+01 1.902523e+00 4.081435e+00
      endloop
   endfacet
   facet normal 0.000000e+00 -9.659259e-01 2.588187e-01
      outer loop
         vertex 1.350000e+01 1.825827e+00 3.795202e+00
         vertex 3.500000e+01 1.902523e+00 4.081435e+00
         vertex 1.350000e+01 1.902523e+00 4.081435e+00
      endloop
   endfacet
   facet normal 0.000000e+00 -9.063077e-01 4.226185e-01
      outer loop
         vertex 1.350000e+01 1.902523e+00 4.081435e+00
         vertex 3.500000e+01 1.902523e+00 4.081435e+00
         vertex 3.500000e+01 2.027757e+00 4.350000e+00
      endloop
   endfacet
   facet normal 0.000000e+00 -9.063077e-01 4.226185e-01
      outer loop
         vertex 1.350000e+01 1.902523e+00 4.081435e+00
         vertex 3.500000e+01 2.027757e+00 4.350000e+00
         vertex 1.350000e+01 2.027757e+00 4.350000e+00
      endloop
   endfacet
   facet normal 0.000000e+00 -8.191521e-01 5.735764e-01
      outer loop
         vertex 1.350000e+01 2.027757e+00 4.350000e+00
         vertex 3.500000e+01 2.027757e+00 4.350000e+00
         vertex 3.500000e+01 2.197725e+00 4.592739e+00
      endloop
   endfacet
   facet normal 0.000000e+00 -8.191521e-01 5.735764e-01
      outer loop
         vertex 1.350000e+01 2.027757e+00 4.350000e+00
         vertex 3.500000e+01 2.197725e+00 4.592739e+00
         vertex 1.350000e+01 2.197725e+00 4.592739e+00
      endloop
   endfacet
   facet normal 0.000000e+00 -7.071064e-01 7.071072e-01
      outer loop
         vertex 1.350000e+01 2.197725e+00 4.592739e+00
         vertex 3.500000e+01 2.197725e+00 4.592739e+00
         vertex 3.500000e+01 2.407261e+00 4.802275e+00
      endloop
   endfacet
   facet normal 0.000000e+00 -7.071064e-01 7.071072e-01
      outer loop
         vertex 1.350000e+01 2.197725e+00 4.592739e+00
         vertex 3.500000e+01 2.407261e+00 4.802275e+00
         vertex 1.350000e+01 2.407261e+00 4.802275e+00
      endloop
   endfacet
   facet normal 0.000000e+00 -5.735778e-01 8.191511e-01
      outer loop
         vertex 1.350000e+01 2.407261e+00 4.802275e+00
         vertex 3.500000e+01 2.407261e+00 4.802275e+00
         vertex 3.500000e+01 2.650000e+00 4.972244e+00
      endloop
   endfacet
   facet normal 0.000000e+00 -5.735778e-01 8.191511e-01
      outer loop
         vertex 1.350000e+01 2.407261e+00 4.802275e+00
         vertex 3.500000e+01 2.650000e+00 4.972244e+00
         vertex 1.350000e+01 2.650000e+00 4.972244e+00
      endloop
   endfacet
   facet normal 0.000000e+00 -4.226175e-01 9.063081e-01
      outer loop
         vertex 1.350000e+01 2.650000e+00 4.972244e+00
         vertex 3.500000e+01 2.650000e+00 4.972244e+00
         vertex 3.500000e+01 2.918566e+00 5.097478e+00
      endloop
   endfacet
   facet normal 0.000000e+00 -4.226175e-01 9.063081e-01
      outer loop
         vertex 1.350000e+01 2.650000e+00 4.972244e+00
         vertex 3.500000e+01 2.918566e+00 5.097478e+00
         vertex 1.350000e+01 2.918566e+00 5.097478e+00
      endloop
   endfacet
   facet normal 0.000000e+00 -2.588179e-01 9.659261e-01
      outer loop
         vertex 1.350000e+01 2.918566e+00 5.097478e+00
         vertex 3.500000e+01 2.918566e+00 5.097478e+00
         vertex 3.500000e+01 3.204798e+00 5.174173e+00
      endloop
   endfacet
   facet normal 0.000000e+00 -2.588179e-01 9.659261e-01
      outer loop
         vertex 1.350000e+01 2.918566e+00 5.097478e+00
         vertex 3.500000e+01 3.204798e+00 5.174173e+00
         vertex 1.350000e+01 3.204798e+00 5.174173e+00
      endloop
   endfacet
   facet normal 0.000000e+00 -8.715781e-02 9.961945e-01
      outer loop
         vertex 1.350000e+01 3.204798e+00 5.174173e+00
         vertex 3.500000e+01 3.204798e+00 5.174173e+00
         vertex 3.500000e+01 3.500000e+00 5.200000e+00
      endloop
   endfacet
   facet normal 4.310473e-17 -8.715781e-02 9.961945e-01
      outer loop
         vertex 1.350000e+01 3.204798e+00 5.174173e+00
         vertex 3.500000e+01 3.500000e+00 5.200000e+00
         vertex 1.350000e+01 3.500000e+00 5.200000e+00
      endloop
   endfacet
   facet normal -4.307291e-17 8.715781e-02 9.961945e-01
      outer loop
         vertex 1.350000e+01 3.500000e+00 5.200000e+00
         vertex 3.500000e+01 3.500000e+00 5.200000e+00
         vertex 3.500000e+01 3.795202e+00 5.174173e+00
      endloop
   endfacet
   facet normal 0.000000e+00 8.715781e-02 9.961945e-01
      outer loop
         vertex 1.350000e+01 3.500000e+00 5.200000e+00
         vertex 3.500000e+01 3.795202e+00 5.174173e+00
         vertex 1.350000e+01 3.795202e+00 5.174173e+00
      endloop
   endfacet
   facet normal -0.000000e+00 2.588179e-01 9.659261e-01
      outer loop
         vertex 1.350000e+01 3.795202e+00 5.174173e+00
         vertex 3.500000e+01 3.795202e+00 5.174173e+00
         vertex 3.500000e+01 4.081434e+00 5.097478e+00
      endloop
   endfacet
   facet normal 0.000000e+00 2.588179e-01 9.659261e-01
      outer loop
         vertex 1.350000e+01 3.795202e+00 5.174173e+00
         vertex 3.500000e+01 4.081434e+00 5.097478e+00
         vertex 1.350000e+01 4.081434e+00 5.097478e+00
      endloop
   endfacet
   facet normal -0.000000e+00 4.226175e-01 9.063081e-01
      outer loop
         vertex 1.350000e+01 4.081434e+00 5.097478e+00
         vertex 3.500000e+01 4.081434e+00 5.097478e+00
         vertex 3.500000e+01 4.350000e+00 4.972244e+00
      endloop
   endfacet
   facet normal 0.000000e+00 4.226175e-01 9.063081e-01
      outer loop
         vertex 1.350000e+01 4.081434e+00 5.097478e+00
         vertex 3.500000e+01 4.350000e+00 4.972244e+00
         vertex 1.350000e+01 4.350000e+00 4.972244e+00
      endloop
   endfacet
   facet normal -0.000000e+00 5.735778e-01 8.191511e-01
      outer loop
         vertex 1.350000e+01 4.350000e+00 4.972244e+00
         vertex 3.500000e+01 4.350000e+00 4.972244e+00
         vertex 3.500000e+01 4.592739e+00 4.802275e+00
      endloop
   endfacet
   facet normal 0.000000e+00 5.735778e-01 8.191511e-01
      outer loop
         vertex 1.350000e+01 4.350000e+00 4.972244e+00
         vertex 3.500000e+01 4.592739e+00 4.802275e+00
         vertex 1.350000e+01 4.592739e+00 4.802275e+00
      endloop
   endfacet
   facet normal -0.000000e+00 7.071064e-01 7.071072e-01
      outer loop
         vertex 1.350000e+01 4.592739e+00 4.802275e+00
         vertex 3.500000e+01 4.592739e+00 4.802275e+00
         vertex 3.500000e+01 4.802276e+00 4.592739e+00
      endloop
   endfacet
   facet normal 0.000000e+00 7.071064e-01 7.071072e-01
      outer loop
         vertex 1.350000e+01 4.592739e+00 4.802275e+00
         vertex 3.500000e+01 4.802276e+00 4.592739e+00
         vertex 1.350000e+01 4.802276e+00 4.592739e+00
      endloop
   endfacet
   facet normal -0.000000e+00 8.191521e-01 5.735764e-01
      outer loop
         vertex 1.350000e+01 4.802276e+00 4.592739e+00
         vertex 3.500000e+01 4.802276e+00 4.592739e+00
         vertex 3.500000e+01 4.972243e+00 4.350000e+00
      endloop
   endfacet
   facet normal 0.000000e+00 8.191521e-01 5.735764e-01
      outer loop
         vertex 1.350000e+01 4.802276e+00 4.592739e+00
         vertex 3.500000e+01 4.972243e+00 4.350000e+00
         vertex 1.350000e+01 4.972243e+00 4.350000e+00
      endloop
   endfacet
   facet normal -0.000000e+00 9.063077e-01 4.226185e-01
      outer loop
         vertex 1.350000e+01 4.972243e+00 4.350000e+00
         vertex 3.500000e+01 4.972243e+00 4.350000e+00
         vertex 3.500000e+01 5.097478e+00 4.081435e+00
      endloop
   endfacet
   facet normal 0.000000e+00 9.063077e-01 4.226185e-01
      outer loop
         vertex 1.350000e+01 4.972243e+00 4.350000e+00
         vertex 3.500000e+01 5.097478e+00 4.081435e+00
         vertex 1.350000e+01 5.097478e+00 4.081435e+00
      endloop
   endfacet
   facet normal -0.000000e+00 9.659259e-01 2.588187e-01
      outer loop
         vertex 1.350000e+01 5.097478e+00 4.081435e+00
         vertex 3.500000e+01 5.097478e+00 4.081435e+00
         vertex 3.500000e+01 5.174173e+00 3.795202e+00
      endloop
   endfacet
   facet normal 0.000000e+00 9.659259e-01 2.588187e-01
      outer loop
         vertex 1.350000e+01 5.097478e+00 4.081435e+00
         vertex 3.500000e+01 5.174173e+00 3.795202e+00
         vertex 1.350000e+01 5.174173e+00 3.795202e+00
      endloop
   endfacet
   facet normal -0.000000e+00 9.961947e-01 8.715603e-02
      outer loop
         vertex 1.350000e+01 5.174173e+00 3.795202e+00
         vertex 3.500000e+01 5.174173e+00 3.795202e+00
         vertex 3.500000e+01 5.200000e+00 3.500001e+00
      endloop
   endfacet
   facet normal 0.000000e+00 9.961947e-01 8.715603e-02
      outer loop
         vertex 1.350000e+01 5.174173e+00 3.795202e+00
         vertex 3.500000e+01 5.200000e+00 3.500001e+00
         vertex 1.350000e+01 5.200000e+00 3.500001e+00
      endloop
   endfacet
   facet normal 0.000000e+00 9.961947e-01 -8.715576e-02
      outer loop
         vertex 1.350000e+01 5.200000e+00 3.500001e+00
         vertex 3.500000e+01 5.200000e+00 3.500001e+00
         vertex 3.500000e+01 5.174173e+00 3.204798e+00
      endloop
   endfacet
   facet normal 0.000000e+00 9.961947e-01 -8.715576e-02
      outer loop
         vertex 1.350000e+01 5.200000e+00 3.500001e+00
         vertex 3.500000e+01 5.174173e+00 3.204798e+00
         vertex 1.350000e+01 5.174173e+00 3.204798e+00
      endloop
   endfacet
   facet normal 0.000000e+00 9.659259e-01 -2.588187e-01
      outer loop
         vertex 1.350000e+01 5.174173e+00 3.204798e+00
         vertex 3.500000e+01 5.174173e+00 3.204798e+00
         vertex 3.500000e+01 5.097478e+00 2.918566e+00
      endloop
   endfacet
   facet normal 0.000000e+00 9.659259e-01 -2.588187e-01
      outer loop
         vertex 1.350000e+01 5.174173e+00 3.204798e+00
         vertex 3.500000e+01 5.097478e+00 2.918566e+00
         vertex 1.350000e+01 5.097478e+00 2.918566e+00
      endloop
   endfacet
   facet normal 0.000000e+00 9.063077e-01 -4.226185e-01
      outer loop
         vertex 1.350000e+01 5.097478e+00 2.918566e+00
         vertex 3.500000e+01 5.097478e+00 2.918566e+00
         vertex 3.500000e+01 4.972243e+00 2.650000e+00
      endloop
   endfacet
   facet normal 0.000000e+00 9.063077e-01 -4.226185e-01
      outer loop
         vertex 1.350000e+01 5.097478e+00 2.918566e+00
         vertex 3.500000e+01 4.972243e+00 2.650000e+00
         vertex 1.350000e+01 4.972243e+00 2.650000e+00
      endloop
   endfacet
   facet normal 0.000000e+00 8.191510e-01 -5.735779e-01
      outer loop
         vertex 1.350000e+01 4.972243e+00 2.650000e+00
         vertex 3.500000e+01 4.972243e+00 2.650000e+00
         vertex 3.500000e+01 4.802276e+00 2.407262e+00
      endloop
   endfacet
   facet normal 0.000000e+00 8.191510e-01 -5.735779e-01
      outer loop
         vertex 1.350000e+01 4.972243e+00 2.650000e+00
         vertex 3.500000e+01 4.802276e+00 2.407262e+00
         vertex 1.350000e+01 4.802276e+00 2.407262e+00
      endloop
   endfacet
   facet normal 0.000000e+00 7.071095e-01 -7.071040e-01
      outer loop
         vertex 1.350000e+01 4.802276e+00 2.407262e+00
         vertex 3.500000e+01 4.802276e+00 2.407262e+00
         vertex 3.500000e+01 4.592739e+00 2.197724e+00
      endloop
   endfacet
   facet normal 0.000000e+00 7.071095e-01 -7.071040e-01
      outer loop
         vertex 1.350000e+01 4.802276e+00 2.407262e+00
         vertex 3.500000e+01 4.592739e+00 2.197724e+00
         vertex 1.350000e+01 4.592739e+00 2.197724e+00
      endloop
   endfacet
   facet normal 0.000000e+00 5.735736e-01 -8.191540e-01
      outer loop
         vertex 1.350000e+01 4.592739e+00 2.197724e+00
         vertex 3.500000e+01 4.592739e+00 2.197724e+00
         vertex 3.500000e+01 4.350000e+00 2.027757e+00
      endloop
   endfacet
   facet normal 0.000000e+00 5.735736e-01 -8.191540e-01
      outer loop
         vertex 1.350000e+01 4.592739e+00 2.197724e+00
         vertex 3.500000e+01 4.350000e+00 2.027757e+00
         vertex 1.350000e+01 4.350000e+00 2.027757e+00
      endloop
   endfacet
   facet normal 0.000000e+00 4.226201e-01 -9.063069e-01
      outer loop
         vertex 1.350000e+01 4.350000e+00 2.027757e+00
         vertex 3.500000e+01 4.350000e+00 2.027757e+00
         vertex 3.500000e+01 4.081434e+00 1.902523e+00
      endloop
   endfacet
   facet normal 0.000000e+00 4.226201e-01 -9.063069e-01
      outer loop
         vertex 1.350000e+01 4.350000e+00 2.027757e+00
         vertex 3.500000e+01 4.081434e+00 1.902523e+00
         vertex 1.350000e+01 4.081434e+00 1.902523e+00
      endloop
   endfacet
   facet normal 0.000000e+00 2.588208e-01 -9.659254e-01
      outer loop
         vertex 1.350000e+01 4.081434e+00 1.902523e+00
         vertex 3.500000e+01 4.081434e+00 1.902523e+00
         vertex 3.500000e+01 3.795202e+00 1.825826e+00
      endloop
   endfacet
   facet normal 0.000000e+00 2.588208e-01 -9.659254e-01
      outer loop
         vertex 1.350000e+01 4.081434e+00 1.902523e+00
         vertex 3.500000e+01 3.795202e+00 1.825826e+00
         vertex 1.350000e+01 3.795202e+00 1.825826e+00
      endloop
   endfacet
   facet normal 0.000000e+00 8.715157e-02 -9.961951e-01
      outer loop
         vertex 1.350000e+01 3.795202e+00 1.825826e+00
         vertex 3.500000e+01 3.795202e+00 1.825826e+00
         vertex 3.500000e+01 3.500000e+00 1.800001e+00
      endloop
   endfacet
   facet normal -4.310476e-17 8.715157e-02 -9.961951e-01
      outer loop
         vertex 1.350000e+01 3.795202e+00 1.825826e+00
         vertex 3.500000e+01 3.500000e+00 1.800001e+00
         vertex 1.350000e+01 3.500000e+00 1.800001e+00
      endloop
   endfacet
   facet normal 4.306983e-17 -8.715157e-02 -9.961951e-01
      outer loop
         vertex 1.350000e+01 3.500000e+00 1.800001e+00
         vertex 3.500000e+01 3.500000e+00 1.800001e+00
         vertex 3.500000e+01 3.204798e+00 1.825826e+00
      endloop
   endfacet
   facet normal 0.000000e+00 -8.715157e-02 -9.961951e-01
      outer loop
         vertex 1.350000e+01 3.500000e+00 1.800001e+00
         vertex 3.500000e+01 3.204798e+00 1.825826e+00
         vertex 1.350000e+01 3.204798e+00 1.825826e+00
      endloop
   endfacet
   facet normal 0.000000e+00 -2.588208e-01 -9.659254e-01
      outer loop
         vertex 1.350000e+01 3.204798e+00 1.825826e+00
         vertex 3.500000e+01 3.204798e+00 1.825826e+00
         vertex 3.500000e+01 2.918566e+00 1.902523e+00
      endloop
   endfacet
   facet normal 0.000000e+00 -2.588208e-01 -9.659254e-01
      outer loop
         vertex 1.350000e+01 3.204798e+00 1.825826e+00
         vertex 3.500000e+01 2.918566e+00 1.902523e+00
         vertex 1.350000e+01 2.918566e+00 1.902523e+00
      endloop
   endfacet
   facet normal 0.000000e+00 -4.226201e-01 -9.063069e-01
      outer loop
         vertex 1.350000e+01 2.918566e+00 1.902523e+00
         vertex 3.500000e+01 2.918566e+00 1.902523e+00
         vertex 3.500000e+01 2.650000e+00 2.027757e+00
      endloop
   endfacet
   facet normal 0.000000e+00 -4.226201e-01 -9.063069e-01
      outer loop
         vertex 1.350000e+01 2.918566e+00 1.902523e+00
         vertex 3.500000e+01 2.650000e+00 2.027757e+00
         vertex 1.350000e+01 2.650000e+00 2.027757e+00
      endloop
   endfacet
   facet normal 0.000000e+00 -5.735736e-01 -8.191540e-01
      outer loop
         vertex 1.350000e+01 2.650000e+00 2.027757e+00
         vertex 3.500000e+01 2.650000e+00 2.027757e+00
         vertex 3.500000e+01 2.407261e+00 2.197724e+00
      endloop
   endfacet
   facet normal 0.000000e+00 -5.735736e-01 -8.191540e-01
      outer loop
         vertex 1.350000e+01 2.650000e+00 2.027757e+00
         vertex 3.500000e+01 2.407261e+00 2.197724e+00
         vertex 1.350000e+01 2.407261e+00 2.197724e+00
      endloop
   endfacet
   facet normal 0.000000e+00 -7.071095e-01 -7.071040e-01
      outer loop
         vertex 1.350000e+01 2.407261e+00 2.197724e+00
         vertex 3.500000e+01 2.407261e+00 2.197724e+00
         vertex 3.500000e+01 2.197725e+00 2.407262e+00
      endloop
   endfacet
   facet normal 0.000000e+00 -7.071095e-01 -7.071040e-01
      outer loop
         vertex 1.350000e+01 2.407261e+00 2.197724e+00
         vertex 3.500000e+01 2.197725e+00 2.407262e+00
         vertex 1.350000e+01 2.197725e+00 2.407262e+00
      endloop
   endfacet
   facet normal 0.000000e+00 -8.191510e-01 -5.735779e-01
      outer loop
         vertex 1.350000e+01 2.197725e+00 2.407262e+00
         vertex 3.500000e+01 2.197725e+00 2.407262e+00
         vertex 3.500000e+01 2.027757e+00 2.650000e+00
      endloop
   endfacet
   facet normal 0.000000e+00 -8.191510e-01 -5.735779e-01
      outer loop
         vertex 1.350000e+01 2.197725e+00 2.407262e+00
         vertex 3.500000e+01 2.027757e+00 2.650000e+00
         vertex 1.350000e+01 2.027757e+00 2.650000e+00
      endloop
   endfacet
   facet normal 0.000000e+00 -9.063077e-01 -4.226185e-01
      outer loop
         vertex 1.350000e+01 2.027757e+00 2.650000e+00
         vertex 3.500000e+01 2.027757e+00 2.650000e+00
         vertex 3.500000e+01 1.902523e+00 2.918566e+00
      endloop
   endfacet
   facet normal 0.000000e+00 -9.063077e-01 -4.226185e-01
      outer loop
         vertex 1.350000e+01 2.027757e+00 2.650000e+00
         vertex 3.500000e+01 1.902523e+00 2.918566e+00
         vertex 1.350000e+01 1.902523e+00 2.918566e+00
      endloop
   endfacet
   facet normal 0.000000e+00 -9.659259e-01 -2.588187e-01
      outer loop
         vertex 1.350000e+01 1.902523e+00 2.918566e+00
         vertex 3.500000e+01 1.902523e+00 2.918566e+00
         vertex 3.500000e+01 1.825827e+00 3.204798e+00
      endloop
   endfacet
   facet normal 0.000000e+00 -9.659259e-01 -2.588187e-01
      outer loop
         vertex 1.350000e+01 1.902523e+00 2.918566e+00
         vertex 3.500000e+01 1.825827e+00 3.204798e+00
         vertex 1.350000e+01 1.825827e+00 3.204798e+00
      endloop
   endfacet
   facet normal 0.000000e+00 -9.961947e-01 -8.715576e-02
      outer loop
         vertex 1.350000e+01 1.825827e+00 3.204798e+00
         vertex 3.500000e+01 1.825827e+00 3.204798e+00
         vertex 3.500000e+01 1.800000e+00 3.500001e+00
      endloop
   endfacet
   facet normal 0.000000e+00 -9.961947e-01 -8.715576e-02
      outer loop
         vertex 1.350000e+01 1.825827e+00 3.204798e+00
         vertex 3.500000e+01 1.800000e+00 3.500001e+00
         vertex 1.350000e+01 1.800000e+00 3.500001e+00
      endloop
   endfacet
   facet normal 0.000000e+00 -9.961947e-01 8.715603e-02
      outer loop
         vertex 1.350000e+01 1.800000e+00 3.500001e+00
         vertex 3.500000e+01 1.800000e+00 3.500001e+00
         vertex 3.500000e+01 1.825827e+00 3.795202e+00
      endloop
   endfacet
   facet normal 1.000000e+00 0.000000e+00 0.000000e+00
      outer loop
         vertex 3.500000e+01 4.081434e+00 5.097478e+00
         vertex 3.500000e+01 3.795202e+00 5.174173e+00
         vertex 3.500000e+01 3.500000e+00 3.500001e+00
      endloop
   endfacet
   facet normal 1.000000e+00 0.000000e+00 -0.000000e+00
      outer loop
         vertex 3.500000e+01 3.500000e+00 3.500001e+00
         vertex 3.500000e+01 3.795202e+00 5.174173e+00
         vertex 3.500000e+01 3.500000e+00 5.200000e+00
      endloop
   endfacet
   facet normal 1.000000e+00 0.000000e+00 0.000000e+00
      outer loop
         vertex 3.500000e+01 3.500000e+00 3.500001e+00
         vertex 3.500000e+01 3.500000e+00 5.200000e+00
         vertex 3.500000e+01 3.204798e+00 5.174173e+00
      endloop
   endfacet
   facet normal 1.000000e+00 0.000000e+00 0.000000e+00
      outer loop
         vertex 3.500000e+01 4.802276e+00 4.592739e+00
         vertex 3.500000e+01 4.592739e+00 4.802275e+00
         vertex 3.500000e+01 3.500000e+00 3.500001e+00
      endloop
   endfacet
   facet normal 1.000000e+00 0.000000e+00 0.000000e+00
      outer loop
         vertex 3.500000e+01 3.500000e+00 3.500001e+00
         vertex 3.500000e+01 4.592739e+00 4.802275e+00
         vertex 3.500000e+01 4.350000e+00 4.972244e+00
      endloop
   endfacet
   facet normal 1.000000e+00 0.000000e+00 0.000000e+00
      outer loop
         vertex 3.500000e+01 3.500000e+00 3.500001e+00
         vertex 3.500000e+01 4.350000e+00 4.972244e+00
         vertex 3.500000e+01 4.081434e+00 5.097478e+00
      endloop
   endfacet
   facet normal 1.000000e+00 0.000000e+00 0.000000e+00
      outer loop
         vertex 3.500000e+01 5.174173e+00 3.795202e+00
         vertex 3.500000e+01 5.097478e+00 4.081435e+00
         vertex 3.500000e+01 3.500000e+00 3.500001e+00
      endloop
   endfacet
   facet normal 1.000000e+00 0.000000e+00 0.000000e+00
      outer loop
         vertex 3.500000e+01 3.500000e+00 3.500001e+00
         vertex 3.500000e+01 5.097478e+00 4.081435e+00
         vertex 3.500000e+01 4.972243e+00 4.350000e+00
      endloop
   endfacet
   facet normal 1.000000e+00 0.000000e+00 0.000000e+00
      outer loop
         vertex 3.500000e+01 3.500000e+00 3.500001e+00
         vertex 3.500000e+01 4.972243e+00 4.350000e+00
         vertex 3.500000e+01 4.802276e+00 4.592739e+00
      endloop
   endfacet
   facet normal 1.000000e+00 0.000000e+00 -0.000000e+00
      outer loop
         vertex 3.500000e+01 5.097478e+00 2.918566e+00
         vertex 3.500000e+01 5.174173e+00 3.204798e+00
         vertex 3.500000e+01 3.500000e+00 3.500001e+00
      endloop
   endfacet
   facet normal 1.000000e+00 -0.000000e+00 0.000000e+00
      outer loop
         vertex 3.500000e+01 3.500000e+00 3.500001e+00
         vertex 3.500000e+01 5.174173e+00 3.204798e+00
         vertex 3.500000e+01 5.200000e+00 3.500001e+00
      endloop
   endfacet
   facet normal 1.000000e+00 0.000000e+00 0.000000e+00
      outer loop
         vertex 3.500000e+01 3.500000e+00 3.500001e+00
         vertex 3.500000e+01 5.200000e+00 3.500001e+00
         vertex 3.500000e+01 5.174173e+00 3.795202e+00
      endloop
   endfacet
   facet normal 1.000000e+00 0.000000e+00 -0.000000e+00
      outer loop
         vertex 3.500000e+01 4.592739e+00 2.197724e+00
         vertex 3.500000e+01 4.802276e+00 2.407262e+00
         vertex 3.500000e+01 3.500000e+00 3.500001e+00
      endloop
   endfacet
   facet normal 1.000000e+00 0.000000e+00 0.000000e+00
      outer loop
         vertex 3.500000e+01 3.500000e+00 3.500001e+00
         vertex 3.500000e+01 4.802276e+00 2.407262e+00
         vertex 3.500000e+01 4.972243e+00 2.650000e+00
      endloop
   endfacet
   facet normal 1.000000e+00 0.000000e+00 0.000000e+00
      outer loop
         vertex 3.500000e+01 3.500000e+00 3.500001e+00
         vertex 3.500000e+01 4.972243e+00 2.650000e+00
         vertex 3.500000e+01 5.097478e+00 2.918566e+00
      endloop
   endfacet
   facet normal 1.000000e+00 0.000000e+00 -0.000000e+00
      outer loop
         vertex 3.500000e+01 3.795202e+00 1.825826e+00
         vertex 3.500000e+01 4.081434e+00 1.902523e+00
         vertex 3.500000e+01 3.500000e+00 3.500001e+00
      endloop
   endfacet
   facet normal 1.000000e+00 0.000000e+00 0.000000e+00
      outer loop
         vertex 3.500000e+01 3.500000e+00 3.500001e+00
         vertex 3.500000e+01 4.081434e+00 1.902523e+00
         vertex 3.500000e+01 4.350000e+00 2.027757e+00
      endloop
   endfacet
   facet normal 1.000000e+00 0.000000e+00 0.000000e+00
      outer loop
         vertex 3.500000e+01 3.500000e+00 3.500001e+00
         vertex 3.500000e+01 4.350000e+00 2.027757e+00
         vertex 3.500000e+01 4.592739e+00 2.197724e+00
      endloop
   endfacet
   facet normal 1.000000e+00 -0.000000e+00 0.000000e+00
      outer loop
         vertex 3.500000e+01 2.918566e+00 1.902523e+00
         vertex 3.500000e+01 3.204798e+00 1.825826e+00
         vertex 3.500000e+01 3.500000e+00 3.500001e+00
      endloop
   endfacet
   facet normal 1.000000e+00 0.000000e+00 0.000000e+00
      outer loop
         vertex 3.500000e+01 3.500000e+00 3.500001e+00
         vertex 3.500000e+01 3.204798e+00 1.825826e+00
         vertex 3.500000e+01 3.500000e+00 1.800001e+00
      endloop
   endfacet
   facet normal 1.000000e+00 0.000000e+00 0.000000e+00
      outer loop
         vertex 3.500000e+01 3.500000e+00 3.500001e+00
         vertex 3.500000e+01 3.500000e+00 1.800001e+00
         vertex 3.500000e+01 3.795202e+00 1.825826e+00
      endloop
   endfacet
   facet normal 1.000000e+00 -0.000000e+00 0.000000e+00
      outer loop
         vertex 3.500000e+01 2.197725e+00 2.407262e+00
         vertex 3.500000e+01 2.407261e+00 2.197724e+00
         vertex 3.500000e+01 3.500000e+00 3.500001e+00
      endloop
   endfacet
   facet normal 1.000000e+00 0.000000e+00 0.000000e+00
      outer loop
         vertex 3.500000e+01 3.500000e+00 3.500001e+00
         vertex 3.500000e+01 2.407261e+00 2.197724e+00
         vertex 3.500000e+01 2.650000e+00 2.027757e+00
      endloop
   endfacet
   facet normal 1.000000e+00 0.000000e+00 0.000000e+00
      outer loop
         vertex 3.500000e+01 3.500000e+00 3.500001e+00
         vertex 3.500000e+01 2.650000e+00 2.027757e+00
         vertex 3.500000e+01 2.918566e+00 1.902523e+00
      endloop
   endfacet
   facet normal 1.000000e+00 -0.000000e+00 0.000000e+00
      outer loop
         vertex 3.500000e+01 1.825827e+00 3.204798e+00
         vertex 3.500000e+01 1.902523e+00 2.918566e+00
         vertex 3.500000e+01 3.500000e+00 3.500001e+00
      endloop
   endfacet
   facet normal 1.000000e+00 0.000000e+00 0.000000e+00
      outer loop
         vertex 3.500000e+01 3.500000e+00 3.500001e+00
         vertex 3.500000e+01 1.902523e+00 2.918566e+00
         vertex 3.500000e+01 2.027757e+00 2.650000e+00
      endloop
   endfacet
   facet normal 1.000000e+00 0.000000e+00 0.000000e+00
      outer loop
         vertex 3.500000e+01 3.500000e+00 3.500001e+00
         vertex 3.500000e+01 2.027757e+00 2.650000e+00
         vertex 3.500000e+01 2.197725e+00 2.407262e+00
      endloop
   endfacet
   facet normal 1.000000e+00 0.000000e+00 0.000000e+00
      outer loop
         vertex 3.500000e+01 1.902523e+00 4.081435e+00
         vertex 3.500000e+01 1.825827e+00 3.795202e+00
         vertex 3.500000e+01 3.500000e+00 3.500001e+00
      endloop
   endfacet
   facet normal 1.000000e+00 0.000000e+00 0.000000e+00
      outer loop
         vertex 3.500000e+01 3.500000e+00 3.500001e+00
         vertex 3.500000e+01 1.825827e+00 3.795202e+00
         vertex 3.500000e+01 1.800000e+00 3.500001e+00
      endloop
   endfacet
   facet normal 1.000000e+00 0.000000e+00 0.000000e+00
      outer loop
         vertex 3.500000e+01 3.500000e+00 3.500001e+00
         vertex 3.500000e+01 1.800000e+00 3.500001e+00
         vertex 3.500000e+01 1.825827e+00 3.204798e+00
      endloop
   endfacet
   facet normal 1.000000e+00 0.000000e+00 0.000000e+00
      outer loop
         vertex 3.500000e+01 2.407261e+00 4.802275e+00
         vertex 3.500000e+01 2.197725e+00 4.592739e+00
         vertex 3.500000e+01 3.500000e+00 3.500001e+00
      endloop
   endfacet
   facet normal 1.000000e+00 0.000000e+00 0.000000e+00
      outer loop
         vertex 3.500000e+01 3.500000e+00 3.500001e+00
         vertex 3.500000e+01 2.197725e+00 4.592739e+00
         vertex 3.500000e+01 2.027757e+00 4.350000e+00
      endloop
   endfacet
   facet normal 1.000000e+00 0.000000e+00 0.000000e+00
      outer loop
         vertex 3.500000e+01 3.500000e+00 3.500001e+00
         vertex 3.500000e+01 2.027757e+00 4.350000e+00
         vertex 3.500000e+01 1.902523e+00 4.081435e+00
      endloop
   endfacet
   facet normal 1.000000e+00 0.000000e+00 0.000000e+00
      outer loop
         vertex 3.500000e+01 3.204798e+00 5.174173e+00
         vertex 3.500000e+01 2.918566e+00 5.097478e+00
         vertex 3.500000e+01 3.500000e+00 3.500001e+00
      endloop
   endfacet
   facet normal 1.000000e+00 0.000000e+00 0.000000e+00
      outer loop
         vertex 3.500000e+01 3.500000e+00 3.500001e+00
         vertex 3.500000e+01 2.918566e+00 5.097478e+00
         vertex 3.500000e+01 2.650000e+00 4.972244e+00
      endloop
   endfacet
   facet normal 1.000000e+00 0.000000e+00 0.000000e+00
      outer loop
         vertex 3.500000e+01 3.500000e+00 3.500001e+00
         vertex 3.500000e+01 2.650000e+00 4.972244e+00
         vertex 3.500000e+01 2.407261e+00 4.802275e+00
      endloop
   endfacet
   facet normal -8.713472e-02 -9.278944e-01 -3.625183e-01
      outer loop
         vertex 9.500001e+00 2.110759e-01 1.730293e+01
         vertex 9.500001e+00 2.706456e-01 1.715046e+01
         vertex 9.586824e+00 2.636367e-01 1.714753e+01
      endloop
   endfacet
   facet normal -8.715559e-02 -8.601093e-01 -5.026090e-01
      outer loop
         vertex 9.500001e+00 4.689111e-01 1.675000e+01
         vertex 9.500001e+00 4.874030e-01 1.671836e+01
         vertex 9.586824e+00 4.808647e-01 1.671449e+01
      endloop
   endfacet
   facet normal -8.713966e-02 -4.808342e-01 -8.724707e-01
      outer loop
         vertex 9.500001e+00 1.750000e+00 1.546891e+01
         vertex 9.500001e+00 1.871971e+00 1.540169e+01
         vertex 9.586824e+00 1.868438e+00 1.539497e+01
      endloop
   endfacet
   facet normal -8.715802e-02 -3.390733e-01 -9.367138e-01
      outer loop
         vertex 9.500001e+00 2.302930e+00 1.521108e+01
         vertex 9.500001e+00 2.314417e+00 1.520692e+01
         vertex 9.586824e+00 2.311844e+00 1.519977e+01
      endloop
   endfacet
   facet normal -8.710415e-02 3.441959e-02 -9.956044e-01
      outer loop
         vertex 9.500001e+00 3.500000e+00 1.500000e+01
         vertex 9.500001e+00 3.741710e+00 1.500836e+01
         vertex 9.586824e+00 3.742235e+00 1.500078e+01
      endloop
   endfacet
   facet normal -8.714664e-02 1.890601e-01 -9.780909e-01
      outer loop
         vertex 9.500001e+00 4.107769e+00 1.505317e+01
         vertex 9.500001e+00 4.220519e+00 1.507497e+01
         vertex 9.586824e+00 4.222083e+00 1.506753e+01
      endloop
   endfacet
   facet normal -8.711589e-02 6.637392e-01 -7.428735e-01
      outer loop
         vertex 9.500001e+00 5.749757e+00 1.581884e+01
         vertex 9.500001e+00 5.911898e+00 1.596371e+01
         vertex 9.586824e+00 5.917133e+00 1.595821e+01
      endloop
   endfacet
   facet normal -8.715081e-02 7.713359e-01 -6.304329e-01
      outer loop
         vertex 9.500001e+00 6.181156e+00 1.625024e+01
         vertex 9.500001e+00 6.238368e+00 1.632024e+01
         vertex 9.586824e+00 6.244311e+00 1.631551e+01
      endloop
   endfacet
   facet normal -8.712377e-02 9.854598e-01 -1.458712e-01
      outer loop
         vertex 9.500001e+00 6.946827e+00 1.789223e+01
         vertex 9.500001e+00 6.975089e+00 1.808316e+01
         vertex 9.586824e+00 6.982631e+00 1.808226e+01
      endloop
   endfacet
   facet normal -9.961759e-01 -6.443676e-02 -5.900407e-02
      outer loop
         vertex 1.000000e+01 7.435449e-01 1.560139e+01
         vertex 1.000000e+01 3.704368e-01 1.600885e+01
         vertex 9.992404e+00 4.383672e-01 1.606292e+01
      endloop
   endfacet
   facet normal -9.961759e-01 -5.569200e-02 -6.732009e-02
      outer loop
         vertex 1.000000e+01 1.169238e+00 1.524922e+01
         vertex 1.000000e+01 7.435449e-01 1.560139e+01
         vertex 9.992404e+00 8.033765e-01 1.566431e+01
      endloop
   endfacet
   facet normal -9.961759e-01 -4.588476e-02 -7.435177e-02
      outer loop
         vertex 1.000000e+01 1.639396e+00 1.495908e+01
         vertex 1.000000e+01 1.169238e+00 1.524922e+01
         vertex 9.992404e+00 1.219830e+00 1.531979e+01
      endloop
   endfacet
   facet normal -9.961759e-01 -3.520220e-02 -7.996517e-02
      outer loop
         vertex 1.000000e+01 2.145048e+00 1.473648e+01
         vertex 1.000000e+01 1.639396e+00 1.495908e+01
         vertex 9.992404e+00 1.679782e+00 1.503593e+01
      endloop
   endfacet
   facet normal -9.961759e-01 -2.384790e-02 -8.405272e-02
      outer loop
         vertex 1.000000e+01 2.676550e+00 1.458568e+01
         vertex 1.000000e+01 2.145048e+00 1.473648e+01
         vertex 9.992404e+00 2.174459e+00 1.481817e+01
      endloop
   endfacet
   facet normal -9.961759e-01 -1.203879e-02 -8.653712e-02
      outer loop
         vertex 1.000000e+01 3.223760e+00 1.450955e+01
         vertex 1.000000e+01 2.676550e+00 1.458568e+01
         vertex 9.992404e+00 2.694423e+00 1.467064e+01
      endloop
   endfacet
   facet normal -9.961759e-01 -0.000000e+00 -8.737051e-02
      outer loop
         vertex 1.000000e+01 3.776240e+00 1.450955e+01
         vertex 1.000000e+01 3.223760e+00 1.450955e+01
         vertex 9.992404e+00 3.229756e+00 1.459617e+01
      endloop
   endfacet
   facet normal -9.961759e-01 1.203879e-02 -8.653712e-02
      outer loop
         vertex 1.000000e+01 4.323451e+00 1.458568e+01
         vertex 1.000000e+01 3.776240e+00 1.450955e+01
         vertex 9.992404e+00 3.770244e+00 1.459617e+01
      endloop
   endfacet
   facet normal -9.961759e-01 2.384794e-02 -8.405285e-02
      outer loop
         vertex 1.000000e+01 4.854952e+00 1.473648e+01
         vertex 1.000000e+01 4.323451e+00 1.458568e+01
         vertex 9.992404e+00 4.305577e+00 1.467064e+01
      endloop
   endfacet
   facet normal -9.961759e-01 3.520211e-02 -7.996496e-02
      outer loop
         vertex 1.000000e+01 5.360604e+00 1.495908e+01
         vertex 1.000000e+01 4.854952e+00 1.473648e+01
         vertex 9.992404e+00 4.825541e+00 1.481817e+01
      endloop
   endfacet
   facet normal -9.961759e-01 4.588484e-02 -7.435190e-02
      outer loop
         vertex 1.000000e+01 5.830762e+00 1.524922e+01
         vertex 1.000000e+01 5.360604e+00 1.495908e+01
         vertex 9.992404e+00 5.320218e+00 1.503593e+01
      endloop
   endfacet
   facet normal -9.961759e-01 5.569202e-02 -6.732011e-02
      outer loop
         vertex 1.000000e+01 6.256455e+00 1.560139e+01
         vertex 1.000000e+01 5.830762e+00 1.524922e+01
         vertex 9.992404e+00 5.780170e+00 1.531979e+01
      endloop
   endfacet
   facet normal -9.961759e-01 6.443684e-02 -5.900414e-02
      outer loop
         vertex 1.000000e+01 6.629563e+00 1.600885e+01
         vertex 1.000000e+01 6.256455e+00 1.560139e+01
         vertex 9.992404e+00 6.196624e+00 1.566431e+01
      endloop
   endfacet
   facet normal -9.961759e-01 7.195234e-02 -4.956246e-02
      outer loop
         vertex 1.000000e+01 6.942968e+00 1.646383e+01
         vertex 1.000000e+01 6.629563e+00 1.600885e+01
         vertex 9.992404e+00 6.561633e+00 1.606292e+01
      endloop
   endfacet
   facet normal -2.437727e-01 -9.656761e-01 -8.969153e-02
      outer loop
         vertex 9.586195e+00 0.000000e+00 1.827097e+01
         vertex 9.586824e+00 1.736893e-02 1.808226e+01
         vertex 9.656467e+00 0.000000e+00 1.807998e+01
      endloop
   endfacet
   facet normal -1.559295e-01 -9.860090e-01 -5.892545e-02
      outer loop
         vertex 9.504183e+00 0.000000e+00 1.848893e+01
         vertex 9.500001e+00 0.000000e+00 1.850000e+01
         vertex 9.500001e+00 2.491102e-02 1.808316e+01
      endloop
   endfacet
   facet normal -2.437550e-01 -9.658576e-01 -8.776509e-02
      outer loop
         vertex 9.656467e+00 0.000000e+00 1.807998e+01
         vertex 9.586824e+00 1.736893e-02 1.808226e+01
         vertex 9.670700e+00 0.000000e+00 1.804045e+01
      endloop
   endfacet
   facet normal -2.845413e-01 -9.416832e-01 -1.796355e-01
      outer loop
         vertex 9.670700e+00 0.000000e+00 1.804045e+01
         vertex 9.586824e+00 1.736893e-02 1.808226e+01
         vertex 9.586824e+00 1.081494e-01 1.760637e+01
      endloop
   endfacet
   facet normal -2.583309e-01 -9.479312e-01 -1.862567e-01
      outer loop
         vertex 9.670700e+00 0.000000e+00 1.804045e+01
         vertex 9.586824e+00 1.081494e-01 1.760637e+01
         vertex 9.671010e+00 8.633616e-02 1.760062e+01
      endloop
   endfacet
   facet normal -6.450798e-01 -7.407604e-01 -1.874730e-01
      outer loop
         vertex 9.851306e+00 0.000000e+00 1.748497e+01
         vertex 9.824470e+00 0.000000e+00 1.757731e+01
         vertex 9.821394e+00 2.377201e-03 1.757850e+01
      endloop
   endfacet
   facet normal -6.457890e-01 -7.385066e-01 -1.938156e-01
      outer loop
         vertex 9.821394e+00 2.377201e-03 1.757850e+01
         vertex 9.824470e+00 0.000000e+00 1.757731e+01
         vertex 9.820307e+00 0.000000e+00 1.759118e+01
      endloop
   endfacet
   facet normal -5.735410e-01 -7.948434e-01 -1.981786e-01
      outer loop
         vertex 9.821394e+00 2.377201e-03 1.757850e+01
         vertex 9.820307e+00 0.000000e+00 1.759118e+01
         vertex 9.750000e+00 5.071820e-02 1.759124e+01
      endloop
   endfacet
   facet normal -5.752185e-01 -7.971844e-01 -1.833593e-01
      outer loop
         vertex 9.750000e+00 5.071820e-02 1.759124e+01
         vertex 9.820307e+00 0.000000e+00 1.759118e+01
         vertex 9.748495e+00 0.000000e+00 1.781646e+01
      endloop
   endfacet
   facet normal -4.224257e-01 -8.836458e-01 -2.018083e-01
      outer loop
         vertex 9.750000e+00 5.071820e-02 1.759124e+01
         vertex 9.748495e+00 0.000000e+00 1.781646e+01
         vertex 9.671010e+00 8.633616e-02 1.760062e+01
      endloop
   endfacet
   facet normal -4.872707e-01 -8.569661e-01 -1.678579e-01
      outer loop
         vertex 9.671010e+00 8.633616e-02 1.760062e+01
         vertex 9.748495e+00 0.000000e+00 1.781646e+01
         vertex 9.690408e+00 0.000000e+00 1.798508e+01
      endloop
   endfacet
   facet normal -4.766117e-01 -8.625876e-01 -1.696581e-01
      outer loop
         vertex 9.671010e+00 8.633616e-02 1.760062e+01
         vertex 9.690408e+00 0.000000e+00 1.798508e+01
         vertex 9.670700e+00 0.000000e+00 1.804045e+01
      endloop
   endfacet
   facet normal -7.067912e-01 -6.636538e-01 -2.449690e-01
      outer loop
         vertex 9.883023e+00 1.058504e-01 1.708159e+01
         vertex 9.882339e+00 0.000000e+00 1.737032e+01
         vertex 9.821394e+00 1.627132e-01 1.710535e+01
      endloop
   endfacet
   facet normal -7.585164e-01 -6.184627e-01 -2.053211e-01
      outer loop
         vertex 9.821394e+00 1.627132e-01 1.710535e+01
         vertex 9.882339e+00 0.000000e+00 1.737032e+01
         vertex 9.851306e+00 0.000000e+00 1.748497e+01
      endloop
   endfacet
   facet normal -8.887321e-01 -4.353272e-01 -1.436855e-01
      outer loop
         vertex 9.969587e+00 0.000000e+00 1.694897e+01
         vertex 9.955410e+00 0.000000e+00 1.703665e+01
         vertex 9.933013e+00 3.997725e-02 1.705406e+01
      endloop
   endfacet
   facet normal -8.894425e-01 -4.241140e-01 -1.703507e-01
      outer loop
         vertex 9.933013e+00 3.997725e-02 1.705406e+01
         vertex 9.955410e+00 0.000000e+00 1.703665e+01
         vertex 9.932720e+00 0.000000e+00 1.715512e+01
      endloop
   endfacet
   facet normal -8.191200e-01 -5.325876e-01 -2.130560e-01
      outer loop
         vertex 9.933013e+00 3.997725e-02 1.705406e+01
         vertex 9.932720e+00 0.000000e+00 1.715512e+01
         vertex 9.883023e+00 1.058504e-01 1.708159e+01
      endloop
   endfacet
   facet normal -8.375651e-01 -5.166491e-01 -1.776465e-01
      outer loop
         vertex 9.883023e+00 1.058504e-01 1.708159e+01
         vertex 9.932720e+00 0.000000e+00 1.715512e+01
         vertex 9.925431e+00 0.000000e+00 1.718949e+01
      endloop
   endfacet
   facet normal -8.245236e-01 -5.306199e-01 -1.964775e-01
      outer loop
         vertex 9.883023e+00 1.058504e-01 1.708159e+01
         vertex 9.925431e+00 0.000000e+00 1.718949e+01
         vertex 9.882339e+00 0.000000e+00 1.737032e+01
      endloop
   endfacet
   facet normal -9.961759e-01 -7.195247e-02 -4.956255e-02
      outer loop
         vertex 1.000000e+01 3.704368e-01 1.600885e+01
         vertex 1.000000e+01 5.703210e-02 1.646383e+01
         vertex 9.992404e+00 1.317651e-01 1.650803e+01
      endloop
   endfacet
   facet normal -9.961932e-01 -7.566213e-02 -4.329284e-02
      outer loop
         vertex 9.992404e+00 1.317651e-01 1.650803e+01
         vertex 1.000000e+01 5.703210e-02 1.646383e+01
         vertex 1.000000e+01 0.000000e+00 1.656351e+01
      endloop
   endfacet
   facet normal -9.720902e-01 -2.099331e-01 -1.047317e-01
      outer loop
         vertex 9.975837e+00 0.000000e+00 1.690466e+01
         vertex 9.969846e+00 2.042276e-01 1.655089e+01
         vertex 9.992098e+00 0.000000e+00 1.675373e+01
      endloop
   endfacet
   facet normal -9.658798e-01 -2.277365e-01 -1.233380e-01
      outer loop
         vertex 9.992098e+00 0.000000e+00 1.675373e+01
         vertex 9.969846e+00 2.042276e-01 1.655089e+01
         vertex 9.992404e+00 1.317651e-01 1.650803e+01
      endloop
   endfacet
   facet normal -9.933559e-01 -1.008982e-01 -5.534977e-02
      outer loop
         vertex 9.992098e+00 0.000000e+00 1.675373e+01
         vertex 9.992404e+00 1.317651e-01 1.650803e+01
         vertex 9.998988e+00 0.000000e+00 1.663006e+01
      endloop
   endfacet
   facet normal -9.978396e-01 -6.392030e-02 -1.517897e-02
      outer loop
         vertex 9.998988e+00 0.000000e+00 1.663006e+01
         vertex 9.992404e+00 1.317651e-01 1.650803e+01
         vertex 1.000000e+01 0.000000e+00 1.656351e+01
      endloop
   endfacet
   facet normal -9.961932e-01 7.566213e-02 -4.329284e-02
      outer loop
         vertex 1.000000e+01 6.942968e+00 1.646383e+01
         vertex 9.992404e+00 6.868235e+00 1.650803e+01
         vertex 1.000000e+01 7.000000e+00 1.656351e+01
      endloop
   endfacet
   facet normal -9.963392e-01 7.483964e-02 -4.131932e-02
      outer loop
         vertex 1.000000e+01 7.000000e+00 1.656351e+01
         vertex 9.992404e+00 6.868235e+00 1.650803e+01
         vertex 9.992127e+00 7.000000e+00 1.675336e+01
      endloop
   endfacet
   facet normal -8.894688e-01 4.240956e-01 -1.702591e-01
      outer loop
         vertex 9.932846e+00 7.000000e+00 1.715451e+01
         vertex 9.955453e+00 7.000000e+00 1.703641e+01
         vertex 9.933013e+00 6.960023e+00 1.705406e+01
      endloop
   endfacet
   facet normal -8.887116e-01 4.352709e-01 -1.439825e-01
      outer loop
         vertex 9.933013e+00 6.960023e+00 1.705406e+01
         vertex 9.955453e+00 7.000000e+00 1.703641e+01
         vertex 9.969216e+00 7.000000e+00 1.695146e+01
      endloop
   endfacet
   facet normal -8.715497e-01 4.550565e-01 -1.825506e-01
      outer loop
         vertex 9.932846e+00 7.000000e+00 1.715451e+01
         vertex 9.933013e+00 6.960023e+00 1.705406e+01
         vertex 9.929721e+00 7.000000e+00 1.716943e+01
      endloop
   endfacet
   facet normal -8.190754e-01 5.344335e-01 -2.085579e-01
      outer loop
         vertex 9.929721e+00 7.000000e+00 1.716943e+01
         vertex 9.933013e+00 6.960023e+00 1.705406e+01
         vertex 9.883023e+00 6.894150e+00 1.708159e+01
      endloop
   endfacet
   facet normal -8.272279e-01 5.268923e-01 -1.951369e-01
      outer loop
         vertex 9.929721e+00 7.000000e+00 1.716943e+01
         vertex 9.883023e+00 6.894150e+00 1.708159e+01
         vertex 9.882258e+00 7.000000e+00 1.737064e+01
      endloop
   endfacet
   facet normal -7.883086e-01 5.770824e-01 -2.134137e-01
      outer loop
         vertex 9.882258e+00 7.000000e+00 1.737064e+01
         vertex 9.883023e+00 6.894150e+00 1.708159e+01
         vertex 9.851306e+00 7.000000e+00 1.748497e+01
      endloop
   endfacet
   facet normal -7.063987e-01 6.690245e-01 -2.310995e-01
      outer loop
         vertex 9.851306e+00 7.000000e+00 1.748497e+01
         vertex 9.883023e+00 6.894150e+00 1.708159e+01
         vertex 9.821394e+00 6.837287e+00 1.710535e+01
      endloop
   endfacet
   facet normal -7.397621e-01 6.375950e-01 -2.149993e-01
      outer loop
         vertex 9.851306e+00 7.000000e+00 1.748497e+01
         vertex 9.821394e+00 6.837287e+00 1.710535e+01
         vertex 9.824453e+00 7.000000e+00 1.757737e+01
      endloop
   endfacet
   facet normal -6.458740e-01 7.384434e-01 -1.937734e-01
      outer loop
         vertex 9.824453e+00 7.000000e+00 1.757737e+01
         vertex 9.821394e+00 6.997623e+00 1.757850e+01
         vertex 9.820412e+00 7.000000e+00 1.759083e+01
      endloop
   endfacet
   facet normal -5.735452e-01 7.946729e-01 -1.988489e-01
      outer loop
         vertex 9.820412e+00 7.000000e+00 1.759083e+01
         vertex 9.821394e+00 6.997623e+00 1.757850e+01
         vertex 9.750000e+00 6.949282e+00 1.759124e+01
      endloop
   endfacet
   facet normal -5.752547e-01 7.971693e-01 -1.833117e-01
      outer loop
         vertex 9.820412e+00 7.000000e+00 1.759083e+01
         vertex 9.750000e+00 6.949282e+00 1.759124e+01
         vertex 9.748861e+00 7.000000e+00 1.781537e+01
      endloop
   endfacet
   facet normal -2.437737e-01 9.656756e-01 -8.969428e-02
      outer loop
         vertex 9.586054e+00 7.000000e+00 1.827135e+01
         vertex 9.656506e+00 7.000000e+00 1.807987e+01
         vertex 9.586824e+00 6.982631e+00 1.808226e+01
      endloop
   endfacet
   facet normal -2.437532e-01 9.658577e-01 -8.776833e-02
      outer loop
         vertex 9.586824e+00 6.982631e+00 1.808226e+01
         vertex 9.656506e+00 7.000000e+00 1.807987e+01
         vertex 9.670421e+00 7.000000e+00 1.804123e+01
      endloop
   endfacet
   facet normal -2.386322e-01 9.669500e-01 -8.979040e-02
      outer loop
         vertex 9.586054e+00 7.000000e+00 1.827135e+01
         vertex 9.586824e+00 6.982631e+00 1.808226e+01
         vertex 9.504183e+00 7.000000e+00 1.848893e+01
      endloop
   endfacet
   facet normal -8.700632e-02 9.943902e-01 -6.015042e-02
      outer loop
         vertex 9.504183e+00 7.000000e+00 1.848893e+01
         vertex 9.586824e+00 6.982631e+00 1.808226e+01
         vertex 9.500001e+00 6.975089e+00 1.808316e+01
      endloop
   endfacet
   facet normal -1.559295e-01 9.860090e-01 -5.892545e-02
      outer loop
         vertex 9.504183e+00 7.000000e+00 1.848893e+01
         vertex 9.500001e+00 6.975089e+00 1.808316e+01
         vertex 9.500001e+00 7.000000e+00 1.850000e+01
      endloop
   endfacet
   facet normal -7.333922e-01 -6.438429e-01 -2.181792e-01
      outer loop
         vertex 9.851306e+00 0.000000e+00 1.748497e+01
         vertex 9.821394e+00 2.377201e-03 1.757850e+01
         vertex 9.821394e+00 1.627132e-01 1.710535e+01
      endloop
   endfacet
   facet normal -5.726549e-01 -7.764280e-01 -2.631084e-01
      outer loop
         vertex 9.821394e+00 1.627132e-01 1.710535e+01
         vertex 9.821394e+00 2.377201e-03 1.757850e+01
         vertex 9.750000e+00 5.071820e-02 1.759124e+01
      endloop
   endfacet
   facet normal -5.726543e-01 -7.764284e-01 -2.631084e-01
      outer loop
         vertex 9.821394e+00 1.627132e-01 1.710535e+01
         vertex 9.750000e+00 5.071820e-02 1.759124e+01
         vertex 9.750000e+00 2.088381e-01 1.712463e+01
      endloop
   endfacet
   facet normal -4.217864e-01 -8.587296e-01 -2.909978e-01
      outer loop
         vertex 9.750000e+00 2.088381e-01 1.712463e+01
         vertex 9.750000e+00 5.071820e-02 1.759124e+01
         vertex 9.671010e+00 8.633616e-02 1.760062e+01
      endloop
   endfacet
   facet normal -4.217880e-01 -8.587288e-01 -2.909979e-01
      outer loop
         vertex 9.750000e+00 2.088381e-01 1.712463e+01
         vertex 9.671010e+00 8.633616e-02 1.760062e+01
         vertex 9.671010e+00 2.428235e-01 1.713883e+01
      endloop
   endfacet
   facet normal -2.582425e-01 -9.149728e-01 -3.100573e-01
      outer loop
         vertex 9.671010e+00 2.428235e-01 1.713883e+01
         vertex 9.671010e+00 8.633616e-02 1.760062e+01
         vertex 9.586824e+00 1.081494e-01 1.760637e+01
      endloop
   endfacet
   facet normal -2.582419e-01 -9.149730e-01 -3.100573e-01
      outer loop
         vertex 9.671010e+00 2.428235e-01 1.713883e+01
         vertex 9.586824e+00 1.081494e-01 1.760637e+01
         vertex 9.586824e+00 2.636367e-01 1.714753e+01
      endloop
   endfacet
   facet normal -5.476860e-01 8.154482e-01 -1.873078e-01
      outer loop
         vertex 9.748861e+00 7.000000e+00 1.781537e+01
         vertex 9.750000e+00 6.949282e+00 1.759124e+01
         vertex 9.706065e+00 7.000000e+00 1.794050e+01
      endloop
   endfacet
   facet normal -4.220826e-01 8.880888e-01 -1.820563e-01
      outer loop
         vertex 9.706065e+00 7.000000e+00 1.794050e+01
         vertex 9.750000e+00 6.949282e+00 1.759124e+01
         vertex 9.671010e+00 6.913664e+00 1.760062e+01
      endloop
   endfacet
   facet normal -4.787835e-01 8.614278e-01 -1.694359e-01
      outer loop
         vertex 9.706065e+00 7.000000e+00 1.794050e+01
         vertex 9.671010e+00 6.913664e+00 1.760062e+01
         vertex 9.670421e+00 7.000000e+00 1.804123e+01
      endloop
   endfacet
   facet normal -2.583283e-01 9.479632e-01 -1.860974e-01
      outer loop
         vertex 9.670421e+00 7.000000e+00 1.804123e+01
         vertex 9.671010e+00 6.913664e+00 1.760062e+01
         vertex 9.586824e+00 6.891851e+00 1.760637e+01
      endloop
   endfacet
   facet normal -2.838763e-01 9.418769e-01 -1.796725e-01
      outer loop
         vertex 9.670421e+00 7.000000e+00 1.804123e+01
         vertex 9.586824e+00 6.891851e+00 1.760637e+01
         vertex 9.586824e+00 6.982631e+00 1.808226e+01
      endloop
   endfacet
   facet normal -8.695112e-02 9.785669e-01 -1.866715e-01
      outer loop
         vertex 9.586824e+00 6.982631e+00 1.808226e+01
         vertex 9.586824e+00 6.891851e+00 1.760637e+01
         vertex 9.500001e+00 6.884505e+00 1.760830e+01
      endloop
   endfacet
   facet normal 6.629492e-02 9.745983e-01 -2.139230e-01
      outer loop
         vertex 9.586824e+00 6.982631e+00 1.808226e+01
         vertex 9.500001e+00 6.884505e+00 1.760830e+01
         vertex 9.500001e+00 6.946827e+00 1.789223e+01
      endloop
   endfacet
   facet normal -8.713472e-02 9.278944e-01 -3.625183e-01
      outer loop
         vertex 9.586824e+00 6.736364e+00 1.714753e+01
         vertex 9.500001e+00 6.729355e+00 1.715046e+01
         vertex 9.500001e+00 6.788924e+00 1.730293e+01
      endloop
   endfacet
   facet normal -6.499614e-01 7.197637e-01 -2.439065e-01
      outer loop
         vertex 9.824453e+00 7.000000e+00 1.757737e+01
         vertex 9.821394e+00 6.837287e+00 1.710535e+01
         vertex 9.821394e+00 6.997623e+00 1.757850e+01
      endloop
   endfacet
   facet normal -5.726543e-01 7.764283e-01 -2.631085e-01
      outer loop
         vertex 9.821394e+00 6.997623e+00 1.757850e+01
         vertex 9.821394e+00 6.837287e+00 1.710535e+01
         vertex 9.750000e+00 6.791162e+00 1.712463e+01
      endloop
   endfacet
   facet normal -5.726549e-01 7.764280e-01 -2.631083e-01
      outer loop
         vertex 9.821394e+00 6.997623e+00 1.757850e+01
         vertex 9.750000e+00 6.791162e+00 1.712463e+01
         vertex 9.750000e+00 6.949282e+00 1.759124e+01
      endloop
   endfacet
   facet normal -4.217880e-01 8.587289e-01 -2.909976e-01
      outer loop
         vertex 9.750000e+00 6.949282e+00 1.759124e+01
         vertex 9.750000e+00 6.791162e+00 1.712463e+01
         vertex 9.671010e+00 6.757177e+00 1.713883e+01
      endloop
   endfacet
   facet normal -4.217864e-01 8.587295e-01 -2.909981e-01
      outer loop
         vertex 9.750000e+00 6.949282e+00 1.759124e+01
         vertex 9.671010e+00 6.757177e+00 1.713883e+01
         vertex 9.671010e+00 6.913664e+00 1.760062e+01
      endloop
   endfacet
   facet normal -2.582419e-01 9.149730e-01 -3.100574e-01
      outer loop
         vertex 9.671010e+00 6.913664e+00 1.760062e+01
         vertex 9.671010e+00 6.757177e+00 1.713883e+01
         vertex 9.586824e+00 6.736364e+00 1.714753e+01
      endloop
   endfacet
   facet normal -2.582425e-01 9.149729e-01 -3.100572e-01
      outer loop
         vertex 9.671010e+00 6.913664e+00 1.760062e+01
         vertex 9.586824e+00 6.736364e+00 1.714753e+01
         vertex 9.586824e+00 6.891851e+00 1.760637e+01
      endloop
   endfacet
   facet normal -1.096022e-03 9.470977e-01 -3.209434e-01
      outer loop
         vertex 9.586824e+00 6.891851e+00 1.760637e+01
         vertex 9.586824e+00 6.736364e+00 1.714753e+01
         vertex 9.500001e+00 6.788924e+00 1.730293e+01
      endloop
   endfacet
   facet normal -8.706721e-02 9.507206e-01 -2.975731e-01
      outer loop
         vertex 9.586824e+00 6.891851e+00 1.760637e+01
         vertex 9.500001e+00 6.788924e+00 1.730293e+01
         vertex 9.500001e+00 6.884505e+00 1.760830e+01
      endloop
   endfacet
   facet normal -8.715559e-02 8.601093e-01 -5.026090e-01
      outer loop
         vertex 9.586824e+00 6.519136e+00 1.671449e+01
         vertex 9.500001e+00 6.512597e+00 1.671836e+01
         vertex 9.500001e+00 6.531089e+00 1.675000e+01
      endloop
   endfacet
   facet normal -9.804758e-01 1.727713e-01 -9.390002e-02
      outer loop
         vertex 9.992127e+00 7.000000e+00 1.675336e+01
         vertex 9.992404e+00 6.868235e+00 1.650803e+01
         vertex 9.984088e+00 7.000000e+00 1.683730e+01
      endloop
   endfacet
   facet normal -9.657846e-01 2.314492e-01 -1.170102e-01
      outer loop
         vertex 9.984088e+00 7.000000e+00 1.683730e+01
         vertex 9.992404e+00 6.868235e+00 1.650803e+01
         vertex 9.969846e+00 6.795773e+00 1.655089e+01
      endloop
   endfacet
   facet normal -9.619384e-01 2.428359e-01 -1.253206e-01
      outer loop
         vertex 9.984088e+00 7.000000e+00 1.683730e+01
         vertex 9.969846e+00 6.795773e+00 1.655089e+01
         vertex 9.969216e+00 7.000000e+00 1.695146e+01
      endloop
   endfacet
   facet normal -9.060229e-01 3.764734e-01 -1.933658e-01
      outer loop
         vertex 9.969216e+00 7.000000e+00 1.695146e+01
         vertex 9.969846e+00 6.795773e+00 1.655089e+01
         vertex 9.933013e+00 6.727783e+00 1.659109e+01
      endloop
   endfacet
   facet normal -9.143309e-01 3.619770e-01 -1.815808e-01
      outer loop
         vertex 9.969216e+00 7.000000e+00 1.695146e+01
         vertex 9.933013e+00 6.727783e+00 1.659109e+01
         vertex 9.933013e+00 6.960023e+00 1.705406e+01
      endloop
   endfacet
   facet normal -8.185066e-01 5.135093e-01 -2.575949e-01
      outer loop
         vertex 9.933013e+00 6.960023e+00 1.705406e+01
         vertex 9.933013e+00 6.727783e+00 1.659109e+01
         vertex 9.883023e+00 6.666331e+00 1.662744e+01
      endloop
   endfacet
   facet normal -8.185066e-01 5.135093e-01 -2.575948e-01
      outer loop
         vertex 9.933013e+00 6.960023e+00 1.705406e+01
         vertex 9.883023e+00 6.666331e+00 1.662744e+01
         vertex 9.883023e+00 6.894150e+00 1.708159e+01
      endloop
   endfacet
   facet normal -7.062619e-01 6.327956e-01 -3.174332e-01
      outer loop
         vertex 9.883023e+00 6.894150e+00 1.708159e+01
         vertex 9.883023e+00 6.666331e+00 1.662744e+01
         vertex 9.821394e+00 6.613285e+00 1.665881e+01
      endloop
   endfacet
   facet normal -7.062610e-01 6.327963e-01 -3.174338e-01
      outer loop
         vertex 9.883023e+00 6.894150e+00 1.708159e+01
         vertex 9.821394e+00 6.613285e+00 1.665881e+01
         vertex 9.821394e+00 6.837287e+00 1.710535e+01
      endloop
   endfacet
   facet normal -5.726528e-01 7.327693e-01 -3.675839e-01
      outer loop
         vertex 9.821394e+00 6.837287e+00 1.710535e+01
         vertex 9.821394e+00 6.613285e+00 1.665881e+01
         vertex 9.750000e+00 6.570256e+00 1.668426e+01
      endloop
   endfacet
   facet normal -5.726542e-01 7.327685e-01 -3.675832e-01
      outer loop
         vertex 9.821394e+00 6.837287e+00 1.710535e+01
         vertex 9.750000e+00 6.570256e+00 1.668426e+01
         vertex 9.750000e+00 6.791162e+00 1.712463e+01
      endloop
   endfacet
   facet normal -4.217884e-01 8.104410e-01 -4.065465e-01
      outer loop
         vertex 9.750000e+00 6.791162e+00 1.712463e+01
         vertex 9.750000e+00 6.570256e+00 1.668426e+01
         vertex 9.671010e+00 6.538552e+00 1.670301e+01
      endloop
   endfacet
   facet normal -4.217880e-01 8.104411e-01 -4.065466e-01
      outer loop
         vertex 9.750000e+00 6.791162e+00 1.712463e+01
         vertex 9.671010e+00 6.538552e+00 1.670301e+01
         vertex 9.671010e+00 6.757177e+00 1.713883e+01
      endloop
   endfacet
   facet normal -2.582421e-01 8.635225e-01 -4.331742e-01
      outer loop
         vertex 9.671010e+00 6.757177e+00 1.713883e+01
         vertex 9.671010e+00 6.538552e+00 1.670301e+01
         vertex 9.586824e+00 6.519136e+00 1.671449e+01
      endloop
   endfacet
   facet normal -2.582420e-01 8.635225e-01 -4.331742e-01
      outer loop
         vertex 9.671010e+00 6.757177e+00 1.713883e+01
         vertex 9.586824e+00 6.519136e+00 1.671449e+01
         vertex 9.586824e+00 6.736364e+00 1.714753e+01
      endloop
   endfacet
   facet normal -6.022310e-02 8.922190e-01 -4.475694e-01
      outer loop
         vertex 9.586824e+00 6.736364e+00 1.714753e+01
         vertex 9.586824e+00 6.519136e+00 1.671449e+01
         vertex 9.500001e+00 6.531089e+00 1.675000e+01
      endloop
   endfacet
   facet normal -8.698195e-02 8.927804e-01 -4.420149e-01
      outer loop
         vertex 9.586824e+00 6.736364e+00 1.714753e+01
         vertex 9.500001e+00 6.531089e+00 1.675000e+01
         vertex 9.500001e+00 6.729355e+00 1.715046e+01
      endloop
   endfacet
   facet normal -9.961759e-01 7.195246e-02 -4.956257e-02
      outer loop
         vertex 1.000000e+01 6.942968e+00 1.646383e+01
         vertex 9.992404e+00 6.561633e+00 1.606292e+01
         vertex 9.992404e+00 6.868235e+00 1.650803e+01
      endloop
   endfacet
   facet normal -9.657709e-01 2.136217e-01 -1.471477e-01
      outer loop
         vertex 9.992404e+00 6.868235e+00 1.650803e+01
         vertex 9.992404e+00 6.561633e+00 1.606292e+01
         vertex 9.969846e+00 6.495767e+00 1.611535e+01
      endloop
   endfacet
   facet normal -9.657709e-01 2.136216e-01 -1.471477e-01
      outer loop
         vertex 9.992404e+00 6.868235e+00 1.650803e+01
         vertex 9.969846e+00 6.495767e+00 1.611535e+01
         vertex 9.969846e+00 6.795773e+00 1.655089e+01
      endloop
   endfacet
   facet normal -9.059235e-01 3.487179e-01 -2.402052e-01
      outer loop
         vertex 9.969846e+00 6.795773e+00 1.655089e+01
         vertex 9.969846e+00 6.495767e+00 1.611535e+01
         vertex 9.933013e+00 6.433966e+00 1.616455e+01
      endloop
   endfacet
   facet normal -9.059232e-01 3.487183e-01 -2.402056e-01
      outer loop
         vertex 9.969846e+00 6.795773e+00 1.655089e+01
         vertex 9.933013e+00 6.433966e+00 1.616455e+01
         vertex 9.933013e+00 6.727783e+00 1.659109e+01
      endloop
   endfacet
   facet normal -8.185067e-01 4.731169e-01 -3.258944e-01
      outer loop
         vertex 9.933013e+00 6.727783e+00 1.659109e+01
         vertex 9.933013e+00 6.433966e+00 1.616455e+01
         vertex 9.883023e+00 6.378108e+00 1.620901e+01
      endloop
   endfacet
   facet normal -8.185066e-01 4.731170e-01 -3.258945e-01
      outer loop
         vertex 9.933013e+00 6.727783e+00 1.659109e+01
         vertex 9.883023e+00 6.378108e+00 1.620901e+01
         vertex 9.883023e+00 6.666331e+00 1.662744e+01
      endloop
   endfacet
   facet normal -7.062606e-01 5.830214e-01 -4.015994e-01
      outer loop
         vertex 9.883023e+00 6.666331e+00 1.662744e+01
         vertex 9.883023e+00 6.378108e+00 1.620901e+01
         vertex 9.821394e+00 6.329890e+00 1.624739e+01
      endloop
   endfacet
   facet normal -7.062619e-01 5.830205e-01 -4.015983e-01
      outer loop
         vertex 9.883023e+00 6.666331e+00 1.662744e+01
         vertex 9.821394e+00 6.329890e+00 1.624739e+01
         vertex 9.821394e+00 6.613285e+00 1.665881e+01
      endloop
   endfacet
   facet normal -5.726536e-01 6.751300e-01 -4.650455e-01
      outer loop
         vertex 9.821394e+00 6.613285e+00 1.665881e+01
         vertex 9.821394e+00 6.329890e+00 1.624739e+01
         vertex 9.750000e+00 6.290778e+00 1.627852e+01
      endloop
   endfacet
   facet normal -5.726529e-01 6.751303e-01 -4.650459e-01
      outer loop
         vertex 9.821394e+00 6.613285e+00 1.665881e+01
         vertex 9.750000e+00 6.290778e+00 1.627852e+01
         vertex 9.750000e+00 6.570256e+00 1.668426e+01
      endloop
   endfacet
   facet normal -4.217883e-01 7.466924e-01 -5.143396e-01
      outer loop
         vertex 9.750000e+00 6.570256e+00 1.668426e+01
         vertex 9.750000e+00 6.290778e+00 1.627852e+01
         vertex 9.671010e+00 6.261960e+00 1.630146e+01
      endloop
   endfacet
   facet normal -4.217882e-01 7.466924e-01 -5.143396e-01
      outer loop
         vertex 9.750000e+00 6.570256e+00 1.668426e+01
         vertex 9.671010e+00 6.261960e+00 1.630146e+01
         vertex 9.671010e+00 6.538552e+00 1.670301e+01
      endloop
   endfacet
   facet normal -2.582418e-01 7.955986e-01 -5.480274e-01
      outer loop
         vertex 9.671010e+00 6.538552e+00 1.670301e+01
         vertex 9.671010e+00 6.261960e+00 1.630146e+01
         vertex 9.586824e+00 6.244311e+00 1.631551e+01
      endloop
   endfacet
   facet normal -2.582422e-01 7.955986e-01 -5.480273e-01
      outer loop
         vertex 9.671010e+00 6.538552e+00 1.670301e+01
         vertex 9.586824e+00 6.244311e+00 1.631551e+01
         vertex 9.586824e+00 6.519136e+00 1.671449e+01
      endloop
   endfacet
   facet normal -8.695149e-02 8.204135e-01 -5.651204e-01
      outer loop
         vertex 9.586824e+00 6.519136e+00 1.671449e+01
         vertex 9.586824e+00 6.244311e+00 1.631551e+01
         vertex 9.500001e+00 6.238368e+00 1.632024e+01
      endloop
   endfacet
   facet normal -8.695024e-02 8.204135e-01 -5.651207e-01
      outer loop
         vertex 9.586824e+00 6.519136e+00 1.671449e+01
         vertex 9.500001e+00 6.238368e+00 1.632024e+01
         vertex 9.500001e+00 6.512597e+00 1.671836e+01
      endloop
   endfacet
   facet normal -9.961759e-01 6.443677e-02 -5.900406e-02
      outer loop
         vertex 1.000000e+01 6.629563e+00 1.600885e+01
         vertex 9.992404e+00 6.196624e+00 1.566431e+01
         vertex 9.992404e+00 6.561633e+00 1.606292e+01
      endloop
   endfacet
   facet normal -9.657708e-01 1.913086e-01 -1.751792e-01
      outer loop
         vertex 9.992404e+00 6.561633e+00 1.606292e+01
         vertex 9.992404e+00 6.196624e+00 1.566431e+01
         vertex 9.969846e+00 6.138610e+00 1.572531e+01
      endloop
   endfacet
   facet normal -9.657708e-01 1.913085e-01 -1.751791e-01
      outer loop
         vertex 9.992404e+00 6.561633e+00 1.606292e+01
         vertex 9.969846e+00 6.138610e+00 1.572531e+01
         vertex 9.969846e+00 6.495767e+00 1.611535e+01
      endloop
   endfacet
   facet normal -9.059233e-01 3.122940e-01 -2.859642e-01
      outer loop
         vertex 9.969846e+00 6.495767e+00 1.611535e+01
         vertex 9.969846e+00 6.138610e+00 1.572531e+01
         vertex 9.933013e+00 6.084177e+00 1.578255e+01
      endloop
   endfacet
   facet normal -9.059235e-01 3.122937e-01 -2.859638e-01
      outer loop
         vertex 9.969846e+00 6.495767e+00 1.611535e+01
         vertex 9.933013e+00 6.084177e+00 1.578255e+01
         vertex 9.933013e+00 6.433966e+00 1.616455e+01
      endloop
   endfacet
   facet normal -8.185070e-01 4.236989e-01 -3.879763e-01
      outer loop
         vertex 9.933013e+00 6.433966e+00 1.616455e+01
         vertex 9.933013e+00 6.084177e+00 1.578255e+01
         vertex 9.883023e+00 6.034978e+00 1.583429e+01
      endloop
   endfacet
   facet normal -8.185067e-01 4.236991e-01 -3.879766e-01
      outer loop
         vertex 9.933013e+00 6.433966e+00 1.616455e+01
         vertex 9.883023e+00 6.034978e+00 1.583429e+01
         vertex 9.883023e+00 6.378108e+00 1.620901e+01
      endloop
   endfacet
   facet normal -7.062613e-01 5.221234e-01 -4.781026e-01
      outer loop
         vertex 9.883023e+00 6.378108e+00 1.620901e+01
         vertex 9.883023e+00 6.034978e+00 1.583429e+01
         vertex 9.821394e+00 5.992509e+00 1.587895e+01
      endloop
   endfacet
   facet normal -7.062606e-01 5.221238e-01 -4.781032e-01
      outer loop
         vertex 9.883023e+00 6.378108e+00 1.620901e+01
         vertex 9.821394e+00 5.992509e+00 1.587895e+01
         vertex 9.821394e+00 6.329890e+00 1.624739e+01
      endloop
   endfacet
   facet normal -5.726536e-01 6.046113e-01 -5.536362e-01
      outer loop
         vertex 9.821394e+00 6.329890e+00 1.624739e+01
         vertex 9.821394e+00 5.992509e+00 1.587895e+01
         vertex 9.750000e+00 5.958060e+00 1.591517e+01
      endloop
   endfacet
   facet normal -5.726536e-01 6.046113e-01 -5.536362e-01
      outer loop
         vertex 9.821394e+00 6.329890e+00 1.624739e+01
         vertex 9.750000e+00 5.958060e+00 1.591517e+01
         vertex 9.750000e+00 6.290778e+00 1.627852e+01
      endloop
   endfacet
   facet normal -4.217885e-01 6.686988e-01 -6.123205e-01
      outer loop
         vertex 9.750000e+00 6.290778e+00 1.627852e+01
         vertex 9.750000e+00 5.958060e+00 1.591517e+01
         vertex 9.671010e+00 5.932678e+00 1.594186e+01
      endloop
   endfacet
   facet normal -4.217881e-01 6.686989e-01 -6.123206e-01
      outer loop
         vertex 9.750000e+00 6.290778e+00 1.627852e+01
         vertex 9.671010e+00 5.932678e+00 1.594186e+01
         vertex 9.671010e+00 6.261960e+00 1.630146e+01
      endloop
   endfacet
   facet normal -2.582417e-01 7.124968e-01 -6.524259e-01
      outer loop
         vertex 9.671010e+00 6.261960e+00 1.630146e+01
         vertex 9.671010e+00 5.932678e+00 1.594186e+01
         vertex 9.586824e+00 5.917133e+00 1.595821e+01
      endloop
   endfacet
   facet normal -2.582418e-01 7.124968e-01 -6.524259e-01
      outer loop
         vertex 9.671010e+00 6.261960e+00 1.630146e+01
         vertex 9.586824e+00 5.917133e+00 1.595821e+01
         vertex 9.586824e+00 6.244311e+00 1.631551e+01
      endloop
   endfacet
   facet normal -8.695121e-02 7.347197e-01 -6.727752e-01
      outer loop
         vertex 9.586824e+00 6.244311e+00 1.631551e+01
         vertex 9.586824e+00 5.917133e+00 1.595821e+01
         vertex 9.500001e+00 5.911898e+00 1.596371e+01
      endloop
   endfacet
   facet normal -1.528620e-02 7.286445e-01 -6.847215e-01
      outer loop
         vertex 9.586824e+00 6.244311e+00 1.631551e+01
         vertex 9.500001e+00 5.911898e+00 1.596371e+01
         vertex 9.500001e+00 6.181156e+00 1.625024e+01
      endloop
   endfacet
   facet normal -9.961759e-01 5.569201e-02 -6.732009e-02
      outer loop
         vertex 1.000000e+01 6.256455e+00 1.560139e+01
         vertex 9.992404e+00 5.780170e+00 1.531979e+01
         vertex 9.992404e+00 6.196624e+00 1.566431e+01
      endloop
   endfacet
   facet normal -9.657707e-01 1.653459e-01 -1.998690e-01
      outer loop
         vertex 9.992404e+00 6.196624e+00 1.566431e+01
         vertex 9.992404e+00 5.780170e+00 1.531979e+01
         vertex 9.969846e+00 5.731116e+00 1.538820e+01
      endloop
   endfacet
   facet normal -9.657708e-01 1.653458e-01 -1.998688e-01
      outer loop
         vertex 9.992404e+00 6.196624e+00 1.566431e+01
         vertex 9.969846e+00 5.731116e+00 1.538820e+01
         vertex 9.969846e+00 6.138610e+00 1.572531e+01
      endloop
   endfacet
   facet normal -9.059234e-01 2.699118e-01 -3.262674e-01
      outer loop
         vertex 9.969846e+00 6.138610e+00 1.572531e+01
         vertex 9.969846e+00 5.731116e+00 1.538820e+01
         vertex 9.933013e+00 5.685089e+00 1.545240e+01
      endloop
   endfacet
   facet normal -9.059233e-01 2.699120e-01 -3.262676e-01
      outer loop
         vertex 9.969846e+00 6.138610e+00 1.572531e+01
         vertex 9.933013e+00 5.685089e+00 1.545240e+01
         vertex 9.933013e+00 6.084177e+00 1.578255e+01
      endloop
   endfacet
   facet normal -8.185068e-01 3.661980e-01 -4.426575e-01
      outer loop
         vertex 9.933013e+00 6.084177e+00 1.578255e+01
         vertex 9.933013e+00 5.685089e+00 1.545240e+01
         vertex 9.883023e+00 5.643489e+00 1.551042e+01
      endloop
   endfacet
   facet normal -8.185070e-01 3.661979e-01 -4.426572e-01
      outer loop
         vertex 9.933013e+00 6.084177e+00 1.578255e+01
         vertex 9.883023e+00 5.643489e+00 1.551042e+01
         vertex 9.883023e+00 6.034978e+00 1.583429e+01
      endloop
   endfacet
   facet normal -7.062611e-01 4.512652e-01 -5.454860e-01
      outer loop
         vertex 9.883023e+00 6.034978e+00 1.583429e+01
         vertex 9.883023e+00 5.643489e+00 1.551042e+01
         vertex 9.821394e+00 5.607579e+00 1.556050e+01
      endloop
   endfacet
   facet normal -7.062614e-01 4.512651e-01 -5.454857e-01
      outer loop
         vertex 9.883023e+00 6.034978e+00 1.583429e+01
         vertex 9.821394e+00 5.607579e+00 1.556050e+01
         vertex 9.821394e+00 5.992509e+00 1.587895e+01
      endloop
   endfacet
   facet normal -5.726533e-01 5.225587e-01 -6.316649e-01
      outer loop
         vertex 9.821394e+00 5.992509e+00 1.587895e+01
         vertex 9.821394e+00 5.607579e+00 1.556050e+01
         vertex 9.750000e+00 5.578450e+00 1.560113e+01
      endloop
   endfacet
   facet normal -5.726535e-01 5.225587e-01 -6.316647e-01
      outer loop
         vertex 9.821394e+00 5.992509e+00 1.587895e+01
         vertex 9.750000e+00 5.578450e+00 1.560113e+01
         vertex 9.750000e+00 5.958060e+00 1.591517e+01
      endloop
   endfacet
   facet normal -4.217887e-01 5.779487e-01 -6.986198e-01
      outer loop
         vertex 9.750000e+00 5.958060e+00 1.591517e+01
         vertex 9.750000e+00 5.578450e+00 1.560113e+01
         vertex 9.671010e+00 5.556987e+00 1.563107e+01
      endloop
   endfacet
   facet normal -4.217886e-01 5.779487e-01 -6.986198e-01
      outer loop
         vertex 9.750000e+00 5.958060e+00 1.591517e+01
         vertex 9.671010e+00 5.556987e+00 1.563107e+01
         vertex 9.671010e+00 5.932678e+00 1.594186e+01
      endloop
   endfacet
   facet normal -2.582432e-01 6.158026e-01 -7.443773e-01
      outer loop
         vertex 9.671010e+00 5.932678e+00 1.594186e+01
         vertex 9.671010e+00 5.556987e+00 1.563107e+01
         vertex 9.586824e+00 5.543843e+00 1.564940e+01
      endloop
   endfacet
   facet normal -2.582416e-01 6.158027e-01 -7.443778e-01
      outer loop
         vertex 9.671010e+00 5.932678e+00 1.594186e+01
         vertex 9.586824e+00 5.543843e+00 1.564940e+01
         vertex 9.586824e+00 5.917133e+00 1.595821e+01
      endloop
   endfacet
   facet normal -8.694880e-02 6.350098e-01 -7.675953e-01
      outer loop
         vertex 9.586824e+00 5.917133e+00 1.595821e+01
         vertex 9.586824e+00 5.543843e+00 1.564940e+01
         vertex 9.500001e+00 5.539417e+00 1.565557e+01
      endloop
   endfacet
   facet normal 8.557996e-02 6.109336e-01 -7.870427e-01
      outer loop
         vertex 9.586824e+00 5.917133e+00 1.595821e+01
         vertex 9.500001e+00 5.539417e+00 1.565557e+01
         vertex 9.500001e+00 5.749757e+00 1.581884e+01
      endloop
   endfacet
   facet normal -8.713966e-02 4.808342e-01 -8.724707e-01
      outer loop
         vertex 9.586824e+00 5.131562e+00 1.539497e+01
         vertex 9.500001e+00 5.128029e+00 1.540169e+01
         vertex 9.500001e+00 5.250000e+00 1.546891e+01
      endloop
   endfacet
   facet normal -9.961759e-01 4.588478e-02 -7.435176e-02
      outer loop
         vertex 1.000000e+01 5.830762e+00 1.524922e+01
         vertex 9.992404e+00 5.320218e+00 1.503593e+01
         vertex 9.992404e+00 5.780170e+00 1.531979e+01
      endloop
   endfacet
   facet normal -9.657709e-01 1.362285e-01 -2.207449e-01
      outer loop
         vertex 9.992404e+00 5.780170e+00 1.531979e+01
         vertex 9.992404e+00 5.320218e+00 1.503593e+01
         vertex 9.969846e+00 5.281059e+00 1.511046e+01
      endloop
   endfacet
   facet normal -9.657707e-01 1.362288e-01 -2.207456e-01
      outer loop
         vertex 9.992404e+00 5.780170e+00 1.531979e+01
         vertex 9.969846e+00 5.281059e+00 1.511046e+01
         vertex 9.969846e+00 5.731116e+00 1.538820e+01
      endloop
   endfacet
   facet normal -9.059235e-01 2.223806e-01 -3.603462e-01
      outer loop
         vertex 9.969846e+00 5.731116e+00 1.538820e+01
         vertex 9.969846e+00 5.281059e+00 1.511046e+01
         vertex 9.933013e+00 5.244317e+00 1.518038e+01
      endloop
   endfacet
   facet normal -9.059234e-01 2.223807e-01 -3.603465e-01
      outer loop
         vertex 9.969846e+00 5.731116e+00 1.538820e+01
         vertex 9.933013e+00 5.244317e+00 1.518038e+01
         vertex 9.933013e+00 5.685089e+00 1.545240e+01
      endloop
   endfacet
   facet normal -8.185063e-01 3.017114e-01 -4.888943e-01
      outer loop
         vertex 9.933013e+00 5.685089e+00 1.545240e+01
         vertex 9.933013e+00 5.244317e+00 1.518038e+01
         vertex 9.883023e+00 5.211108e+00 1.524358e+01
      endloop
   endfacet
   facet normal -8.185068e-01 3.017112e-01 -4.888937e-01
      outer loop
         vertex 9.933013e+00 5.685089e+00 1.545240e+01
         vertex 9.883023e+00 5.211108e+00 1.524358e+01
         vertex 9.883023e+00 5.643489e+00 1.551042e+01
      endloop
   endfacet
   facet normal -7.062617e-01 3.717978e-01 -6.024622e-01
      outer loop
         vertex 9.883023e+00 5.643489e+00 1.551042e+01
         vertex 9.883023e+00 5.211108e+00 1.524358e+01
         vertex 9.821394e+00 5.182441e+00 1.529814e+01
      endloop
   endfacet
   facet normal -7.062612e-01 3.717980e-01 -6.024627e-01
      outer loop
         vertex 9.883023e+00 5.643489e+00 1.551042e+01
         vertex 9.821394e+00 5.182441e+00 1.529814e+01
         vertex 9.821394e+00 5.607579e+00 1.556050e+01
      endloop
   endfacet
   facet normal -5.726529e-01 4.305370e-01 -6.976436e-01
      outer loop
         vertex 9.821394e+00 5.607579e+00 1.556050e+01
         vertex 9.821394e+00 5.182441e+00 1.529814e+01
         vertex 9.750000e+00 5.159188e+00 1.534239e+01
      endloop
   endfacet
   facet normal -5.726532e-01 4.305369e-01 -6.976433e-01
      outer loop
         vertex 9.821394e+00 5.607579e+00 1.556050e+01
         vertex 9.750000e+00 5.159188e+00 1.534239e+01
         vertex 9.750000e+00 5.578450e+00 1.560113e+01
      endloop
   endfacet
   facet normal -4.217884e-01 4.761728e-01 -7.715919e-01
      outer loop
         vertex 9.750000e+00 5.578450e+00 1.560113e+01
         vertex 9.750000e+00 5.159188e+00 1.534239e+01
         vertex 9.671010e+00 5.142055e+00 1.537500e+01
      endloop
   endfacet
   facet normal -4.217888e-01 4.761728e-01 -7.715916e-01
      outer loop
         vertex 9.750000e+00 5.578450e+00 1.560113e+01
         vertex 9.671010e+00 5.142055e+00 1.537500e+01
         vertex 9.671010e+00 5.556987e+00 1.563107e+01
      endloop
   endfacet
   facet normal -2.582426e-01 5.073608e-01 -8.221288e-01
      outer loop
         vertex 9.671010e+00 5.556987e+00 1.563107e+01
         vertex 9.671010e+00 5.142055e+00 1.537500e+01
         vertex 9.586824e+00 5.131562e+00 1.539497e+01
      endloop
   endfacet
   facet normal -2.582431e-01 5.073608e-01 -8.221287e-01
      outer loop
         vertex 9.671010e+00 5.556987e+00 1.563107e+01
         vertex 9.586824e+00 5.131562e+00 1.539497e+01
         vertex 9.586824e+00 5.543843e+00 1.564940e+01
      endloop
   endfacet
   facet normal -8.362728e-03 5.251564e-01 -8.509647e-01
      outer loop
         vertex 9.586824e+00 5.543843e+00 1.564940e+01
         vertex 9.586824e+00 5.131562e+00 1.539497e+01
         vertex 9.500001e+00 5.250000e+00 1.546891e+01
      endloop
   endfacet
   facet normal -8.705061e-02 5.399443e-01 -8.371872e-01
      outer loop
         vertex 9.586824e+00 5.543843e+00 1.564940e+01
         vertex 9.500001e+00 5.250000e+00 1.546891e+01
         vertex 9.500001e+00 5.539417e+00 1.565557e+01
      endloop
   endfacet
   facet normal -8.715802e-02 3.390733e-01 -9.367138e-01
      outer loop
         vertex 9.586824e+00 4.688156e+00 1.519977e+01
         vertex 9.500001e+00 4.685583e+00 1.520692e+01
         vertex 9.500001e+00 4.697071e+00 1.521108e+01
      endloop
   endfacet
   facet normal -9.961759e-01 3.520217e-02 -7.996518e-02
      outer loop
         vertex 1.000000e+01 5.360604e+00 1.495908e+01
         vertex 9.992404e+00 4.825541e+00 1.481817e+01
         vertex 9.992404e+00 5.320218e+00 1.503593e+01
      endloop
   endfacet
   facet normal -9.657708e-01 1.045126e-01 -2.374106e-01
      outer loop
         vertex 9.992404e+00 5.320218e+00 1.503593e+01
         vertex 9.992404e+00 4.825541e+00 1.481817e+01
         vertex 9.969846e+00 4.797024e+00 1.489738e+01
      endloop
   endfacet
   facet normal -9.657709e-01 1.045125e-01 -2.374103e-01
      outer loop
         vertex 9.992404e+00 5.320218e+00 1.503593e+01
         vertex 9.969846e+00 4.797024e+00 1.489738e+01
         vertex 9.969846e+00 5.281059e+00 1.511046e+01
      endloop
   endfacet
   facet normal -9.059237e-01 1.706071e-01 -3.875507e-01
      outer loop
         vertex 9.969846e+00 5.281059e+00 1.511046e+01
         vertex 9.969846e+00 4.797024e+00 1.489738e+01
         vertex 9.933013e+00 4.770267e+00 1.497170e+01
      endloop
   endfacet
   facet normal -9.059235e-01 1.706072e-01 -3.875510e-01
      outer loop
         vertex 9.969846e+00 5.281059e+00 1.511046e+01
         vertex 9.933013e+00 4.770267e+00 1.497170e+01
         vertex 9.933013e+00 5.244317e+00 1.518038e+01
      endloop
   endfacet
   facet normal -8.185063e-01 2.314687e-01 -5.258038e-01
      outer loop
         vertex 9.933013e+00 5.244317e+00 1.518038e+01
         vertex 9.933013e+00 4.770267e+00 1.497170e+01
         vertex 9.883023e+00 4.746084e+00 1.503887e+01
      endloop
   endfacet
   facet normal -8.185063e-01 2.314687e-01 -5.258038e-01
      outer loop
         vertex 9.933013e+00 5.244317e+00 1.518038e+01
         vertex 9.883023e+00 4.746084e+00 1.503887e+01
         vertex 9.883023e+00 5.211108e+00 1.524358e+01
      endloop
   endfacet
   facet normal -7.062603e-01 2.852384e-01 -6.479471e-01
      outer loop
         vertex 9.883023e+00 5.211108e+00 1.524358e+01
         vertex 9.883023e+00 4.746084e+00 1.503887e+01
         vertex 9.821394e+00 4.725208e+00 1.509686e+01
      endloop
   endfacet
   facet normal -7.062617e-01 2.852382e-01 -6.479456e-01
      outer loop
         vertex 9.883023e+00 5.211108e+00 1.524358e+01
         vertex 9.821394e+00 4.725208e+00 1.509686e+01
         vertex 9.821394e+00 5.182441e+00 1.529814e+01
      endloop
   endfacet
   facet normal -5.726541e-01 3.303018e-01 -7.503119e-01
      outer loop
         vertex 9.821394e+00 5.182441e+00 1.529814e+01
         vertex 9.821394e+00 4.725208e+00 1.509686e+01
         vertex 9.750000e+00 4.708274e+00 1.514389e+01
      endloop
   endfacet
   facet normal -5.726528e-01 3.303019e-01 -7.503129e-01
      outer loop
         vertex 9.821394e+00 5.182441e+00 1.529814e+01
         vertex 9.750000e+00 4.708274e+00 1.514389e+01
         vertex 9.750000e+00 5.159188e+00 1.534239e+01
      endloop
   endfacet
   facet normal -4.217890e-01 3.653129e-01 -8.298437e-01
      outer loop
         vertex 9.750000e+00 5.159188e+00 1.534239e+01
         vertex 9.750000e+00 4.708274e+00 1.514389e+01
         vertex 9.671010e+00 4.695797e+00 1.517855e+01
      endloop
   endfacet
   facet normal -4.217884e-01 3.653129e-01 -8.298440e-01
      outer loop
         vertex 9.750000e+00 5.159188e+00 1.534239e+01
         vertex 9.671010e+00 4.695797e+00 1.517855e+01
         vertex 9.671010e+00 5.142055e+00 1.537500e+01
      endloop
   endfacet
   facet normal -2.582414e-01 3.892399e-01 -8.841966e-01
      outer loop
         vertex 9.671010e+00 5.142055e+00 1.537500e+01
         vertex 9.671010e+00 4.695797e+00 1.517855e+01
         vertex 9.586824e+00 4.688156e+00 1.519977e+01
      endloop
   endfacet
   facet normal -2.582428e-01 3.892400e-01 -8.841962e-01
      outer loop
         vertex 9.671010e+00 5.142055e+00 1.537500e+01
         vertex 9.586824e+00 4.688156e+00 1.519977e+01
         vertex 9.586824e+00 5.131562e+00 1.539497e+01
      endloop
   endfacet
   facet normal -7.757343e-02 4.016925e-01 -9.124832e-01
      outer loop
         vertex 9.586824e+00 5.131562e+00 1.539497e+01
         vertex 9.586824e+00 4.688156e+00 1.519977e+01
         vertex 9.500001e+00 4.697071e+00 1.521108e+01
      endloop
   endfacet
   facet normal -8.696061e-02 4.029710e-01 -9.110720e-01
      outer loop
         vertex 9.586824e+00 5.131562e+00 1.539497e+01
         vertex 9.500001e+00 4.697071e+00 1.521108e+01
         vertex 9.500001e+00 5.128029e+00 1.540169e+01
      endloop
   endfacet
   facet normal -9.961759e-01 2.384792e-02 -8.405271e-02
      outer loop
         vertex 1.000000e+01 4.854952e+00 1.473648e+01
         vertex 9.992404e+00 4.305577e+00 1.467064e+01
         vertex 9.992404e+00 4.825541e+00 1.481817e+01
      endloop
   endfacet
   facet normal -9.657709e-01 7.080278e-02 -2.495465e-01
      outer loop
         vertex 9.992404e+00 4.825541e+00 1.481817e+01
         vertex 9.992404e+00 4.305577e+00 1.467064e+01
         vertex 9.969846e+00 4.288246e+00 1.475302e+01
      endloop
   endfacet
   facet normal -9.657708e-01 7.080282e-02 -2.495469e-01
      outer loop
         vertex 9.992404e+00 4.825541e+00 1.481817e+01
         vertex 9.969846e+00 4.288246e+00 1.475302e+01
         vertex 9.969846e+00 4.797024e+00 1.489738e+01
      endloop
   endfacet
   facet normal -9.059232e-01 1.155793e-01 -4.073631e-01
      outer loop
         vertex 9.969846e+00 4.797024e+00 1.489738e+01
         vertex 9.969846e+00 4.288246e+00 1.475302e+01
         vertex 9.933013e+00 4.271985e+00 1.483032e+01
      endloop
   endfacet
   facet normal -9.059237e-01 1.155792e-01 -4.073619e-01
      outer loop
         vertex 9.969846e+00 4.797024e+00 1.489738e+01
         vertex 9.933013e+00 4.271985e+00 1.483032e+01
         vertex 9.933013e+00 4.770267e+00 1.497170e+01
      endloop
   endfacet
   facet normal -8.185071e-01 1.568101e-01 -5.526814e-01
      outer loop
         vertex 9.933013e+00 4.770267e+00 1.497170e+01
         vertex 9.933013e+00 4.271985e+00 1.483032e+01
         vertex 9.883023e+00 4.257288e+00 1.490019e+01
      endloop
   endfacet
   facet normal -8.185063e-01 1.568102e-01 -5.526825e-01
      outer loop
         vertex 9.933013e+00 4.770267e+00 1.497170e+01
         vertex 9.883023e+00 4.257288e+00 1.490019e+01
         vertex 9.883023e+00 4.746084e+00 1.503887e+01
      endloop
   endfacet
   facet normal -7.062605e-01 1.932369e-01 -6.810695e-01
      outer loop
         vertex 9.883023e+00 4.746084e+00 1.503887e+01
         vertex 9.883023e+00 4.257288e+00 1.490019e+01
         vertex 9.821394e+00 4.244601e+00 1.496049e+01
      endloop
   endfacet
   facet normal -7.062603e-01 1.932369e-01 -6.810697e-01
      outer loop
         vertex 9.883023e+00 4.746084e+00 1.503887e+01
         vertex 9.821394e+00 4.244601e+00 1.496049e+01
         vertex 9.821394e+00 4.725208e+00 1.509686e+01
      endloop
   endfacet
   facet normal -5.726547e-01 2.237650e-01 -7.886671e-01
      outer loop
         vertex 9.821394e+00 4.725208e+00 1.509686e+01
         vertex 9.821394e+00 4.244601e+00 1.496049e+01
         vertex 9.750000e+00 4.234309e+00 1.500941e+01
      endloop
   endfacet
   facet normal -5.726540e-01 2.237650e-01 -7.886676e-01
      outer loop
         vertex 9.821394e+00 4.725208e+00 1.509686e+01
         vertex 9.750000e+00 4.234309e+00 1.500941e+01
         vertex 9.750000e+00 4.708274e+00 1.514389e+01
      endloop
   endfacet
   facet normal -4.217867e-01 2.474840e-01 -8.722658e-01
      outer loop
         vertex 9.750000e+00 4.708274e+00 1.514389e+01
         vertex 9.750000e+00 4.234309e+00 1.500941e+01
         vertex 9.671010e+00 4.226727e+00 1.504546e+01
      endloop
   endfacet
   facet normal -4.217891e-01 2.474841e-01 -8.722646e-01
      outer loop
         vertex 9.750000e+00 4.708274e+00 1.514389e+01
         vertex 9.671010e+00 4.226727e+00 1.504546e+01
         vertex 9.671010e+00 4.695797e+00 1.517855e+01
      endloop
   endfacet
   facet normal -2.582427e-01 2.636937e-01 -9.293957e-01
      outer loop
         vertex 9.671010e+00 4.695797e+00 1.517855e+01
         vertex 9.671010e+00 4.226727e+00 1.504546e+01
         vertex 9.586824e+00 4.222083e+00 1.506753e+01
      endloop
   endfacet
   facet normal -2.582415e-01 2.636935e-01 -9.293961e-01
      outer loop
         vertex 9.671010e+00 4.695797e+00 1.517855e+01
         vertex 9.586824e+00 4.222083e+00 1.506753e+01
         vertex 9.586824e+00 4.688156e+00 1.519977e+01
      endloop
   endfacet
   facet normal -8.695177e-02 2.719182e-01 -9.583840e-01
      outer loop
         vertex 9.586824e+00 4.688156e+00 1.519977e+01
         vertex 9.586824e+00 4.222083e+00 1.506753e+01
         vertex 9.500001e+00 4.220519e+00 1.507497e+01
      endloop
   endfacet
   facet normal -8.695165e-02 2.719181e-01 -9.583840e-01
      outer loop
         vertex 9.586824e+00 4.688156e+00 1.519977e+01
         vertex 9.500001e+00 4.220519e+00 1.507497e+01
         vertex 9.500001e+00 4.685583e+00 1.520692e+01
      endloop
   endfacet
   facet normal -9.961759e-01 1.203879e-02 -8.653712e-02
      outer loop
         vertex 1.000000e+01 4.323451e+00 1.458568e+01
         vertex 9.992404e+00 3.770244e+00 1.459617e+01
         vertex 9.992404e+00 4.305577e+00 1.467064e+01
      endloop
   endfacet
   facet normal -9.657709e-01 3.574229e-02 -2.569224e-01
      outer loop
         vertex 9.992404e+00 4.305577e+00 1.467064e+01
         vertex 9.992404e+00 3.770244e+00 1.459617e+01
         vertex 9.969846e+00 3.764430e+00 1.468015e+01
      endloop
   endfacet
   facet normal -9.657709e-01 3.574230e-02 -2.569221e-01
      outer loop
         vertex 9.992404e+00 4.305577e+00 1.467064e+01
         vertex 9.969846e+00 3.764430e+00 1.468015e+01
         vertex 9.969846e+00 4.288246e+00 1.475302e+01
      endloop
   endfacet
   facet normal -9.059233e-01 5.834616e-02 -4.194027e-01
      outer loop
         vertex 9.969846e+00 4.288246e+00 1.475302e+01
         vertex 9.969846e+00 3.764430e+00 1.468015e+01
         vertex 9.933013e+00 3.758975e+00 1.475895e+01
      endloop
   endfacet
   facet normal -9.059231e-01 5.834614e-02 -4.194031e-01
      outer loop
         vertex 9.969846e+00 4.288246e+00 1.475302e+01
         vertex 9.933013e+00 3.758975e+00 1.475895e+01
         vertex 9.933013e+00 4.271985e+00 1.483032e+01
      endloop
   endfacet
   facet normal -8.185065e-01 7.916005e-02 -5.690174e-01
      outer loop
         vertex 9.933013e+00 4.271985e+00 1.483032e+01
         vertex 9.933013e+00 3.758975e+00 1.475895e+01
         vertex 9.883023e+00 3.754045e+00 1.483018e+01
      endloop
   endfacet
   facet normal -8.185071e-01 7.916011e-02 -5.690165e-01
      outer loop
         vertex 9.933013e+00 4.271985e+00 1.483032e+01
         vertex 9.883023e+00 3.754045e+00 1.483018e+01
         vertex 9.883023e+00 4.257288e+00 1.490019e+01
      endloop
   endfacet
   facet normal -7.062611e-01 9.754894e-02 -7.011986e-01
      outer loop
         vertex 9.883023e+00 4.257288e+00 1.490019e+01
         vertex 9.883023e+00 3.754045e+00 1.483018e+01
         vertex 9.821394e+00 3.749789e+00 1.489166e+01
      endloop
   endfacet
   facet normal -7.062605e-01 9.754887e-02 -7.011992e-01
      outer loop
         vertex 9.883023e+00 4.257288e+00 1.490019e+01
         vertex 9.821394e+00 3.749789e+00 1.489166e+01
         vertex 9.821394e+00 4.244601e+00 1.496049e+01
      endloop
   endfacet
   facet normal -5.726542e-01 1.129600e-01 -8.119773e-01
      outer loop
         vertex 9.821394e+00 4.244601e+00 1.496049e+01
         vertex 9.821394e+00 3.749789e+00 1.489166e+01
         vertex 9.750000e+00 3.746336e+00 1.494153e+01
      endloop
   endfacet
   facet normal -5.726547e-01 1.129601e-01 -8.119770e-01
      outer loop
         vertex 9.821394e+00 4.244601e+00 1.496049e+01
         vertex 9.750000e+00 3.746336e+00 1.494153e+01
         vertex 9.750000e+00 4.234309e+00 1.500941e+01
      endloop
   endfacet
   facet normal -4.217871e-01 1.249338e-01 -8.980463e-01
      outer loop
         vertex 9.750000e+00 4.234309e+00 1.500941e+01
         vertex 9.750000e+00 3.746336e+00 1.494153e+01
         vertex 9.671010e+00 3.743793e+00 1.497827e+01
      endloop
   endfacet
   facet normal -4.217866e-01 1.249337e-01 -8.980465e-01
      outer loop
         vertex 9.750000e+00 4.234309e+00 1.500941e+01
         vertex 9.671010e+00 3.743793e+00 1.497827e+01
         vertex 9.671010e+00 4.226727e+00 1.504546e+01
      endloop
   endfacet
   facet normal -2.582431e-01 1.331164e-01 -9.568649e-01
      outer loop
         vertex 9.671010e+00 4.226727e+00 1.504546e+01
         vertex 9.671010e+00 3.743793e+00 1.497827e+01
         vertex 9.586824e+00 3.742235e+00 1.500078e+01
      endloop
   endfacet
   facet normal -2.582428e-01 1.331163e-01 -9.568650e-01
      outer loop
         vertex 9.671010e+00 4.226727e+00 1.504546e+01
         vertex 9.586824e+00 3.742235e+00 1.500078e+01
         vertex 9.586824e+00 4.222083e+00 1.506753e+01
      endloop
   endfacet
   facet normal -8.694928e-02 1.372683e-01 -9.867103e-01
      outer loop
         vertex 9.586824e+00 4.222083e+00 1.506753e+01
         vertex 9.586824e+00 3.742235e+00 1.500078e+01
         vertex 9.500001e+00 3.741710e+00 1.500836e+01
      endloop
   endfacet
   facet normal 4.172700e-03 1.215218e-01 -9.925800e-01
      outer loop
         vertex 9.586824e+00 4.222083e+00 1.506753e+01
         vertex 9.500001e+00 3.741710e+00 1.500836e+01
         vertex 9.500001e+00 4.107769e+00 1.505317e+01
      endloop
   endfacet
   facet normal -9.961759e-01 0.000000e+00 -8.737051e-02
      outer loop
         vertex 1.000000e+01 3.776240e+00 1.450955e+01
         vertex 9.992404e+00 3.229756e+00 1.459617e+01
         vertex 9.992404e+00 3.770244e+00 1.459617e+01
      endloop
   endfacet
   facet normal -9.657709e-01 -0.000000e+00 -2.593967e-01
      outer loop
         vertex 9.992404e+00 3.770244e+00 1.459617e+01
         vertex 9.992404e+00 3.229756e+00 1.459617e+01
         vertex 9.969846e+00 3.235570e+00 1.468015e+01
      endloop
   endfacet
   facet normal -9.657709e-01 0.000000e+00 -2.593967e-01
      outer loop
         vertex 9.992404e+00 3.770244e+00 1.459617e+01
         vertex 9.969846e+00 3.235570e+00 1.468015e+01
         vertex 9.969846e+00 3.764430e+00 1.468015e+01
      endloop
   endfacet
   facet normal -9.059233e-01 -0.000000e+00 -4.234418e-01
      outer loop
         vertex 9.969846e+00 3.764430e+00 1.468015e+01
         vertex 9.969846e+00 3.235570e+00 1.468015e+01
         vertex 9.933013e+00 3.241025e+00 1.475895e+01
      endloop
   endfacet
   facet normal -9.059233e-01 0.000000e+00 -4.234418e-01
      outer loop
         vertex 9.969846e+00 3.764430e+00 1.468015e+01
         vertex 9.933013e+00 3.241025e+00 1.475895e+01
         vertex 9.933013e+00 3.758975e+00 1.475895e+01
      endloop
   endfacet
   facet normal -8.185065e-01 -0.000000e+00 -5.744973e-01
      outer loop
         vertex 9.933013e+00 3.758975e+00 1.475895e+01
         vertex 9.933013e+00 3.241025e+00 1.475895e+01
         vertex 9.883023e+00 3.245955e+00 1.483018e+01
      endloop
   endfacet
   facet normal -8.185065e-01 0.000000e+00 -5.744973e-01
      outer loop
         vertex 9.933013e+00 3.758975e+00 1.475895e+01
         vertex 9.883023e+00 3.245955e+00 1.483018e+01
         vertex 9.883023e+00 3.754045e+00 1.483018e+01
      endloop
   endfacet
   facet normal -7.062611e-01 -0.000000e+00 -7.079515e-01
      outer loop
         vertex 9.883023e+00 3.754045e+00 1.483018e+01
         vertex 9.883023e+00 3.245955e+00 1.483018e+01
         vertex 9.821394e+00 3.250212e+00 1.489166e+01
      endloop
   endfacet
   facet normal -7.062611e-01 0.000000e+00 -7.079515e-01
      outer loop
         vertex 9.883023e+00 3.754045e+00 1.483018e+01
         vertex 9.821394e+00 3.250212e+00 1.489166e+01
         vertex 9.821394e+00 3.749789e+00 1.489166e+01
      endloop
   endfacet
   facet normal -5.726543e-01 -0.000000e+00 -8.197970e-01
      outer loop
         vertex 9.821394e+00 3.749789e+00 1.489166e+01
         vertex 9.821394e+00 3.250212e+00 1.489166e+01
         vertex 9.750000e+00 3.253664e+00 1.494153e+01
      endloop
   endfacet
   facet normal -5.726543e-01 0.000000e+00 -8.197970e-01
      outer loop
         vertex 9.821394e+00 3.749789e+00 1.489166e+01
         vertex 9.750000e+00 3.253664e+00 1.494153e+01
         vertex 9.750000e+00 3.746336e+00 1.494153e+01
      endloop
   endfacet
   facet normal -4.217871e-01 -0.000000e+00 -9.066949e-01
      outer loop
         vertex 9.750000e+00 3.746336e+00 1.494153e+01
         vertex 9.750000e+00 3.253664e+00 1.494153e+01
         vertex 9.671010e+00 3.256208e+00 1.497827e+01
      endloop
   endfacet
   facet normal -4.217871e-01 0.000000e+00 -9.066949e-01
      outer loop
         vertex 9.750000e+00 3.746336e+00 1.494153e+01
         vertex 9.671010e+00 3.256208e+00 1.497827e+01
         vertex 9.671010e+00 3.743793e+00 1.497827e+01
      endloop
   endfacet
   facet normal -2.582432e-01 -0.000000e+00 -9.660800e-01
      outer loop
         vertex 9.671010e+00 3.743793e+00 1.497827e+01
         vertex 9.671010e+00 3.256208e+00 1.497827e+01
         vertex 9.586824e+00 3.257765e+00 1.500078e+01
      endloop
   endfacet
   facet normal -2.582432e-01 0.000000e+00 -9.660800e-01
      outer loop
         vertex 9.671010e+00 3.743793e+00 1.497827e+01
         vertex 9.586824e+00 3.257765e+00 1.500078e+01
         vertex 9.586824e+00 3.742235e+00 1.500078e+01
      endloop
   endfacet
   facet normal -8.694928e-02 -0.000000e+00 -9.962127e-01
      outer loop
         vertex 9.586824e+00 3.742235e+00 1.500078e+01
         vertex 9.586824e+00 3.257765e+00 1.500078e+01
         vertex 9.500001e+00 3.258290e+00 1.500836e+01
      endloop
   endfacet
   facet normal 1.047754e-01 -3.436073e-02 -9.939021e-01
      outer loop
         vertex 9.586824e+00 3.742235e+00 1.500078e+01
         vertex 9.500001e+00 3.258290e+00 1.500836e+01
         vertex 9.500001e+00 3.500000e+00 1.500000e+01
      endloop
   endfacet
   facet normal -8.714664e-02 -1.890601e-01 -9.780909e-01
      outer loop
         vertex 9.586824e+00 2.777917e+00 1.506753e+01
         vertex 9.500001e+00 2.779481e+00 1.507497e+01
         vertex 9.500001e+00 2.892232e+00 1.505317e+01
      endloop
   endfacet
   facet normal -9.961759e-01 -1.203879e-02 -8.653712e-02
      outer loop
         vertex 1.000000e+01 3.223760e+00 1.450955e+01
         vertex 9.992404e+00 2.694423e+00 1.467064e+01
         vertex 9.992404e+00 3.229756e+00 1.459617e+01
      endloop
   endfacet
   facet normal -9.657709e-01 -3.574226e-02 -2.569221e-01
      outer loop
         vertex 9.992404e+00 3.229756e+00 1.459617e+01
         vertex 9.992404e+00 2.694423e+00 1.467064e+01
         vertex 9.969846e+00 2.711754e+00 1.475302e+01
      endloop
   endfacet
   facet normal -9.657709e-01 -3.574234e-02 -2.569224e-01
      outer loop
         vertex 9.992404e+00 3.229756e+00 1.459617e+01
         vertex 9.969846e+00 2.711754e+00 1.475302e+01
         vertex 9.969846e+00 3.235570e+00 1.468015e+01
      endloop
   endfacet
   facet normal -9.059232e-01 -5.834621e-02 -4.194031e-01
      outer loop
         vertex 9.969846e+00 3.235570e+00 1.468015e+01
         vertex 9.969846e+00 2.711754e+00 1.475302e+01
         vertex 9.933013e+00 2.728015e+00 1.483032e+01
      endloop
   endfacet
   facet normal -9.059233e-01 -5.834609e-02 -4.194027e-01
      outer loop
         vertex 9.969846e+00 3.235570e+00 1.468015e+01
         vertex 9.933013e+00 2.728015e+00 1.483032e+01
         vertex 9.933013e+00 3.241025e+00 1.475895e+01
      endloop
   endfacet
   facet normal -8.185071e-01 -7.915992e-02 -5.690166e-01
      outer loop
         vertex 9.933013e+00 3.241025e+00 1.475895e+01
         vertex 9.933013e+00 2.728015e+00 1.483032e+01
         vertex 9.883023e+00 2.742713e+00 1.490019e+01
      endloop
   endfacet
   facet normal -8.185065e-01 -7.916023e-02 -5.690174e-01
      outer loop
         vertex 9.933013e+00 3.241025e+00 1.475895e+01
         vertex 9.883023e+00 2.742713e+00 1.490019e+01
         vertex 9.883023e+00 3.245955e+00 1.483018e+01
      endloop
   endfacet
   facet normal -7.062605e-01 -9.754902e-02 -7.011992e-01
      outer loop
         vertex 9.883023e+00 3.245955e+00 1.483018e+01
         vertex 9.883023e+00 2.742713e+00 1.490019e+01
         vertex 9.821394e+00 2.755400e+00 1.496049e+01
      endloop
   endfacet
   facet normal -7.062611e-01 -9.754878e-02 -7.011986e-01
      outer loop
         vertex 9.883023e+00 3.245955e+00 1.483018e+01
         vertex 9.821394e+00 2.755400e+00 1.496049e+01
         vertex 9.821394e+00 3.250212e+00 1.489166e+01
      endloop
   endfacet
   facet normal -5.726547e-01 -1.129600e-01 -8.119770e-01
      outer loop
         vertex 9.821394e+00 3.250212e+00 1.489166e+01
         vertex 9.821394e+00 2.755400e+00 1.496049e+01
         vertex 9.750000e+00 2.765691e+00 1.500941e+01
      endloop
   endfacet
   facet normal -5.726542e-01 -1.129601e-01 -8.119773e-01
      outer loop
         vertex 9.821394e+00 3.250212e+00 1.489166e+01
         vertex 9.750000e+00 2.765691e+00 1.500941e+01
         vertex 9.750000e+00 3.253664e+00 1.494153e+01
      endloop
   endfacet
   facet normal -4.217866e-01 -1.249338e-01 -8.980465e-01
      outer loop
         vertex 9.750000e+00 3.253664e+00 1.494153e+01
         vertex 9.750000e+00 2.765691e+00 1.500941e+01
         vertex 9.671010e+00 2.773273e+00 1.504546e+01
      endloop
   endfacet
   facet normal -4.217871e-01 -1.249337e-01 -8.980463e-01
      outer loop
         vertex 9.750000e+00 3.253664e+00 1.494153e+01
         vertex 9.671010e+00 2.773273e+00 1.504546e+01
         vertex 9.671010e+00 3.256208e+00 1.497827e+01
      endloop
   endfacet
   facet normal -2.582428e-01 -1.331164e-01 -9.568650e-01
      outer loop
         vertex 9.671010e+00 3.256208e+00 1.497827e+01
         vertex 9.671010e+00 2.773273e+00 1.504546e+01
         vertex 9.586824e+00 2.777917e+00 1.506753e+01
      endloop
   endfacet
   facet normal -2.582431e-01 -1.331163e-01 -9.568649e-01
      outer loop
         vertex 9.671010e+00 3.256208e+00 1.497827e+01
         vertex 9.586824e+00 2.777917e+00 1.506753e+01
         vertex 9.586824e+00 3.257765e+00 1.500078e+01
      endloop
   endfacet
   facet normal -1.759432e-02 -1.377688e-01 -9.903081e-01
      outer loop
         vertex 9.586824e+00 3.257765e+00 1.500078e+01
         vertex 9.586824e+00 2.777917e+00 1.506753e+01
         vertex 9.500001e+00 2.892232e+00 1.505317e+01
      endloop
   endfacet
   facet normal -8.703567e-02 -1.210617e-01 -9.888220e-01
      outer loop
         vertex 9.586824e+00 3.257765e+00 1.500078e+01
         vertex 9.500001e+00 2.892232e+00 1.505317e+01
         vertex 9.500001e+00 3.258290e+00 1.500836e+01
      endloop
   endfacet
   facet normal -9.961759e-01 -2.384796e-02 -8.405284e-02
      outer loop
         vertex 1.000000e+01 2.676550e+00 1.458568e+01
         vertex 9.992404e+00 2.174459e+00 1.481817e+01
         vertex 9.992404e+00 2.694423e+00 1.467064e+01
      endloop
   endfacet
   facet normal -9.657708e-01 -7.080288e-02 -2.495469e-01
      outer loop
         vertex 9.992404e+00 2.694423e+00 1.467064e+01
         vertex 9.992404e+00 2.174459e+00 1.481817e+01
         vertex 9.969846e+00 2.202976e+00 1.489738e+01
      endloop
   endfacet
   facet normal -9.657709e-01 -7.080273e-02 -2.495465e-01
      outer loop
         vertex 9.992404e+00 2.694423e+00 1.467064e+01
         vertex 9.969846e+00 2.202976e+00 1.489738e+01
         vertex 9.969846e+00 2.711754e+00 1.475302e+01
      endloop
   endfacet
   facet normal -9.059237e-01 -1.155790e-01 -4.073620e-01
      outer loop
         vertex 9.969846e+00 2.711754e+00 1.475302e+01
         vertex 9.969846e+00 2.202976e+00 1.489738e+01
         vertex 9.933013e+00 2.229733e+00 1.497170e+01
      endloop
   endfacet
   facet normal -9.059232e-01 -1.155795e-01 -4.073630e-01
      outer loop
         vertex 9.969846e+00 2.711754e+00 1.475302e+01
         vertex 9.933013e+00 2.229733e+00 1.497170e+01
         vertex 9.933013e+00 2.728015e+00 1.483032e+01
      endloop
   endfacet
   facet normal -8.185063e-01 -1.568104e-01 -5.526824e-01
      outer loop
         vertex 9.933013e+00 2.728015e+00 1.483032e+01
         vertex 9.933013e+00 2.229733e+00 1.497170e+01
         vertex 9.883023e+00 2.253917e+00 1.503887e+01
      endloop
   endfacet
   facet normal -8.185071e-01 -1.568099e-01 -5.526815e-01
      outer loop
         vertex 9.933013e+00 2.728015e+00 1.483032e+01
         vertex 9.883023e+00 2.253917e+00 1.503887e+01
         vertex 9.883023e+00 2.742713e+00 1.490019e+01
      endloop
   endfacet
   facet normal -7.062603e-01 -1.932369e-01 -6.810697e-01
      outer loop
         vertex 9.883023e+00 2.742713e+00 1.490019e+01
         vertex 9.883023e+00 2.253917e+00 1.503887e+01
         vertex 9.821394e+00 2.274793e+00 1.509686e+01
      endloop
   endfacet
   facet normal -7.062605e-01 -1.932368e-01 -6.810695e-01
      outer loop
         vertex 9.883023e+00 2.742713e+00 1.490019e+01
         vertex 9.821394e+00 2.274793e+00 1.509686e+01
         vertex 9.821394e+00 2.755400e+00 1.496049e+01
      endloop
   endfacet
   facet normal -5.726540e-01 -2.237652e-01 -7.886676e-01
      outer loop
         vertex 9.821394e+00 2.755400e+00 1.496049e+01
         vertex 9.821394e+00 2.274793e+00 1.509686e+01
         vertex 9.750000e+00 2.291726e+00 1.514389e+01
      endloop
   endfacet
   facet normal -5.726547e-01 -2.237649e-01 -7.886672e-01
      outer loop
         vertex 9.821394e+00 2.755400e+00 1.496049e+01
         vertex 9.750000e+00 2.291726e+00 1.514389e+01
         vertex 9.750000e+00 2.765691e+00 1.500941e+01
      endloop
   endfacet
   facet normal -4.217890e-01 -2.474837e-01 -8.722648e-01
      outer loop
         vertex 9.750000e+00 2.765691e+00 1.500941e+01
         vertex 9.750000e+00 2.291726e+00 1.514389e+01
         vertex 9.671010e+00 2.304203e+00 1.517855e+01
      endloop
   endfacet
   facet normal -4.217867e-01 -2.474844e-01 -8.722657e-01
      outer loop
         vertex 9.750000e+00 2.765691e+00 1.500941e+01
         vertex 9.671010e+00 2.304203e+00 1.517855e+01
         vertex 9.671010e+00 2.773273e+00 1.504546e+01
      endloop
   endfacet
   facet normal -2.582415e-01 -2.636938e-01 -9.293960e-01
      outer loop
         vertex 9.671010e+00 2.773273e+00 1.504546e+01
         vertex 9.671010e+00 2.304203e+00 1.517855e+01
         vertex 9.586824e+00 2.311844e+00 1.519977e+01
      endloop
   endfacet
   facet normal -2.582428e-01 -2.636934e-01 -9.293957e-01
      outer loop
         vertex 9.671010e+00 2.773273e+00 1.504546e+01
         vertex 9.586824e+00 2.311844e+00 1.519977e+01
         vertex 9.586824e+00 2.777917e+00 1.506753e+01
      endloop
   endfacet
   facet normal -8.695165e-02 -2.719182e-01 -9.583840e-01
      outer loop
         vertex 9.586824e+00 2.777917e+00 1.506753e+01
         vertex 9.586824e+00 2.311844e+00 1.519977e+01
         vertex 9.500001e+00 2.314417e+00 1.520692e+01
      endloop
   endfacet
   facet normal -8.695177e-02 -2.719181e-01 -9.583840e-01
      outer loop
         vertex 9.586824e+00 2.777917e+00 1.506753e+01
         vertex 9.500001e+00 2.314417e+00 1.520692e+01
         vertex 9.500001e+00 2.779481e+00 1.507497e+01
      endloop
   endfacet
   facet normal -9.961759e-01 -3.520207e-02 -7.996497e-02
      outer loop
         vertex 1.000000e+01 2.145048e+00 1.473648e+01
         vertex 9.992404e+00 1.679782e+00 1.503593e+01
         vertex 9.992404e+00 2.174459e+00 1.481817e+01
      endloop
   endfacet
   facet normal -9.657709e-01 -1.045125e-01 -2.374103e-01
      outer loop
         vertex 9.992404e+00 2.174459e+00 1.481817e+01
         vertex 9.992404e+00 1.679782e+00 1.503593e+01
         vertex 9.969846e+00 1.718941e+00 1.511046e+01
      endloop
   endfacet
   facet normal -9.657708e-01 -1.045126e-01 -2.374106e-01
      outer loop
         vertex 9.992404e+00 2.174459e+00 1.481817e+01
         vertex 9.969846e+00 1.718941e+00 1.511046e+01
         vertex 9.969846e+00 2.202976e+00 1.489738e+01
      endloop
   endfacet
   facet normal -9.059235e-01 -1.706072e-01 -3.875509e-01
      outer loop
         vertex 9.969846e+00 2.202976e+00 1.489738e+01
         vertex 9.969846e+00 1.718941e+00 1.511046e+01
         vertex 9.933013e+00 1.755684e+00 1.518038e+01
      endloop
   endfacet
   facet normal -9.059237e-01 -1.706071e-01 -3.875507e-01
      outer loop
         vertex 9.969846e+00 2.202976e+00 1.489738e+01
         vertex 9.933013e+00 1.755684e+00 1.518038e+01
         vertex 9.933013e+00 2.229733e+00 1.497170e+01
      endloop
   endfacet
   facet normal -8.185063e-01 -2.314687e-01 -5.258038e-01
      outer loop
         vertex 9.933013e+00 2.229733e+00 1.497170e+01
         vertex 9.933013e+00 1.755684e+00 1.518038e+01
         vertex 9.883023e+00 1.788892e+00 1.524358e+01
      endloop
   endfacet
   facet normal -8.185063e-01 -2.314687e-01 -5.258038e-01
      outer loop
         vertex 9.933013e+00 2.229733e+00 1.497170e+01
         vertex 9.883023e+00 1.788892e+00 1.524358e+01
         vertex 9.883023e+00 2.253917e+00 1.503887e+01
      endloop
   endfacet
   facet normal -7.062617e-01 -2.852379e-01 -6.479458e-01
      outer loop
         vertex 9.883023e+00 2.253917e+00 1.503887e+01
         vertex 9.883023e+00 1.788892e+00 1.524358e+01
         vertex 9.821394e+00 1.817559e+00 1.529814e+01
      endloop
   endfacet
   facet normal -7.062603e-01 -2.852388e-01 -6.479470e-01
      outer loop
         vertex 9.883023e+00 2.253917e+00 1.503887e+01
         vertex 9.821394e+00 1.817559e+00 1.529814e+01
         vertex 9.821394e+00 2.274793e+00 1.509686e+01
      endloop
   endfacet
   facet normal -5.726528e-01 -3.303022e-01 -7.503128e-01
      outer loop
         vertex 9.821394e+00 2.274793e+00 1.509686e+01
         vertex 9.821394e+00 1.817559e+00 1.529814e+01
         vertex 9.750000e+00 1.840812e+00 1.534239e+01
      endloop
   endfacet
   facet normal -5.726541e-01 -3.303015e-01 -7.503120e-01
      outer loop
         vertex 9.821394e+00 2.274793e+00 1.509686e+01
         vertex 9.750000e+00 1.840812e+00 1.534239e+01
         vertex 9.750000e+00 2.291726e+00 1.514389e+01
      endloop
   endfacet
   facet normal -4.217884e-01 -3.653130e-01 -8.298439e-01
      outer loop
         vertex 9.750000e+00 2.291726e+00 1.514389e+01
         vertex 9.750000e+00 1.840812e+00 1.534239e+01
         vertex 9.671010e+00 1.857945e+00 1.537500e+01
      endloop
   endfacet
   facet normal -4.217890e-01 -3.653128e-01 -8.298437e-01
      outer loop
         vertex 9.750000e+00 2.291726e+00 1.514389e+01
         vertex 9.671010e+00 1.857945e+00 1.537500e+01
         vertex 9.671010e+00 2.304203e+00 1.517855e+01
      endloop
   endfacet
   facet normal -2.582427e-01 -3.892398e-01 -8.841963e-01
      outer loop
         vertex 9.671010e+00 2.304203e+00 1.517855e+01
         vertex 9.671010e+00 1.857945e+00 1.537500e+01
         vertex 9.586824e+00 1.868438e+00 1.539497e+01
      endloop
   endfacet
   facet normal -2.582414e-01 -3.892402e-01 -8.841965e-01
      outer loop
         vertex 9.671010e+00 2.304203e+00 1.517855e+01
         vertex 9.586824e+00 1.868438e+00 1.539497e+01
         vertex 9.586824e+00 2.311844e+00 1.519977e+01
      endloop
   endfacet
   facet normal -8.695031e-02 -4.013806e-01 -9.117748e-01
      outer loop
         vertex 9.586824e+00 2.311844e+00 1.519977e+01
         vertex 9.586824e+00 1.868438e+00 1.539497e+01
         vertex 9.500001e+00 1.871971e+00 1.540169e+01
      endloop
   endfacet
   facet normal -7.732002e-02 -4.032925e-01 -9.117987e-01
      outer loop
         vertex 9.586824e+00 2.311844e+00 1.519977e+01
         vertex 9.500001e+00 1.871971e+00 1.540169e+01
         vertex 9.500001e+00 2.302930e+00 1.521108e+01
      endloop
   endfacet
   facet normal -9.961759e-01 -4.588486e-02 -7.435189e-02
      outer loop
         vertex 1.000000e+01 1.639396e+00 1.495908e+01
         vertex 9.992404e+00 1.219830e+00 1.531979e+01
         vertex 9.992404e+00 1.679782e+00 1.503593e+01
      endloop
   endfacet
   facet normal -9.657707e-01 -1.362289e-01 -2.207455e-01
      outer loop
         vertex 9.992404e+00 1.679782e+00 1.503593e+01
         vertex 9.992404e+00 1.219830e+00 1.531979e+01
         vertex 9.969846e+00 1.268884e+00 1.538820e+01
      endloop
   endfacet
   facet normal -9.657709e-01 -1.362284e-01 -2.207450e-01
      outer loop
         vertex 9.992404e+00 1.679782e+00 1.503593e+01
         vertex 9.969846e+00 1.268884e+00 1.538820e+01
         vertex 9.969846e+00 1.718941e+00 1.511046e+01
      endloop
   endfacet
   facet normal -9.059234e-01 -2.223808e-01 -3.603465e-01
      outer loop
         vertex 9.969846e+00 1.718941e+00 1.511046e+01
         vertex 9.969846e+00 1.268884e+00 1.538820e+01
         vertex 9.933013e+00 1.314911e+00 1.545240e+01
      endloop
   endfacet
   facet normal -9.059235e-01 -2.223806e-01 -3.603463e-01
      outer loop
         vertex 9.969846e+00 1.718941e+00 1.511046e+01
         vertex 9.933013e+00 1.314911e+00 1.545240e+01
         vertex 9.933013e+00 1.755684e+00 1.518038e+01
      endloop
   endfacet
   facet normal -8.185068e-01 -3.017111e-01 -4.888937e-01
      outer loop
         vertex 9.933013e+00 1.755684e+00 1.518038e+01
         vertex 9.933013e+00 1.314911e+00 1.545240e+01
         vertex 9.883023e+00 1.356511e+00 1.551042e+01
      endloop
   endfacet
   facet normal -8.185063e-01 -3.017116e-01 -4.888942e-01
      outer loop
         vertex 9.933013e+00 1.755684e+00 1.518038e+01
         vertex 9.883023e+00 1.356511e+00 1.551042e+01
         vertex 9.883023e+00 1.788892e+00 1.524358e+01
      endloop
   endfacet
   facet normal -7.062612e-01 -3.717981e-01 -6.024627e-01
      outer loop
         vertex 9.883023e+00 1.788892e+00 1.524358e+01
         vertex 9.883023e+00 1.356511e+00 1.551042e+01
         vertex 9.821394e+00 1.392422e+00 1.556050e+01
      endloop
   endfacet
   facet normal -7.062617e-01 -3.717977e-01 -6.024623e-01
      outer loop
         vertex 9.883023e+00 1.788892e+00 1.524358e+01
         vertex 9.821394e+00 1.392422e+00 1.556050e+01
         vertex 9.821394e+00 1.817559e+00 1.529814e+01
      endloop
   endfacet
   facet normal -5.726532e-01 -4.305369e-01 -6.976434e-01
      outer loop
         vertex 9.821394e+00 1.817559e+00 1.529814e+01
         vertex 9.821394e+00 1.392422e+00 1.556050e+01
         vertex 9.750000e+00 1.421551e+00 1.560113e+01
      endloop
   endfacet
   facet normal -5.726529e-01 -4.305370e-01 -6.976435e-01
      outer loop
         vertex 9.821394e+00 1.817559e+00 1.529814e+01
         vertex 9.750000e+00 1.421551e+00 1.560113e+01
         vertex 9.750000e+00 1.840812e+00 1.534239e+01
      endloop
   endfacet
   facet normal -4.217888e-01 -4.761727e-01 -7.715917e-01
      outer loop
         vertex 9.750000e+00 1.840812e+00 1.534239e+01
         vertex 9.750000e+00 1.421551e+00 1.560113e+01
         vertex 9.671010e+00 1.443013e+00 1.563107e+01
      endloop
   endfacet
   facet normal -4.217884e-01 -4.761729e-01 -7.715918e-01
      outer loop
         vertex 9.750000e+00 1.840812e+00 1.534239e+01
         vertex 9.671010e+00 1.443013e+00 1.563107e+01
         vertex 9.671010e+00 1.857945e+00 1.537500e+01
      endloop
   endfacet
   facet normal -2.582431e-01 -5.073607e-01 -8.221287e-01
      outer loop
         vertex 9.671010e+00 1.857945e+00 1.537500e+01
         vertex 9.671010e+00 1.443013e+00 1.563107e+01
         vertex 9.586824e+00 1.456157e+00 1.564940e+01
      endloop
   endfacet
   facet normal -2.582426e-01 -5.073609e-01 -8.221288e-01
      outer loop
         vertex 9.671010e+00 1.857945e+00 1.537500e+01
         vertex 9.586824e+00 1.456157e+00 1.564940e+01
         vertex 9.586824e+00 1.868438e+00 1.539497e+01
      endloop
   endfacet
   facet normal -8.694885e-02 -5.231858e-01 -8.477715e-01
      outer loop
         vertex 9.586824e+00 1.868438e+00 1.539497e+01
         vertex 9.586824e+00 1.456157e+00 1.564940e+01
         vertex 9.500001e+00 1.460583e+00 1.565557e+01
      endloop
   endfacet
   facet normal 2.362674e-02 -5.418505e-01 -8.401428e-01
      outer loop
         vertex 9.586824e+00 1.868438e+00 1.539497e+01
         vertex 9.500001e+00 1.460583e+00 1.565557e+01
         vertex 9.500001e+00 1.750000e+00 1.546891e+01
      endloop
   endfacet
   facet normal -8.711589e-02 -6.637392e-01 -7.428735e-01
      outer loop
         vertex 9.586824e+00 1.082867e+00 1.595821e+01
         vertex 9.500001e+00 1.088102e+00 1.596371e+01
         vertex 9.500001e+00 1.250244e+00 1.581884e+01
      endloop
   endfacet
   facet normal -9.961759e-01 -5.569202e-02 -6.732011e-02
      outer loop
         vertex 1.000000e+01 1.169238e+00 1.524922e+01
         vertex 9.992404e+00 8.033765e-01 1.566431e+01
         vertex 9.992404e+00 1.219830e+00 1.531979e+01
      endloop
   endfacet
   facet normal -9.657708e-01 -1.653458e-01 -1.998688e-01
      outer loop
         vertex 9.992404e+00 1.219830e+00 1.531979e+01
         vertex 9.992404e+00 8.033765e-01 1.566431e+01
         vertex 9.969846e+00 8.613903e-01 1.572531e+01
      endloop
   endfacet
   facet normal -9.657707e-01 -1.653460e-01 -1.998689e-01
      outer loop
         vertex 9.992404e+00 1.219830e+00 1.531979e+01
         vertex 9.969846e+00 8.613903e-01 1.572531e+01
         vertex 9.969846e+00 1.268884e+00 1.538820e+01
      endloop
   endfacet
   facet normal -9.059233e-01 -2.699120e-01 -3.262676e-01
      outer loop
         vertex 9.969846e+00 1.268884e+00 1.538820e+01
         vertex 9.969846e+00 8.613903e-01 1.572531e+01
         vertex 9.933013e+00 9.158233e-01 1.578255e+01
      endloop
   endfacet
   facet normal -9.059234e-01 -2.699118e-01 -3.262674e-01
      outer loop
         vertex 9.969846e+00 1.268884e+00 1.538820e+01
         vertex 9.933013e+00 9.158233e-01 1.578255e+01
         vertex 9.933013e+00 1.314911e+00 1.545240e+01
      endloop
   endfacet
   facet normal -8.185070e-01 -3.661978e-01 -4.426572e-01
      outer loop
         vertex 9.933013e+00 1.314911e+00 1.545240e+01
         vertex 9.933013e+00 9.158233e-01 1.578255e+01
         vertex 9.883023e+00 9.650218e-01 1.583429e+01
      endloop
   endfacet
   facet normal -8.185068e-01 -3.661981e-01 -4.426575e-01
      outer loop
         vertex 9.933013e+00 1.314911e+00 1.545240e+01
         vertex 9.883023e+00 9.650218e-01 1.583429e+01
         vertex 9.883023e+00 1.356511e+00 1.551042e+01
      endloop
   endfacet
   facet normal -7.062614e-01 -4.512651e-01 -5.454858e-01
      outer loop
         vertex 9.883023e+00 1.356511e+00 1.551042e+01
         vertex 9.883023e+00 9.650218e-01 1.583429e+01
         vertex 9.821394e+00 1.007491e+00 1.587895e+01
      endloop
   endfacet
   facet normal -7.062611e-01 -4.512653e-01 -5.454859e-01
      outer loop
         vertex 9.883023e+00 1.356511e+00 1.551042e+01
         vertex 9.821394e+00 1.007491e+00 1.587895e+01
         vertex 9.821394e+00 1.392422e+00 1.556050e+01
      endloop
   endfacet
   facet normal -5.726535e-01 -5.225586e-01 -6.316648e-01
      outer loop
         vertex 9.821394e+00 1.392422e+00 1.556050e+01
         vertex 9.821394e+00 1.007491e+00 1.587895e+01
         vertex 9.750000e+00 1.041940e+00 1.591517e+01
      endloop
   endfacet
   facet normal -5.726533e-01 -5.225588e-01 -6.316649e-01
      outer loop
         vertex 9.821394e+00 1.392422e+00 1.556050e+01
         vertex 9.750000e+00 1.041940e+00 1.591517e+01
         vertex 9.750000e+00 1.421551e+00 1.560113e+01
      endloop
   endfacet
   facet normal -4.217886e-01 -5.779487e-01 -6.986198e-01
      outer loop
         vertex 9.750000e+00 1.421551e+00 1.560113e+01
         vertex 9.750000e+00 1.041940e+00 1.591517e+01
         vertex 9.671010e+00 1.067322e+00 1.594186e+01
      endloop
   endfacet
   facet normal -4.217887e-01 -5.779487e-01 -6.986198e-01
      outer loop
         vertex 9.750000e+00 1.421551e+00 1.560113e+01
         vertex 9.671010e+00 1.067322e+00 1.594186e+01
         vertex 9.671010e+00 1.443013e+00 1.563107e+01
      endloop
   endfacet
   facet normal -2.582417e-01 -6.158029e-01 -7.443776e-01
      outer loop
         vertex 9.671010e+00 1.443013e+00 1.563107e+01
         vertex 9.671010e+00 1.067322e+00 1.594186e+01
         vertex 9.586824e+00 1.082867e+00 1.595821e+01
      endloop
   endfacet
   facet normal -2.582432e-01 -6.158024e-01 -7.443775e-01
      outer loop
         vertex 9.671010e+00 1.443013e+00 1.563107e+01
         vertex 9.586824e+00 1.082867e+00 1.595821e+01
         vertex 9.586824e+00 1.456157e+00 1.564940e+01
      endloop
   endfacet
   facet normal 7.980148e-03 -6.374036e-01 -7.704888e-01
      outer loop
         vertex 9.586824e+00 1.456157e+00 1.564940e+01
         vertex 9.586824e+00 1.082867e+00 1.595821e+01
         vertex 9.500001e+00 1.250244e+00 1.581884e+01
      endloop
   endfacet
   facet normal -8.709272e-02 -6.108532e-01 -7.869392e-01
      outer loop
         vertex 9.586824e+00 1.456157e+00 1.564940e+01
         vertex 9.500001e+00 1.250244e+00 1.581884e+01
         vertex 9.500001e+00 1.460583e+00 1.565557e+01
      endloop
   endfacet
   facet normal -8.715081e-02 -7.713359e-01 -6.304329e-01
      outer loop
         vertex 9.586824e+00 7.556891e-01 1.631551e+01
         vertex 9.500001e+00 7.616323e-01 1.632024e+01
         vertex 9.500001e+00 8.188447e-01 1.625024e+01
      endloop
   endfacet
   facet normal -9.961759e-01 -6.443685e-02 -5.900413e-02
      outer loop
         vertex 1.000000e+01 7.435449e-01 1.560139e+01
         vertex 9.992404e+00 4.383672e-01 1.606292e+01
         vertex 9.992404e+00 8.033765e-01 1.566431e+01
      endloop
   endfacet
   facet normal -9.657708e-01 -1.913085e-01 -1.751791e-01
      outer loop
         vertex 9.992404e+00 8.033765e-01 1.566431e+01
         vertex 9.992404e+00 4.383672e-01 1.606292e+01
         vertex 9.969846e+00 5.042336e-01 1.611535e+01
      endloop
   endfacet
   facet normal -9.657708e-01 -1.913086e-01 -1.751792e-01
      outer loop
         vertex 9.992404e+00 8.033765e-01 1.566431e+01
         vertex 9.969846e+00 5.042336e-01 1.611535e+01
         vertex 9.969846e+00 8.613903e-01 1.572531e+01
      endloop
   endfacet
   facet normal -9.059235e-01 -3.122936e-01 -2.859638e-01
      outer loop
         vertex 9.969846e+00 8.613903e-01 1.572531e+01
         vertex 9.969846e+00 5.042336e-01 1.611535e+01
         vertex 9.933013e+00 5.660346e-01 1.616455e+01
      endloop
   endfacet
   facet normal -9.059233e-01 -3.122940e-01 -2.859641e-01
      outer loop
         vertex 9.969846e+00 8.613903e-01 1.572531e+01
         vertex 9.933013e+00 5.660346e-01 1.616455e+01
         vertex 9.933013e+00 9.158233e-01 1.578255e+01
      endloop
   endfacet
   facet normal -8.185067e-01 -4.236992e-01 -3.879765e-01
      outer loop
         vertex 9.933013e+00 9.158233e-01 1.578255e+01
         vertex 9.933013e+00 5.660346e-01 1.616455e+01
         vertex 9.883023e+00 6.218925e-01 1.620901e+01
      endloop
   endfacet
   facet normal -8.185070e-01 -4.236988e-01 -3.879763e-01
      outer loop
         vertex 9.933013e+00 9.158233e-01 1.578255e+01
         vertex 9.883023e+00 6.218925e-01 1.620901e+01
         vertex 9.883023e+00 9.650218e-01 1.583429e+01
      endloop
   endfacet
   facet normal -7.062606e-01 -5.221239e-01 -4.781031e-01
      outer loop
         vertex 9.883023e+00 9.650218e-01 1.583429e+01
         vertex 9.883023e+00 6.218925e-01 1.620901e+01
         vertex 9.821394e+00 6.701099e-01 1.624739e+01
      endloop
   endfacet
   facet normal -7.062614e-01 -5.221233e-01 -4.781027e-01
      outer loop
         vertex 9.883023e+00 9.650218e-01 1.583429e+01
         vertex 9.821394e+00 6.701099e-01 1.624739e+01
         vertex 9.821394e+00 1.007491e+00 1.587895e+01
      endloop
   endfacet
   facet normal -5.726536e-01 -6.046113e-01 -5.536362e-01
      outer loop
         vertex 9.821394e+00 1.007491e+00 1.587895e+01
         vertex 9.821394e+00 6.701099e-01 1.624739e+01
         vertex 9.750000e+00 7.092219e-01 1.627852e+01
      endloop
   endfacet
   facet normal -5.726536e-01 -6.046113e-01 -5.536362e-01
      outer loop
         vertex 9.821394e+00 1.007491e+00 1.587895e+01
         vertex 9.750000e+00 7.092219e-01 1.627852e+01
         vertex 9.750000e+00 1.041940e+00 1.591517e+01
      endloop
   endfacet
   facet normal -4.217881e-01 -6.686990e-01 -6.123206e-01
      outer loop
         vertex 9.750000e+00 1.041940e+00 1.591517e+01
         vertex 9.750000e+00 7.092219e-01 1.627852e+01
         vertex 9.671010e+00 7.380403e-01 1.630146e+01
      endloop
   endfacet
   facet normal -4.217885e-01 -6.686988e-01 -6.123205e-01
      outer loop
         vertex 9.750000e+00 1.041940e+00 1.591517e+01
         vertex 9.671010e+00 7.380403e-01 1.630146e+01
         vertex 9.671010e+00 1.067322e+00 1.594186e+01
      endloop
   endfacet
   facet normal -2.582418e-01 -7.124968e-01 -6.524259e-01
      outer loop
         vertex 9.671010e+00 1.067322e+00 1.594186e+01
         vertex 9.671010e+00 7.380403e-01 1.630146e+01
         vertex 9.586824e+00 7.556891e-01 1.631551e+01
      endloop
   endfacet
   facet normal -2.582417e-01 -7.124968e-01 -6.524259e-01
      outer loop
         vertex 9.671010e+00 1.067322e+00 1.594186e+01
         vertex 9.586824e+00 7.556891e-01 1.631551e+01
         vertex 9.586824e+00 1.082867e+00 1.595821e+01
      endloop
   endfacet
   facet normal -2.878303e-02 -7.372074e-01 -6.750531e-01
      outer loop
         vertex 9.586824e+00 1.082867e+00 1.595821e+01
         vertex 9.586824e+00 7.556891e-01 1.631551e+01
         vertex 9.500001e+00 8.188447e-01 1.625024e+01
      endloop
   endfacet
   facet normal -8.702115e-02 -7.259651e-01 -6.822037e-01
      outer loop
         vertex 9.586824e+00 1.082867e+00 1.595821e+01
         vertex 9.500001e+00 8.188447e-01 1.625024e+01
         vertex 9.500001e+00 1.088102e+00 1.596371e+01
      endloop
   endfacet
   facet normal -9.961759e-01 -7.195232e-02 -4.956248e-02
      outer loop
         vertex 1.000000e+01 3.704368e-01 1.600885e+01
         vertex 9.992404e+00 1.317651e-01 1.650803e+01
         vertex 9.992404e+00 4.383672e-01 1.606292e+01
      endloop
   endfacet
   facet normal -9.657709e-01 -2.136216e-01 -1.471477e-01
      outer loop
         vertex 9.992404e+00 4.383672e-01 1.606292e+01
         vertex 9.992404e+00 1.317651e-01 1.650803e+01
         vertex 9.969846e+00 2.042276e-01 1.655089e+01
      endloop
   endfacet
   facet normal -9.657709e-01 -2.136217e-01 -1.471477e-01
      outer loop
         vertex 9.992404e+00 4.383672e-01 1.606292e+01
         vertex 9.969846e+00 2.042276e-01 1.655089e+01
         vertex 9.969846e+00 5.042336e-01 1.611535e+01
      endloop
   endfacet
   facet normal -9.059232e-01 -3.487184e-01 -2.402055e-01
      outer loop
         vertex 9.969846e+00 5.042336e-01 1.611535e+01
         vertex 9.969846e+00 2.042276e-01 1.655089e+01
         vertex 9.933013e+00 2.722174e-01 1.659109e+01
      endloop
   endfacet
   facet normal -9.059235e-01 -3.487178e-01 -2.402053e-01
      outer loop
         vertex 9.969846e+00 5.042336e-01 1.611535e+01
         vertex 9.933013e+00 2.722174e-01 1.659109e+01
         vertex 9.933013e+00 5.660346e-01 1.616455e+01
      endloop
   endfacet
   facet normal -8.185066e-01 -4.731170e-01 -3.258945e-01
      outer loop
         vertex 9.933013e+00 5.660346e-01 1.616455e+01
         vertex 9.933013e+00 2.722174e-01 1.659109e+01
         vertex 9.883023e+00 3.336691e-01 1.662744e+01
      endloop
   endfacet
   facet normal -8.185067e-01 -4.731169e-01 -3.258944e-01
      outer loop
         vertex 9.933013e+00 5.660346e-01 1.616455e+01
         vertex 9.883023e+00 3.336691e-01 1.662744e+01
         vertex 9.883023e+00 6.218925e-01 1.620901e+01
      endloop
   endfacet
   facet normal -7.062619e-01 -5.830203e-01 -4.015986e-01
      outer loop
         vertex 9.883023e+00 6.218925e-01 1.620901e+01
         vertex 9.883023e+00 3.336691e-01 1.662744e+01
         vertex 9.821394e+00 3.867154e-01 1.665881e+01
      endloop
   endfacet
   facet normal -7.062606e-01 -5.830216e-01 -4.015991e-01
      outer loop
         vertex 9.883023e+00 6.218925e-01 1.620901e+01
         vertex 9.821394e+00 3.867154e-01 1.665881e+01
         vertex 9.821394e+00 6.701099e-01 1.624739e+01
      endloop
   endfacet
   facet normal -5.726529e-01 -6.751304e-01 -4.650458e-01
      outer loop
         vertex 9.821394e+00 6.701099e-01 1.624739e+01
         vertex 9.821394e+00 3.867154e-01 1.665881e+01
         vertex 9.750000e+00 4.297441e-01 1.668426e+01
      endloop
   endfacet
   facet normal -5.726536e-01 -6.751299e-01 -4.650456e-01
      outer loop
         vertex 9.821394e+00 6.701099e-01 1.624739e+01
         vertex 9.750000e+00 4.297441e-01 1.668426e+01
         vertex 9.750000e+00 7.092219e-01 1.627852e+01
      endloop
   endfacet
   facet normal -4.217882e-01 -7.466924e-01 -5.143396e-01
      outer loop
         vertex 9.750000e+00 7.092219e-01 1.627852e+01
         vertex 9.750000e+00 4.297441e-01 1.668426e+01
         vertex 9.671010e+00 4.614484e-01 1.670301e+01
      endloop
   endfacet
   facet normal -4.217883e-01 -7.466923e-01 -5.143396e-01
      outer loop
         vertex 9.750000e+00 7.092219e-01 1.627852e+01
         vertex 9.671010e+00 4.614484e-01 1.670301e+01
         vertex 9.671010e+00 7.380403e-01 1.630146e+01
      endloop
   endfacet
   facet normal -2.582422e-01 -7.955985e-01 -5.480273e-01
      outer loop
         vertex 9.671010e+00 7.380403e-01 1.630146e+01
         vertex 9.671010e+00 4.614484e-01 1.670301e+01
         vertex 9.586824e+00 4.808647e-01 1.671449e+01
      endloop
   endfacet
   facet normal -2.582418e-01 -7.955987e-01 -5.480273e-01
      outer loop
         vertex 9.671010e+00 7.380403e-01 1.630146e+01
         vertex 9.586824e+00 4.808647e-01 1.671449e+01
         vertex 9.586824e+00 7.556891e-01 1.631551e+01
      endloop
   endfacet
   facet normal -8.695024e-02 -8.204136e-01 -5.651205e-01
      outer loop
         vertex 9.586824e+00 7.556891e-01 1.631551e+01
         vertex 9.586824e+00 4.808647e-01 1.671449e+01
         vertex 9.500001e+00 4.874030e-01 1.671836e+01
      endloop
   endfacet
   facet normal -8.695149e-02 -8.204134e-01 -5.651206e-01
      outer loop
         vertex 9.586824e+00 7.556891e-01 1.631551e+01
         vertex 9.500001e+00 4.874030e-01 1.671836e+01
         vertex 9.500001e+00 7.616323e-01 1.632024e+01
      endloop
   endfacet
   facet normal -9.557272e-01 -2.615564e-01 -1.348103e-01
      outer loop
         vertex 9.975837e+00 0.000000e+00 1.690466e+01
         vertex 9.969587e+00 0.000000e+00 1.694897e+01
         vertex 9.969846e+00 2.042276e-01 1.655089e+01
      endloop
   endfacet
   facet normal -9.162371e-01 -3.562196e-01 -1.833496e-01
      outer loop
         vertex 9.969846e+00 2.042276e-01 1.655089e+01
         vertex 9.969587e+00 0.000000e+00 1.694897e+01
         vertex 9.933013e+00 3.997725e-02 1.705406e+01
      endloop
   endfacet
   facet normal -9.059232e-01 -3.784901e-01 -1.898644e-01
      outer loop
         vertex 9.969846e+00 2.042276e-01 1.655089e+01
         vertex 9.933013e+00 3.997725e-02 1.705406e+01
         vertex 9.933013e+00 2.722174e-01 1.659109e+01
      endloop
   endfacet
   facet normal -8.185066e-01 -5.135093e-01 -2.575949e-01
      outer loop
         vertex 9.933013e+00 2.722174e-01 1.659109e+01
         vertex 9.933013e+00 3.997725e-02 1.705406e+01
         vertex 9.883023e+00 1.058504e-01 1.708159e+01
      endloop
   endfacet
   facet normal -8.185066e-01 -5.135093e-01 -2.575949e-01
      outer loop
         vertex 9.933013e+00 2.722174e-01 1.659109e+01
         vertex 9.883023e+00 1.058504e-01 1.708159e+01
         vertex 9.883023e+00 3.336691e-01 1.662744e+01
      endloop
   endfacet
   facet normal -7.062611e-01 -6.327964e-01 -3.174336e-01
      outer loop
         vertex 9.883023e+00 3.336691e-01 1.662744e+01
         vertex 9.883023e+00 1.058504e-01 1.708159e+01
         vertex 9.821394e+00 1.627132e-01 1.710535e+01
      endloop
   endfacet
   facet normal -7.062619e-01 -6.327955e-01 -3.174334e-01
      outer loop
         vertex 9.883023e+00 3.336691e-01 1.662744e+01
         vertex 9.821394e+00 1.627132e-01 1.710535e+01
         vertex 9.821394e+00 3.867154e-01 1.665881e+01
      endloop
   endfacet
   facet normal -5.726542e-01 -7.327684e-01 -3.675834e-01
      outer loop
         vertex 9.821394e+00 3.867154e-01 1.665881e+01
         vertex 9.821394e+00 1.627132e-01 1.710535e+01
         vertex 9.750000e+00 2.088381e-01 1.712463e+01
      endloop
   endfacet
   facet normal -5.726528e-01 -7.327694e-01 -3.675836e-01
      outer loop
         vertex 9.821394e+00 3.867154e-01 1.665881e+01
         vertex 9.750000e+00 2.088381e-01 1.712463e+01
         vertex 9.750000e+00 4.297441e-01 1.668426e+01
      endloop
   endfacet
   facet normal -4.217880e-01 -8.104411e-01 -4.065465e-01
      outer loop
         vertex 9.750000e+00 4.297441e-01 1.668426e+01
         vertex 9.750000e+00 2.088381e-01 1.712463e+01
         vertex 9.671010e+00 2.428235e-01 1.713883e+01
      endloop
   endfacet
   facet normal -4.217884e-01 -8.104409e-01 -4.065465e-01
      outer loop
         vertex 9.750000e+00 4.297441e-01 1.668426e+01
         vertex 9.671010e+00 2.428235e-01 1.713883e+01
         vertex 9.671010e+00 4.614484e-01 1.670301e+01
      endloop
   endfacet
   facet normal -2.582420e-01 -8.635226e-01 -4.331742e-01
      outer loop
         vertex 9.671010e+00 4.614484e-01 1.670301e+01
         vertex 9.671010e+00 2.428235e-01 1.713883e+01
         vertex 9.586824e+00 2.636367e-01 1.714753e+01
      endloop
   endfacet
   facet normal -2.582421e-01 -8.635225e-01 -4.331742e-01
      outer loop
         vertex 9.671010e+00 4.614484e-01 1.670301e+01
         vertex 9.586824e+00 2.636367e-01 1.714753e+01
         vertex 9.586824e+00 4.808647e-01 1.671449e+01
      endloop
   endfacet
   facet normal -8.695185e-02 -8.904560e-01 -4.466850e-01
      outer loop
         vertex 9.586824e+00 4.808647e-01 1.671449e+01
         vertex 9.586824e+00 2.636367e-01 1.714753e+01
         vertex 9.500001e+00 2.706456e-01 1.715046e+01
      endloop
   endfacet
   facet normal -5.799637e-02 -8.946686e-01 -4.429498e-01
      outer loop
         vertex 9.586824e+00 4.808647e-01 1.671449e+01
         vertex 9.500001e+00 2.706456e-01 1.715046e+01
         vertex 9.500001e+00 4.689111e-01 1.675000e+01
      endloop
   endfacet
   facet normal 4.305058e-02 -9.534600e-01 -2.984305e-01
      outer loop
         vertex 9.500001e+00 2.110759e-01 1.730293e+01
         vertex 9.586824e+00 2.636367e-01 1.714753e+01
         vertex 9.500001e+00 1.154949e-01 1.760830e+01
      endloop
   endfacet
   facet normal -8.695111e-02 -9.435113e-01 -3.197280e-01
      outer loop
         vertex 9.500001e+00 1.154949e-01 1.760830e+01
         vertex 9.586824e+00 2.636367e-01 1.714753e+01
         vertex 9.586824e+00 1.081494e-01 1.760637e+01
      endloop
   endfacet
   facet normal -8.708302e-02 -9.730365e-01 -2.135802e-01
      outer loop
         vertex 9.500001e+00 1.154949e-01 1.760830e+01
         vertex 9.586824e+00 1.081494e-01 1.760637e+01
         vertex 9.500001e+00 5.317293e-02 1.789223e+01
      endloop
   endfacet
   facet normal 5.034074e-03 -9.822748e-01 -1.873788e-01
      outer loop
         vertex 9.500001e+00 5.317293e-02 1.789223e+01
         vertex 9.586824e+00 1.081494e-01 1.760637e+01
         vertex 9.586824e+00 1.736893e-02 1.808226e+01
      endloop
   endfacet
   facet normal -8.712377e-02 -9.854598e-01 -1.458712e-01
      outer loop
         vertex 9.500001e+00 5.317293e-02 1.789223e+01
         vertex 9.586824e+00 1.736893e-02 1.808226e+01
         vertex 9.500001e+00 2.491102e-02 1.808316e+01
      endloop
   endfacet
   facet normal -8.712439e-02 -9.919781e-01 -9.159050e-02
      outer loop
         vertex 9.500001e+00 2.491102e-02 1.808316e+01
         vertex 9.586824e+00 1.736893e-02 1.808226e+01
         vertex 9.586195e+00 0.000000e+00 1.827097e+01
      endloop
   endfacet
   facet normal -1.565715e-01 -9.859080e-01 -5.891263e-02
      outer loop
         vertex 9.500001e+00 2.491102e-02 1.808316e+01
         vertex 9.586195e+00 0.000000e+00 1.827097e+01
         vertex 9.504183e+00 0.000000e+00 1.848893e+01
      endloop
   endfacet
   facet normal 8.713379e-02 9.278945e-01 -3.625183e-01
      outer loop
         vertex 1.350000e+01 6.788924e+00 1.730293e+01
         vertex 1.350000e+01 6.729355e+00 1.715046e+01
         vertex 1.341318e+01 6.736364e+00 1.714753e+01
      endloop
   endfacet
   facet normal 8.715467e-02 8.601094e-01 -5.026091e-01
      outer loop
         vertex 1.350000e+01 6.531089e+00 1.675000e+01
         vertex 1.350000e+01 6.512597e+00 1.671836e+01
         vertex 1.341318e+01 6.519136e+00 1.671449e+01
      endloop
   endfacet
   facet normal 8.713873e-02 4.808343e-01 -8.724708e-01
      outer loop
         vertex 1.350000e+01 5.250000e+00 1.546891e+01
         vertex 1.350000e+01 5.128029e+00 1.540169e+01
         vertex 1.341318e+01 5.131562e+00 1.539497e+01
      endloop
   endfacet
   facet normal 8.715709e-02 3.390734e-01 -9.367139e-01
      outer loop
         vertex 1.350000e+01 4.697071e+00 1.521108e+01
         vertex 1.350000e+01 4.685583e+00 1.520692e+01
         vertex 1.341318e+01 4.688156e+00 1.519977e+01
      endloop
   endfacet
   facet normal 8.714571e-02 -1.890601e-01 -9.780909e-01
      outer loop
         vertex 1.350000e+01 2.892232e+00 1.505317e+01
         vertex 1.350000e+01 2.779481e+00 1.507497e+01
         vertex 1.341318e+01 2.777917e+00 1.506753e+01
      endloop
   endfacet
   facet normal 8.711496e-02 -6.637393e-01 -7.428736e-01
      outer loop
         vertex 1.350000e+01 1.250244e+00 1.581884e+01
         vertex 1.350000e+01 1.088102e+00 1.596371e+01
         vertex 1.341318e+01 1.082867e+00 1.595821e+01
      endloop
   endfacet
   facet normal 8.714988e-02 -7.713359e-01 -6.304330e-01
      outer loop
         vertex 1.350000e+01 8.188447e-01 1.625024e+01
         vertex 1.350000e+01 7.616323e-01 1.632024e+01
         vertex 1.341318e+01 7.556891e-01 1.631551e+01
      endloop
   endfacet
   facet normal 8.712284e-02 -9.854599e-01 -1.458712e-01
      outer loop
         vertex 1.350000e+01 5.317293e-02 1.789223e+01
         vertex 1.350000e+01 2.491102e-02 1.808316e+01
         vertex 1.341318e+01 1.736893e-02 1.808226e+01
      endloop
   endfacet
   facet normal 9.961768e-01 6.442892e-02 -5.899689e-02
      outer loop
         vertex 1.300000e+01 6.256455e+00 1.560139e+01
         vertex 1.300000e+01 6.629563e+00 1.600885e+01
         vertex 1.300760e+01 6.561633e+00 1.606292e+01
      endloop
   endfacet
   facet normal 9.961768e-01 5.568523e-02 -6.731190e-02
      outer loop
         vertex 1.300000e+01 5.830762e+00 1.524922e+01
         vertex 1.300000e+01 6.256455e+00 1.560139e+01
         vertex 1.300760e+01 6.196624e+00 1.566431e+01
      endloop
   endfacet
   facet normal 9.961768e-01 4.587917e-02 -7.434273e-02
      outer loop
         vertex 1.300000e+01 5.360604e+00 1.495908e+01
         vertex 1.300000e+01 5.830762e+00 1.524922e+01
         vertex 1.300760e+01 5.780170e+00 1.531979e+01
      endloop
   endfacet
   facet normal 9.961768e-01 3.519792e-02 -7.995544e-02
      outer loop
         vertex 1.300000e+01 4.854952e+00 1.473648e+01
         vertex 1.300000e+01 5.360604e+00 1.495908e+01
         vertex 1.300760e+01 5.320218e+00 1.503593e+01
      endloop
   endfacet
   facet normal 9.961768e-01 2.384500e-02 -8.404249e-02
      outer loop
         vertex 1.300000e+01 4.323451e+00 1.458568e+01
         vertex 1.300000e+01 4.854952e+00 1.473648e+01
         vertex 1.300760e+01 4.825541e+00 1.481817e+01
      endloop
   endfacet
   facet normal 9.961768e-01 1.203733e-02 -8.652659e-02
      outer loop
         vertex 1.300000e+01 3.776240e+00 1.450955e+01
         vertex 1.300000e+01 4.323451e+00 1.458568e+01
         vertex 1.300760e+01 4.305577e+00 1.467064e+01
      endloop
   endfacet
   facet normal 9.961768e-01 0.000000e+00 -8.735988e-02
      outer loop
         vertex 1.300000e+01 3.223760e+00 1.450955e+01
         vertex 1.300000e+01 3.776240e+00 1.450955e+01
         vertex 1.300760e+01 3.770244e+00 1.459617e+01
      endloop
   endfacet
   facet normal 9.961768e-01 -1.203733e-02 -8.652659e-02
      outer loop
         vertex 1.300000e+01 2.676550e+00 1.458568e+01
         vertex 1.300000e+01 3.223760e+00 1.450955e+01
         vertex 1.300760e+01 3.229756e+00 1.459617e+01
      endloop
   endfacet
   facet normal 9.961768e-01 -2.384504e-02 -8.404262e-02
      outer loop
         vertex 1.300000e+01 2.145048e+00 1.473648e+01
         vertex 1.300000e+01 2.676550e+00 1.458568e+01
         vertex 1.300760e+01 2.694423e+00 1.467064e+01
      endloop
   endfacet
   facet normal 9.961768e-01 -3.519782e-02 -7.995523e-02
      outer loop
         vertex 1.300000e+01 1.639396e+00 1.495908e+01
         vertex 1.300000e+01 2.145048e+00 1.473648e+01
         vertex 1.300760e+01 2.174459e+00 1.481817e+01
      endloop
   endfacet
   facet normal 9.961768e-01 -4.587925e-02 -7.434286e-02
      outer loop
         vertex 1.300000e+01 1.169238e+00 1.524922e+01
         vertex 1.300000e+01 1.639396e+00 1.495908e+01
         vertex 1.300760e+01 1.679782e+00 1.503593e+01
      endloop
   endfacet
   facet normal 9.961768e-01 -5.568524e-02 -6.731192e-02
      outer loop
         vertex 1.300000e+01 7.435449e-01 1.560139e+01
         vertex 1.300000e+01 1.169238e+00 1.524922e+01
         vertex 1.300760e+01 1.219830e+00 1.531979e+01
      endloop
   endfacet
   facet normal 9.961768e-01 -6.442900e-02 -5.899696e-02
      outer loop
         vertex 1.300000e+01 3.704368e-01 1.600885e+01
         vertex 1.300000e+01 7.435449e-01 1.560139e+01
         vertex 1.300760e+01 8.033765e-01 1.566431e+01
      endloop
   endfacet
   facet normal 9.961768e-01 -7.194359e-02 -4.955643e-02
      outer loop
         vertex 1.300000e+01 5.703210e-02 1.646383e+01
         vertex 1.300000e+01 3.704368e-01 1.600885e+01
         vertex 1.300760e+01 4.383672e-01 1.606292e+01
      endloop
   endfacet
   facet normal 2.437727e-01 9.656760e-01 -8.969272e-02
      outer loop
         vertex 1.341381e+01 7.000000e+00 1.827097e+01
         vertex 1.341318e+01 6.982631e+00 1.808226e+01
         vertex 1.334353e+01 7.000000e+00 1.807998e+01
      endloop
   endfacet
   facet normal 1.558956e-01 9.860144e-01 -5.892577e-02
      outer loop
         vertex 1.349582e+01 7.000000e+00 1.848893e+01
         vertex 1.350000e+01 7.000000e+00 1.850000e+01
         vertex 1.350000e+01 6.975089e+00 1.808316e+01
      endloop
   endfacet
   facet normal 2.437549e-01 9.658581e-01 -8.775933e-02
      outer loop
         vertex 1.334353e+01 7.000000e+00 1.807998e+01
         vertex 1.341318e+01 6.982631e+00 1.808226e+01
         vertex 1.332930e+01 7.000000e+00 1.804045e+01
      endloop
   endfacet
   facet normal 2.845442e-01 9.416824e-01 -1.796354e-01
      outer loop
         vertex 1.332930e+01 7.000000e+00 1.804045e+01
         vertex 1.341318e+01 6.982631e+00 1.808226e+01
         vertex 1.341318e+01 6.891851e+00 1.760637e+01
      endloop
   endfacet
   facet normal 2.583309e-01 9.479311e-01 -1.862573e-01
      outer loop
         vertex 1.332930e+01 7.000000e+00 1.804045e+01
         vertex 1.341318e+01 6.891851e+00 1.760637e+01
         vertex 1.332899e+01 6.913664e+00 1.760062e+01
      endloop
   endfacet
   facet normal 6.450798e-01 7.407604e-01 -1.874730e-01
      outer loop
         vertex 1.314870e+01 7.000000e+00 1.748497e+01
         vertex 1.317553e+01 7.000000e+00 1.757731e+01
         vertex 1.317861e+01 6.997623e+00 1.757850e+01
      endloop
   endfacet
   facet normal 6.457841e-01 7.385227e-01 -1.937707e-01
      outer loop
         vertex 1.317861e+01 6.997623e+00 1.757850e+01
         vertex 1.317553e+01 7.000000e+00 1.757731e+01
         vertex 1.317969e+01 7.000000e+00 1.759118e+01
      endloop
   endfacet
   facet normal 5.735408e-01 7.948536e-01 -1.981383e-01
      outer loop
         vertex 1.317861e+01 6.997623e+00 1.757850e+01
         vertex 1.317969e+01 7.000000e+00 1.759118e+01
         vertex 1.325000e+01 6.949282e+00 1.759124e+01
      endloop
   endfacet
   facet normal 5.752134e-01 7.971879e-01 -1.833601e-01
      outer loop
         vertex 1.325000e+01 6.949282e+00 1.759124e+01
         vertex 1.317969e+01 7.000000e+00 1.759118e+01
         vertex 1.325151e+01 7.000000e+00 1.781646e+01
      endloop
   endfacet
   facet normal 4.224298e-01 8.836439e-01 -2.018079e-01
      outer loop
         vertex 1.325000e+01 6.949282e+00 1.759124e+01
         vertex 1.325151e+01 7.000000e+00 1.781646e+01
         vertex 1.332899e+01 6.913664e+00 1.760062e+01
      endloop
   endfacet
   facet normal 4.872729e-01 8.569647e-01 -1.678587e-01
      outer loop
         vertex 1.332899e+01 6.913664e+00 1.760062e+01
         vertex 1.325151e+01 7.000000e+00 1.781646e+01
         vertex 1.330959e+01 7.000000e+00 1.798508e+01
      endloop
   endfacet
   facet normal 4.766138e-01 8.625863e-01 -1.696589e-01
      outer loop
         vertex 1.332899e+01 6.913664e+00 1.760062e+01
         vertex 1.330959e+01 7.000000e+00 1.798508e+01
         vertex 1.332930e+01 7.000000e+00 1.804045e+01
      endloop
   endfacet
   facet normal 7.067911e-01 6.636546e-01 -2.449670e-01
      outer loop
         vertex 1.311698e+01 6.894150e+00 1.708159e+01
         vertex 1.311766e+01 7.000000e+00 1.737032e+01
         vertex 1.317861e+01 6.837287e+00 1.710535e+01
      endloop
   endfacet
   facet normal 7.585087e-01 6.184708e-01 -2.053252e-01
      outer loop
         vertex 1.317861e+01 6.837287e+00 1.710535e+01
         vertex 1.311766e+01 7.000000e+00 1.737032e+01
         vertex 1.314870e+01 7.000000e+00 1.748497e+01
      endloop
   endfacet
   facet normal 8.887237e-01 4.353479e-01 -1.436747e-01
      outer loop
         vertex 1.303041e+01 7.000000e+00 1.694897e+01
         vertex 1.304459e+01 7.000000e+00 1.703665e+01
         vertex 1.306699e+01 6.960023e+00 1.705406e+01
      endloop
   endfacet
   facet normal 8.894347e-01 4.241280e-01 -1.703562e-01
      outer loop
         vertex 1.306699e+01 6.960023e+00 1.705406e+01
         vertex 1.304459e+01 7.000000e+00 1.703665e+01
         vertex 1.306728e+01 7.000000e+00 1.715512e+01
      endloop
   endfacet
   facet normal 8.191200e-01 5.325876e-01 -2.130560e-01
      outer loop
         vertex 1.306699e+01 6.960023e+00 1.705406e+01
         vertex 1.306728e+01 7.000000e+00 1.715512e+01
         vertex 1.311698e+01 6.894150e+00 1.708159e+01
      endloop
   endfacet
   facet normal 8.375651e-01 5.166491e-01 -1.776465e-01
      outer loop
         vertex 1.311698e+01 6.894150e+00 1.708159e+01
         vertex 1.306728e+01 7.000000e+00 1.715512e+01
         vertex 1.307457e+01 7.000000e+00 1.718949e+01
      endloop
   endfacet
   facet normal 8.245261e-01 5.306173e-01 -1.964738e-01
      outer loop
         vertex 1.311698e+01 6.894150e+00 1.708159e+01
         vertex 1.307457e+01 7.000000e+00 1.718949e+01
         vertex 1.311766e+01 7.000000e+00 1.737032e+01
      endloop
   endfacet
   facet normal 9.961768e-01 7.194372e-02 -4.955652e-02
      outer loop
         vertex 1.300000e+01 6.629563e+00 1.600885e+01
         vertex 1.300000e+01 6.942968e+00 1.646383e+01
         vertex 1.300760e+01 6.868235e+00 1.650803e+01
      endloop
   endfacet
   facet normal 9.961942e-01 7.565293e-02 -4.328758e-02
      outer loop
         vertex 1.300760e+01 6.868235e+00 1.650803e+01
         vertex 1.300000e+01 6.942968e+00 1.646383e+01
         vertex 1.300000e+01 7.000000e+00 1.656351e+01
      endloop
   endfacet
   facet normal 9.720911e-01 2.099289e-01 -1.047318e-01
      outer loop
         vertex 1.302416e+01 7.000000e+00 1.690466e+01
         vertex 1.303015e+01 6.795773e+00 1.655089e+01
         vertex 1.300790e+01 7.000000e+00 1.675373e+01
      endloop
   endfacet
   facet normal 9.658798e-01 2.277349e-01 -1.233408e-01
      outer loop
         vertex 1.300790e+01 7.000000e+00 1.675373e+01
         vertex 1.303015e+01 6.795773e+00 1.655089e+01
         vertex 1.300760e+01 6.868235e+00 1.650803e+01
      endloop
   endfacet
   facet normal 9.933548e-01 1.009050e-01 -5.535719e-02
      outer loop
         vertex 1.300790e+01 7.000000e+00 1.675373e+01
         vertex 1.300760e+01 6.868235e+00 1.650803e+01
         vertex 1.300101e+01 7.000000e+00 1.663006e+01
      endloop
   endfacet
   facet normal 9.978406e-01 6.390744e-02 -1.516503e-02
      outer loop
         vertex 1.300101e+01 7.000000e+00 1.663006e+01
         vertex 1.300760e+01 6.868235e+00 1.650803e+01
         vertex 1.300000e+01 7.000000e+00 1.656351e+01
      endloop
   endfacet
   facet normal 9.961942e-01 -7.565293e-02 -4.328758e-02
      outer loop
         vertex 1.300000e+01 5.703210e-02 1.646383e+01
         vertex 1.300760e+01 1.317651e-01 1.650803e+01
         vertex 1.300000e+01 0.000000e+00 1.656351e+01
      endloop
   endfacet
   facet normal 9.963397e-01 -7.483263e-02 -4.131934e-02
      outer loop
         vertex 1.300000e+01 0.000000e+00 1.656351e+01
         vertex 1.300760e+01 1.317651e-01 1.650803e+01
         vertex 1.300787e+01 0.000000e+00 1.675336e+01
      endloop
   endfacet
   facet normal 8.894688e-01 -4.240956e-01 -1.702591e-01
      outer loop
         vertex 1.306716e+01 0.000000e+00 1.715451e+01
         vertex 1.304455e+01 0.000000e+00 1.703641e+01
         vertex 1.306699e+01 3.997725e-02 1.705406e+01
      endloop
   endfacet
   facet normal 8.887120e-01 -4.352668e-01 -1.439923e-01
      outer loop
         vertex 1.306699e+01 3.997725e-02 1.705406e+01
         vertex 1.304455e+01 0.000000e+00 1.703641e+01
         vertex 1.303078e+01 0.000000e+00 1.695146e+01
      endloop
   endfacet
   facet normal 8.716126e-01 -4.549526e-01 -1.825093e-01
      outer loop
         vertex 1.306716e+01 0.000000e+00 1.715451e+01
         vertex 1.306699e+01 3.997725e-02 1.705406e+01
         vertex 1.307028e+01 0.000000e+00 1.716943e+01
      endloop
   endfacet
   facet normal 8.190753e-01 -5.344358e-01 -2.085521e-01
      outer loop
         vertex 1.307028e+01 0.000000e+00 1.716943e+01
         vertex 1.306699e+01 3.997725e-02 1.705406e+01
         vertex 1.311698e+01 1.058504e-01 1.708159e+01
      endloop
   endfacet
   facet normal 8.272228e-01 -5.268995e-01 -1.951395e-01
      outer loop
         vertex 1.307028e+01 0.000000e+00 1.716943e+01
         vertex 1.311698e+01 1.058504e-01 1.708159e+01
         vertex 1.311774e+01 0.000000e+00 1.737064e+01
      endloop
   endfacet
   facet normal 7.883086e-01 -5.770824e-01 -2.134137e-01
      outer loop
         vertex 1.311774e+01 0.000000e+00 1.737064e+01
         vertex 1.311698e+01 1.058504e-01 1.708159e+01
         vertex 1.314870e+01 0.000000e+00 1.748497e+01
      endloop
   endfacet
   facet normal 7.063987e-01 -6.690245e-01 -2.310995e-01
      outer loop
         vertex 1.314870e+01 0.000000e+00 1.748497e+01
         vertex 1.311698e+01 1.058504e-01 1.708159e+01
         vertex 1.317861e+01 1.627132e-01 1.710535e+01
      endloop
   endfacet
   facet normal 7.397715e-01 -6.375857e-01 -2.149946e-01
      outer loop
         vertex 1.314870e+01 0.000000e+00 1.748497e+01
         vertex 1.317861e+01 1.627132e-01 1.710535e+01
         vertex 1.317555e+01 0.000000e+00 1.757737e+01
      endloop
   endfacet
   facet normal 6.457579e-01 -7.385424e-01 -1.937832e-01
      outer loop
         vertex 1.317555e+01 0.000000e+00 1.757737e+01
         vertex 1.317861e+01 2.377201e-03 1.757850e+01
         vertex 1.317959e+01 0.000000e+00 1.759083e+01
      endloop
   endfacet
   facet normal 5.735452e-01 -7.946729e-01 -1.988489e-01
      outer loop
         vertex 1.317959e+01 0.000000e+00 1.759083e+01
         vertex 1.317861e+01 2.377201e-03 1.757850e+01
         vertex 1.325000e+01 5.071820e-02 1.759124e+01
      endloop
   endfacet
   facet normal 5.752547e-01 -7.971693e-01 -1.833117e-01
      outer loop
         vertex 1.317959e+01 0.000000e+00 1.759083e+01
         vertex 1.325000e+01 5.071820e-02 1.759124e+01
         vertex 1.325114e+01 0.000000e+00 1.781537e+01
      endloop
   endfacet
   facet normal 2.437768e-01 -9.656747e-01 -8.969541e-02
      outer loop
         vertex 1.341395e+01 0.000000e+00 1.827135e+01
         vertex 1.334350e+01 0.000000e+00 1.807987e+01
         vertex 1.341318e+01 1.736893e-02 1.808226e+01
      endloop
   endfacet
   facet normal 2.437563e-01 -9.658568e-01 -8.776944e-02
      outer loop
         vertex 1.341318e+01 1.736893e-02 1.808226e+01
         vertex 1.334350e+01 0.000000e+00 1.807987e+01
         vertex 1.332958e+01 0.000000e+00 1.804123e+01
      endloop
   endfacet
   facet normal 2.386377e-01 -9.669486e-01 -8.979147e-02
      outer loop
         vertex 1.341395e+01 0.000000e+00 1.827135e+01
         vertex 1.341318e+01 1.736893e-02 1.808226e+01
         vertex 1.349582e+01 0.000000e+00 1.848893e+01
      endloop
   endfacet
   facet normal 8.700539e-02 -9.943903e-01 -6.015024e-02
      outer loop
         vertex 1.349582e+01 0.000000e+00 1.848893e+01
         vertex 1.341318e+01 1.736893e-02 1.808226e+01
         vertex 1.350000e+01 2.491102e-02 1.808316e+01
      endloop
   endfacet
   facet normal 1.558956e-01 -9.860144e-01 -5.892577e-02
      outer loop
         vertex 1.349582e+01 0.000000e+00 1.848893e+01
         vertex 1.350000e+01 2.491102e-02 1.808316e+01
         vertex 1.350000e+01 0.000000e+00 1.850000e+01
      endloop
   endfacet
   facet normal 7.333922e-01 6.438429e-01 -2.181792e-01
      outer loop
         vertex 1.314870e+01 7.000000e+00 1.748497e+01
         vertex 1.317861e+01 6.997623e+00 1.757850e+01
         vertex 1.317861e+01 6.837287e+00 1.710535e+01
      endloop
   endfacet
   facet normal 5.726549e-01 7.764280e-01 -2.631084e-01
      outer loop
         vertex 1.317861e+01 6.837287e+00 1.710535e+01
         vertex 1.317861e+01 6.997623e+00 1.757850e+01
         vertex 1.325000e+01 6.949282e+00 1.759124e+01
      endloop
   endfacet
   facet normal 5.726543e-01 7.764284e-01 -2.631084e-01
      outer loop
         vertex 1.317861e+01 6.837287e+00 1.710535e+01
         vertex 1.325000e+01 6.949282e+00 1.759124e+01
         vertex 1.325000e+01 6.791162e+00 1.712463e+01
      endloop
   endfacet
   facet normal 4.217905e-01 8.587278e-01 -2.909972e-01
      outer loop
         vertex 1.325000e+01 6.791162e+00 1.712463e+01
         vertex 1.325000e+01 6.949282e+00 1.759124e+01
         vertex 1.332899e+01 6.913664e+00 1.760062e+01
      endloop
   endfacet
   facet normal 4.217921e-01 8.587270e-01 -2.909973e-01
      outer loop
         vertex 1.325000e+01 6.791162e+00 1.712463e+01
         vertex 1.332899e+01 6.913664e+00 1.760062e+01
         vertex 1.332899e+01 6.757177e+00 1.713883e+01
      endloop
   endfacet
   facet normal 2.582425e-01 9.149728e-01 -3.100573e-01
      outer loop
         vertex 1.332899e+01 6.757177e+00 1.713883e+01
         vertex 1.332899e+01 6.913664e+00 1.760062e+01
         vertex 1.341318e+01 6.891851e+00 1.760637e+01
      endloop
   endfacet
   facet normal 2.582419e-01 9.149730e-01 -3.100573e-01
      outer loop
         vertex 1.332899e+01 6.757177e+00 1.713883e+01
         vertex 1.341318e+01 6.891851e+00 1.760637e+01
         vertex 1.341318e+01 6.736364e+00 1.714753e+01
      endloop
   endfacet
   facet normal 5.476860e-01 -8.154482e-01 -1.873078e-01
      outer loop
         vertex 1.325114e+01 0.000000e+00 1.781537e+01
         vertex 1.325000e+01 5.071820e-02 1.759124e+01
         vertex 1.329394e+01 0.000000e+00 1.794050e+01
      endloop
   endfacet
   facet normal 4.220867e-01 -8.880868e-01 -1.820565e-01
      outer loop
         vertex 1.329394e+01 0.000000e+00 1.794050e+01
         vertex 1.325000e+01 5.071820e-02 1.759124e+01
         vertex 1.332899e+01 8.633616e-02 1.760062e+01
      endloop
   endfacet
   facet normal 4.787856e-01 -8.614265e-01 -1.694367e-01
      outer loop
         vertex 1.329394e+01 0.000000e+00 1.794050e+01
         vertex 1.332899e+01 8.633616e-02 1.760062e+01
         vertex 1.332958e+01 0.000000e+00 1.804123e+01
      endloop
   endfacet
   facet normal 2.583283e-01 -9.479631e-01 -1.860980e-01
      outer loop
         vertex 1.332958e+01 0.000000e+00 1.804123e+01
         vertex 1.332899e+01 8.633616e-02 1.760062e+01
         vertex 1.341318e+01 1.081494e-01 1.760637e+01
      endloop
   endfacet
   facet normal 2.838792e-01 -9.418760e-01 -1.796723e-01
      outer loop
         vertex 1.332958e+01 0.000000e+00 1.804123e+01
         vertex 1.341318e+01 1.081494e-01 1.760637e+01
         vertex 1.341318e+01 1.736893e-02 1.808226e+01
      endloop
   endfacet
   facet normal 8.695020e-02 -9.785670e-01 -1.866715e-01
      outer loop
         vertex 1.341318e+01 1.736893e-02 1.808226e+01
         vertex 1.341318e+01 1.081494e-01 1.760637e+01
         vertex 1.350000e+01 1.154949e-01 1.760830e+01
      endloop
   endfacet
   facet normal -6.629421e-02 -9.745984e-01 -2.139230e-01
      outer loop
         vertex 1.341318e+01 1.736893e-02 1.808226e+01
         vertex 1.350000e+01 1.154949e-01 1.760830e+01
         vertex 1.350000e+01 5.317293e-02 1.789223e+01
      endloop
   endfacet
   facet normal 8.713379e-02 -9.278945e-01 -3.625183e-01
      outer loop
         vertex 1.341318e+01 2.636367e-01 1.714753e+01
         vertex 1.350000e+01 2.706456e-01 1.715046e+01
         vertex 1.350000e+01 2.110759e-01 1.730293e+01
      endloop
   endfacet
   facet normal 6.498471e-01 -7.198563e-01 -2.439379e-01
      outer loop
         vertex 1.317555e+01 0.000000e+00 1.757737e+01
         vertex 1.317861e+01 1.627132e-01 1.710535e+01
         vertex 1.317861e+01 2.377201e-03 1.757850e+01
      endloop
   endfacet
   facet normal 5.726543e-01 -7.764283e-01 -2.631085e-01
      outer loop
         vertex 1.317861e+01 2.377201e-03 1.757850e+01
         vertex 1.317861e+01 1.627132e-01 1.710535e+01
         vertex 1.325000e+01 2.088381e-01 1.712463e+01
      endloop
   endfacet
   facet normal 5.726549e-01 -7.764280e-01 -2.631083e-01
      outer loop
         vertex 1.317861e+01 2.377201e-03 1.757850e+01
         vertex 1.325000e+01 2.088381e-01 1.712463e+01
         vertex 1.325000e+01 5.071820e-02 1.759124e+01
      endloop
   endfacet
   facet normal 4.217921e-01 -8.587271e-01 -2.909970e-01
      outer loop
         vertex 1.325000e+01 5.071820e-02 1.759124e+01
         vertex 1.325000e+01 2.088381e-01 1.712463e+01
         vertex 1.332899e+01 2.428235e-01 1.713883e+01
      endloop
   endfacet
   facet normal 4.217905e-01 -8.587277e-01 -2.909975e-01
      outer loop
         vertex 1.325000e+01 5.071820e-02 1.759124e+01
         vertex 1.332899e+01 2.428235e-01 1.713883e+01
         vertex 1.332899e+01 8.633616e-02 1.760062e+01
      endloop
   endfacet
   facet normal 2.582419e-01 -9.149730e-01 -3.100574e-01
      outer loop
         vertex 1.332899e+01 8.633616e-02 1.760062e+01
         vertex 1.332899e+01 2.428235e-01 1.713883e+01
         vertex 1.341318e+01 2.636367e-01 1.714753e+01
      endloop
   endfacet
   facet normal 2.582425e-01 -9.149729e-01 -3.100572e-01
      outer loop
         vertex 1.332899e+01 8.633616e-02 1.760062e+01
         vertex 1.341318e+01 2.636367e-01 1.714753e+01
         vertex 1.341318e+01 1.081494e-01 1.760637e+01
      endloop
   endfacet
   facet normal 1.096011e-03 -9.470977e-01 -3.209434e-01
      outer loop
         vertex 1.341318e+01 1.081494e-01 1.760637e+01
         vertex 1.341318e+01 2.636367e-01 1.714753e+01
         vertex 1.350000e+01 2.110759e-01 1.730293e+01
      endloop
   endfacet
   facet normal 8.706628e-02 -9.507206e-01 -2.975731e-01
      outer loop
         vertex 1.341318e+01 1.081494e-01 1.760637e+01
         vertex 1.350000e+01 2.110759e-01 1.730293e+01
         vertex 1.350000e+01 1.154949e-01 1.760830e+01
      endloop
   endfacet
   facet normal 8.715467e-02 -8.601094e-01 -5.026091e-01
      outer loop
         vertex 1.341318e+01 4.808647e-01 1.671449e+01
         vertex 1.350000e+01 4.874030e-01 1.671836e+01
         vertex 1.350000e+01 4.689111e-01 1.675000e+01
      endloop
   endfacet
   facet normal 9.804770e-01 -1.727646e-01 -9.390014e-02
      outer loop
         vertex 1.300787e+01 0.000000e+00 1.675336e+01
         vertex 1.300760e+01 1.317651e-01 1.650803e+01
         vertex 1.301591e+01 0.000000e+00 1.683730e+01
      endloop
   endfacet
   facet normal 9.657846e-01 -2.314479e-01 -1.170124e-01
      outer loop
         vertex 1.301591e+01 0.000000e+00 1.683730e+01
         vertex 1.300760e+01 1.317651e-01 1.650803e+01
         vertex 1.303015e+01 2.042276e-01 1.655089e+01
      endloop
   endfacet
   facet normal 9.619429e-01 -2.428217e-01 -1.253134e-01
      outer loop
         vertex 1.301591e+01 0.000000e+00 1.683730e+01
         vertex 1.303015e+01 2.042276e-01 1.655089e+01
         vertex 1.303078e+01 0.000000e+00 1.695146e+01
      endloop
   endfacet
   facet normal 9.060188e-01 -3.764812e-01 -1.933698e-01
      outer loop
         vertex 1.303078e+01 0.000000e+00 1.695146e+01
         vertex 1.303015e+01 2.042276e-01 1.655089e+01
         vertex 1.306699e+01 2.722174e-01 1.659109e+01
      endloop
   endfacet
   facet normal 9.143271e-01 -3.619848e-01 -1.815847e-01
      outer loop
         vertex 1.303078e+01 0.000000e+00 1.695146e+01
         vertex 1.306699e+01 2.722174e-01 1.659109e+01
         vertex 1.306699e+01 3.997725e-02 1.705406e+01
      endloop
   endfacet
   facet normal 8.185066e-01 -5.135093e-01 -2.575949e-01
      outer loop
         vertex 1.306699e+01 3.997725e-02 1.705406e+01
         vertex 1.306699e+01 2.722174e-01 1.659109e+01
         vertex 1.311698e+01 3.336691e-01 1.662744e+01
      endloop
   endfacet
   facet normal 8.185066e-01 -5.135093e-01 -2.575948e-01
      outer loop
         vertex 1.306699e+01 3.997725e-02 1.705406e+01
         vertex 1.311698e+01 3.336691e-01 1.662744e+01
         vertex 1.311698e+01 1.058504e-01 1.708159e+01
      endloop
   endfacet
   facet normal 7.062619e-01 -6.327956e-01 -3.174332e-01
      outer loop
         vertex 1.311698e+01 1.058504e-01 1.708159e+01
         vertex 1.311698e+01 3.336691e-01 1.662744e+01
         vertex 1.317861e+01 3.867154e-01 1.665881e+01
      endloop
   endfacet
   facet normal 7.062610e-01 -6.327963e-01 -3.174338e-01
      outer loop
         vertex 1.311698e+01 1.058504e-01 1.708159e+01
         vertex 1.317861e+01 3.867154e-01 1.665881e+01
         vertex 1.317861e+01 1.627132e-01 1.710535e+01
      endloop
   endfacet
   facet normal 5.726528e-01 -7.327693e-01 -3.675839e-01
      outer loop
         vertex 1.317861e+01 1.627132e-01 1.710535e+01
         vertex 1.317861e+01 3.867154e-01 1.665881e+01
         vertex 1.325000e+01 4.297441e-01 1.668426e+01
      endloop
   endfacet
   facet normal 5.726542e-01 -7.327685e-01 -3.675832e-01
      outer loop
         vertex 1.317861e+01 1.627132e-01 1.710535e+01
         vertex 1.325000e+01 4.297441e-01 1.668426e+01
         vertex 1.325000e+01 2.088381e-01 1.712463e+01
      endloop
   endfacet
   facet normal 4.217924e-01 -8.104393e-01 -4.065456e-01
      outer loop
         vertex 1.325000e+01 2.088381e-01 1.712463e+01
         vertex 1.325000e+01 4.297441e-01 1.668426e+01
         vertex 1.332899e+01 4.614484e-01 1.670301e+01
      endloop
   endfacet
   facet normal 4.217920e-01 -8.104394e-01 -4.065458e-01
      outer loop
         vertex 1.325000e+01 2.088381e-01 1.712463e+01
         vertex 1.332899e+01 4.614484e-01 1.670301e+01
         vertex 1.332899e+01 2.428235e-01 1.713883e+01
      endloop
   endfacet
   facet normal 2.582421e-01 -8.635225e-01 -4.331742e-01
      outer loop
         vertex 1.332899e+01 2.428235e-01 1.713883e+01
         vertex 1.332899e+01 4.614484e-01 1.670301e+01
         vertex 1.341318e+01 4.808647e-01 1.671449e+01
      endloop
   endfacet
   facet normal 2.582420e-01 -8.635225e-01 -4.331742e-01
      outer loop
         vertex 1.332899e+01 2.428235e-01 1.713883e+01
         vertex 1.341318e+01 4.808647e-01 1.671449e+01
         vertex 1.341318e+01 2.636367e-01 1.714753e+01
      endloop
   endfacet
   facet normal 6.022245e-02 -8.922191e-01 -4.475694e-01
      outer loop
         vertex 1.341318e+01 2.636367e-01 1.714753e+01
         vertex 1.341318e+01 4.808647e-01 1.671449e+01
         vertex 1.350000e+01 4.689111e-01 1.675000e+01
      endloop
   endfacet
   facet normal 8.698103e-02 -8.927805e-01 -4.420150e-01
      outer loop
         vertex 1.341318e+01 2.636367e-01 1.714753e+01
         vertex 1.350000e+01 4.689111e-01 1.675000e+01
         vertex 1.350000e+01 2.706456e-01 1.715046e+01
      endloop
   endfacet
   facet normal 9.961768e-01 -7.194370e-02 -4.955654e-02
      outer loop
         vertex 1.300000e+01 5.703210e-02 1.646383e+01
         vertex 1.300760e+01 4.383672e-01 1.606292e+01
         vertex 1.300760e+01 1.317651e-01 1.650803e+01
      endloop
   endfacet
   facet normal 9.657709e-01 -2.136217e-01 -1.471477e-01
      outer loop
         vertex 1.300760e+01 1.317651e-01 1.650803e+01
         vertex 1.300760e+01 4.383672e-01 1.606292e+01
         vertex 1.303015e+01 5.042336e-01 1.611535e+01
      endloop
   endfacet
   facet normal 9.657709e-01 -2.136216e-01 -1.471477e-01
      outer loop
         vertex 1.300760e+01 1.317651e-01 1.650803e+01
         vertex 1.303015e+01 5.042336e-01 1.611535e+01
         vertex 1.303015e+01 2.042276e-01 1.655089e+01
      endloop
   endfacet
   facet normal 9.059193e-01 -3.487251e-01 -2.402102e-01
      outer loop
         vertex 1.303015e+01 2.042276e-01 1.655089e+01
         vertex 1.303015e+01 5.042336e-01 1.611535e+01
         vertex 1.306699e+01 5.660346e-01 1.616455e+01
      endloop
   endfacet
   facet normal 9.059191e-01 -3.487255e-01 -2.402106e-01
      outer loop
         vertex 1.303015e+01 2.042276e-01 1.655089e+01
         vertex 1.306699e+01 5.660346e-01 1.616455e+01
         vertex 1.306699e+01 2.722174e-01 1.659109e+01
      endloop
   endfacet
   facet normal 8.185067e-01 -4.731169e-01 -3.258944e-01
      outer loop
         vertex 1.306699e+01 2.722174e-01 1.659109e+01
         vertex 1.306699e+01 5.660346e-01 1.616455e+01
         vertex 1.311698e+01 6.218925e-01 1.620901e+01
      endloop
   endfacet
   facet normal 8.185066e-01 -4.731170e-01 -3.258945e-01
      outer loop
         vertex 1.306699e+01 2.722174e-01 1.659109e+01
         vertex 1.311698e+01 6.218925e-01 1.620901e+01
         vertex 1.311698e+01 3.336691e-01 1.662744e+01
      endloop
   endfacet
   facet normal 7.062606e-01 -5.830214e-01 -4.015994e-01
      outer loop
         vertex 1.311698e+01 3.336691e-01 1.662744e+01
         vertex 1.311698e+01 6.218925e-01 1.620901e+01
         vertex 1.317861e+01 6.701099e-01 1.624739e+01
      endloop
   endfacet
   facet normal 7.062619e-01 -5.830205e-01 -4.015983e-01
      outer loop
         vertex 1.311698e+01 3.336691e-01 1.662744e+01
         vertex 1.317861e+01 6.701099e-01 1.624739e+01
         vertex 1.317861e+01 3.867154e-01 1.665881e+01
      endloop
   endfacet
   facet normal 5.726536e-01 -6.751300e-01 -4.650455e-01
      outer loop
         vertex 1.317861e+01 3.867154e-01 1.665881e+01
         vertex 1.317861e+01 6.701099e-01 1.624739e+01
         vertex 1.325000e+01 7.092219e-01 1.627852e+01
      endloop
   endfacet
   facet normal 5.726529e-01 -6.751303e-01 -4.650459e-01
      outer loop
         vertex 1.317861e+01 3.867154e-01 1.665881e+01
         vertex 1.325000e+01 7.092219e-01 1.627852e+01
         vertex 1.325000e+01 4.297441e-01 1.668426e+01
      endloop
   endfacet
   facet normal 4.217924e-01 -7.466908e-01 -5.143385e-01
      outer loop
         vertex 1.325000e+01 4.297441e-01 1.668426e+01
         vertex 1.325000e+01 7.092219e-01 1.627852e+01
         vertex 1.332899e+01 7.380403e-01 1.630146e+01
      endloop
   endfacet
   facet normal 4.217923e-01 -7.466908e-01 -5.143385e-01
      outer loop
         vertex 1.325000e+01 4.297441e-01 1.668426e+01
         vertex 1.332899e+01 7.380403e-01 1.630146e+01
         vertex 1.332899e+01 4.614484e-01 1.670301e+01
      endloop
   endfacet
   facet normal 2.582418e-01 -7.955986e-01 -5.480274e-01
      outer loop
         vertex 1.332899e+01 4.614484e-01 1.670301e+01
         vertex 1.332899e+01 7.380403e-01 1.630146e+01
         vertex 1.341318e+01 7.556891e-01 1.631551e+01
      endloop
   endfacet
   facet normal 2.582422e-01 -7.955986e-01 -5.480273e-01
      outer loop
         vertex 1.332899e+01 4.614484e-01 1.670301e+01
         vertex 1.341318e+01 7.556891e-01 1.631551e+01
         vertex 1.341318e+01 4.808647e-01 1.671449e+01
      endloop
   endfacet
   facet normal 8.695056e-02 -8.204136e-01 -5.651205e-01
      outer loop
         vertex 1.341318e+01 4.808647e-01 1.671449e+01
         vertex 1.341318e+01 7.556891e-01 1.631551e+01
         vertex 1.350000e+01 7.616323e-01 1.632024e+01
      endloop
   endfacet
   facet normal 8.694932e-02 -8.204136e-01 -5.651207e-01
      outer loop
         vertex 1.341318e+01 4.808647e-01 1.671449e+01
         vertex 1.350000e+01 7.616323e-01 1.632024e+01
         vertex 1.350000e+01 4.874030e-01 1.671836e+01
      endloop
   endfacet
   facet normal 9.961768e-01 -6.442893e-02 -5.899688e-02
      outer loop
         vertex 1.300000e+01 3.704368e-01 1.600885e+01
         vertex 1.300760e+01 8.033765e-01 1.566431e+01
         vertex 1.300760e+01 4.383672e-01 1.606292e+01
      endloop
   endfacet
   facet normal 9.657708e-01 -1.913086e-01 -1.751792e-01
      outer loop
         vertex 1.300760e+01 4.383672e-01 1.606292e+01
         vertex 1.300760e+01 8.033765e-01 1.566431e+01
         vertex 1.303015e+01 8.613903e-01 1.572531e+01
      endloop
   endfacet
   facet normal 9.657708e-01 -1.913085e-01 -1.751791e-01
      outer loop
         vertex 1.300760e+01 4.383672e-01 1.606292e+01
         vertex 1.303015e+01 8.613903e-01 1.572531e+01
         vertex 1.303015e+01 5.042336e-01 1.611535e+01
      endloop
   endfacet
   facet normal 9.059192e-01 -3.123004e-01 -2.859701e-01
      outer loop
         vertex 1.303015e+01 5.042336e-01 1.611535e+01
         vertex 1.303015e+01 8.613903e-01 1.572531e+01
         vertex 1.306699e+01 9.158233e-01 1.578255e+01
      endloop
   endfacet
   facet normal 9.059194e-01 -3.123002e-01 -2.859697e-01
      outer loop
         vertex 1.303015e+01 5.042336e-01 1.611535e+01
         vertex 1.306699e+01 9.158233e-01 1.578255e+01
         vertex 1.306699e+01 5.660346e-01 1.616455e+01
      endloop
   endfacet
   facet normal 8.185070e-01 -4.236989e-01 -3.879763e-01
      outer loop
         vertex 1.306699e+01 5.660346e-01 1.616455e+01
         vertex 1.306699e+01 9.158233e-01 1.578255e+01
         vertex 1.311698e+01 9.650218e-01 1.583429e+01
      endloop
   endfacet
   facet normal 8.185067e-01 -4.236991e-01 -3.879766e-01
      outer loop
         vertex 1.306699e+01 5.660346e-01 1.616455e+01
         vertex 1.311698e+01 9.650218e-01 1.583429e+01
         vertex 1.311698e+01 6.218925e-01 1.620901e+01
      endloop
   endfacet
   facet normal 7.062613e-01 -5.221234e-01 -4.781026e-01
      outer loop
         vertex 1.311698e+01 6.218925e-01 1.620901e+01
         vertex 1.311698e+01 9.650218e-01 1.583429e+01
         vertex 1.317861e+01 1.007491e+00 1.587895e+01
      endloop
   endfacet
   facet normal 7.062606e-01 -5.221238e-01 -4.781032e-01
      outer loop
         vertex 1.311698e+01 6.218925e-01 1.620901e+01
         vertex 1.317861e+01 1.007491e+00 1.587895e+01
         vertex 1.317861e+01 6.701099e-01 1.624739e+01
      endloop
   endfacet
   facet normal 5.726536e-01 -6.046113e-01 -5.536362e-01
      outer loop
         vertex 1.317861e+01 6.701099e-01 1.624739e+01
         vertex 1.317861e+01 1.007491e+00 1.587895e+01
         vertex 1.325000e+01 1.041940e+00 1.591517e+01
      endloop
   endfacet
   facet normal 5.726536e-01 -6.046113e-01 -5.536362e-01
      outer loop
         vertex 1.317861e+01 6.701099e-01 1.624739e+01
         vertex 1.325000e+01 1.041940e+00 1.591517e+01
         vertex 1.325000e+01 7.092219e-01 1.627852e+01
      endloop
   endfacet
   facet normal 4.217926e-01 -6.686974e-01 -6.123192e-01
      outer loop
         vertex 1.325000e+01 7.092219e-01 1.627852e+01
         vertex 1.325000e+01 1.041940e+00 1.591517e+01
         vertex 1.332899e+01 1.067322e+00 1.594186e+01
      endloop
   endfacet
   facet normal 4.217922e-01 -6.686975e-01 -6.123194e-01
      outer loop
         vertex 1.325000e+01 7.092219e-01 1.627852e+01
         vertex 1.332899e+01 1.067322e+00 1.594186e+01
         vertex 1.332899e+01 7.380403e-01 1.630146e+01
      endloop
   endfacet
   facet normal 2.582417e-01 -7.124968e-01 -6.524259e-01
      outer loop
         vertex 1.332899e+01 7.380403e-01 1.630146e+01
         vertex 1.332899e+01 1.067322e+00 1.594186e+01
         vertex 1.341318e+01 1.082867e+00 1.595821e+01
      endloop
   endfacet
   facet normal 2.582418e-01 -7.124968e-01 -6.524259e-01
      outer loop
         vertex 1.332899e+01 7.380403e-01 1.630146e+01
         vertex 1.341318e+01 1.082867e+00 1.595821e+01
         vertex 1.341318e+01 7.556891e-01 1.631551e+01
      endloop
   endfacet
   facet normal 8.695028e-02 -7.347198e-01 -6.727752e-01
      outer loop
         vertex 1.341318e+01 7.556891e-01 1.631551e+01
         vertex 1.341318e+01 1.082867e+00 1.595821e+01
         vertex 1.350000e+01 1.088102e+00 1.596371e+01
      endloop
   endfacet
   facet normal 1.528604e-02 -7.286445e-01 -6.847215e-01
      outer loop
         vertex 1.341318e+01 7.556891e-01 1.631551e+01
         vertex 1.350000e+01 1.088102e+00 1.596371e+01
         vertex 1.350000e+01 8.188447e-01 1.625024e+01
      endloop
   endfacet
   facet normal 9.961768e-01 -5.568523e-02 -6.731190e-02
      outer loop
         vertex 1.300000e+01 7.435449e-01 1.560139e+01
         vertex 1.300760e+01 1.219830e+00 1.531979e+01
         vertex 1.300760e+01 8.033765e-01 1.566431e+01
      endloop
   endfacet
   facet normal 9.657707e-01 -1.653459e-01 -1.998690e-01
      outer loop
         vertex 1.300760e+01 8.033765e-01 1.566431e+01
         vertex 1.300760e+01 1.219830e+00 1.531979e+01
         vertex 1.303015e+01 1.268884e+00 1.538820e+01
      endloop
   endfacet
   facet normal 9.657708e-01 -1.653458e-01 -1.998688e-01
      outer loop
         vertex 1.300760e+01 8.033765e-01 1.566431e+01
         vertex 1.303015e+01 1.268884e+00 1.538820e+01
         vertex 1.303015e+01 8.613903e-01 1.572531e+01
      endloop
   endfacet
   facet normal 9.059193e-01 -2.699174e-01 -3.262741e-01
      outer loop
         vertex 1.303015e+01 8.613903e-01 1.572531e+01
         vertex 1.303015e+01 1.268884e+00 1.538820e+01
         vertex 1.306699e+01 1.314911e+00 1.545240e+01
      endloop
   endfacet
   facet normal 9.059192e-01 -2.699176e-01 -3.262744e-01
      outer loop
         vertex 1.303015e+01 8.613903e-01 1.572531e+01
         vertex 1.306699e+01 1.314911e+00 1.545240e+01
         vertex 1.306699e+01 9.158233e-01 1.578255e+01
      endloop
   endfacet
   facet normal 8.185068e-01 -3.661980e-01 -4.426575e-01
      outer loop
         vertex 1.306699e+01 9.158233e-01 1.578255e+01
         vertex 1.306699e+01 1.314911e+00 1.545240e+01
         vertex 1.311698e+01 1.356511e+00 1.551042e+01
      endloop
   endfacet
   facet normal 8.185070e-01 -3.661979e-01 -4.426572e-01
      outer loop
         vertex 1.306699e+01 9.158233e-01 1.578255e+01
         vertex 1.311698e+01 1.356511e+00 1.551042e+01
         vertex 1.311698e+01 9.650218e-01 1.583429e+01
      endloop
   endfacet
   facet normal 7.062611e-01 -4.512652e-01 -5.454860e-01
      outer loop
         vertex 1.311698e+01 9.650218e-01 1.583429e+01
         vertex 1.311698e+01 1.356511e+00 1.551042e+01
         vertex 1.317861e+01 1.392422e+00 1.556050e+01
      endloop
   endfacet
   facet normal 7.062614e-01 -4.512651e-01 -5.454857e-01
      outer loop
         vertex 1.311698e+01 9.650218e-01 1.583429e+01
         vertex 1.317861e+01 1.392422e+00 1.556050e+01
         vertex 1.317861e+01 1.007491e+00 1.587895e+01
      endloop
   endfacet
   facet normal 5.726533e-01 -5.225587e-01 -6.316649e-01
      outer loop
         vertex 1.317861e+01 1.007491e+00 1.587895e+01
         vertex 1.317861e+01 1.392422e+00 1.556050e+01
         vertex 1.325000e+01 1.421551e+00 1.560113e+01
      endloop
   endfacet
   facet normal 5.726535e-01 -5.225587e-01 -6.316647e-01
      outer loop
         vertex 1.317861e+01 1.007491e+00 1.587895e+01
         vertex 1.325000e+01 1.421551e+00 1.560113e+01
         vertex 1.325000e+01 1.041940e+00 1.591517e+01
      endloop
   endfacet
   facet normal 4.217928e-01 -5.779475e-01 -6.986183e-01
      outer loop
         vertex 1.325000e+01 1.041940e+00 1.591517e+01
         vertex 1.325000e+01 1.421551e+00 1.560113e+01
         vertex 1.332899e+01 1.443013e+00 1.563107e+01
      endloop
   endfacet
   facet normal 4.217927e-01 -5.779475e-01 -6.986183e-01
      outer loop
         vertex 1.325000e+01 1.041940e+00 1.591517e+01
         vertex 1.332899e+01 1.443013e+00 1.563107e+01
         vertex 1.332899e+01 1.067322e+00 1.594186e+01
      endloop
   endfacet
   facet normal 2.582432e-01 -6.158026e-01 -7.443773e-01
      outer loop
         vertex 1.332899e+01 1.067322e+00 1.594186e+01
         vertex 1.332899e+01 1.443013e+00 1.563107e+01
         vertex 1.341318e+01 1.456157e+00 1.564940e+01
      endloop
   endfacet
   facet normal 2.582416e-01 -6.158027e-01 -7.443778e-01
      outer loop
         vertex 1.332899e+01 1.067322e+00 1.594186e+01
         vertex 1.341318e+01 1.456157e+00 1.564940e+01
         vertex 1.341318e+01 1.082867e+00 1.595821e+01
      endloop
   endfacet
   facet normal 8.694788e-02 -6.350098e-01 -7.675953e-01
      outer loop
         vertex 1.341318e+01 1.082867e+00 1.595821e+01
         vertex 1.341318e+01 1.456157e+00 1.564940e+01
         vertex 1.350000e+01 1.460583e+00 1.565557e+01
      endloop
   endfacet
   facet normal -8.557905e-02 -6.109336e-01 -7.870428e-01
      outer loop
         vertex 1.341318e+01 1.082867e+00 1.595821e+01
         vertex 1.350000e+01 1.460583e+00 1.565557e+01
         vertex 1.350000e+01 1.250244e+00 1.581884e+01
      endloop
   endfacet
   facet normal 8.713873e-02 -4.808343e-01 -8.724708e-01
      outer loop
         vertex 1.341318e+01 1.868438e+00 1.539497e+01
         vertex 1.350000e+01 1.871971e+00 1.540169e+01
         vertex 1.350000e+01 1.750000e+00 1.546891e+01
      endloop
   endfacet
   facet normal 9.961768e-01 -4.587919e-02 -7.434271e-02
      outer loop
         vertex 1.300000e+01 1.169238e+00 1.524922e+01
         vertex 1.300760e+01 1.679782e+00 1.503593e+01
         vertex 1.300760e+01 1.219830e+00 1.531979e+01
      endloop
   endfacet
   facet normal 9.657709e-01 -1.362285e-01 -2.207449e-01
      outer loop
         vertex 1.300760e+01 1.219830e+00 1.531979e+01
         vertex 1.300760e+01 1.679782e+00 1.503593e+01
         vertex 1.303015e+01 1.718941e+00 1.511046e+01
      endloop
   endfacet
   facet normal 9.657707e-01 -1.362288e-01 -2.207456e-01
      outer loop
         vertex 1.300760e+01 1.219830e+00 1.531979e+01
         vertex 1.303015e+01 1.718941e+00 1.511046e+01
         vertex 1.303015e+01 1.268884e+00 1.538820e+01
      endloop
   endfacet
   facet normal 9.059194e-01 -2.223852e-01 -3.603537e-01
      outer loop
         vertex 1.303015e+01 1.268884e+00 1.538820e+01
         vertex 1.303015e+01 1.718941e+00 1.511046e+01
         vertex 1.306699e+01 1.755684e+00 1.518038e+01
      endloop
   endfacet
   facet normal 9.059193e-01 -2.223853e-01 -3.603540e-01
      outer loop
         vertex 1.303015e+01 1.268884e+00 1.538820e+01
         vertex 1.306699e+01 1.755684e+00 1.518038e+01
         vertex 1.306699e+01 1.314911e+00 1.545240e+01
      endloop
   endfacet
   facet normal 8.185063e-01 -3.017114e-01 -4.888943e-01
      outer loop
         vertex 1.306699e+01 1.314911e+00 1.545240e+01
         vertex 1.306699e+01 1.755684e+00 1.518038e+01
         vertex 1.311698e+01 1.788892e+00 1.524358e+01
      endloop
   endfacet
   facet normal 8.185068e-01 -3.017112e-01 -4.888937e-01
      outer loop
         vertex 1.306699e+01 1.314911e+00 1.545240e+01
         vertex 1.311698e+01 1.788892e+00 1.524358e+01
         vertex 1.311698e+01 1.356511e+00 1.551042e+01
      endloop
   endfacet
   facet normal 7.062617e-01 -3.717978e-01 -6.024622e-01
      outer loop
         vertex 1.311698e+01 1.356511e+00 1.551042e+01
         vertex 1.311698e+01 1.788892e+00 1.524358e+01
         vertex 1.317861e+01 1.817559e+00 1.529814e+01
      endloop
   endfacet
   facet normal 7.062612e-01 -3.717980e-01 -6.024627e-01
      outer loop
         vertex 1.311698e+01 1.356511e+00 1.551042e+01
         vertex 1.317861e+01 1.817559e+00 1.529814e+01
         vertex 1.317861e+01 1.392422e+00 1.556050e+01
      endloop
   endfacet
   facet normal 5.726529e-01 -4.305370e-01 -6.976436e-01
      outer loop
         vertex 1.317861e+01 1.392422e+00 1.556050e+01
         vertex 1.317861e+01 1.817559e+00 1.529814e+01
         vertex 1.325000e+01 1.840812e+00 1.534239e+01
      endloop
   endfacet
   facet normal 5.726532e-01 -4.305369e-01 -6.976433e-01
      outer loop
         vertex 1.317861e+01 1.392422e+00 1.556050e+01
         vertex 1.325000e+01 1.840812e+00 1.534239e+01
         vertex 1.325000e+01 1.421551e+00 1.560113e+01
      endloop
   endfacet
   facet normal 4.217925e-01 -4.761718e-01 -7.715902e-01
      outer loop
         vertex 1.325000e+01 1.421551e+00 1.560113e+01
         vertex 1.325000e+01 1.840812e+00 1.534239e+01
         vertex 1.332899e+01 1.857945e+00 1.537500e+01
      endloop
   endfacet
   facet normal 4.217929e-01 -4.761718e-01 -7.715900e-01
      outer loop
         vertex 1.325000e+01 1.421551e+00 1.560113e+01
         vertex 1.332899e+01 1.857945e+00 1.537500e+01
         vertex 1.332899e+01 1.443013e+00 1.563107e+01
      endloop
   endfacet
   facet normal 2.582426e-01 -5.073608e-01 -8.221288e-01
      outer loop
         vertex 1.332899e+01 1.443013e+00 1.563107e+01
         vertex 1.332899e+01 1.857945e+00 1.537500e+01
         vertex 1.341318e+01 1.868438e+00 1.539497e+01
      endloop
   endfacet
   facet normal 2.582431e-01 -5.073608e-01 -8.221287e-01
      outer loop
         vertex 1.332899e+01 1.443013e+00 1.563107e+01
         vertex 1.341318e+01 1.868438e+00 1.539497e+01
         vertex 1.341318e+01 1.456157e+00 1.564940e+01
      endloop
   endfacet
   facet normal 8.362638e-03 -5.251564e-01 -8.509647e-01
      outer loop
         vertex 1.341318e+01 1.456157e+00 1.564940e+01
         vertex 1.341318e+01 1.868438e+00 1.539497e+01
         vertex 1.350000e+01 1.750000e+00 1.546891e+01
      endloop
   endfacet
   facet normal 8.704969e-02 -5.399443e-01 -8.371873e-01
      outer loop
         vertex 1.341318e+01 1.456157e+00 1.564940e+01
         vertex 1.350000e+01 1.750000e+00 1.546891e+01
         vertex 1.350000e+01 1.460583e+00 1.565557e+01
      endloop
   endfacet
   facet normal 8.715709e-02 -3.390734e-01 -9.367139e-01
      outer loop
         vertex 1.341318e+01 2.311844e+00 1.519977e+01
         vertex 1.350000e+01 2.314417e+00 1.520692e+01
         vertex 1.350000e+01 2.302930e+00 1.521108e+01
      endloop
   endfacet
   facet normal 9.961768e-01 -3.519788e-02 -7.995546e-02
      outer loop
         vertex 1.300000e+01 1.639396e+00 1.495908e+01
         vertex 1.300760e+01 2.174459e+00 1.481817e+01
         vertex 1.300760e+01 1.679782e+00 1.503593e+01
      endloop
   endfacet
   facet normal 9.657708e-01 -1.045126e-01 -2.374106e-01
      outer loop
         vertex 1.300760e+01 1.679782e+00 1.503593e+01
         vertex 1.300760e+01 2.174459e+00 1.481817e+01
         vertex 1.303015e+01 2.202976e+00 1.489738e+01
      endloop
   endfacet
   facet normal 9.657709e-01 -1.045125e-01 -2.374103e-01
      outer loop
         vertex 1.300760e+01 1.679782e+00 1.503593e+01
         vertex 1.303015e+01 2.202976e+00 1.489738e+01
         vertex 1.303015e+01 1.718941e+00 1.511046e+01
      endloop
   endfacet
   facet normal 9.059196e-01 -1.706107e-01 -3.875587e-01
      outer loop
         vertex 1.303015e+01 1.718941e+00 1.511046e+01
         vertex 1.303015e+01 2.202976e+00 1.489738e+01
         vertex 1.306699e+01 2.229733e+00 1.497170e+01
      endloop
   endfacet
   facet normal 9.059194e-01 -1.706107e-01 -3.875590e-01
      outer loop
         vertex 1.303015e+01 1.718941e+00 1.511046e+01
         vertex 1.306699e+01 2.229733e+00 1.497170e+01
         vertex 1.306699e+01 1.755684e+00 1.518038e+01
      endloop
   endfacet
   facet normal 8.185063e-01 -2.314687e-01 -5.258038e-01
      outer loop
         vertex 1.306699e+01 1.755684e+00 1.518038e+01
         vertex 1.306699e+01 2.229733e+00 1.497170e+01
         vertex 1.311698e+01 2.253917e+00 1.503887e+01
      endloop
   endfacet
   facet normal 8.185063e-01 -2.314687e-01 -5.258038e-01
      outer loop
         vertex 1.306699e+01 1.755684e+00 1.518038e+01
         vertex 1.311698e+01 2.253917e+00 1.503887e+01
         vertex 1.311698e+01 1.788892e+00 1.524358e+01
      endloop
   endfacet
   facet normal 7.062603e-01 -2.852384e-01 -6.479471e-01
      outer loop
         vertex 1.311698e+01 1.788892e+00 1.524358e+01
         vertex 1.311698e+01 2.253917e+00 1.503887e+01
         vertex 1.317861e+01 2.274793e+00 1.509686e+01
      endloop
   endfacet
   facet normal 7.062617e-01 -2.852382e-01 -6.479456e-01
      outer loop
         vertex 1.311698e+01 1.788892e+00 1.524358e+01
         vertex 1.317861e+01 2.274793e+00 1.509686e+01
         vertex 1.317861e+01 1.817559e+00 1.529814e+01
      endloop
   endfacet
   facet normal 5.726541e-01 -3.303018e-01 -7.503119e-01
      outer loop
         vertex 1.317861e+01 1.817559e+00 1.529814e+01
         vertex 1.317861e+01 2.274793e+00 1.509686e+01
         vertex 1.325000e+01 2.291726e+00 1.514389e+01
      endloop
   endfacet
   facet normal 5.726528e-01 -3.303019e-01 -7.503129e-01
      outer loop
         vertex 1.317861e+01 1.817559e+00 1.529814e+01
         vertex 1.325000e+01 2.291726e+00 1.514389e+01
         vertex 1.325000e+01 1.840812e+00 1.534239e+01
      endloop
   endfacet
   facet normal 4.217931e-01 -3.653121e-01 -8.298420e-01
      outer loop
         vertex 1.325000e+01 1.840812e+00 1.534239e+01
         vertex 1.325000e+01 2.291726e+00 1.514389e+01
         vertex 1.332899e+01 2.304203e+00 1.517855e+01
      endloop
   endfacet
   facet normal 4.217925e-01 -3.653121e-01 -8.298422e-01
      outer loop
         vertex 1.325000e+01 1.840812e+00 1.534239e+01
         vertex 1.332899e+01 2.304203e+00 1.517855e+01
         vertex 1.332899e+01 1.857945e+00 1.537500e+01
      endloop
   endfacet
   facet normal 2.582414e-01 -3.892399e-01 -8.841966e-01
      outer loop
         vertex 1.332899e+01 1.857945e+00 1.537500e+01
         vertex 1.332899e+01 2.304203e+00 1.517855e+01
         vertex 1.341318e+01 2.311844e+00 1.519977e+01
      endloop
   endfacet
   facet normal 2.582428e-01 -3.892400e-01 -8.841962e-01
      outer loop
         vertex 1.332899e+01 1.857945e+00 1.537500e+01
         vertex 1.341318e+01 2.311844e+00 1.519977e+01
         vertex 1.341318e+01 1.868438e+00 1.539497e+01
      endloop
   endfacet
   facet normal 7.757261e-02 -4.016925e-01 -9.124832e-01
      outer loop
         vertex 1.341318e+01 1.868438e+00 1.539497e+01
         vertex 1.341318e+01 2.311844e+00 1.519977e+01
         vertex 1.350000e+01 2.302930e+00 1.521108e+01
      endloop
   endfacet
   facet normal 8.695968e-02 -4.029711e-01 -9.110721e-01
      outer loop
         vertex 1.341318e+01 1.868438e+00 1.539497e+01
         vertex 1.350000e+01 2.302930e+00 1.521108e+01
         vertex 1.350000e+01 1.871971e+00 1.540169e+01
      endloop
   endfacet
   facet normal 9.961768e-01 -2.384502e-02 -8.404248e-02
      outer loop
         vertex 1.300000e+01 2.145048e+00 1.473648e+01
         vertex 1.300760e+01 2.694423e+00 1.467064e+01
         vertex 1.300760e+01 2.174459e+00 1.481817e+01
      endloop
   endfacet
   facet normal 9.657709e-01 -7.080278e-02 -2.495465e-01
      outer loop
         vertex 1.300760e+01 2.174459e+00 1.481817e+01
         vertex 1.300760e+01 2.694423e+00 1.467064e+01
         vertex 1.303015e+01 2.711754e+00 1.475302e+01
      endloop
   endfacet
   facet normal 9.657708e-01 -7.080282e-02 -2.495469e-01
      outer loop
         vertex 1.300760e+01 2.174459e+00 1.481817e+01
         vertex 1.303015e+01 2.711754e+00 1.475302e+01
         vertex 1.303015e+01 2.202976e+00 1.489738e+01
      endloop
   endfacet
   facet normal 9.059191e-01 -1.155817e-01 -4.073715e-01
      outer loop
         vertex 1.303015e+01 2.202976e+00 1.489738e+01
         vertex 1.303015e+01 2.711754e+00 1.475302e+01
         vertex 1.306699e+01 2.728015e+00 1.483032e+01
      endloop
   endfacet
   facet normal 9.059196e-01 -1.155816e-01 -4.073704e-01
      outer loop
         vertex 1.303015e+01 2.202976e+00 1.489738e+01
         vertex 1.306699e+01 2.728015e+00 1.483032e+01
         vertex 1.306699e+01 2.229733e+00 1.497170e+01
      endloop
   endfacet
   facet normal 8.185071e-01 -1.568101e-01 -5.526814e-01
      outer loop
         vertex 1.306699e+01 2.229733e+00 1.497170e+01
         vertex 1.306699e+01 2.728015e+00 1.483032e+01
         vertex 1.311698e+01 2.742713e+00 1.490019e+01
      endloop
   endfacet
   facet normal 8.185063e-01 -1.568102e-01 -5.526825e-01
      outer loop
         vertex 1.306699e+01 2.229733e+00 1.497170e+01
         vertex 1.311698e+01 2.742713e+00 1.490019e+01
         vertex 1.311698e+01 2.253917e+00 1.503887e+01
      endloop
   endfacet
   facet normal 7.062605e-01 -1.932369e-01 -6.810695e-01
      outer loop
         vertex 1.311698e+01 2.253917e+00 1.503887e+01
         vertex 1.311698e+01 2.742713e+00 1.490019e+01
         vertex 1.317861e+01 2.755400e+00 1.496049e+01
      endloop
   endfacet
   facet normal 7.062603e-01 -1.932369e-01 -6.810697e-01
      outer loop
         vertex 1.311698e+01 2.253917e+00 1.503887e+01
         vertex 1.317861e+01 2.755400e+00 1.496049e+01
         vertex 1.317861e+01 2.274793e+00 1.509686e+01
      endloop
   endfacet
   facet normal 5.726547e-01 -2.237650e-01 -7.886671e-01
      outer loop
         vertex 1.317861e+01 2.274793e+00 1.509686e+01
         vertex 1.317861e+01 2.755400e+00 1.496049e+01
         vertex 1.325000e+01 2.765691e+00 1.500941e+01
      endloop
   endfacet
   facet normal 5.726540e-01 -2.237650e-01 -7.886676e-01
      outer loop
         vertex 1.317861e+01 2.274793e+00 1.509686e+01
         vertex 1.325000e+01 2.765691e+00 1.500941e+01
         vertex 1.325000e+01 2.291726e+00 1.514389e+01
      endloop
   endfacet
   facet normal 4.217908e-01 -2.474834e-01 -8.722640e-01
      outer loop
         vertex 1.325000e+01 2.291726e+00 1.514389e+01
         vertex 1.325000e+01 2.765691e+00 1.500941e+01
         vertex 1.332899e+01 2.773273e+00 1.504546e+01
      endloop
   endfacet
   facet normal 4.217931e-01 -2.474836e-01 -8.722628e-01
      outer loop
         vertex 1.325000e+01 2.291726e+00 1.514389e+01
         vertex 1.332899e+01 2.773273e+00 1.504546e+01
         vertex 1.332899e+01 2.304203e+00 1.517855e+01
      endloop
   endfacet
   facet normal 2.582427e-01 -2.636937e-01 -9.293957e-01
      outer loop
         vertex 1.332899e+01 2.304203e+00 1.517855e+01
         vertex 1.332899e+01 2.773273e+00 1.504546e+01
         vertex 1.341318e+01 2.777917e+00 1.506753e+01
      endloop
   endfacet
   facet normal 2.582415e-01 -2.636935e-01 -9.293961e-01
      outer loop
         vertex 1.332899e+01 2.304203e+00 1.517855e+01
         vertex 1.341318e+01 2.777917e+00 1.506753e+01
         vertex 1.341318e+01 2.311844e+00 1.519977e+01
      endloop
   endfacet
   facet normal 8.695085e-02 -2.719182e-01 -9.583841e-01
      outer loop
         vertex 1.341318e+01 2.311844e+00 1.519977e+01
         vertex 1.341318e+01 2.777917e+00 1.506753e+01
         vertex 1.350000e+01 2.779481e+00 1.507497e+01
      endloop
   endfacet
   facet normal 8.695072e-02 -2.719182e-01 -9.583841e-01
      outer loop
         vertex 1.341318e+01 2.311844e+00 1.519977e+01
         vertex 1.350000e+01 2.779481e+00 1.507497e+01
         vertex 1.350000e+01 2.314417e+00 1.520692e+01
      endloop
   endfacet
   facet normal 9.961768e-01 -1.203733e-02 -8.652659e-02
      outer loop
         vertex 1.300000e+01 2.676550e+00 1.458568e+01
         vertex 1.300760e+01 3.229756e+00 1.459617e+01
         vertex 1.300760e+01 2.694423e+00 1.467064e+01
      endloop
   endfacet
   facet normal 9.657709e-01 -3.574229e-02 -2.569224e-01
      outer loop
         vertex 1.300760e+01 2.694423e+00 1.467064e+01
         vertex 1.300760e+01 3.229756e+00 1.459617e+01
         vertex 1.303015e+01 3.235570e+00 1.468015e+01
      endloop
   endfacet
   facet normal 9.657709e-01 -3.574230e-02 -2.569221e-01
      outer loop
         vertex 1.300760e+01 2.694423e+00 1.467064e+01
         vertex 1.303015e+01 3.235570e+00 1.468015e+01
         vertex 1.303015e+01 2.711754e+00 1.475302e+01
      endloop
   endfacet
   facet normal 9.059192e-01 -5.834737e-02 -4.194114e-01
      outer loop
         vertex 1.303015e+01 2.711754e+00 1.475302e+01
         vertex 1.303015e+01 3.235570e+00 1.468015e+01
         vertex 1.306699e+01 3.241025e+00 1.475895e+01
      endloop
   endfacet
   facet normal 9.059190e-01 -5.834735e-02 -4.194118e-01
      outer loop
         vertex 1.303015e+01 2.711754e+00 1.475302e+01
         vertex 1.306699e+01 3.241025e+00 1.475895e+01
         vertex 1.306699e+01 2.728015e+00 1.483032e+01
      endloop
   endfacet
   facet normal 8.185065e-01 -7.916005e-02 -5.690174e-01
      outer loop
         vertex 1.306699e+01 2.728015e+00 1.483032e+01
         vertex 1.306699e+01 3.241025e+00 1.475895e+01
         vertex 1.311698e+01 3.245955e+00 1.483018e+01
      endloop
   endfacet
   facet normal 8.185071e-01 -7.916011e-02 -5.690165e-01
      outer loop
         vertex 1.306699e+01 2.728015e+00 1.483032e+01
         vertex 1.311698e+01 3.245955e+00 1.483018e+01
         vertex 1.311698e+01 2.742713e+00 1.490019e+01
      endloop
   endfacet
   facet normal 7.062611e-01 -9.754894e-02 -7.011986e-01
      outer loop
         vertex 1.311698e+01 2.742713e+00 1.490019e+01
         vertex 1.311698e+01 3.245955e+00 1.483018e+01
         vertex 1.317861e+01 3.250212e+00 1.489166e+01
      endloop
   endfacet
   facet normal 7.062605e-01 -9.754887e-02 -7.011992e-01
      outer loop
         vertex 1.311698e+01 2.742713e+00 1.490019e+01
         vertex 1.317861e+01 3.250212e+00 1.489166e+01
         vertex 1.317861e+01 2.755400e+00 1.496049e+01
      endloop
   endfacet
   facet normal 5.726542e-01 -1.129600e-01 -8.119773e-01
      outer loop
         vertex 1.317861e+01 2.755400e+00 1.496049e+01
         vertex 1.317861e+01 3.250212e+00 1.489166e+01
         vertex 1.325000e+01 3.253664e+00 1.494153e+01
      endloop
   endfacet
   facet normal 5.726547e-01 -1.129601e-01 -8.119770e-01
      outer loop
         vertex 1.317861e+01 2.755400e+00 1.496049e+01
         vertex 1.325000e+01 3.253664e+00 1.494153e+01
         vertex 1.325000e+01 2.765691e+00 1.500941e+01
      endloop
   endfacet
   facet normal 4.217912e-01 -1.249335e-01 -8.980444e-01
      outer loop
         vertex 1.325000e+01 2.765691e+00 1.500941e+01
         vertex 1.325000e+01 3.253664e+00 1.494153e+01
         vertex 1.332899e+01 3.256208e+00 1.497827e+01
      endloop
   endfacet
   facet normal 4.217907e-01 -1.249335e-01 -8.980447e-01
      outer loop
         vertex 1.325000e+01 2.765691e+00 1.500941e+01
         vertex 1.332899e+01 3.256208e+00 1.497827e+01
         vertex 1.332899e+01 2.773273e+00 1.504546e+01
      endloop
   endfacet
   facet normal 2.582431e-01 -1.331164e-01 -9.568649e-01
      outer loop
         vertex 1.332899e+01 2.773273e+00 1.504546e+01
         vertex 1.332899e+01 3.256208e+00 1.497827e+01
         vertex 1.341318e+01 3.257765e+00 1.500078e+01
      endloop
   endfacet
   facet normal 2.582428e-01 -1.331163e-01 -9.568650e-01
      outer loop
         vertex 1.332899e+01 2.773273e+00 1.504546e+01
         vertex 1.341318e+01 3.257765e+00 1.500078e+01
         vertex 1.341318e+01 2.777917e+00 1.506753e+01
      endloop
   endfacet
   facet normal 8.694835e-02 -1.372683e-01 -9.867104e-01
      outer loop
         vertex 1.341318e+01 2.777917e+00 1.506753e+01
         vertex 1.341318e+01 3.257765e+00 1.500078e+01
         vertex 1.350000e+01 3.258290e+00 1.500836e+01
      endloop
   endfacet
   facet normal -4.172655e-03 -1.215218e-01 -9.925800e-01
      outer loop
         vertex 1.341318e+01 2.777917e+00 1.506753e+01
         vertex 1.350000e+01 3.258290e+00 1.500836e+01
         vertex 1.350000e+01 2.892232e+00 1.505317e+01
      endloop
   endfacet
   facet normal 8.710322e-02 3.441959e-02 -9.956045e-01
      outer loop
         vertex 1.341318e+01 3.742235e+00 1.500078e+01
         vertex 1.350000e+01 3.741710e+00 1.500836e+01
         vertex 1.350000e+01 3.500000e+00 1.500000e+01
      endloop
   endfacet
   facet normal 9.961768e-01 0.000000e+00 -8.735988e-02
      outer loop
         vertex 1.300000e+01 3.223760e+00 1.450955e+01
         vertex 1.300760e+01 3.770244e+00 1.459617e+01
         vertex 1.300760e+01 3.229756e+00 1.459617e+01
      endloop
   endfacet
   facet normal 9.657709e-01 0.000000e+00 -2.593967e-01
      outer loop
         vertex 1.300760e+01 3.229756e+00 1.459617e+01
         vertex 1.300760e+01 3.770244e+00 1.459617e+01
         vertex 1.303015e+01 3.764430e+00 1.468015e+01
      endloop
   endfacet
   facet normal 9.657709e-01 0.000000e+00 -2.593967e-01
      outer loop
         vertex 1.300760e+01 3.229756e+00 1.459617e+01
         vertex 1.303015e+01 3.764430e+00 1.468015e+01
         vertex 1.303015e+01 3.235570e+00 1.468015e+01
      endloop
   endfacet
   facet normal 9.059192e-01 0.000000e+00 -4.234506e-01
      outer loop
         vertex 1.303015e+01 3.235570e+00 1.468015e+01
         vertex 1.303015e+01 3.764430e+00 1.468015e+01
         vertex 1.306699e+01 3.758975e+00 1.475895e+01
      endloop
   endfacet
   facet normal 9.059192e-01 0.000000e+00 -4.234506e-01
      outer loop
         vertex 1.303015e+01 3.235570e+00 1.468015e+01
         vertex 1.306699e+01 3.758975e+00 1.475895e+01
         vertex 1.306699e+01 3.241025e+00 1.475895e+01
      endloop
   endfacet
   facet normal 8.185065e-01 0.000000e+00 -5.744973e-01
      outer loop
         vertex 1.306699e+01 3.241025e+00 1.475895e+01
         vertex 1.306699e+01 3.758975e+00 1.475895e+01
         vertex 1.311698e+01 3.754045e+00 1.483018e+01
      endloop
   endfacet
   facet normal 8.185065e-01 0.000000e+00 -5.744973e-01
      outer loop
         vertex 1.306699e+01 3.241025e+00 1.475895e+01
         vertex 1.311698e+01 3.754045e+00 1.483018e+01
         vertex 1.311698e+01 3.245955e+00 1.483018e+01
      endloop
   endfacet
   facet normal 7.062611e-01 0.000000e+00 -7.079515e-01
      outer loop
         vertex 1.311698e+01 3.245955e+00 1.483018e+01
         vertex 1.311698e+01 3.754045e+00 1.483018e+01
         vertex 1.317861e+01 3.749789e+00 1.489166e+01
      endloop
   endfacet
   facet normal 7.062611e-01 0.000000e+00 -7.079515e-01
      outer loop
         vertex 1.311698e+01 3.245955e+00 1.483018e+01
         vertex 1.317861e+01 3.749789e+00 1.489166e+01
         vertex 1.317861e+01 3.250212e+00 1.489166e+01
      endloop
   endfacet
   facet normal 5.726543e-01 0.000000e+00 -8.197970e-01
      outer loop
         vertex 1.317861e+01 3.250212e+00 1.489166e+01
         vertex 1.317861e+01 3.749789e+00 1.489166e+01
         vertex 1.325000e+01 3.746336e+00 1.494153e+01
      endloop
   endfacet
   facet normal 5.726543e-01 0.000000e+00 -8.197970e-01
      outer loop
         vertex 1.317861e+01 3.250212e+00 1.489166e+01
         vertex 1.325000e+01 3.746336e+00 1.494153e+01
         vertex 1.325000e+01 3.253664e+00 1.494153e+01
      endloop
   endfacet
   facet normal 4.217912e-01 0.000000e+00 -9.066930e-01
      outer loop
         vertex 1.325000e+01 3.253664e+00 1.494153e+01
         vertex 1.325000e+01 3.746336e+00 1.494153e+01
         vertex 1.332899e+01 3.743793e+00 1.497827e+01
      endloop
   endfacet
   facet normal 4.217912e-01 0.000000e+00 -9.066930e-01
      outer loop
         vertex 1.325000e+01 3.253664e+00 1.494153e+01
         vertex 1.332899e+01 3.743793e+00 1.497827e+01
         vertex 1.332899e+01 3.256208e+00 1.497827e+01
      endloop
   endfacet
   facet normal 2.582432e-01 0.000000e+00 -9.660800e-01
      outer loop
         vertex 1.332899e+01 3.256208e+00 1.497827e+01
         vertex 1.332899e+01 3.743793e+00 1.497827e+01
         vertex 1.341318e+01 3.742235e+00 1.500078e+01
      endloop
   endfacet
   facet normal 2.582432e-01 0.000000e+00 -9.660800e-01
      outer loop
         vertex 1.332899e+01 3.256208e+00 1.497827e+01
         vertex 1.341318e+01 3.742235e+00 1.500078e+01
         vertex 1.341318e+01 3.257765e+00 1.500078e+01
      endloop
   endfacet
   facet normal -8.964317e-03 0.000000e+00 -9.999598e-01
      outer loop
         vertex 1.341318e+01 3.257765e+00 1.500078e+01
         vertex 1.341318e+01 3.742235e+00 1.500078e+01
         vertex 1.350000e+01 3.500000e+00 1.500000e+01
      endloop
   endfacet
   facet normal 8.710322e-02 -3.441959e-02 -9.956045e-01
      outer loop
         vertex 1.341318e+01 3.257765e+00 1.500078e+01
         vertex 1.350000e+01 3.500000e+00 1.500000e+01
         vertex 1.350000e+01 3.258290e+00 1.500836e+01
      endloop
   endfacet
   facet normal 8.714571e-02 1.890601e-01 -9.780909e-01
      outer loop
         vertex 1.341318e+01 4.222083e+00 1.506753e+01
         vertex 1.350000e+01 4.220519e+00 1.507497e+01
         vertex 1.350000e+01 4.107769e+00 1.505317e+01
      endloop
   endfacet
   facet normal 9.961768e-01 1.203733e-02 -8.652659e-02
      outer loop
         vertex 1.300000e+01 3.776240e+00 1.450955e+01
         vertex 1.300760e+01 4.305577e+00 1.467064e+01
         vertex 1.300760e+01 3.770244e+00 1.459617e+01
      endloop
   endfacet
   facet normal 9.657709e-01 3.574226e-02 -2.569221e-01
      outer loop
         vertex 1.300760e+01 3.770244e+00 1.459617e+01
         vertex 1.300760e+01 4.305577e+00 1.467064e+01
         vertex 1.303015e+01 4.288246e+00 1.475302e+01
      endloop
   endfacet
   facet normal 9.657709e-01 3.574234e-02 -2.569224e-01
      outer loop
         vertex 1.300760e+01 3.770244e+00 1.459617e+01
         vertex 1.303015e+01 4.288246e+00 1.475302e+01
         vertex 1.303015e+01 3.764430e+00 1.468015e+01
      endloop
   endfacet
   facet normal 9.059190e-01 5.834742e-02 -4.194118e-01
      outer loop
         vertex 1.303015e+01 3.764430e+00 1.468015e+01
         vertex 1.303015e+01 4.288246e+00 1.475302e+01
         vertex 1.306699e+01 4.271985e+00 1.483032e+01
      endloop
   endfacet
   facet normal 9.059192e-01 5.834730e-02 -4.194115e-01
      outer loop
         vertex 1.303015e+01 3.764430e+00 1.468015e+01
         vertex 1.306699e+01 4.271985e+00 1.483032e+01
         vertex 1.306699e+01 3.758975e+00 1.475895e+01
      endloop
   endfacet
   facet normal 8.185071e-01 7.915992e-02 -5.690166e-01
      outer loop
         vertex 1.306699e+01 3.758975e+00 1.475895e+01
         vertex 1.306699e+01 4.271985e+00 1.483032e+01
         vertex 1.311698e+01 4.257288e+00 1.490019e+01
      endloop
   endfacet
   facet normal 8.185065e-01 7.916023e-02 -5.690174e-01
      outer loop
         vertex 1.306699e+01 3.758975e+00 1.475895e+01
         vertex 1.311698e+01 4.257288e+00 1.490019e+01
         vertex 1.311698e+01 3.754045e+00 1.483018e+01
      endloop
   endfacet
   facet normal 7.062605e-01 9.754902e-02 -7.011992e-01
      outer loop
         vertex 1.311698e+01 3.754045e+00 1.483018e+01
         vertex 1.311698e+01 4.257288e+00 1.490019e+01
         vertex 1.317861e+01 4.244601e+00 1.496049e+01
      endloop
   endfacet
   facet normal 7.062611e-01 9.754878e-02 -7.011986e-01
      outer loop
         vertex 1.311698e+01 3.754045e+00 1.483018e+01
         vertex 1.317861e+01 4.244601e+00 1.496049e+01
         vertex 1.317861e+01 3.749789e+00 1.489166e+01
      endloop
   endfacet
   facet normal 5.726547e-01 1.129600e-01 -8.119770e-01
      outer loop
         vertex 1.317861e+01 3.749789e+00 1.489166e+01
         vertex 1.317861e+01 4.244601e+00 1.496049e+01
         vertex 1.325000e+01 4.234309e+00 1.500941e+01
      endloop
   endfacet
   facet normal 5.726542e-01 1.129601e-01 -8.119773e-01
      outer loop
         vertex 1.317861e+01 3.749789e+00 1.489166e+01
         vertex 1.325000e+01 4.234309e+00 1.500941e+01
         vertex 1.325000e+01 3.746336e+00 1.494153e+01
      endloop
   endfacet
   facet normal 4.217907e-01 1.249336e-01 -8.980446e-01
      outer loop
         vertex 1.325000e+01 3.746336e+00 1.494153e+01
         vertex 1.325000e+01 4.234309e+00 1.500941e+01
         vertex 1.332899e+01 4.226727e+00 1.504546e+01
      endloop
   endfacet
   facet normal 4.217912e-01 1.249334e-01 -8.980444e-01
      outer loop
         vertex 1.325000e+01 3.746336e+00 1.494153e+01
         vertex 1.332899e+01 4.226727e+00 1.504546e+01
         vertex 1.332899e+01 3.743793e+00 1.497827e+01
      endloop
   endfacet
   facet normal 2.582428e-01 1.331164e-01 -9.568650e-01
      outer loop
         vertex 1.332899e+01 3.743793e+00 1.497827e+01
         vertex 1.332899e+01 4.226727e+00 1.504546e+01
         vertex 1.341318e+01 4.222083e+00 1.506753e+01
      endloop
   endfacet
   facet normal 2.582431e-01 1.331163e-01 -9.568649e-01
      outer loop
         vertex 1.332899e+01 3.743793e+00 1.497827e+01
         vertex 1.341318e+01 4.222083e+00 1.506753e+01
         vertex 1.341318e+01 3.742235e+00 1.500078e+01
      endloop
   endfacet
   facet normal 1.759413e-02 1.377688e-01 -9.903081e-01
      outer loop
         vertex 1.341318e+01 3.742235e+00 1.500078e+01
         vertex 1.341318e+01 4.222083e+00 1.506753e+01
         vertex 1.350000e+01 4.107769e+00 1.505317e+01
      endloop
   endfacet
   facet normal 8.703474e-02 1.210617e-01 -9.888220e-01
      outer loop
         vertex 1.341318e+01 3.742235e+00 1.500078e+01
         vertex 1.350000e+01 4.107769e+00 1.505317e+01
         vertex 1.350000e+01 3.741710e+00 1.500836e+01
      endloop
   endfacet
   facet normal 9.961768e-01 2.384506e-02 -8.404262e-02
      outer loop
         vertex 1.300000e+01 4.323451e+00 1.458568e+01
         vertex 1.300760e+01 4.825541e+00 1.481817e+01
         vertex 1.300760e+01 4.305577e+00 1.467064e+01
      endloop
   endfacet
   facet normal 9.657708e-01 7.080288e-02 -2.495469e-01
      outer loop
         vertex 1.300760e+01 4.305577e+00 1.467064e+01
         vertex 1.300760e+01 4.825541e+00 1.481817e+01
         vertex 1.303015e+01 4.797024e+00 1.489738e+01
      endloop
   endfacet
   facet normal 9.657709e-01 7.080273e-02 -2.495465e-01
      outer loop
         vertex 1.300760e+01 4.305577e+00 1.467064e+01
         vertex 1.303015e+01 4.797024e+00 1.489738e+01
         vertex 1.303015e+01 4.288246e+00 1.475302e+01
      endloop
   endfacet
   facet normal 9.059196e-01 1.155814e-01 -4.073704e-01
      outer loop
         vertex 1.303015e+01 4.288246e+00 1.475302e+01
         vertex 1.303015e+01 4.797024e+00 1.489738e+01
         vertex 1.306699e+01 4.770267e+00 1.497170e+01
      endloop
   endfacet
   facet normal 9.059190e-01 1.155819e-01 -4.073715e-01
      outer loop
         vertex 1.303015e+01 4.288246e+00 1.475302e+01
         vertex 1.306699e+01 4.770267e+00 1.497170e+01
         vertex 1.306699e+01 4.271985e+00 1.483032e+01
      endloop
   endfacet
   facet normal 8.185063e-01 1.568104e-01 -5.526824e-01
      outer loop
         vertex 1.306699e+01 4.271985e+00 1.483032e+01
         vertex 1.306699e+01 4.770267e+00 1.497170e+01
         vertex 1.311698e+01 4.746084e+00 1.503887e+01
      endloop
   endfacet
   facet normal 8.185071e-01 1.568099e-01 -5.526815e-01
      outer loop
         vertex 1.306699e+01 4.271985e+00 1.483032e+01
         vertex 1.311698e+01 4.746084e+00 1.503887e+01
         vertex 1.311698e+01 4.257288e+00 1.490019e+01
      endloop
   endfacet
   facet normal 7.062603e-01 1.932369e-01 -6.810697e-01
      outer loop
         vertex 1.311698e+01 4.257288e+00 1.490019e+01
         vertex 1.311698e+01 4.746084e+00 1.503887e+01
         vertex 1.317861e+01 4.725208e+00 1.509686e+01
      endloop
   endfacet
   facet normal 7.062605e-01 1.932368e-01 -6.810695e-01
      outer loop
         vertex 1.311698e+01 4.257288e+00 1.490019e+01
         vertex 1.317861e+01 4.725208e+00 1.509686e+01
         vertex 1.317861e+01 4.244601e+00 1.496049e+01
      endloop
   endfacet
   facet normal 5.726540e-01 2.237652e-01 -7.886676e-01
      outer loop
         vertex 1.317861e+01 4.244601e+00 1.496049e+01
         vertex 1.317861e+01 4.725208e+00 1.509686e+01
         vertex 1.325000e+01 4.708274e+00 1.514389e+01
      endloop
   endfacet
   facet normal 5.726547e-01 2.237649e-01 -7.886672e-01
      outer loop
         vertex 1.317861e+01 4.244601e+00 1.496049e+01
         vertex 1.325000e+01 4.708274e+00 1.514389e+01
         vertex 1.325000e+01 4.234309e+00 1.500941e+01
      endloop
   endfacet
   facet normal 4.217931e-01 2.474831e-01 -8.722629e-01
      outer loop
         vertex 1.325000e+01 4.234309e+00 1.500941e+01
         vertex 1.325000e+01 4.708274e+00 1.514389e+01
         vertex 1.332899e+01 4.695797e+00 1.517855e+01
      endloop
   endfacet
   facet normal 4.217907e-01 2.474839e-01 -8.722639e-01
      outer loop
         vertex 1.325000e+01 4.234309e+00 1.500941e+01
         vertex 1.332899e+01 4.695797e+00 1.517855e+01
         vertex 1.332899e+01 4.226727e+00 1.504546e+01
      endloop
   endfacet
   facet normal 2.582415e-01 2.636938e-01 -9.293960e-01
      outer loop
         vertex 1.332899e+01 4.226727e+00 1.504546e+01
         vertex 1.332899e+01 4.695797e+00 1.517855e+01
         vertex 1.341318e+01 4.688156e+00 1.519977e+01
      endloop
   endfacet
   facet normal 2.582428e-01 2.636934e-01 -9.293957e-01
      outer loop
         vertex 1.332899e+01 4.226727e+00 1.504546e+01
         vertex 1.341318e+01 4.688156e+00 1.519977e+01
         vertex 1.341318e+01 4.222083e+00 1.506753e+01
      endloop
   endfacet
   facet normal 8.695072e-02 2.719182e-01 -9.583841e-01
      outer loop
         vertex 1.341318e+01 4.222083e+00 1.506753e+01
         vertex 1.341318e+01 4.688156e+00 1.519977e+01
         vertex 1.350000e+01 4.685583e+00 1.520692e+01
      endloop
   endfacet
   facet normal 8.695085e-02 2.719182e-01 -9.583841e-01
      outer loop
         vertex 1.341318e+01 4.222083e+00 1.506753e+01
         vertex 1.350000e+01 4.685583e+00 1.520692e+01
         vertex 1.350000e+01 4.220519e+00 1.507497e+01
      endloop
   endfacet
   facet normal 9.961768e-01 3.519779e-02 -7.995524e-02
      outer loop
         vertex 1.300000e+01 4.854952e+00 1.473648e+01
         vertex 1.300760e+01 5.320218e+00 1.503593e+01
         vertex 1.300760e+01 4.825541e+00 1.481817e+01
      endloop
   endfacet
   facet normal 9.657709e-01 1.045125e-01 -2.374103e-01
      outer loop
         vertex 1.300760e+01 4.825541e+00 1.481817e+01
         vertex 1.300760e+01 5.320218e+00 1.503593e+01
         vertex 1.303015e+01 5.281059e+00 1.511046e+01
      endloop
   endfacet
   facet normal 9.657708e-01 1.045126e-01 -2.374106e-01
      outer loop
         vertex 1.300760e+01 4.825541e+00 1.481817e+01
         vertex 1.303015e+01 5.281059e+00 1.511046e+01
         vertex 1.303015e+01 4.797024e+00 1.489738e+01
      endloop
   endfacet
   facet normal 9.059194e-01 1.706108e-01 -3.875590e-01
      outer loop
         vertex 1.303015e+01 4.797024e+00 1.489738e+01
         vertex 1.303015e+01 5.281059e+00 1.511046e+01
         vertex 1.306699e+01 5.244317e+00 1.518038e+01
      endloop
   endfacet
   facet normal 9.059196e-01 1.706106e-01 -3.875587e-01
      outer loop
         vertex 1.303015e+01 4.797024e+00 1.489738e+01
         vertex 1.306699e+01 5.244317e+00 1.518038e+01
         vertex 1.306699e+01 4.770267e+00 1.497170e+01
      endloop
   endfacet
   facet normal 8.185063e-01 2.314687e-01 -5.258038e-01
      outer loop
         vertex 1.306699e+01 4.770267e+00 1.497170e+01
         vertex 1.306699e+01 5.244317e+00 1.518038e+01
         vertex 1.311698e+01 5.211108e+00 1.524358e+01
      endloop
   endfacet
   facet normal 8.185063e-01 2.314687e-01 -5.258038e-01
      outer loop
         vertex 1.306699e+01 4.770267e+00 1.497170e+01
         vertex 1.311698e+01 5.211108e+00 1.524358e+01
         vertex 1.311698e+01 4.746084e+00 1.503887e+01
      endloop
   endfacet
   facet normal 7.062617e-01 2.852379e-01 -6.479458e-01
      outer loop
         vertex 1.311698e+01 4.746084e+00 1.503887e+01
         vertex 1.311698e+01 5.211108e+00 1.524358e+01
         vertex 1.317861e+01 5.182441e+00 1.529814e+01
      endloop
   endfacet
   facet normal 7.062603e-01 2.852388e-01 -6.479470e-01
      outer loop
         vertex 1.311698e+01 4.746084e+00 1.503887e+01
         vertex 1.317861e+01 5.182441e+00 1.529814e+01
         vertex 1.317861e+01 4.725208e+00 1.509686e+01
      endloop
   endfacet
   facet normal 5.726528e-01 3.303022e-01 -7.503128e-01
      outer loop
         vertex 1.317861e+01 4.725208e+00 1.509686e+01
         vertex 1.317861e+01 5.182441e+00 1.529814e+01
         vertex 1.325000e+01 5.159188e+00 1.534239e+01
      endloop
   endfacet
   facet normal 5.726541e-01 3.303015e-01 -7.503120e-01
      outer loop
         vertex 1.317861e+01 4.725208e+00 1.509686e+01
         vertex 1.325000e+01 5.159188e+00 1.534239e+01
         vertex 1.325000e+01 4.708274e+00 1.514389e+01
      endloop
   endfacet
   facet normal 4.217925e-01 3.653122e-01 -8.298422e-01
      outer loop
         vertex 1.325000e+01 4.708274e+00 1.514389e+01
         vertex 1.325000e+01 5.159188e+00 1.534239e+01
         vertex 1.332899e+01 5.142055e+00 1.537500e+01
      endloop
   endfacet
   facet normal 4.217931e-01 3.653120e-01 -8.298420e-01
      outer loop
         vertex 1.325000e+01 4.708274e+00 1.514389e+01
         vertex 1.332899e+01 5.142055e+00 1.537500e+01
         vertex 1.332899e+01 4.695797e+00 1.517855e+01
      endloop
   endfacet
   facet normal 2.582427e-01 3.892398e-01 -8.841963e-01
      outer loop
         vertex 1.332899e+01 4.695797e+00 1.517855e+01
         vertex 1.332899e+01 5.142055e+00 1.537500e+01
         vertex 1.341318e+01 5.131562e+00 1.539497e+01
      endloop
   endfacet
   facet normal 2.582414e-01 3.892402e-01 -8.841965e-01
      outer loop
         vertex 1.332899e+01 4.695797e+00 1.517855e+01
         vertex 1.341318e+01 5.131562e+00 1.539497e+01
         vertex 1.341318e+01 4.688156e+00 1.519977e+01
      endloop
   endfacet
   facet normal 8.694939e-02 4.013807e-01 -9.117748e-01
      outer loop
         vertex 1.341318e+01 4.688156e+00 1.519977e+01
         vertex 1.341318e+01 5.131562e+00 1.539497e+01
         vertex 1.350000e+01 5.128029e+00 1.540169e+01
      endloop
   endfacet
   facet normal 7.731920e-02 4.032925e-01 -9.117987e-01
      outer loop
         vertex 1.341318e+01 4.688156e+00 1.519977e+01
         vertex 1.350000e+01 5.128029e+00 1.540169e+01
         vertex 1.350000e+01 4.697071e+00 1.521108e+01
      endloop
   endfacet
   facet normal 9.961768e-01 4.587928e-02 -7.434284e-02
      outer loop
         vertex 1.300000e+01 5.360604e+00 1.495908e+01
         vertex 1.300760e+01 5.780170e+00 1.531979e+01
         vertex 1.300760e+01 5.320218e+00 1.503593e+01
      endloop
   endfacet
   facet normal 9.657707e-01 1.362289e-01 -2.207455e-01
      outer loop
         vertex 1.300760e+01 5.320218e+00 1.503593e+01
         vertex 1.300760e+01 5.780170e+00 1.531979e+01
         vertex 1.303015e+01 5.731116e+00 1.538820e+01
      endloop
   endfacet
   facet normal 9.657709e-01 1.362284e-01 -2.207450e-01
      outer loop
         vertex 1.300760e+01 5.320218e+00 1.503593e+01
         vertex 1.303015e+01 5.731116e+00 1.538820e+01
         vertex 1.303015e+01 5.281059e+00 1.511046e+01
      endloop
   endfacet
   facet normal 9.059193e-01 2.223854e-01 -3.603539e-01
      outer loop
         vertex 1.303015e+01 5.281059e+00 1.511046e+01
         vertex 1.303015e+01 5.731116e+00 1.538820e+01
         vertex 1.306699e+01 5.685089e+00 1.545240e+01
      endloop
   endfacet
   facet normal 9.059194e-01 2.223852e-01 -3.603537e-01
      outer loop
         vertex 1.303015e+01 5.281059e+00 1.511046e+01
         vertex 1.306699e+01 5.685089e+00 1.545240e+01
         vertex 1.306699e+01 5.244317e+00 1.518038e+01
      endloop
   endfacet
   facet normal 8.185068e-01 3.017111e-01 -4.888937e-01
      outer loop
         vertex 1.306699e+01 5.244317e+00 1.518038e+01
         vertex 1.306699e+01 5.685089e+00 1.545240e+01
         vertex 1.311698e+01 5.643489e+00 1.551042e+01
      endloop
   endfacet
   facet normal 8.185063e-01 3.017116e-01 -4.888942e-01
      outer loop
         vertex 1.306699e+01 5.244317e+00 1.518038e+01
         vertex 1.311698e+01 5.643489e+00 1.551042e+01
         vertex 1.311698e+01 5.211108e+00 1.524358e+01
      endloop
   endfacet
   facet normal 7.062612e-01 3.717981e-01 -6.024627e-01
      outer loop
         vertex 1.311698e+01 5.211108e+00 1.524358e+01
         vertex 1.311698e+01 5.643489e+00 1.551042e+01
         vertex 1.317861e+01 5.607579e+00 1.556050e+01
      endloop
   endfacet
   facet normal 7.062617e-01 3.717977e-01 -6.024623e-01
      outer loop
         vertex 1.311698e+01 5.211108e+00 1.524358e+01
         vertex 1.317861e+01 5.607579e+00 1.556050e+01
         vertex 1.317861e+01 5.182441e+00 1.529814e+01
      endloop
   endfacet
   facet normal 5.726532e-01 4.305369e-01 -6.976434e-01
      outer loop
         vertex 1.317861e+01 5.182441e+00 1.529814e+01
         vertex 1.317861e+01 5.607579e+00 1.556050e+01
         vertex 1.325000e+01 5.578450e+00 1.560113e+01
      endloop
   endfacet
   facet normal 5.726529e-01 4.305370e-01 -6.976435e-01
      outer loop
         vertex 1.317861e+01 5.182441e+00 1.529814e+01
         vertex 1.325000e+01 5.578450e+00 1.560113e+01
         vertex 1.325000e+01 5.159188e+00 1.534239e+01
      endloop
   endfacet
   facet normal 4.217929e-01 4.761717e-01 -7.715901e-01
      outer loop
         vertex 1.325000e+01 5.159188e+00 1.534239e+01
         vertex 1.325000e+01 5.578450e+00 1.560113e+01
         vertex 1.332899e+01 5.556987e+00 1.563107e+01
      endloop
   endfacet
   facet normal 4.217925e-01 4.761719e-01 -7.715902e-01
      outer loop
         vertex 1.325000e+01 5.159188e+00 1.534239e+01
         vertex 1.332899e+01 5.556987e+00 1.563107e+01
         vertex 1.332899e+01 5.142055e+00 1.537500e+01
      endloop
   endfacet
   facet normal 2.582431e-01 5.073607e-01 -8.221287e-01
      outer loop
         vertex 1.332899e+01 5.142055e+00 1.537500e+01
         vertex 1.332899e+01 5.556987e+00 1.563107e+01
         vertex 1.341318e+01 5.543843e+00 1.564940e+01
      endloop
   endfacet
   facet normal 2.582426e-01 5.073609e-01 -8.221288e-01
      outer loop
         vertex 1.332899e+01 5.142055e+00 1.537500e+01
         vertex 1.341318e+01 5.543843e+00 1.564940e+01
         vertex 1.341318e+01 5.131562e+00 1.539497e+01
      endloop
   endfacet
   facet normal 8.694793e-02 5.231858e-01 -8.477716e-01
      outer loop
         vertex 1.341318e+01 5.131562e+00 1.539497e+01
         vertex 1.341318e+01 5.543843e+00 1.564940e+01
         vertex 1.350000e+01 5.539417e+00 1.565557e+01
      endloop
   endfacet
   facet normal -2.362649e-02 5.418505e-01 -8.401428e-01
      outer loop
         vertex 1.341318e+01 5.131562e+00 1.539497e+01
         vertex 1.350000e+01 5.539417e+00 1.565557e+01
         vertex 1.350000e+01 5.250000e+00 1.546891e+01
      endloop
   endfacet
   facet normal 8.711496e-02 6.637393e-01 -7.428736e-01
      outer loop
         vertex 1.341318e+01 5.917133e+00 1.595821e+01
         vertex 1.350000e+01 5.911898e+00 1.596371e+01
         vertex 1.350000e+01 5.749757e+00 1.581884e+01
      endloop
   endfacet
   facet normal 9.961768e-01 5.568524e-02 -6.731192e-02
      outer loop
         vertex 1.300000e+01 5.830762e+00 1.524922e+01
         vertex 1.300760e+01 6.196624e+00 1.566431e+01
         vertex 1.300760e+01 5.780170e+00 1.531979e+01
      endloop
   endfacet
   facet normal 9.657708e-01 1.653458e-01 -1.998688e-01
      outer loop
         vertex 1.300760e+01 5.780170e+00 1.531979e+01
         vertex 1.300760e+01 6.196624e+00 1.566431e+01
         vertex 1.303015e+01 6.138610e+00 1.572531e+01
      endloop
   endfacet
   facet normal 9.657707e-01 1.653460e-01 -1.998689e-01
      outer loop
         vertex 1.300760e+01 5.780170e+00 1.531979e+01
         vertex 1.303015e+01 6.138610e+00 1.572531e+01
         vertex 1.303015e+01 5.731116e+00 1.538820e+01
      endloop
   endfacet
   facet normal 9.059192e-01 2.699176e-01 -3.262743e-01
      outer loop
         vertex 1.303015e+01 5.731116e+00 1.538820e+01
         vertex 1.303015e+01 6.138610e+00 1.572531e+01
         vertex 1.306699e+01 6.084177e+00 1.578255e+01
      endloop
   endfacet
   facet normal 9.059193e-01 2.699174e-01 -3.262742e-01
      outer loop
         vertex 1.303015e+01 5.731116e+00 1.538820e+01
         vertex 1.306699e+01 6.084177e+00 1.578255e+01
         vertex 1.306699e+01 5.685089e+00 1.545240e+01
      endloop
   endfacet
   facet normal 8.185070e-01 3.661978e-01 -4.426572e-01
      outer loop
         vertex 1.306699e+01 5.685089e+00 1.545240e+01
         vertex 1.306699e+01 6.084177e+00 1.578255e+01
         vertex 1.311698e+01 6.034978e+00 1.583429e+01
      endloop
   endfacet
   facet normal 8.185068e-01 3.661981e-01 -4.426575e-01
      outer loop
         vertex 1.306699e+01 5.685089e+00 1.545240e+01
         vertex 1.311698e+01 6.034978e+00 1.583429e+01
         vertex 1.311698e+01 5.643489e+00 1.551042e+01
      endloop
   endfacet
   facet normal 7.062614e-01 4.512651e-01 -5.454858e-01
      outer loop
         vertex 1.311698e+01 5.643489e+00 1.551042e+01
         vertex 1.311698e+01 6.034978e+00 1.583429e+01
         vertex 1.317861e+01 5.992509e+00 1.587895e+01
      endloop
   endfacet
   facet normal 7.062611e-01 4.512653e-01 -5.454859e-01
      outer loop
         vertex 1.311698e+01 5.643489e+00 1.551042e+01
         vertex 1.317861e+01 5.992509e+00 1.587895e+01
         vertex 1.317861e+01 5.607579e+00 1.556050e+01
      endloop
   endfacet
   facet normal 5.726535e-01 5.225586e-01 -6.316648e-01
      outer loop
         vertex 1.317861e+01 5.607579e+00 1.556050e+01
         vertex 1.317861e+01 5.992509e+00 1.587895e+01
         vertex 1.325000e+01 5.958060e+00 1.591517e+01
      endloop
   endfacet
   facet normal 5.726533e-01 5.225588e-01 -6.316649e-01
      outer loop
         vertex 1.317861e+01 5.607579e+00 1.556050e+01
         vertex 1.325000e+01 5.958060e+00 1.591517e+01
         vertex 1.325000e+01 5.578450e+00 1.560113e+01
      endloop
   endfacet
   facet normal 4.217927e-01 5.779475e-01 -6.986183e-01
      outer loop
         vertex 1.325000e+01 5.578450e+00 1.560113e+01
         vertex 1.325000e+01 5.958060e+00 1.591517e+01
         vertex 1.332899e+01 5.932678e+00 1.594186e+01
      endloop
   endfacet
   facet normal 4.217928e-01 5.779475e-01 -6.986183e-01
      outer loop
         vertex 1.325000e+01 5.578450e+00 1.560113e+01
         vertex 1.332899e+01 5.932678e+00 1.594186e+01
         vertex 1.332899e+01 5.556987e+00 1.563107e+01
      endloop
   endfacet
   facet normal 2.582417e-01 6.158029e-01 -7.443776e-01
      outer loop
         vertex 1.332899e+01 5.556987e+00 1.563107e+01
         vertex 1.332899e+01 5.932678e+00 1.594186e+01
         vertex 1.341318e+01 5.917133e+00 1.595821e+01
      endloop
   endfacet
   facet normal 2.582432e-01 6.158024e-01 -7.443775e-01
      outer loop
         vertex 1.332899e+01 5.556987e+00 1.563107e+01
         vertex 1.341318e+01 5.917133e+00 1.595821e+01
         vertex 1.341318e+01 5.543843e+00 1.564940e+01
      endloop
   endfacet
   facet normal -7.980063e-03 6.374036e-01 -7.704888e-01
      outer loop
         vertex 1.341318e+01 5.543843e+00 1.564940e+01
         vertex 1.341318e+01 5.917133e+00 1.595821e+01
         vertex 1.350000e+01 5.749757e+00 1.581884e+01
      endloop
   endfacet
   facet normal 8.709179e-02 6.108532e-01 -7.869392e-01
      outer loop
         vertex 1.341318e+01 5.543843e+00 1.564940e+01
         vertex 1.350000e+01 5.749757e+00 1.581884e+01
         vertex 1.350000e+01 5.539417e+00 1.565557e+01
      endloop
   endfacet
   facet normal 8.714988e-02 7.713359e-01 -6.304330e-01
      outer loop
         vertex 1.341318e+01 6.244311e+00 1.631551e+01
         vertex 1.350000e+01 6.238368e+00 1.632024e+01
         vertex 1.350000e+01 6.181156e+00 1.625024e+01
      endloop
   endfacet
   facet normal 9.961768e-01 6.442901e-02 -5.899695e-02
      outer loop
         vertex 1.300000e+01 6.256455e+00 1.560139e+01
         vertex 1.300760e+01 6.561633e+00 1.606292e+01
         vertex 1.300760e+01 6.196624e+00 1.566431e+01
      endloop
   endfacet
   facet normal 9.657708e-01 1.913085e-01 -1.751791e-01
      outer loop
         vertex 1.300760e+01 6.196624e+00 1.566431e+01
         vertex 1.300760e+01 6.561633e+00 1.606292e+01
         vertex 1.303015e+01 6.495767e+00 1.611535e+01
      endloop
   endfacet
   facet normal 9.657708e-01 1.913086e-01 -1.751792e-01
      outer loop
         vertex 1.300760e+01 6.196624e+00 1.566431e+01
         vertex 1.303015e+01 6.495767e+00 1.611535e+01
         vertex 1.303015e+01 6.138610e+00 1.572531e+01
      endloop
   endfacet
   facet normal 9.059194e-01 3.123001e-01 -2.859698e-01
      outer loop
         vertex 1.303015e+01 6.138610e+00 1.572531e+01
         vertex 1.303015e+01 6.495767e+00 1.611535e+01
         vertex 1.306699e+01 6.433966e+00 1.616455e+01
      endloop
   endfacet
   facet normal 9.059192e-01 3.123005e-01 -2.859700e-01
      outer loop
         vertex 1.303015e+01 6.138610e+00 1.572531e+01
         vertex 1.306699e+01 6.433966e+00 1.616455e+01
         vertex 1.306699e+01 6.084177e+00 1.578255e+01
      endloop
   endfacet
   facet normal 8.185067e-01 4.236992e-01 -3.879765e-01
      outer loop
         vertex 1.306699e+01 6.084177e+00 1.578255e+01
         vertex 1.306699e+01 6.433966e+00 1.616455e+01
         vertex 1.311698e+01 6.378108e+00 1.620901e+01
      endloop
   endfacet
   facet normal 8.185070e-01 4.236988e-01 -3.879763e-01
      outer loop
         vertex 1.306699e+01 6.084177e+00 1.578255e+01
         vertex 1.311698e+01 6.378108e+00 1.620901e+01
         vertex 1.311698e+01 6.034978e+00 1.583429e+01
      endloop
   endfacet
   facet normal 7.062606e-01 5.221239e-01 -4.781031e-01
      outer loop
         vertex 1.311698e+01 6.034978e+00 1.583429e+01
         vertex 1.311698e+01 6.378108e+00 1.620901e+01
         vertex 1.317861e+01 6.329890e+00 1.624739e+01
      endloop
   endfacet
   facet normal 7.062614e-01 5.221233e-01 -4.781027e-01
      outer loop
         vertex 1.311698e+01 6.034978e+00 1.583429e+01
         vertex 1.317861e+01 6.329890e+00 1.624739e+01
         vertex 1.317861e+01 5.992509e+00 1.587895e+01
      endloop
   endfacet
   facet normal 5.726536e-01 6.046113e-01 -5.536362e-01
      outer loop
         vertex 1.317861e+01 5.992509e+00 1.587895e+01
         vertex 1.317861e+01 6.329890e+00 1.624739e+01
         vertex 1.325000e+01 6.290778e+00 1.627852e+01
      endloop
   endfacet
   facet normal 5.726536e-01 6.046113e-01 -5.536362e-01
      outer loop
         vertex 1.317861e+01 5.992509e+00 1.587895e+01
         vertex 1.325000e+01 6.290778e+00 1.627852e+01
         vertex 1.325000e+01 5.958060e+00 1.591517e+01
      endloop
   endfacet
   facet normal 4.217922e-01 6.686976e-01 -6.123193e-01
      outer loop
         vertex 1.325000e+01 5.958060e+00 1.591517e+01
         vertex 1.325000e+01 6.290778e+00 1.627852e+01
         vertex 1.332899e+01 6.261960e+00 1.630146e+01
      endloop
   endfacet
   facet normal 4.217926e-01 6.686974e-01 -6.123192e-01
      outer loop
         vertex 1.325000e+01 5.958060e+00 1.591517e+01
         vertex 1.332899e+01 6.261960e+00 1.630146e+01
         vertex 1.332899e+01 5.932678e+00 1.594186e+01
      endloop
   endfacet
   facet normal 2.582418e-01 7.124968e-01 -6.524259e-01
      outer loop
         vertex 1.332899e+01 5.932678e+00 1.594186e+01
         vertex 1.332899e+01 6.261960e+00 1.630146e+01
         vertex 1.341318e+01 6.244311e+00 1.631551e+01
      endloop
   endfacet
   facet normal 2.582417e-01 7.124968e-01 -6.524259e-01
      outer loop
         vertex 1.332899e+01 5.932678e+00 1.594186e+01
         vertex 1.341318e+01 6.244311e+00 1.631551e+01
         vertex 1.341318e+01 5.917133e+00 1.595821e+01
      endloop
   endfacet
   facet normal 2.878272e-02 7.372074e-01 -6.750531e-01
      outer loop
         vertex 1.341318e+01 5.917133e+00 1.595821e+01
         vertex 1.341318e+01 6.244311e+00 1.631551e+01
         vertex 1.350000e+01 6.181156e+00 1.625024e+01
      endloop
   endfacet
   facet normal 8.702022e-02 7.259652e-01 -6.822038e-01
      outer loop
         vertex 1.341318e+01 5.917133e+00 1.595821e+01
         vertex 1.350000e+01 6.181156e+00 1.625024e+01
         vertex 1.350000e+01 5.911898e+00 1.596371e+01
      endloop
   endfacet
   facet normal 9.961768e-01 7.194357e-02 -4.955645e-02
      outer loop
         vertex 1.300000e+01 6.629563e+00 1.600885e+01
         vertex 1.300760e+01 6.868235e+00 1.650803e+01
         vertex 1.300760e+01 6.561633e+00 1.606292e+01
      endloop
   endfacet
   facet normal 9.657709e-01 2.136216e-01 -1.471477e-01
      outer loop
         vertex 1.300760e+01 6.561633e+00 1.606292e+01
         vertex 1.300760e+01 6.868235e+00 1.650803e+01
         vertex 1.303015e+01 6.795773e+00 1.655089e+01
      endloop
   endfacet
   facet normal 9.657709e-01 2.136217e-01 -1.471477e-01
      outer loop
         vertex 1.300760e+01 6.561633e+00 1.606292e+01
         vertex 1.303015e+01 6.795773e+00 1.655089e+01
         vertex 1.303015e+01 6.495767e+00 1.611535e+01
      endloop
   endfacet
   facet normal 9.059191e-01 3.487256e-01 -2.402105e-01
      outer loop
         vertex 1.303015e+01 6.495767e+00 1.611535e+01
         vertex 1.303015e+01 6.795773e+00 1.655089e+01
         vertex 1.306699e+01 6.727783e+00 1.659109e+01
      endloop
   endfacet
   facet normal 9.059194e-01 3.487250e-01 -2.402103e-01
      outer loop
         vertex 1.303015e+01 6.495767e+00 1.611535e+01
         vertex 1.306699e+01 6.727783e+00 1.659109e+01
         vertex 1.306699e+01 6.433966e+00 1.616455e+01
      endloop
   endfacet
   facet normal 8.185066e-01 4.731170e-01 -3.258945e-01
      outer loop
         vertex 1.306699e+01 6.433966e+00 1.616455e+01
         vertex 1.306699e+01 6.727783e+00 1.659109e+01
         vertex 1.311698e+01 6.666331e+00 1.662744e+01
      endloop
   endfacet
   facet normal 8.185067e-01 4.731169e-01 -3.258944e-01
      outer loop
         vertex 1.306699e+01 6.433966e+00 1.616455e+01
         vertex 1.311698e+01 6.666331e+00 1.662744e+01
         vertex 1.311698e+01 6.378108e+00 1.620901e+01
      endloop
   endfacet
   facet normal 7.062619e-01 5.830203e-01 -4.015986e-01
      outer loop
         vertex 1.311698e+01 6.378108e+00 1.620901e+01
         vertex 1.311698e+01 6.666331e+00 1.662744e+01
         vertex 1.317861e+01 6.613285e+00 1.665881e+01
      endloop
   endfacet
   facet normal 7.062606e-01 5.830216e-01 -4.015991e-01
      outer loop
         vertex 1.311698e+01 6.378108e+00 1.620901e+01
         vertex 1.317861e+01 6.613285e+00 1.665881e+01
         vertex 1.317861e+01 6.329890e+00 1.624739e+01
      endloop
   endfacet
   facet normal 5.726529e-01 6.751304e-01 -4.650458e-01
      outer loop
         vertex 1.317861e+01 6.329890e+00 1.624739e+01
         vertex 1.317861e+01 6.613285e+00 1.665881e+01
         vertex 1.325000e+01 6.570256e+00 1.668426e+01
      endloop
   endfacet
   facet normal 5.726536e-01 6.751299e-01 -4.650456e-01
      outer loop
         vertex 1.317861e+01 6.329890e+00 1.624739e+01
         vertex 1.325000e+01 6.570256e+00 1.668426e+01
         vertex 1.325000e+01 6.290778e+00 1.627852e+01
      endloop
   endfacet
   facet normal 4.217923e-01 7.466908e-01 -5.143385e-01
      outer loop
         vertex 1.325000e+01 6.290778e+00 1.627852e+01
         vertex 1.325000e+01 6.570256e+00 1.668426e+01
         vertex 1.332899e+01 6.538552e+00 1.670301e+01
      endloop
   endfacet
   facet normal 4.217924e-01 7.466908e-01 -5.143385e-01
      outer loop
         vertex 1.325000e+01 6.290778e+00 1.627852e+01
         vertex 1.332899e+01 6.538552e+00 1.670301e+01
         vertex 1.332899e+01 6.261960e+00 1.630146e+01
      endloop
   endfacet
   facet normal 2.582422e-01 7.955985e-01 -5.480273e-01
      outer loop
         vertex 1.332899e+01 6.261960e+00 1.630146e+01
         vertex 1.332899e+01 6.538552e+00 1.670301e+01
         vertex 1.341318e+01 6.519136e+00 1.671449e+01
      endloop
   endfacet
   facet normal 2.582418e-01 7.955987e-01 -5.480273e-01
      outer loop
         vertex 1.332899e+01 6.261960e+00 1.630146e+01
         vertex 1.341318e+01 6.519136e+00 1.671449e+01
         vertex 1.341318e+01 6.244311e+00 1.631551e+01
      endloop
   endfacet
   facet normal 8.694932e-02 8.204137e-01 -5.651205e-01
      outer loop
         vertex 1.341318e+01 6.244311e+00 1.631551e+01
         vertex 1.341318e+01 6.519136e+00 1.671449e+01
         vertex 1.350000e+01 6.512597e+00 1.671836e+01
      endloop
   endfacet
   facet normal 8.695056e-02 8.204135e-01 -5.651206e-01
      outer loop
         vertex 1.341318e+01 6.244311e+00 1.631551e+01
         vertex 1.350000e+01 6.512597e+00 1.671836e+01
         vertex 1.350000e+01 6.238368e+00 1.632024e+01
      endloop
   endfacet
   facet normal 9.557283e-01 2.615523e-01 -1.348104e-01
      outer loop
         vertex 1.302416e+01 7.000000e+00 1.690466e+01
         vertex 1.303041e+01 7.000000e+00 1.694897e+01
         vertex 1.303015e+01 6.795773e+00 1.655089e+01
      endloop
   endfacet
   facet normal 9.162378e-01 3.562175e-01 -1.833507e-01
      outer loop
         vertex 1.303015e+01 6.795773e+00 1.655089e+01
         vertex 1.303041e+01 7.000000e+00 1.694897e+01
         vertex 1.306699e+01 6.960023e+00 1.705406e+01
      endloop
   endfacet
   facet normal 9.059190e-01 3.784980e-01 -1.898683e-01
      outer loop
         vertex 1.303015e+01 6.795773e+00 1.655089e+01
         vertex 1.306699e+01 6.960023e+00 1.705406e+01
         vertex 1.306699e+01 6.727783e+00 1.659109e+01
      endloop
   endfacet
   facet normal 8.185066e-01 5.135093e-01 -2.575949e-01
      outer loop
         vertex 1.306699e+01 6.727783e+00 1.659109e+01
         vertex 1.306699e+01 6.960023e+00 1.705406e+01
         vertex 1.311698e+01 6.894150e+00 1.708159e+01
      endloop
   endfacet
   facet normal 8.185066e-01 5.135093e-01 -2.575949e-01
      outer loop
         vertex 1.306699e+01 6.727783e+00 1.659109e+01
         vertex 1.311698e+01 6.894150e+00 1.708159e+01
         vertex 1.311698e+01 6.666331e+00 1.662744e+01
      endloop
   endfacet
   facet normal 7.062611e-01 6.327964e-01 -3.174336e-01
      outer loop
         vertex 1.311698e+01 6.666331e+00 1.662744e+01
         vertex 1.311698e+01 6.894150e+00 1.708159e+01
         vertex 1.317861e+01 6.837287e+00 1.710535e+01
      endloop
   endfacet
   facet normal 7.062619e-01 6.327955e-01 -3.174334e-01
      outer loop
         vertex 1.311698e+01 6.666331e+00 1.662744e+01
         vertex 1.317861e+01 6.837287e+00 1.710535e+01
         vertex 1.317861e+01 6.613285e+00 1.665881e+01
      endloop
   endfacet
   facet normal 5.726542e-01 7.327684e-01 -3.675834e-01
      outer loop
         vertex 1.317861e+01 6.613285e+00 1.665881e+01
         vertex 1.317861e+01 6.837287e+00 1.710535e+01
         vertex 1.325000e+01 6.791162e+00 1.712463e+01
      endloop
   endfacet
   facet normal 5.726528e-01 7.327694e-01 -3.675836e-01
      outer loop
         vertex 1.317861e+01 6.613285e+00 1.665881e+01
         vertex 1.325000e+01 6.791162e+00 1.712463e+01
         vertex 1.325000e+01 6.570256e+00 1.668426e+01
      endloop
   endfacet
   facet normal 4.217920e-01 8.104394e-01 -4.065457e-01
      outer loop
         vertex 1.325000e+01 6.570256e+00 1.668426e+01
         vertex 1.325000e+01 6.791162e+00 1.712463e+01
         vertex 1.332899e+01 6.757177e+00 1.713883e+01
      endloop
   endfacet
   facet normal 4.217924e-01 8.104392e-01 -4.065457e-01
      outer loop
         vertex 1.325000e+01 6.570256e+00 1.668426e+01
         vertex 1.332899e+01 6.757177e+00 1.713883e+01
         vertex 1.332899e+01 6.538552e+00 1.670301e+01
      endloop
   endfacet
   facet normal 2.582420e-01 8.635226e-01 -4.331742e-01
      outer loop
         vertex 1.332899e+01 6.538552e+00 1.670301e+01
         vertex 1.332899e+01 6.757177e+00 1.713883e+01
         vertex 1.341318e+01 6.736364e+00 1.714753e+01
      endloop
   endfacet
   facet normal 2.582421e-01 8.635225e-01 -4.331742e-01
      outer loop
         vertex 1.332899e+01 6.538552e+00 1.670301e+01
         vertex 1.341318e+01 6.736364e+00 1.714753e+01
         vertex 1.341318e+01 6.519136e+00 1.671449e+01
      endloop
   endfacet
   facet normal 8.695093e-02 8.904561e-01 -4.466850e-01
      outer loop
         vertex 1.341318e+01 6.519136e+00 1.671449e+01
         vertex 1.341318e+01 6.736364e+00 1.714753e+01
         vertex 1.350000e+01 6.729355e+00 1.715046e+01
      endloop
   endfacet
   facet normal 5.799575e-02 8.946686e-01 -4.429498e-01
      outer loop
         vertex 1.341318e+01 6.519136e+00 1.671449e+01
         vertex 1.350000e+01 6.729355e+00 1.715046e+01
         vertex 1.350000e+01 6.531089e+00 1.675000e+01
      endloop
   endfacet
   facet normal -4.305012e-02 9.534600e-01 -2.984305e-01
      outer loop
         vertex 1.350000e+01 6.788924e+00 1.730293e+01
         vertex 1.341318e+01 6.736364e+00 1.714753e+01
         vertex 1.350000e+01 6.884505e+00 1.760830e+01
      endloop
   endfacet
   facet normal 8.695018e-02 9.435113e-01 -3.197281e-01
      outer loop
         vertex 1.350000e+01 6.884505e+00 1.760830e+01
         vertex 1.341318e+01 6.736364e+00 1.714753e+01
         vertex 1.341318e+01 6.891851e+00 1.760637e+01
      endloop
   endfacet
   facet normal 8.708210e-02 9.730366e-01 -2.135802e-01
      outer loop
         vertex 1.350000e+01 6.884505e+00 1.760830e+01
         vertex 1.341318e+01 6.891851e+00 1.760637e+01
         vertex 1.350000e+01 6.946827e+00 1.789223e+01
      endloop
   endfacet
   facet normal -5.034020e-03 9.822748e-01 -1.873788e-01
      outer loop
         vertex 1.350000e+01 6.946827e+00 1.789223e+01
         vertex 1.341318e+01 6.891851e+00 1.760637e+01
         vertex 1.341318e+01 6.982631e+00 1.808226e+01
      endloop
   endfacet
   facet normal 8.712284e-02 9.854599e-01 -1.458712e-01
      outer loop
         vertex 1.350000e+01 6.946827e+00 1.789223e+01
         vertex 1.341318e+01 6.982631e+00 1.808226e+01
         vertex 1.350000e+01 6.975089e+00 1.808316e+01
      endloop
   endfacet
   facet normal 8.712346e-02 9.919781e-01 -9.159093e-02
      outer loop
         vertex 1.350000e+01 6.975089e+00 1.808316e+01
         vertex 1.341318e+01 6.982631e+00 1.808226e+01
         vertex 1.341381e+01 7.000000e+00 1.827097e+01
      endloop
   endfacet
   facet normal 1.565723e-01 9.859079e-01 -5.891226e-02
      outer loop
         vertex 1.350000e+01 6.975089e+00 1.808316e+01
         vertex 1.341381e+01 7.000000e+00 1.827097e+01
         vertex 1.349582e+01 7.000000e+00 1.848893e+01
      endloop
   endfacet
   facet normal 9.961660e-01 2.264231e-02 8.450258e-02
      outer loop
         vertex 1.300000e+01 3.882026e+00 5.666577e+00
         vertex 1.300760e+01 3.866949e+00 5.581073e+00
         vertex 1.300000e+01 4.252444e+00 5.567324e+00
      endloop
   endfacet
   facet normal 9.961660e-01 2.264228e-02 8.450171e-02
      outer loop
         vertex 1.300000e+01 4.252444e+00 5.567324e+00
         vertex 1.300760e+01 3.866949e+00 5.581073e+00
         vertex 1.300760e+01 4.222749e+00 5.485736e+00
      endloop
   endfacet
   facet normal 9.961660e-01 3.697177e-02 7.928624e-02
      outer loop
         vertex 1.300000e+01 4.252444e+00 5.567324e+00
         vertex 1.300760e+01 4.222749e+00 5.485736e+00
         vertex 1.300000e+01 4.600000e+00 5.405257e+00
      endloop
   endfacet
   facet normal 9.961660e-01 3.697181e-02 7.928644e-02
      outer loop
         vertex 1.300000e+01 4.600000e+00 5.405257e+00
         vertex 1.300760e+01 4.222749e+00 5.485736e+00
         vertex 1.300760e+01 4.556588e+00 5.330064e+00
      endloop
   endfacet
   facet normal 9.961660e-01 5.017824e-02 7.166173e-02
      outer loop
         vertex 1.300000e+01 4.600000e+00 5.405257e+00
         vertex 1.300760e+01 4.556588e+00 5.330064e+00
         vertex 1.300000e+01 4.914133e+00 5.185298e+00
      endloop
   endfacet
   facet normal 9.961659e-01 5.017856e-02 7.166252e-02
      outer loop
         vertex 1.300000e+01 4.914133e+00 5.185298e+00
         vertex 1.300760e+01 4.556588e+00 5.330064e+00
         vertex 1.300760e+01 4.858323e+00 5.118787e+00
      endloop
   endfacet
   facet normal 9.961660e-01 6.186025e-02 6.186031e-02
      outer loop
         vertex 1.300000e+01 4.914133e+00 5.185298e+00
         vertex 1.300760e+01 4.858323e+00 5.118787e+00
         vertex 1.300000e+01 5.185298e+00 4.914133e+00
      endloop
   endfacet
   facet normal 9.961660e-01 6.185998e-02 6.185987e-02
      outer loop
         vertex 1.300000e+01 5.185298e+00 4.914133e+00
         vertex 1.300760e+01 4.858323e+00 5.118787e+00
         vertex 1.300760e+01 5.118787e+00 4.858323e+00
      endloop
   endfacet
   facet normal 9.961660e-01 7.166199e-02 5.017831e-02
      outer loop
         vertex 1.300000e+01 5.185298e+00 4.914133e+00
         vertex 1.300760e+01 5.118787e+00 4.858323e+00
         vertex 1.300000e+01 5.405256e+00 4.600001e+00
      endloop
   endfacet
   facet normal 9.961660e-01 7.166177e-02 5.017807e-02
      outer loop
         vertex 1.300000e+01 5.405256e+00 4.600001e+00
         vertex 1.300760e+01 5.118787e+00 4.858323e+00
         vertex 1.300760e+01 5.330064e+00 4.556588e+00
      endloop
   endfacet
   facet normal 9.961660e-01 7.928646e-02 3.697191e-02
      outer loop
         vertex 1.300000e+01 5.405256e+00 4.600001e+00
         vertex 1.300760e+01 5.330064e+00 4.556588e+00
         vertex 1.300000e+01 5.567324e+00 4.252445e+00
      endloop
   endfacet
   facet normal 9.961660e-01 7.928640e-02 3.697186e-02
      outer loop
         vertex 1.300000e+01 5.567324e+00 4.252445e+00
         vertex 1.300760e+01 5.330064e+00 4.556588e+00
         vertex 1.300760e+01 5.485736e+00 4.222749e+00
      endloop
   endfacet
   facet normal 9.961660e-01 8.450204e-02 2.264225e-02
      outer loop
         vertex 1.300000e+01 5.567324e+00 4.252445e+00
         vertex 1.300760e+01 5.485736e+00 4.222749e+00
         vertex 1.300000e+01 5.666577e+00 3.882026e+00
      endloop
   endfacet
   facet normal 9.961660e-01 8.450204e-02 2.264225e-02
      outer loop
         vertex 1.300000e+01 5.666577e+00 3.882026e+00
         vertex 1.300760e+01 5.485736e+00 4.222749e+00
         vertex 1.300760e+01 5.581072e+00 3.866949e+00
      endloop
   endfacet
   facet normal 9.961660e-01 8.715011e-02 7.624628e-03
      outer loop
         vertex 1.300000e+01 5.666577e+00 3.882026e+00
         vertex 1.300760e+01 5.581072e+00 3.866949e+00
         vertex 1.300000e+01 5.700000e+00 3.500001e+00
      endloop
   endfacet
   facet normal 9.961660e-01 8.715020e-02 7.624658e-03
      outer loop
         vertex 1.300000e+01 5.700000e+00 3.500001e+00
         vertex 1.300760e+01 5.581072e+00 3.866949e+00
         vertex 1.300760e+01 5.613176e+00 3.500001e+00
      endloop
   endfacet
   facet normal 9.961660e-01 8.715020e-02 -7.624617e-03
      outer loop
         vertex 1.300000e+01 5.700000e+00 3.500001e+00
         vertex 1.300760e+01 5.613176e+00 3.500001e+00
         vertex 1.300000e+01 5.666577e+00 3.117974e+00
      endloop
   endfacet
   facet normal 9.961660e-01 8.715011e-02 -7.624631e-03
      outer loop
         vertex 1.300000e+01 5.666577e+00 3.117974e+00
         vertex 1.300760e+01 5.613176e+00 3.500001e+00
         vertex 1.300760e+01 5.581072e+00 3.133051e+00
      endloop
   endfacet
   facet normal 9.961660e-01 8.450203e-02 -2.264231e-02
      outer loop
         vertex 1.300000e+01 5.666577e+00 3.117974e+00
         vertex 1.300760e+01 5.581072e+00 3.133051e+00
         vertex 1.300000e+01 5.567324e+00 2.747556e+00
      endloop
   endfacet
   facet normal 9.961660e-01 8.450202e-02 -2.264231e-02
      outer loop
         vertex 1.300000e+01 5.567324e+00 2.747556e+00
         vertex 1.300760e+01 5.581072e+00 3.133051e+00
         vertex 1.300760e+01 5.485736e+00 2.777252e+00
      endloop
   endfacet
   facet normal 9.961660e-01 7.928642e-02 -3.697179e-02
      outer loop
         vertex 1.300000e+01 5.567324e+00 2.747556e+00
         vertex 1.300760e+01 5.485736e+00 2.777252e+00
         vertex 1.300000e+01 5.405256e+00 2.400000e+00
      endloop
   endfacet
   facet normal 9.961660e-01 7.928652e-02 -3.697181e-02
      outer loop
         vertex 1.300000e+01 5.405256e+00 2.400000e+00
         vertex 1.300760e+01 5.485736e+00 2.777252e+00
         vertex 1.300760e+01 5.330064e+00 2.443412e+00
      endloop
   endfacet
   facet normal 9.961660e-01 7.166167e-02 -5.017824e-02
      outer loop
         vertex 1.300000e+01 5.405256e+00 2.400000e+00
         vertex 1.300760e+01 5.330064e+00 2.443412e+00
         vertex 1.300000e+01 5.185298e+00 2.085868e+00
      endloop
   endfacet
   facet normal 9.961660e-01 7.166247e-02 -5.017856e-02
      outer loop
         vertex 1.300000e+01 5.185298e+00 2.085868e+00
         vertex 1.300760e+01 5.330064e+00 2.443412e+00
         vertex 1.300760e+01 5.118787e+00 2.141677e+00
      endloop
   endfacet
   facet normal 9.961659e-01 6.186047e-02 -6.186031e-02
      outer loop
         vertex 1.300000e+01 5.185298e+00 2.085868e+00
         vertex 1.300760e+01 5.118787e+00 2.141677e+00
         vertex 1.300000e+01 4.914133e+00 1.814703e+00
      endloop
   endfacet
   facet normal 9.961660e-01 6.185976e-02 -6.185987e-02
      outer loop
         vertex 1.300000e+01 4.914133e+00 1.814703e+00
         vertex 1.300760e+01 5.118787e+00 2.141677e+00
         vertex 1.300760e+01 4.858323e+00 1.881214e+00
      endloop
   endfacet
   facet normal 9.961660e-01 5.017814e-02 -7.166188e-02
      outer loop
         vertex 1.300000e+01 4.914133e+00 1.814703e+00
         vertex 1.300760e+01 4.858323e+00 1.881214e+00
         vertex 1.300000e+01 4.600000e+00 1.594745e+00
      endloop
   endfacet
   facet normal 9.961660e-01 5.017867e-02 -7.166236e-02
      outer loop
         vertex 1.300000e+01 4.600000e+00 1.594745e+00
         vertex 1.300760e+01 4.858323e+00 1.881214e+00
         vertex 1.300760e+01 4.556588e+00 1.669936e+00
      endloop
   endfacet
   facet normal 9.961660e-01 3.697238e-02 -7.928709e-02
      outer loop
         vertex 1.300000e+01 4.600000e+00 1.594745e+00
         vertex 1.300760e+01 4.556588e+00 1.669936e+00
         vertex 1.300000e+01 4.252444e+00 1.432676e+00
      endloop
   endfacet
   facet normal 9.961661e-01 3.697118e-02 -7.928556e-02
      outer loop
         vertex 1.300000e+01 4.252444e+00 1.432676e+00
         vertex 1.300760e+01 4.556588e+00 1.669936e+00
         vertex 1.300760e+01 4.222749e+00 1.514265e+00
      endloop
   endfacet
   facet normal 9.961661e-01 2.264186e-02 -8.450091e-02
      outer loop
         vertex 1.300000e+01 4.252444e+00 1.432676e+00
         vertex 1.300760e+01 4.222749e+00 1.514265e+00
         vertex 1.300000e+01 3.882026e+00 1.333423e+00
      endloop
   endfacet
   facet normal 9.961660e-01 2.264271e-02 -8.450251e-02
      outer loop
         vertex 1.300000e+01 3.882026e+00 1.333423e+00
         vertex 1.300760e+01 4.222749e+00 1.514265e+00
         vertex 1.300760e+01 3.866949e+00 1.418928e+00
      endloop
   endfacet
   facet normal 9.961660e-01 7.624771e-03 -8.715058e-02
      outer loop
         vertex 1.300000e+01 3.882026e+00 1.333423e+00
         vertex 1.300760e+01 3.866949e+00 1.418928e+00
         vertex 1.300000e+01 3.500000e+00 1.300000e+00
      endloop
   endfacet
   facet normal 9.961661e-01 7.624268e-03 -8.714904e-02
      outer loop
         vertex 1.300000e+01 3.500000e+00 1.300000e+00
         vertex 1.300760e+01 3.866949e+00 1.418928e+00
         vertex 1.300760e+01 3.500000e+00 1.386825e+00
      endloop
   endfacet
   facet normal 9.961661e-01 -7.624636e-03 -8.714904e-02
      outer loop
         vertex 1.300000e+01 3.500000e+00 1.300000e+00
         vertex 1.300760e+01 3.500000e+00 1.386825e+00
         vertex 1.300000e+01 3.117974e+00 1.333423e+00
      endloop
   endfacet
   facet normal 9.961660e-01 -7.624408e-03 -8.715065e-02
      outer loop
         vertex 1.300000e+01 3.117974e+00 1.333423e+00
         vertex 1.300760e+01 3.500000e+00 1.386825e+00
         vertex 1.300760e+01 3.133051e+00 1.418928e+00
      endloop
   endfacet
   facet normal 9.961660e-01 -2.264231e-02 -8.450258e-02
      outer loop
         vertex 1.300000e+01 3.117974e+00 1.333423e+00
         vertex 1.300760e+01 3.133051e+00 1.418928e+00
         vertex 1.300000e+01 2.747556e+00 1.432676e+00
      endloop
   endfacet
   facet normal 9.961661e-01 -2.264225e-02 -8.450077e-02
      outer loop
         vertex 1.300000e+01 2.747556e+00 1.432676e+00
         vertex 1.300760e+01 3.133051e+00 1.418928e+00
         vertex 1.300760e+01 2.777251e+00 1.514265e+00
      endloop
   endfacet
   facet normal 9.961661e-01 -3.697160e-02 -7.928541e-02
      outer loop
         vertex 1.300000e+01 2.747556e+00 1.432676e+00
         vertex 1.300760e+01 2.777251e+00 1.514265e+00
         vertex 1.300000e+01 2.400000e+00 1.594745e+00
      endloop
   endfacet
   facet normal 9.961659e-01 -3.697200e-02 -7.928731e-02
      outer loop
         vertex 1.300000e+01 2.400000e+00 1.594745e+00
         vertex 1.300760e+01 2.777251e+00 1.514265e+00
         vertex 1.300760e+01 2.443412e+00 1.669936e+00
      endloop
   endfacet
   facet normal 9.961660e-01 -5.017853e-02 -7.166244e-02
      outer loop
         vertex 1.300000e+01 2.400000e+00 1.594745e+00
         vertex 1.300760e+01 2.443412e+00 1.669936e+00
         vertex 1.300000e+01 2.085867e+00 1.814703e+00
      endloop
   endfacet
   facet normal 9.961660e-01 -5.017826e-02 -7.166178e-02
      outer loop
         vertex 1.300000e+01 2.085867e+00 1.814703e+00
         vertex 1.300760e+01 2.443412e+00 1.669936e+00
         vertex 1.300760e+01 2.141677e+00 1.881214e+00
      endloop
   endfacet
   facet normal 9.961660e-01 -6.185990e-02 -6.185974e-02
      outer loop
         vertex 1.300000e+01 2.085867e+00 1.814703e+00
         vertex 1.300760e+01 2.141677e+00 1.881214e+00
         vertex 1.300000e+01 1.814702e+00 2.085868e+00
      endloop
   endfacet
   facet normal 9.961659e-01 -6.186035e-02 -6.186046e-02
      outer loop
         vertex 1.300000e+01 1.814702e+00 2.085868e+00
         vertex 1.300760e+01 2.141677e+00 1.881214e+00
         vertex 1.300760e+01 1.881213e+00 2.141677e+00
      endloop
   endfacet
   facet normal 9.961660e-01 -7.166235e-02 -5.017871e-02
      outer loop
         vertex 1.300000e+01 1.814702e+00 2.085868e+00
         vertex 1.300760e+01 1.881213e+00 2.141677e+00
         vertex 1.300000e+01 1.594744e+00 2.400000e+00
      endloop
   endfacet
   facet normal 9.961660e-01 -7.166177e-02 -5.017807e-02
      outer loop
         vertex 1.300000e+01 1.594744e+00 2.400000e+00
         vertex 1.300760e+01 1.881213e+00 2.141677e+00
         vertex 1.300760e+01 1.669936e+00 2.443412e+00
      endloop
   endfacet
   facet normal 9.961660e-01 -7.928651e-02 -3.697183e-02
      outer loop
         vertex 1.300000e+01 1.594744e+00 2.400000e+00
         vertex 1.300760e+01 1.669936e+00 2.443412e+00
         vertex 1.300000e+01 1.432676e+00 2.747556e+00
      endloop
   endfacet
   facet normal 9.961660e-01 -7.928643e-02 -3.697177e-02
      outer loop
         vertex 1.300000e+01 1.432676e+00 2.747556e+00
         vertex 1.300760e+01 1.669936e+00 2.443412e+00
         vertex 1.300760e+01 1.514264e+00 2.777252e+00
      endloop
   endfacet
   facet normal 9.961660e-01 -8.450202e-02 -2.264230e-02
      outer loop
         vertex 1.300000e+01 1.432676e+00 2.747556e+00
         vertex 1.300760e+01 1.514264e+00 2.777252e+00
         vertex 1.300000e+01 1.333423e+00 3.117974e+00
      endloop
   endfacet
   facet normal 9.961660e-01 -8.450203e-02 -2.264231e-02
      outer loop
         vertex 1.300000e+01 1.333423e+00 3.117974e+00
         vertex 1.300760e+01 1.514264e+00 2.777252e+00
         vertex 1.300760e+01 1.418928e+00 3.133051e+00
      endloop
   endfacet
   facet normal 9.961660e-01 -8.715011e-02 -7.624610e-03
      outer loop
         vertex 1.300000e+01 1.333423e+00 3.117974e+00
         vertex 1.300760e+01 1.418928e+00 3.133051e+00
         vertex 1.300000e+01 1.300000e+00 3.500001e+00
      endloop
   endfacet
   facet normal 9.961660e-01 -8.715020e-02 -7.624639e-03
      outer loop
         vertex 1.300000e+01 1.300000e+00 3.500001e+00
         vertex 1.300760e+01 1.418928e+00 3.133051e+00
         vertex 1.300760e+01 1.386824e+00 3.500001e+00
      endloop
   endfacet
   facet normal 9.961660e-01 -8.715020e-02 7.624636e-03
      outer loop
         vertex 1.300000e+01 1.300000e+00 3.500001e+00
         vertex 1.300760e+01 1.386824e+00 3.500001e+00
         vertex 1.300000e+01 1.333423e+00 3.882026e+00
      endloop
   endfacet
   facet normal 9.961660e-01 -8.715010e-02 7.624650e-03
      outer loop
         vertex 1.300000e+01 1.333423e+00 3.882026e+00
         vertex 1.300760e+01 1.386824e+00 3.500001e+00
         vertex 1.300760e+01 1.418928e+00 3.866949e+00
      endloop
   endfacet
   facet normal 9.961660e-01 -8.450204e-02 2.264225e-02
      outer loop
         vertex 1.300000e+01 1.333423e+00 3.882026e+00
         vertex 1.300760e+01 1.418928e+00 3.866949e+00
         vertex 1.300000e+01 1.432676e+00 4.252445e+00
      endloop
   endfacet
   facet normal 9.961660e-01 -8.450204e-02 2.264225e-02
      outer loop
         vertex 1.300000e+01 1.432676e+00 4.252445e+00
         vertex 1.300760e+01 1.418928e+00 3.866949e+00
         vertex 1.300760e+01 1.514264e+00 4.222749e+00
      endloop
   endfacet
   facet normal 9.961660e-01 -7.928639e-02 3.697187e-02
      outer loop
         vertex 1.300000e+01 1.432676e+00 4.252445e+00
         vertex 1.300760e+01 1.514264e+00 4.222749e+00
         vertex 1.300000e+01 1.594744e+00 4.600001e+00
      endloop
   endfacet
   facet normal 9.961660e-01 -7.928647e-02 3.697189e-02
      outer loop
         vertex 1.300000e+01 1.594744e+00 4.600001e+00
         vertex 1.300760e+01 1.514264e+00 4.222749e+00
         vertex 1.300760e+01 1.669936e+00 4.556588e+00
      endloop
   endfacet
   facet normal 9.961660e-01 -7.166173e-02 5.017813e-02
      outer loop
         vertex 1.300000e+01 1.594744e+00 4.600001e+00
         vertex 1.300760e+01 1.669936e+00 4.556588e+00
         vertex 1.300000e+01 1.814702e+00 4.914133e+00
      endloop
   endfacet
   facet normal 9.961660e-01 -7.166203e-02 5.017825e-02
      outer loop
         vertex 1.300000e+01 1.814702e+00 4.914133e+00
         vertex 1.300760e+01 1.669936e+00 4.556588e+00
         vertex 1.300760e+01 1.881213e+00 4.858323e+00
      endloop
   endfacet
   facet normal 9.961660e-01 -6.185991e-02 6.185996e-02
      outer loop
         vertex 1.300000e+01 1.814702e+00 4.914133e+00
         vertex 1.300760e+01 1.881213e+00 4.858323e+00
         vertex 1.300000e+01 2.085867e+00 5.185298e+00
      endloop
   endfacet
   facet normal 9.961660e-01 -6.186034e-02 6.186023e-02
      outer loop
         vertex 1.300000e+01 2.085867e+00 5.185298e+00
         vertex 1.300760e+01 1.881213e+00 4.858323e+00
         vertex 1.300760e+01 2.141677e+00 5.118787e+00
      endloop
   endfacet
   facet normal 9.961659e-01 -5.017871e-02 7.166240e-02
      outer loop
         vertex 1.300000e+01 2.085867e+00 5.185298e+00
         vertex 1.300760e+01 2.141677e+00 5.118787e+00
         vertex 1.300000e+01 2.400000e+00 5.405257e+00
      endloop
   endfacet
   facet normal 9.961660e-01 -5.017807e-02 7.166183e-02
      outer loop
         vertex 1.300000e+01 2.400000e+00 5.405257e+00
         vertex 1.300760e+01 2.141677e+00 5.118787e+00
         vertex 1.300760e+01 2.443412e+00 5.330064e+00
      endloop
   endfacet
   facet normal 9.961660e-01 -3.697185e-02 7.928642e-02
      outer loop
         vertex 1.300000e+01 2.400000e+00 5.405257e+00
         vertex 1.300760e+01 2.443412e+00 5.330064e+00
         vertex 1.300000e+01 2.747556e+00 5.567324e+00
      endloop
   endfacet
   facet normal 9.961660e-01 -3.697173e-02 7.928626e-02
      outer loop
         vertex 1.300000e+01 2.747556e+00 5.567324e+00
         vertex 1.300760e+01 2.443412e+00 5.330064e+00
         vertex 1.300760e+01 2.777251e+00 5.485736e+00
      endloop
   endfacet
   facet normal 9.961660e-01 -2.264210e-02 8.450178e-02
      outer loop
         vertex 1.300000e+01 2.747556e+00 5.567324e+00
         vertex 1.300760e+01 2.777251e+00 5.485736e+00
         vertex 1.300000e+01 3.117974e+00 5.666577e+00
      endloop
   endfacet
   facet normal 9.961660e-01 -2.264250e-02 8.450254e-02
      outer loop
         vertex 1.300000e+01 3.117974e+00 5.666577e+00
         vertex 1.300760e+01 2.777251e+00 5.485736e+00
         vertex 1.300760e+01 3.133051e+00 5.581073e+00
      endloop
   endfacet
   facet normal 9.961660e-01 -7.624771e-03 8.715058e-02
      outer loop
         vertex 1.300000e+01 3.117974e+00 5.666577e+00
         vertex 1.300760e+01 3.133051e+00 5.581073e+00
         vertex 1.300000e+01 3.500000e+00 5.700001e+00
      endloop
   endfacet
   facet normal 9.961660e-01 -7.624570e-03 8.714997e-02
      outer loop
         vertex 1.300000e+01 3.500000e+00 5.700001e+00
         vertex 1.300760e+01 3.133051e+00 5.581073e+00
         vertex 1.300760e+01 3.500000e+00 5.613176e+00
      endloop
   endfacet
   facet normal 9.961660e-01 7.624717e-03 8.714997e-02
      outer loop
         vertex 1.300000e+01 3.500000e+00 5.700001e+00
         vertex 1.300760e+01 3.500000e+00 5.613176e+00
         vertex 1.300000e+01 3.882026e+00 5.666577e+00
      endloop
   endfacet
   facet normal 9.961660e-01 7.624626e-03 8.715061e-02
      outer loop
         vertex 1.300000e+01 3.882026e+00 5.666577e+00
         vertex 1.300760e+01 3.500000e+00 5.613176e+00
         vertex 1.300760e+01 3.866949e+00 5.581073e+00
      endloop
   endfacet
   facet normal 9.656785e-01 6.722607e-02 2.508899e-01
      outer loop
         vertex 1.300760e+01 3.866949e+00 5.581073e+00
         vertex 1.303015e+01 3.852330e+00 5.498165e+00
         vertex 1.300760e+01 4.222749e+00 5.485736e+00
      endloop
   endfacet
   facet normal 9.656779e-01 6.722611e-02 2.508921e-01
      outer loop
         vertex 1.300760e+01 4.222749e+00 5.485736e+00
         vertex 1.303015e+01 3.852330e+00 5.498165e+00
         vertex 1.303015e+01 4.193956e+00 5.406627e+00
      endloop
   endfacet
   facet normal 9.656779e-01 1.097718e-01 2.354067e-01
      outer loop
         vertex 1.300760e+01 4.222749e+00 5.485736e+00
         vertex 1.303015e+01 4.193956e+00 5.406627e+00
         vertex 1.300760e+01 4.556588e+00 5.330064e+00
      endloop
   endfacet
   facet normal 9.656786e-01 1.097712e-01 2.354041e-01
      outer loop
         vertex 1.300760e+01 4.556588e+00 5.330064e+00
         vertex 1.303015e+01 4.193956e+00 5.406627e+00
         vertex 1.303015e+01 4.514495e+00 5.257157e+00
      endloop
   endfacet
   facet normal 9.656786e-01 1.489806e-01 2.127667e-01
      outer loop
         vertex 1.300760e+01 4.556588e+00 5.330064e+00
         vertex 1.303015e+01 4.514495e+00 5.257157e+00
         vertex 1.300760e+01 4.858323e+00 5.118787e+00
      endloop
   endfacet
   facet normal 9.656784e-01 1.489809e-01 2.127674e-01
      outer loop
         vertex 1.300760e+01 4.858323e+00 5.118787e+00
         vertex 1.303015e+01 4.514495e+00 5.257157e+00
         vertex 1.303015e+01 4.804210e+00 5.054297e+00
      endloop
   endfacet
   facet normal 9.656784e-01 1.836647e-01 1.836643e-01
      outer loop
         vertex 1.300760e+01 4.858323e+00 5.118787e+00
         vertex 1.303015e+01 4.804210e+00 5.054297e+00
         vertex 1.300760e+01 5.118787e+00 4.858323e+00
      endloop
   endfacet
   facet normal 9.656782e-01 1.836649e-01 1.836647e-01
      outer loop
         vertex 1.300760e+01 5.118787e+00 4.858323e+00
         vertex 1.303015e+01 4.804210e+00 5.054297e+00
         vertex 1.303015e+01 5.054297e+00 4.804210e+00
      endloop
   endfacet
   facet normal 9.656783e-01 2.127676e-01 1.489814e-01
      outer loop
         vertex 1.300760e+01 5.118787e+00 4.858323e+00
         vertex 1.303015e+01 5.054297e+00 4.804210e+00
         vertex 1.300760e+01 5.330064e+00 4.556588e+00
      endloop
   endfacet
   facet normal 9.656783e-01 2.127675e-01 1.489813e-01
      outer loop
         vertex 1.300760e+01 5.330064e+00 4.556588e+00
         vertex 1.303015e+01 5.054297e+00 4.804210e+00
         vertex 1.303015e+01 5.257157e+00 4.514495e+00
      endloop
   endfacet
   facet normal 9.656783e-01 2.354054e-01 1.097713e-01
      outer loop
         vertex 1.300760e+01 5.330064e+00 4.556588e+00
         vertex 1.303015e+01 5.257157e+00 4.514495e+00
         vertex 1.300760e+01 5.485736e+00 4.222749e+00
      endloop
   endfacet
   facet normal 9.656781e-01 2.354061e-01 1.097719e-01
      outer loop
         vertex 1.300760e+01 5.485736e+00 4.222749e+00
         vertex 1.303015e+01 5.257157e+00 4.514495e+00
         vertex 1.303015e+01 5.406627e+00 4.193956e+00
      endloop
   endfacet
   facet normal 9.656781e-01 2.508912e-01 6.722610e-02
      outer loop
         vertex 1.300760e+01 5.485736e+00 4.222749e+00
         vertex 1.303015e+01 5.406627e+00 4.193956e+00
         vertex 1.300760e+01 5.581072e+00 3.866949e+00
      endloop
   endfacet
   facet normal 9.656782e-01 2.508911e-01 6.722601e-02
      outer loop
         vertex 1.300760e+01 5.581072e+00 3.866949e+00
         vertex 1.303015e+01 5.406627e+00 4.193956e+00
         vertex 1.303015e+01 5.498165e+00 3.852331e+00
      endloop
   endfacet
   facet normal 9.656783e-01 2.587528e-01 2.263795e-02
      outer loop
         vertex 1.300760e+01 5.581072e+00 3.866949e+00
         vertex 1.303015e+01 5.498165e+00 3.852331e+00
         vertex 1.300760e+01 5.613176e+00 3.500001e+00
      endloop
   endfacet
   facet normal 9.656783e-01 2.587527e-01 2.263792e-02
      outer loop
         vertex 1.300760e+01 5.613176e+00 3.500001e+00
         vertex 1.303015e+01 5.498165e+00 3.852331e+00
         vertex 1.303015e+01 5.528990e+00 3.500001e+00
      endloop
   endfacet
   facet normal 9.656783e-01 2.587527e-01 -2.263788e-02
      outer loop
         vertex 1.300760e+01 5.613176e+00 3.500001e+00
         vertex 1.303015e+01 5.528990e+00 3.500001e+00
         vertex 1.300760e+01 5.581072e+00 3.133051e+00
      endloop
   endfacet
   facet normal 9.656783e-01 2.587526e-01 -2.263791e-02
      outer loop
         vertex 1.300760e+01 5.581072e+00 3.133051e+00
         vertex 1.303015e+01 5.528990e+00 3.500001e+00
         vertex 1.303015e+01 5.498165e+00 3.147670e+00
      endloop
   endfacet
   facet normal 9.656784e-01 2.508904e-01 -6.722604e-02
      outer loop
         vertex 1.300760e+01 5.581072e+00 3.133051e+00
         vertex 1.303015e+01 5.498165e+00 3.147670e+00
         vertex 1.300760e+01 5.485736e+00 2.777252e+00
      endloop
   endfacet
   facet normal 9.656781e-01 2.508912e-01 -6.722606e-02
      outer loop
         vertex 1.300760e+01 5.485736e+00 2.777252e+00
         vertex 1.303015e+01 5.498165e+00 3.147670e+00
         vertex 1.303015e+01 5.406627e+00 2.806045e+00
      endloop
   endfacet
   facet normal 9.656781e-01 2.354062e-01 -1.097714e-01
      outer loop
         vertex 1.300760e+01 5.485736e+00 2.777252e+00
         vertex 1.303015e+01 5.406627e+00 2.806045e+00
         vertex 1.300760e+01 5.330064e+00 2.443412e+00
      endloop
   endfacet
   facet normal 9.656780e-01 2.354066e-01 -1.097715e-01
      outer loop
         vertex 1.300760e+01 5.330064e+00 2.443412e+00
         vertex 1.303015e+01 5.406627e+00 2.806045e+00
         vertex 1.303015e+01 5.257157e+00 2.485504e+00
      endloop
   endfacet
   facet normal 9.656779e-01 2.127688e-01 -1.489822e-01
      outer loop
         vertex 1.300760e+01 5.330064e+00 2.443412e+00
         vertex 1.303015e+01 5.257157e+00 2.485504e+00
         vertex 1.300760e+01 5.118787e+00 2.141677e+00
      endloop
   endfacet
   facet normal 9.656783e-01 2.127674e-01 -1.489816e-01
      outer loop
         vertex 1.300760e+01 5.118787e+00 2.141677e+00
         vertex 1.303015e+01 5.257157e+00 2.485504e+00
         vertex 1.303015e+01 5.054297e+00 2.195790e+00
      endloop
   endfacet
   facet normal 9.656782e-01 1.836647e-01 -1.836650e-01
      outer loop
         vertex 1.300760e+01 5.118787e+00 2.141677e+00
         vertex 1.303015e+01 5.054297e+00 2.195790e+00
         vertex 1.300760e+01 4.858323e+00 1.881214e+00
      endloop
   endfacet
   facet normal 9.656784e-01 1.836642e-01 -1.836647e-01
      outer loop
         vertex 1.300760e+01 4.858323e+00 1.881214e+00
         vertex 1.303015e+01 5.054297e+00 2.195790e+00
         vertex 1.303015e+01 4.804210e+00 1.945704e+00
      endloop
   endfacet
   facet normal 9.656784e-01 1.489814e-01 -2.127669e-01
      outer loop
         vertex 1.300760e+01 4.858323e+00 1.881214e+00
         vertex 1.303015e+01 4.804210e+00 1.945704e+00
         vertex 1.300760e+01 4.556588e+00 1.669936e+00
      endloop
   endfacet
   facet normal 9.656786e-01 1.489809e-01 -2.127665e-01
      outer loop
         vertex 1.300760e+01 4.556588e+00 1.669936e+00
         vertex 1.303015e+01 4.804210e+00 1.945704e+00
         vertex 1.303015e+01 4.514495e+00 1.742844e+00
      endloop
   endfacet
   facet normal 9.656786e-01 1.097702e-01 -2.354047e-01
      outer loop
         vertex 1.300760e+01 4.556588e+00 1.669936e+00
         vertex 1.303015e+01 4.514495e+00 1.742844e+00
         vertex 1.300760e+01 4.222749e+00 1.514265e+00
      endloop
   endfacet
   facet normal 9.656779e-01 1.097718e-01 -2.354067e-01
      outer loop
         vertex 1.300760e+01 4.222749e+00 1.514265e+00
         vertex 1.303015e+01 4.514495e+00 1.742844e+00
         vertex 1.303015e+01 4.193956e+00 1.593374e+00
      endloop
   endfacet
   facet normal 9.656779e-01 6.722724e-02 -2.508917e-01
      outer loop
         vertex 1.300760e+01 4.222749e+00 1.514265e+00
         vertex 1.303015e+01 4.193956e+00 1.593374e+00
         vertex 1.300760e+01 3.866949e+00 1.418928e+00
      endloop
   endfacet
   facet normal 9.656792e-01 6.722486e-02 -2.508874e-01
      outer loop
         vertex 1.300760e+01 3.866949e+00 1.418928e+00
         vertex 1.303015e+01 4.193956e+00 1.593374e+00
         vertex 1.303015e+01 3.852330e+00 1.501836e+00
      endloop
   endfacet
   facet normal 9.656792e-01 2.263679e-02 -2.587494e-01
      outer loop
         vertex 1.300760e+01 3.866949e+00 1.418928e+00
         vertex 1.303015e+01 3.852330e+00 1.501836e+00
         vertex 1.300760e+01 3.500000e+00 1.386825e+00
      endloop
   endfacet
   facet normal 9.656783e-01 2.263793e-02 -2.587527e-01
      outer loop
         vertex 1.300760e+01 3.500000e+00 1.386825e+00
         vertex 1.303015e+01 3.852330e+00 1.501836e+00
         vertex 1.303015e+01 3.500000e+00 1.471011e+00
      endloop
   endfacet
   facet normal 9.656783e-01 -2.263708e-02 -2.587527e-01
      outer loop
         vertex 1.300760e+01 3.500000e+00 1.386825e+00
         vertex 1.303015e+01 3.500000e+00 1.471011e+00
         vertex 1.300760e+01 3.133051e+00 1.418928e+00
      endloop
   endfacet
   facet normal 9.656792e-01 -2.263763e-02 -2.587493e-01
      outer loop
         vertex 1.300760e+01 3.133051e+00 1.418928e+00
         vertex 1.303015e+01 3.500000e+00 1.471011e+00
         vertex 1.303015e+01 3.147670e+00 1.501836e+00
      endloop
   endfacet
   facet normal 9.656792e-01 -6.722603e-02 -2.508872e-01
      outer loop
         vertex 1.300760e+01 3.133051e+00 1.418928e+00
         vertex 1.303015e+01 3.147670e+00 1.501836e+00
         vertex 1.300760e+01 2.777251e+00 1.514265e+00
      endloop
   endfacet
   facet normal 9.656779e-01 -6.722611e-02 -2.508921e-01
      outer loop
         vertex 1.300760e+01 2.777251e+00 1.514265e+00
         vertex 1.303015e+01 3.147670e+00 1.501836e+00
         vertex 1.303015e+01 2.806045e+00 1.593374e+00
      endloop
   endfacet
   facet normal 9.656779e-01 -1.097712e-01 -2.354069e-01
      outer loop
         vertex 1.300760e+01 2.777251e+00 1.514265e+00
         vertex 1.303015e+01 2.806045e+00 1.593374e+00
         vertex 1.300760e+01 2.443412e+00 1.669936e+00
      endloop
   endfacet
   facet normal 9.656786e-01 -1.097707e-01 -2.354044e-01
      outer loop
         vertex 1.300760e+01 2.443412e+00 1.669936e+00
         vertex 1.303015e+01 2.806045e+00 1.593374e+00
         vertex 1.303015e+01 2.485505e+00 1.742844e+00
      endloop
   endfacet
   facet normal 9.656786e-01 -1.489811e-01 -2.127664e-01
      outer loop
         vertex 1.300760e+01 2.443412e+00 1.669936e+00
         vertex 1.303015e+01 2.485505e+00 1.742844e+00
         vertex 1.300760e+01 2.141677e+00 1.881214e+00
      endloop
   endfacet
   facet normal 9.656784e-01 -1.489813e-01 -2.127671e-01
      outer loop
         vertex 1.300760e+01 2.141677e+00 1.881214e+00
         vertex 1.303015e+01 2.485505e+00 1.742844e+00
         vertex 1.303015e+01 2.195791e+00 1.945704e+00
      endloop
   endfacet
   facet normal 9.656784e-01 -1.836643e-01 -1.836646e-01
      outer loop
         vertex 1.300760e+01 2.141677e+00 1.881214e+00
         vertex 1.303015e+01 2.195791e+00 1.945704e+00
         vertex 1.300760e+01 1.881213e+00 2.141677e+00
      endloop
   endfacet
   facet normal 9.656782e-01 -1.836646e-01 -1.836651e-01
      outer loop
         vertex 1.300760e+01 1.881213e+00 2.141677e+00
         vertex 1.303015e+01 2.195791e+00 1.945704e+00
         vertex 1.303015e+01 1.945704e+00 2.195790e+00
      endloop
   endfacet
   facet normal 9.656783e-01 -2.127676e-01 -1.489814e-01
      outer loop
         vertex 1.300760e+01 1.881213e+00 2.141677e+00
         vertex 1.303015e+01 1.945704e+00 2.195790e+00
         vertex 1.300760e+01 1.669936e+00 2.443412e+00
      endloop
   endfacet
   facet normal 9.656779e-01 -2.127686e-01 -1.489825e-01
      outer loop
         vertex 1.300760e+01 1.669936e+00 2.443412e+00
         vertex 1.303015e+01 1.945704e+00 2.195790e+00
         vertex 1.303015e+01 1.742843e+00 2.485504e+00
      endloop
   endfacet
   facet normal 9.656780e-01 -2.354066e-01 -1.097716e-01
      outer loop
         vertex 1.300760e+01 1.669936e+00 2.443412e+00
         vertex 1.303015e+01 1.742843e+00 2.485504e+00
         vertex 1.300760e+01 1.514264e+00 2.777252e+00
      endloop
   endfacet
   facet normal 9.656781e-01 -2.354063e-01 -1.097713e-01
      outer loop
         vertex 1.300760e+01 1.514264e+00 2.777252e+00
         vertex 1.303015e+01 1.742843e+00 2.485504e+00
         vertex 1.303015e+01 1.593373e+00 2.806045e+00
      endloop
   endfacet
   facet normal 9.656781e-01 -2.508912e-01 -6.722626e-02
      outer loop
         vertex 1.300760e+01 1.514264e+00 2.777252e+00
         vertex 1.303015e+01 1.593373e+00 2.806045e+00
         vertex 1.300760e+01 1.418928e+00 3.133051e+00
      endloop
   endfacet
   facet normal 9.656784e-01 -2.508904e-01 -6.722583e-02
      outer loop
         vertex 1.300760e+01 1.418928e+00 3.133051e+00
         vertex 1.303015e+01 1.593373e+00 2.806045e+00
         vertex 1.303015e+01 1.501835e+00 3.147670e+00
      endloop
   endfacet
   facet normal 9.656783e-01 -2.587526e-01 -2.263787e-02
      outer loop
         vertex 1.300760e+01 1.418928e+00 3.133051e+00
         vertex 1.303015e+01 1.501835e+00 3.147670e+00
         vertex 1.300760e+01 1.386824e+00 3.500001e+00
      endloop
   endfacet
   facet normal 9.656783e-01 -2.587527e-01 -2.263792e-02
      outer loop
         vertex 1.300760e+01 1.386824e+00 3.500001e+00
         vertex 1.303015e+01 1.501835e+00 3.147670e+00
         vertex 1.303015e+01 1.471010e+00 3.500001e+00
      endloop
   endfacet
   facet normal 9.656783e-01 -2.587527e-01 2.263794e-02
      outer loop
         vertex 1.300760e+01 1.386824e+00 3.500001e+00
         vertex 1.303015e+01 1.471010e+00 3.500001e+00
         vertex 1.300760e+01 1.418928e+00 3.866949e+00
      endloop
   endfacet
   facet normal 9.656783e-01 -2.587528e-01 2.263793e-02
      outer loop
         vertex 1.300760e+01 1.418928e+00 3.866949e+00
         vertex 1.303015e+01 1.471010e+00 3.500001e+00
         vertex 1.303015e+01 1.501835e+00 3.852331e+00
      endloop
   endfacet
   facet normal 9.656782e-01 -2.508911e-01 6.722605e-02
      outer loop
         vertex 1.300760e+01 1.418928e+00 3.866949e+00
         vertex 1.303015e+01 1.501835e+00 3.852331e+00
         vertex 1.300760e+01 1.514264e+00 4.222749e+00
      endloop
   endfacet
   facet normal 9.656781e-01 -2.508912e-01 6.722606e-02
      outer loop
         vertex 1.300760e+01 1.514264e+00 4.222749e+00
         vertex 1.303015e+01 1.501835e+00 3.852331e+00
         vertex 1.303015e+01 1.593373e+00 4.193956e+00
      endloop
   endfacet
   facet normal 9.656781e-01 -2.354061e-01 1.097717e-01
      outer loop
         vertex 1.300760e+01 1.514264e+00 4.222749e+00
         vertex 1.303015e+01 1.593373e+00 4.193956e+00
         vertex 1.300760e+01 1.669936e+00 4.556588e+00
      endloop
   endfacet
   facet normal 9.656783e-01 -2.354053e-01 1.097715e-01
      outer loop
         vertex 1.300760e+01 1.669936e+00 4.556588e+00
         vertex 1.303015e+01 1.593373e+00 4.193956e+00
         vertex 1.303015e+01 1.742843e+00 4.514495e+00
      endloop
   endfacet
   facet normal 9.656783e-01 -2.127675e-01 1.489813e-01
      outer loop
         vertex 1.300760e+01 1.669936e+00 4.556588e+00
         vertex 1.303015e+01 1.742843e+00 4.514495e+00
         vertex 1.300760e+01 1.881213e+00 4.858323e+00
      endloop
   endfacet
   facet normal 9.656783e-01 -2.127676e-01 1.489813e-01
      outer loop
         vertex 1.300760e+01 1.881213e+00 4.858323e+00
         vertex 1.303015e+01 1.742843e+00 4.514495e+00
         vertex 1.303015e+01 1.945704e+00 4.804210e+00
      endloop
   endfacet
   facet normal 9.656782e-01 -1.836650e-01 1.836646e-01
      outer loop
         vertex 1.300760e+01 1.881213e+00 4.858323e+00
         vertex 1.303015e+01 1.945704e+00 4.804210e+00
         vertex 1.300760e+01 2.141677e+00 5.118787e+00
      endloop
   endfacet
   facet normal 9.656784e-01 -1.836646e-01 1.836644e-01
      outer loop
         vertex 1.300760e+01 2.141677e+00 5.118787e+00
         vertex 1.303015e+01 1.945704e+00 4.804210e+00
         vertex 1.303015e+01 2.195791e+00 5.054297e+00
      endloop
   endfacet
   facet normal 9.656784e-01 -1.489810e-01 2.127673e-01
      outer loop
         vertex 1.300760e+01 2.141677e+00 5.118787e+00
         vertex 1.303015e+01 2.195791e+00 5.054297e+00
         vertex 1.300760e+01 2.443412e+00 5.330064e+00
      endloop
   endfacet
   facet normal 9.656786e-01 -1.489804e-01 2.127668e-01
      outer loop
         vertex 1.300760e+01 2.443412e+00 5.330064e+00
         vertex 1.303015e+01 2.195791e+00 5.054297e+00
         vertex 1.303015e+01 2.485505e+00 5.257157e+00
      endloop
   endfacet
   facet normal 9.656786e-01 -1.097707e-01 2.354044e-01
      outer loop
         vertex 1.300760e+01 2.443412e+00 5.330064e+00
         vertex 1.303015e+01 2.485505e+00 5.257157e+00
         vertex 1.300760e+01 2.777251e+00 5.485736e+00
      endloop
   endfacet
   facet normal 9.656779e-01 -1.097724e-01 2.354064e-01
      outer loop
         vertex 1.300760e+01 2.777251e+00 5.485736e+00
         vertex 1.303015e+01 2.485505e+00 5.257157e+00
         vertex 1.303015e+01 2.806045e+00 5.406627e+00
      endloop
   endfacet
   facet normal 9.656779e-01 -6.722664e-02 2.508919e-01
      outer loop
         vertex 1.300760e+01 2.777251e+00 5.485736e+00
         vertex 1.303015e+01 2.806045e+00 5.406627e+00
         vertex 1.300760e+01 3.133051e+00 5.581073e+00
      endloop
   endfacet
   facet normal 9.656785e-01 -6.722553e-02 2.508900e-01
      outer loop
         vertex 1.300760e+01 3.133051e+00 5.581073e+00
         vertex 1.303015e+01 2.806045e+00 5.406627e+00
         vertex 1.303015e+01 3.147670e+00 5.498165e+00
      endloop
   endfacet
   facet normal 9.656785e-01 -2.263767e-02 2.587520e-01
      outer loop
         vertex 1.300760e+01 3.133051e+00 5.581073e+00
         vertex 1.303015e+01 3.147670e+00 5.498165e+00
         vertex 1.300760e+01 3.500000e+00 5.613176e+00
      endloop
   endfacet
   facet normal 9.656783e-01 -2.263793e-02 2.587527e-01
      outer loop
         vertex 1.300760e+01 3.500000e+00 5.613176e+00
         vertex 1.303015e+01 3.147670e+00 5.498165e+00
         vertex 1.303015e+01 3.500000e+00 5.528990e+00
      endloop
   endfacet
   facet normal 9.656783e-01 2.263774e-02 2.587527e-01
      outer loop
         vertex 1.300760e+01 3.500000e+00 5.613176e+00
         vertex 1.303015e+01 3.500000e+00 5.528990e+00
         vertex 1.300760e+01 3.866949e+00 5.581073e+00
      endloop
   endfacet
   facet normal 9.656785e-01 2.263786e-02 2.587519e-01
      outer loop
         vertex 1.300760e+01 3.866949e+00 5.581073e+00
         vertex 1.303015e+01 3.500000e+00 5.528990e+00
         vertex 1.303015e+01 3.852330e+00 5.498165e+00
      endloop
   endfacet
   facet normal 9.056875e-01 1.097249e-01 4.095003e-01
      outer loop
         vertex 1.303015e+01 3.852330e+00 5.498165e+00
         vertex 1.306699e+01 3.838614e+00 5.420376e+00
         vertex 1.303015e+01 4.193956e+00 5.406627e+00
      endloop
   endfacet
   facet normal 9.056883e-01 1.097249e-01 4.094986e-01
      outer loop
         vertex 1.303015e+01 4.193956e+00 5.406627e+00
         vertex 1.306699e+01 3.838614e+00 5.420376e+00
         vertex 1.306699e+01 4.166939e+00 5.332401e+00
      endloop
   endfacet
   facet normal 9.056883e-01 1.791673e-01 3.842237e-01
      outer loop
         vertex 1.303015e+01 4.193956e+00 5.406627e+00
         vertex 1.306699e+01 4.166939e+00 5.332401e+00
         vertex 1.303015e+01 4.514495e+00 5.257157e+00
      endloop
   endfacet
   facet normal 9.056867e-01 1.791679e-01 3.842271e-01
      outer loop
         vertex 1.303015e+01 4.514495e+00 5.257157e+00
         vertex 1.306699e+01 4.166939e+00 5.332401e+00
         vertex 1.306699e+01 4.475000e+00 5.188750e+00
      endloop
   endfacet
   facet normal 9.056868e-01 2.431657e-01 3.472777e-01
      outer loop
         vertex 1.303015e+01 4.514495e+00 5.257157e+00
         vertex 1.306699e+01 4.475000e+00 5.188750e+00
         vertex 1.303015e+01 4.804210e+00 5.054297e+00
      endloop
   endfacet
   facet normal 9.056882e-01 2.431647e-01 3.472749e-01
      outer loop
         vertex 1.303015e+01 4.804210e+00 5.054297e+00
         vertex 1.306699e+01 4.475000e+00 5.188750e+00
         vertex 1.306699e+01 4.753436e+00 4.993787e+00
      endloop
   endfacet
   facet normal 9.056881e-01 2.997742e-01 2.997739e-01
      outer loop
         vertex 1.303015e+01 4.804210e+00 5.054297e+00
         vertex 1.306699e+01 4.753436e+00 4.993787e+00
         vertex 1.303015e+01 5.054297e+00 4.804210e+00
      endloop
   endfacet
   facet normal 9.056882e-01 2.997742e-01 2.997739e-01
      outer loop
         vertex 1.303015e+01 5.054297e+00 4.804210e+00
         vertex 1.306699e+01 4.753436e+00 4.993787e+00
         vertex 1.306699e+01 4.993787e+00 4.753436e+00
      endloop
   endfacet
   facet normal 9.056881e-01 3.472752e-01 2.431645e-01
      outer loop
         vertex 1.303015e+01 5.054297e+00 4.804210e+00
         vertex 1.306699e+01 4.993787e+00 4.753436e+00
         vertex 1.303015e+01 5.257157e+00 4.514495e+00
      endloop
   endfacet
   facet normal 9.056876e-01 3.472760e-01 2.431654e-01
      outer loop
         vertex 1.303015e+01 5.257157e+00 4.514495e+00
         vertex 1.306699e+01 4.993787e+00 4.753436e+00
         vertex 1.306699e+01 5.188750e+00 4.475000e+00
      endloop
   endfacet
   facet normal 9.056877e-01 3.842250e-01 1.791674e-01
      outer loop
         vertex 1.303015e+01 5.257157e+00 4.514495e+00
         vertex 1.306699e+01 5.188750e+00 4.475000e+00
         vertex 1.303015e+01 5.406627e+00 4.193956e+00
      endloop
   endfacet
   facet normal 9.056886e-01 3.842234e-01 1.791661e-01
      outer loop
         vertex 1.303015e+01 5.406627e+00 4.193956e+00
         vertex 1.306699e+01 5.188750e+00 4.475000e+00
         vertex 1.306699e+01 5.332401e+00 4.166939e+00
      endloop
   endfacet
   facet normal 9.056884e-01 4.094984e-01 1.097247e-01
      outer loop
         vertex 1.303015e+01 5.406627e+00 4.193956e+00
         vertex 1.306699e+01 5.332401e+00 4.166939e+00
         vertex 1.303015e+01 5.498165e+00 3.852331e+00
      endloop
   endfacet
   facet normal 9.056878e-01 4.094996e-01 1.097254e-01
      outer loop
         vertex 1.303015e+01 5.498165e+00 3.852331e+00
         vertex 1.306699e+01 5.332401e+00 4.166939e+00
         vertex 1.306699e+01 5.420375e+00 3.838615e+00
      endloop
   endfacet
   facet normal 9.056878e-01 4.223321e-01 3.694926e-02
      outer loop
         vertex 1.303015e+01 5.498165e+00 3.852331e+00
         vertex 1.306699e+01 5.420375e+00 3.838615e+00
         vertex 1.303015e+01 5.528990e+00 3.500001e+00
      endloop
   endfacet
   facet normal 9.056880e-01 4.223317e-01 3.694912e-02
      outer loop
         vertex 1.303015e+01 5.528990e+00 3.500001e+00
         vertex 1.306699e+01 5.420375e+00 3.838615e+00
         vertex 1.306699e+01 5.450000e+00 3.500001e+00
      endloop
   endfacet
   facet normal 9.056880e-01 4.223317e-01 -3.694922e-02
      outer loop
         vertex 1.303015e+01 5.528990e+00 3.500001e+00
         vertex 1.306699e+01 5.450000e+00 3.500001e+00
         vertex 1.303015e+01 5.498165e+00 3.147670e+00
      endloop
   endfacet
   facet normal 9.056878e-01 4.223321e-01 -3.694915e-02
      outer loop
         vertex 1.303015e+01 5.498165e+00 3.147670e+00
         vertex 1.306699e+01 5.450000e+00 3.500001e+00
         vertex 1.306699e+01 5.420375e+00 3.161387e+00
      endloop
   endfacet
   facet normal 9.056878e-01 4.094997e-01 -1.097250e-01
      outer loop
         vertex 1.303015e+01 5.498165e+00 3.147670e+00
         vertex 1.306699e+01 5.420375e+00 3.161387e+00
         vertex 1.303015e+01 5.406627e+00 2.806045e+00
      endloop
   endfacet
   facet normal 9.056879e-01 4.094994e-01 -1.097250e-01
      outer loop
         vertex 1.303015e+01 5.406627e+00 2.806045e+00
         vertex 1.306699e+01 5.420375e+00 3.161387e+00
         vertex 1.306699e+01 5.332401e+00 2.833061e+00
      endloop
   endfacet
   facet normal 9.056878e-01 3.842251e-01 -1.791665e-01
      outer loop
         vertex 1.303015e+01 5.406627e+00 2.806045e+00
         vertex 1.306699e+01 5.332401e+00 2.833061e+00
         vertex 1.303015e+01 5.257157e+00 2.485504e+00
      endloop
   endfacet
   facet normal 9.056885e-01 3.842236e-01 -1.791662e-01
      outer loop
         vertex 1.303015e+01 5.257157e+00 2.485504e+00
         vertex 1.306699e+01 5.332401e+00 2.833061e+00
         vertex 1.306699e+01 5.188750e+00 2.525000e+00
      endloop
   endfacet
   facet normal 9.056887e-01 3.472739e-01 -2.431643e-01
      outer loop
         vertex 1.303015e+01 5.257157e+00 2.485504e+00
         vertex 1.306699e+01 5.188750e+00 2.525000e+00
         vertex 1.303015e+01 5.054297e+00 2.195790e+00
      endloop
   endfacet
   facet normal 9.056881e-01 3.472750e-01 -2.431647e-01
      outer loop
         vertex 1.303015e+01 5.054297e+00 2.195790e+00
         vertex 1.306699e+01 5.188750e+00 2.525000e+00
         vertex 1.306699e+01 4.993787e+00 2.246564e+00
      endloop
   endfacet
   facet normal 9.056881e-01 2.997737e-01 -2.997745e-01
      outer loop
         vertex 1.303015e+01 5.054297e+00 2.195790e+00
         vertex 1.306699e+01 4.993787e+00 2.246564e+00
         vertex 1.303015e+01 4.804210e+00 1.945704e+00
      endloop
   endfacet
   facet normal 9.056882e-01 2.997736e-01 -2.997745e-01
      outer loop
         vertex 1.303015e+01 4.804210e+00 1.945704e+00
         vertex 1.306699e+01 4.993787e+00 2.246564e+00
         vertex 1.306699e+01 4.753436e+00 2.006214e+00
      endloop
   endfacet
   facet normal 9.056882e-01 2.431648e-01 -3.472748e-01
      outer loop
         vertex 1.303015e+01 4.804210e+00 1.945704e+00
         vertex 1.306699e+01 4.753436e+00 2.006214e+00
         vertex 1.303015e+01 4.514495e+00 1.742844e+00
      endloop
   endfacet
   facet normal 9.056884e-01 2.431645e-01 -3.472745e-01
      outer loop
         vertex 1.303015e+01 4.514495e+00 1.742844e+00
         vertex 1.306699e+01 4.753436e+00 2.006214e+00
         vertex 1.306699e+01 4.475000e+00 1.811251e+00
      endloop
   endfacet
   facet normal 9.056884e-01 1.791663e-01 -3.842238e-01
      outer loop
         vertex 1.303015e+01 4.514495e+00 1.742844e+00
         vertex 1.306699e+01 4.475000e+00 1.811251e+00
         vertex 1.303015e+01 4.193956e+00 1.593374e+00
      endloop
   endfacet
   facet normal 9.056883e-01 1.791664e-01 -3.842240e-01
      outer loop
         vertex 1.303015e+01 4.193956e+00 1.593374e+00
         vertex 1.306699e+01 4.475000e+00 1.811251e+00
         vertex 1.306699e+01 4.166939e+00 1.667600e+00
      endloop
   endfacet
   facet normal 9.056883e-01 1.097245e-01 -4.094988e-01
      outer loop
         vertex 1.303015e+01 4.193956e+00 1.593374e+00
         vertex 1.306699e+01 4.166939e+00 1.667600e+00
         vertex 1.303015e+01 3.852330e+00 1.501836e+00
      endloop
   endfacet
   facet normal 9.056875e-01 1.097254e-01 -4.095002e-01
      outer loop
         vertex 1.303015e+01 3.852330e+00 1.501836e+00
         vertex 1.306699e+01 4.166939e+00 1.667600e+00
         vertex 1.306699e+01 3.838614e+00 1.579626e+00
      endloop
   endfacet
   facet normal 9.056875e-01 3.694932e-02 -4.223326e-01
      outer loop
         vertex 1.303015e+01 3.852330e+00 1.501836e+00
         vertex 1.306699e+01 3.838614e+00 1.579626e+00
         vertex 1.303015e+01 3.500000e+00 1.471011e+00
      endloop
   endfacet
   facet normal 9.056865e-01 3.695011e-02 -4.223348e-01
      outer loop
         vertex 1.303015e+01 3.500000e+00 1.471011e+00
         vertex 1.306699e+01 3.838614e+00 1.579626e+00
         vertex 1.306699e+01 3.500000e+00 1.550000e+00
      endloop
   endfacet
   facet normal 9.056865e-01 -3.694950e-02 -4.223348e-01
      outer loop
         vertex 1.303015e+01 3.500000e+00 1.471011e+00
         vertex 1.306699e+01 3.500000e+00 1.550000e+00
         vertex 1.303015e+01 3.147670e+00 1.501836e+00
      endloop
   endfacet
   facet normal 9.056875e-01 -3.694992e-02 -4.223325e-01
      outer loop
         vertex 1.303015e+01 3.147670e+00 1.501836e+00
         vertex 1.306699e+01 3.500000e+00 1.550000e+00
         vertex 1.306699e+01 3.161386e+00 1.579626e+00
      endloop
   endfacet
   facet normal 9.056875e-01 -1.097249e-01 -4.095003e-01
      outer loop
         vertex 1.303015e+01 3.147670e+00 1.501836e+00
         vertex 1.306699e+01 3.161386e+00 1.579626e+00
         vertex 1.303015e+01 2.806045e+00 1.593374e+00
      endloop
   endfacet
   facet normal 9.056883e-01 -1.097249e-01 -4.094986e-01
      outer loop
         vertex 1.303015e+01 2.806045e+00 1.593374e+00
         vertex 1.306699e+01 3.161386e+00 1.579626e+00
         vertex 1.306699e+01 2.833061e+00 1.667600e+00
      endloop
   endfacet
   facet normal 9.056883e-01 -1.791664e-01 -3.842241e-01
      outer loop
         vertex 1.303015e+01 2.806045e+00 1.593374e+00
         vertex 1.306699e+01 2.833061e+00 1.667600e+00
         vertex 1.303015e+01 2.485505e+00 1.742844e+00
      endloop
   endfacet
   facet normal 9.056884e-01 -1.791663e-01 -3.842238e-01
      outer loop
         vertex 1.303015e+01 2.485505e+00 1.742844e+00
         vertex 1.306699e+01 2.833061e+00 1.667600e+00
         vertex 1.306699e+01 2.525000e+00 1.811251e+00
      endloop
   endfacet
   facet normal 9.056884e-01 -2.431646e-01 -3.472745e-01
      outer loop
         vertex 1.303015e+01 2.485505e+00 1.742844e+00
         vertex 1.306699e+01 2.525000e+00 1.811251e+00
         vertex 1.303015e+01 2.195791e+00 1.945704e+00
      endloop
   endfacet
   facet normal 9.056882e-01 -2.431647e-01 -3.472749e-01
      outer loop
         vertex 1.303015e+01 2.195791e+00 1.945704e+00
         vertex 1.306699e+01 2.525000e+00 1.811251e+00
         vertex 1.306699e+01 2.246564e+00 2.006214e+00
      endloop
   endfacet
   facet normal 9.056882e-01 -2.997736e-01 -2.997745e-01
      outer loop
         vertex 1.303015e+01 2.195791e+00 1.945704e+00
         vertex 1.306699e+01 2.246564e+00 2.006214e+00
         vertex 1.303015e+01 1.945704e+00 2.195790e+00
      endloop
   endfacet
   facet normal 9.056881e-01 -2.997737e-01 -2.997745e-01
      outer loop
         vertex 1.303015e+01 1.945704e+00 2.195790e+00
         vertex 1.306699e+01 2.246564e+00 2.006214e+00
         vertex 1.306699e+01 2.006213e+00 2.246564e+00
      endloop
   endfacet
   facet normal 9.056881e-01 -3.472748e-01 -2.431650e-01
      outer loop
         vertex 1.303015e+01 1.945704e+00 2.195790e+00
         vertex 1.306699e+01 2.006213e+00 2.246564e+00
         vertex 1.303015e+01 1.742843e+00 2.485504e+00
      endloop
   endfacet
   facet normal 9.056887e-01 -3.472741e-01 -2.431640e-01
      outer loop
         vertex 1.303015e+01 1.742843e+00 2.485504e+00
         vertex 1.306699e+01 2.006213e+00 2.246564e+00
         vertex 1.306699e+01 1.811251e+00 2.525000e+00
      endloop
   endfacet
   facet normal 9.056885e-01 -3.842238e-01 -1.791659e-01
      outer loop
         vertex 1.303015e+01 1.742843e+00 2.485504e+00
         vertex 1.306699e+01 1.811251e+00 2.525000e+00
         vertex 1.303015e+01 1.593373e+00 2.806045e+00
      endloop
   endfacet
   facet normal 9.056878e-01 -3.842250e-01 -1.791668e-01
      outer loop
         vertex 1.303015e+01 1.593373e+00 2.806045e+00
         vertex 1.306699e+01 1.811251e+00 2.525000e+00
         vertex 1.306699e+01 1.667600e+00 2.833061e+00
      endloop
   endfacet
   facet normal 9.056879e-01 -4.094995e-01 -1.097250e-01
      outer loop
         vertex 1.303015e+01 1.593373e+00 2.806045e+00
         vertex 1.306699e+01 1.667600e+00 2.833061e+00
         vertex 1.303015e+01 1.501835e+00 3.147670e+00
      endloop
   endfacet
   facet normal 9.056878e-01 -4.094997e-01 -1.097251e-01
      outer loop
         vertex 1.303015e+01 1.501835e+00 3.147670e+00
         vertex 1.306699e+01 1.667600e+00 2.833061e+00
         vertex 1.306699e+01 1.579625e+00 3.161387e+00
      endloop
   endfacet
   facet normal 9.056878e-01 -4.223321e-01 -3.694926e-02
      outer loop
         vertex 1.303015e+01 1.501835e+00 3.147670e+00
         vertex 1.306699e+01 1.579625e+00 3.161387e+00
         vertex 1.303015e+01 1.471010e+00 3.500001e+00
      endloop
   endfacet
   facet normal 9.056880e-01 -4.223317e-01 -3.694912e-02
      outer loop
         vertex 1.303015e+01 1.471010e+00 3.500001e+00
         vertex 1.306699e+01 1.579625e+00 3.161387e+00
         vertex 1.306699e+01 1.550000e+00 3.500001e+00
      endloop
   endfacet
   facet normal 9.056880e-01 -4.223317e-01 3.694922e-02
      outer loop
         vertex 1.303015e+01 1.471010e+00 3.500001e+00
         vertex 1.306699e+01 1.550000e+00 3.500001e+00
         vertex 1.303015e+01 1.501835e+00 3.852331e+00
      endloop
   endfacet
   facet normal 9.056878e-01 -4.223321e-01 3.694915e-02
      outer loop
         vertex 1.303015e+01 1.501835e+00 3.852331e+00
         vertex 1.306699e+01 1.550000e+00 3.500001e+00
         vertex 1.306699e+01 1.579625e+00 3.838615e+00
      endloop
   endfacet
   facet normal 9.056878e-01 -4.094997e-01 1.097250e-01
      outer loop
         vertex 1.303015e+01 1.501835e+00 3.852331e+00
         vertex 1.306699e+01 1.579625e+00 3.838615e+00
         vertex 1.303015e+01 1.593373e+00 4.193956e+00
      endloop
   endfacet
   facet normal 9.056884e-01 -4.094983e-01 1.097250e-01
      outer loop
         vertex 1.303015e+01 1.593373e+00 4.193956e+00
         vertex 1.306699e+01 1.579625e+00 3.838615e+00
         vertex 1.306699e+01 1.667600e+00 4.166939e+00
      endloop
   endfacet
   facet normal 9.056886e-01 -3.842232e-01 1.791666e-01
      outer loop
         vertex 1.303015e+01 1.593373e+00 4.193956e+00
         vertex 1.306699e+01 1.667600e+00 4.166939e+00
         vertex 1.303015e+01 1.742843e+00 4.514495e+00
      endloop
   endfacet
   facet normal 9.056877e-01 -3.842252e-01 1.791669e-01
      outer loop
         vertex 1.303015e+01 1.742843e+00 4.514495e+00
         vertex 1.306699e+01 1.667600e+00 4.166939e+00
         vertex 1.306699e+01 1.811251e+00 4.475000e+00
      endloop
   endfacet
   facet normal 9.056876e-01 -3.472762e-01 2.431651e-01
      outer loop
         vertex 1.303015e+01 1.742843e+00 4.514495e+00
         vertex 1.306699e+01 1.811251e+00 4.475000e+00
         vertex 1.303015e+01 1.945704e+00 4.804210e+00
      endloop
   endfacet
   facet normal 9.056881e-01 -3.472750e-01 2.431647e-01
      outer loop
         vertex 1.303015e+01 1.945704e+00 4.804210e+00
         vertex 1.306699e+01 1.811251e+00 4.475000e+00
         vertex 1.306699e+01 2.006213e+00 4.753436e+00
      endloop
   endfacet
   facet normal 9.056882e-01 -2.997742e-01 2.997739e-01
      outer loop
         vertex 1.303015e+01 1.945704e+00 4.804210e+00
         vertex 1.306699e+01 2.006213e+00 4.753436e+00
         vertex 1.303015e+01 2.195791e+00 5.054297e+00
      endloop
   endfacet
   facet normal 9.056881e-01 -2.997742e-01 2.997739e-01
      outer loop
         vertex 1.303015e+01 2.195791e+00 5.054297e+00
         vertex 1.306699e+01 2.006213e+00 4.753436e+00
         vertex 1.306699e+01 2.246564e+00 4.993787e+00
      endloop
   endfacet
   facet normal 9.056882e-01 -2.431641e-01 3.472754e-01
      outer loop
         vertex 1.303015e+01 2.195791e+00 5.054297e+00
         vertex 1.306699e+01 2.246564e+00 4.993787e+00
         vertex 1.303015e+01 2.485505e+00 5.257157e+00
      endloop
   endfacet
   facet normal 9.056868e-01 -2.431664e-01 3.472773e-01
      outer loop
         vertex 1.303015e+01 2.485505e+00 5.257157e+00
         vertex 1.306699e+01 2.246564e+00 4.993787e+00
         vertex 1.306699e+01 2.525000e+00 5.188750e+00
      endloop
   endfacet
   facet normal 9.056867e-01 -1.791687e-01 3.842267e-01
      outer loop
         vertex 1.303015e+01 2.485505e+00 5.257157e+00
         vertex 1.306699e+01 2.525000e+00 5.188750e+00
         vertex 1.303015e+01 2.806045e+00 5.406627e+00
      endloop
   endfacet
   facet normal 9.056883e-01 -1.791664e-01 3.842240e-01
      outer loop
         vertex 1.303015e+01 2.806045e+00 5.406627e+00
         vertex 1.306699e+01 2.525000e+00 5.188750e+00
         vertex 1.306699e+01 2.833061e+00 5.332401e+00
      endloop
   endfacet
   facet normal 9.056883e-01 -1.097245e-01 4.094988e-01
      outer loop
         vertex 1.303015e+01 2.806045e+00 5.406627e+00
         vertex 1.306699e+01 2.833061e+00 5.332401e+00
         vertex 1.303015e+01 3.147670e+00 5.498165e+00
      endloop
   endfacet
   facet normal 9.056875e-01 -1.097254e-01 4.095002e-01
      outer loop
         vertex 1.303015e+01 3.147670e+00 5.498165e+00
         vertex 1.306699e+01 2.833061e+00 5.332401e+00
         vertex 1.306699e+01 3.161386e+00 5.420376e+00
      endloop
   endfacet
   facet normal 9.056875e-01 -3.694932e-02 4.223326e-01
      outer loop
         vertex 1.303015e+01 3.147670e+00 5.498165e+00
         vertex 1.306699e+01 3.161386e+00 5.420376e+00
         vertex 1.303015e+01 3.500000e+00 5.528990e+00
      endloop
   endfacet
   facet normal 9.056885e-01 -3.694860e-02 4.223307e-01
      outer loop
         vertex 1.303015e+01 3.500000e+00 5.528990e+00
         vertex 1.306699e+01 3.161386e+00 5.420376e+00
         vertex 1.306699e+01 3.500000e+00 5.450000e+00
      endloop
   endfacet
   facet normal 9.056884e-01 3.694915e-02 4.223307e-01
      outer loop
         vertex 1.303015e+01 3.500000e+00 5.528990e+00
         vertex 1.306699e+01 3.500000e+00 5.450000e+00
         vertex 1.303015e+01 3.852330e+00 5.498165e+00
      endloop
   endfacet
   facet normal 9.056875e-01 3.694877e-02 4.223327e-01
      outer loop
         vertex 1.303015e+01 3.852330e+00 5.498165e+00
         vertex 1.306699e+01 3.500000e+00 5.450000e+00
         vertex 1.306699e+01 3.838614e+00 5.420376e+00
      endloop
   endfacet
   facet normal 8.181223e-01 1.488325e-01 5.554501e-01
      outer loop
         vertex 1.306699e+01 3.838614e+00 5.420376e+00
         vertex 1.311698e+01 3.826217e+00 5.350066e+00
         vertex 1.306699e+01 4.166939e+00 5.332401e+00
      endloop
   endfacet
   facet normal 8.181239e-01 1.488327e-01 5.554476e-01
      outer loop
         vertex 1.306699e+01 4.166939e+00 5.332401e+00
         vertex 1.311698e+01 3.826217e+00 5.350066e+00
         vertex 1.311698e+01 4.142521e+00 5.265312e+00
      endloop
   endfacet
   facet normal 8.181238e-01 2.430231e-01 5.211652e-01
      outer loop
         vertex 1.306699e+01 4.166939e+00 5.332401e+00
         vertex 1.311698e+01 4.142521e+00 5.265312e+00
         vertex 1.306699e+01 4.475000e+00 5.188750e+00
      endloop
   endfacet
   facet normal 8.181244e-01 2.430230e-01 5.211643e-01
      outer loop
         vertex 1.306699e+01 4.475000e+00 5.188750e+00
         vertex 1.311698e+01 4.142521e+00 5.265312e+00
         vertex 1.311698e+01 4.439303e+00 5.126921e+00
      endloop
   endfacet
   facet normal 8.181242e-01 3.298305e-01 4.710464e-01
      outer loop
         vertex 1.306699e+01 4.475000e+00 5.188750e+00
         vertex 1.311698e+01 4.439303e+00 5.126921e+00
         vertex 1.306699e+01 4.753436e+00 4.993787e+00
      endloop
   endfacet
   facet normal 8.181224e-01 3.298313e-01 4.710489e-01
      outer loop
         vertex 1.306699e+01 4.753436e+00 4.993787e+00
         vertex 1.311698e+01 4.439303e+00 5.126921e+00
         vertex 1.311698e+01 4.707545e+00 4.939096e+00
      endloop
   endfacet
   facet normal 8.181223e-01 4.066179e-01 4.066175e-01
      outer loop
         vertex 1.306699e+01 4.753436e+00 4.993787e+00
         vertex 1.311698e+01 4.707545e+00 4.939096e+00
         vertex 1.306699e+01 4.993787e+00 4.753436e+00
      endloop
   endfacet
   facet normal 8.181217e-01 4.066183e-01 4.066183e-01
      outer loop
         vertex 1.306699e+01 4.993787e+00 4.753436e+00
         vertex 1.311698e+01 4.707545e+00 4.939096e+00
         vertex 1.311698e+01 4.939096e+00 4.707545e+00
      endloop
   endfacet
   facet normal 8.181218e-01 4.710492e-01 3.298324e-01
      outer loop
         vertex 1.306699e+01 4.993787e+00 4.753436e+00
         vertex 1.311698e+01 4.939096e+00 4.707545e+00
         vertex 1.306699e+01 5.188750e+00 4.475000e+00
      endloop
   endfacet
   facet normal 8.181215e-01 4.710495e-01 3.298327e-01
      outer loop
         vertex 1.306699e+01 5.188750e+00 4.475000e+00
         vertex 1.311698e+01 4.939096e+00 4.707545e+00
         vertex 1.311698e+01 5.126921e+00 4.439304e+00
      endloop
   endfacet
   facet normal 8.181216e-01 5.211681e-01 2.430244e-01
      outer loop
         vertex 1.306699e+01 5.188750e+00 4.475000e+00
         vertex 1.311698e+01 5.126921e+00 4.439304e+00
         vertex 1.306699e+01 5.332401e+00 4.166939e+00
      endloop
   endfacet
   facet normal 8.181221e-01 5.211675e-01 2.430239e-01
      outer loop
         vertex 1.306699e+01 5.332401e+00 4.166939e+00
         vertex 1.311698e+01 5.126921e+00 4.439304e+00
         vertex 1.311698e+01 5.265313e+00 4.142521e+00
      endloop
   endfacet
   facet normal 8.181220e-01 5.554505e-01 1.488329e-01
      outer loop
         vertex 1.306699e+01 5.332401e+00 4.166939e+00
         vertex 1.311698e+01 5.265313e+00 4.142521e+00
         vertex 1.306699e+01 5.420375e+00 3.838615e+00
      endloop
   endfacet
   facet normal 8.181226e-01 5.554496e-01 1.488324e-01
      outer loop
         vertex 1.306699e+01 5.420375e+00 3.838615e+00
         vertex 1.311698e+01 5.265313e+00 4.142521e+00
         vertex 1.311698e+01 5.350066e+00 3.826217e+00
      endloop
   endfacet
   facet normal 8.181224e-01 5.728559e-01 5.011823e-02
      outer loop
         vertex 1.306699e+01 5.420375e+00 3.838615e+00
         vertex 1.311698e+01 5.350066e+00 3.826217e+00
         vertex 1.306699e+01 5.450000e+00 3.500001e+00
      endloop
   endfacet
   facet normal 8.181219e-01 5.728566e-01 5.011853e-02
      outer loop
         vertex 1.306699e+01 5.450000e+00 3.500001e+00
         vertex 1.311698e+01 5.350066e+00 3.826217e+00
         vertex 1.311698e+01 5.378606e+00 3.500001e+00
      endloop
   endfacet
   facet normal 8.181219e-01 5.728566e-01 -5.011830e-02
      outer loop
         vertex 1.306699e+01 5.450000e+00 3.500001e+00
         vertex 1.311698e+01 5.378606e+00 3.500001e+00
         vertex 1.306699e+01 5.420375e+00 3.161387e+00
      endloop
   endfacet
   facet normal 8.181221e-01 5.728563e-01 -5.011837e-02
      outer loop
         vertex 1.306699e+01 5.420375e+00 3.161387e+00
         vertex 1.311698e+01 5.378606e+00 3.500001e+00
         vertex 1.311698e+01 5.350066e+00 3.173783e+00
      endloop
   endfacet
   facet normal 8.181217e-01 5.554509e-01 -1.488326e-01
      outer loop
         vertex 1.306699e+01 5.420375e+00 3.161387e+00
         vertex 1.311698e+01 5.350066e+00 3.173783e+00
         vertex 1.306699e+01 5.332401e+00 2.833061e+00
      endloop
   endfacet
   facet normal 8.181210e-01 5.554520e-01 -1.488326e-01
      outer loop
         vertex 1.306699e+01 5.332401e+00 2.833061e+00
         vertex 1.311698e+01 5.350066e+00 3.173783e+00
         vertex 1.311698e+01 5.265313e+00 2.857478e+00
      endloop
   endfacet
   facet normal 8.181206e-01 5.211694e-01 -2.430250e-01
      outer loop
         vertex 1.306699e+01 5.332401e+00 2.833061e+00
         vertex 1.311698e+01 5.265313e+00 2.857478e+00
         vertex 1.306699e+01 5.188750e+00 2.525000e+00
      endloop
   endfacet
   facet normal 8.181232e-01 5.211656e-01 -2.430245e-01
      outer loop
         vertex 1.306699e+01 5.188750e+00 2.525000e+00
         vertex 1.311698e+01 5.265313e+00 2.857478e+00
         vertex 1.311698e+01 5.126921e+00 2.560697e+00
      endloop
   endfacet
   facet normal 8.181235e-01 4.710472e-01 -3.298309e-01
      outer loop
         vertex 1.306699e+01 5.188750e+00 2.525000e+00
         vertex 1.311698e+01 5.126921e+00 2.560697e+00
         vertex 1.306699e+01 4.993787e+00 2.246564e+00
      endloop
   endfacet
   facet normal 8.181238e-01 4.710467e-01 -3.298308e-01
      outer loop
         vertex 1.306699e+01 4.993787e+00 2.246564e+00
         vertex 1.311698e+01 5.126921e+00 2.560697e+00
         vertex 1.311698e+01 4.939096e+00 2.292456e+00
      endloop
   endfacet
   facet normal 8.181242e-01 4.066152e-01 -4.066164e-01
      outer loop
         vertex 1.306699e+01 4.993787e+00 2.246564e+00
         vertex 1.311698e+01 4.939096e+00 2.292456e+00
         vertex 1.306699e+01 4.753436e+00 2.006214e+00
      endloop
   endfacet
   facet normal 8.181223e-01 4.066177e-01 -4.066177e-01
      outer loop
         vertex 1.306699e+01 4.753436e+00 2.006214e+00
         vertex 1.311698e+01 4.939096e+00 2.292456e+00
         vertex 1.311698e+01 4.707545e+00 2.060905e+00
      endloop
   endfacet
   facet normal 8.181224e-01 3.298319e-01 -4.710484e-01
      outer loop
         vertex 1.306699e+01 4.753436e+00 2.006214e+00
         vertex 1.311698e+01 4.707545e+00 2.060905e+00
         vertex 1.306699e+01 4.475000e+00 1.811251e+00
      endloop
   endfacet
   facet normal 8.181213e-01 3.298333e-01 -4.710495e-01
      outer loop
         vertex 1.306699e+01 4.475000e+00 1.811251e+00
         vertex 1.311698e+01 4.707545e+00 2.060905e+00
         vertex 1.311698e+01 4.439303e+00 1.873080e+00
      endloop
   endfacet
   facet normal 8.181212e-01 2.430247e-01 -5.211686e-01
      outer loop
         vertex 1.306699e+01 4.475000e+00 1.811251e+00
         vertex 1.311698e+01 4.439303e+00 1.873080e+00
         vertex 1.306699e+01 4.166939e+00 1.667600e+00
      endloop
   endfacet
   facet normal 8.181173e-01 2.430286e-01 -5.211728e-01
      outer loop
         vertex 1.306699e+01 4.166939e+00 1.667600e+00
         vertex 1.311698e+01 4.439303e+00 1.873080e+00
         vertex 1.311698e+01 4.142521e+00 1.734687e+00
      endloop
   endfacet
   facet normal 8.181171e-01 1.488345e-01 -5.554572e-01
      outer loop
         vertex 1.306699e+01 4.166939e+00 1.667600e+00
         vertex 1.311698e+01 4.142521e+00 1.734687e+00
         vertex 1.306699e+01 3.838614e+00 1.579626e+00
      endloop
   endfacet
   facet normal 8.181224e-01 1.488302e-01 -5.554506e-01
      outer loop
         vertex 1.306699e+01 3.838614e+00 1.579626e+00
         vertex 1.311698e+01 4.142521e+00 1.734687e+00
         vertex 1.311698e+01 3.826217e+00 1.649935e+00
      endloop
   endfacet
   facet normal 8.181223e-01 5.011922e-02 -5.728559e-01
      outer loop
         vertex 1.306699e+01 3.838614e+00 1.579626e+00
         vertex 1.311698e+01 3.826217e+00 1.649935e+00
         vertex 1.306699e+01 3.500000e+00 1.550000e+00
      endloop
   endfacet
   facet normal 8.181201e-01 5.012054e-02 -5.728591e-01
      outer loop
         vertex 1.306699e+01 3.500000e+00 1.550000e+00
         vertex 1.311698e+01 3.826217e+00 1.649935e+00
         vertex 1.311698e+01 3.500000e+00 1.621393e+00
      endloop
   endfacet
   facet normal 8.181201e-01 -5.011950e-02 -5.728591e-01
      outer loop
         vertex 1.306699e+01 3.500000e+00 1.550000e+00
         vertex 1.311698e+01 3.500000e+00 1.621393e+00
         vertex 1.306699e+01 3.161386e+00 1.579626e+00
      endloop
   endfacet
   facet normal 8.181224e-01 -5.012025e-02 -5.728558e-01
      outer loop
         vertex 1.306699e+01 3.161386e+00 1.579626e+00
         vertex 1.311698e+01 3.500000e+00 1.621393e+00
         vertex 1.311698e+01 3.173784e+00 1.649935e+00
      endloop
   endfacet
   facet normal 8.181223e-01 -1.488325e-01 -5.554501e-01
      outer loop
         vertex 1.306699e+01 3.161386e+00 1.579626e+00
         vertex 1.311698e+01 3.173784e+00 1.649935e+00
         vertex 1.306699e+01 2.833061e+00 1.667600e+00
      endloop
   endfacet
   facet normal 8.181170e-01 -1.488322e-01 -5.554580e-01
      outer loop
         vertex 1.306699e+01 2.833061e+00 1.667600e+00
         vertex 1.311698e+01 3.173784e+00 1.649935e+00
         vertex 1.311698e+01 2.857479e+00 1.734687e+00
      endloop
   endfacet
   facet normal 8.181174e-01 -2.430270e-01 -5.211735e-01
      outer loop
         vertex 1.306699e+01 2.833061e+00 1.667600e+00
         vertex 1.311698e+01 2.857479e+00 1.734687e+00
         vertex 1.306699e+01 2.525000e+00 1.811251e+00
      endloop
   endfacet
   facet normal 8.181213e-01 -2.430262e-01 -5.211677e-01
      outer loop
         vertex 1.306699e+01 2.525000e+00 1.811251e+00
         vertex 1.311698e+01 2.857479e+00 1.734687e+00
         vertex 1.311698e+01 2.560697e+00 1.873080e+00
      endloop
   endfacet
   facet normal 8.181213e-01 -3.298329e-01 -4.710497e-01
      outer loop
         vertex 1.306699e+01 2.525000e+00 1.811251e+00
         vertex 1.311698e+01 2.560697e+00 1.873080e+00
         vertex 1.306699e+01 2.246564e+00 2.006214e+00
      endloop
   endfacet
   facet normal 8.181224e-01 -3.298323e-01 -4.710481e-01
      outer loop
         vertex 1.306699e+01 2.246564e+00 2.006214e+00
         vertex 1.311698e+01 2.560697e+00 1.873080e+00
         vertex 1.311698e+01 2.292455e+00 2.060905e+00
      endloop
   endfacet
   facet normal 8.181224e-01 -4.066170e-01 -4.066182e-01
      outer loop
         vertex 1.306699e+01 2.246564e+00 2.006214e+00
         vertex 1.311698e+01 2.292455e+00 2.060905e+00
         vertex 1.306699e+01 2.006213e+00 2.246564e+00
      endloop
   endfacet
   facet normal 8.181242e-01 -4.066158e-01 -4.066158e-01
      outer loop
         vertex 1.306699e+01 2.006213e+00 2.246564e+00
         vertex 1.311698e+01 2.292455e+00 2.060905e+00
         vertex 1.311698e+01 2.060904e+00 2.292456e+00
      endloop
   endfacet
   facet normal 8.181238e-01 -4.710468e-01 -3.298307e-01
      outer loop
         vertex 1.306699e+01 2.006213e+00 2.246564e+00
         vertex 1.311698e+01 2.060904e+00 2.292456e+00
         vertex 1.306699e+01 1.811251e+00 2.525000e+00
      endloop
   endfacet
   facet normal 8.181235e-01 -4.710471e-01 -3.298311e-01
      outer loop
         vertex 1.306699e+01 1.811251e+00 2.525000e+00
         vertex 1.311698e+01 2.060904e+00 2.292456e+00
         vertex 1.311698e+01 1.873079e+00 2.560697e+00
      endloop
   endfacet
   facet normal 8.181231e-01 -5.211661e-01 -2.430235e-01
      outer loop
         vertex 1.306699e+01 1.811251e+00 2.525000e+00
         vertex 1.311698e+01 1.873079e+00 2.560697e+00
         vertex 1.306699e+01 1.667600e+00 2.833061e+00
      endloop
   endfacet
   facet normal 8.181206e-01 -5.211689e-01 -2.430261e-01
      outer loop
         vertex 1.306699e+01 1.667600e+00 2.833061e+00
         vertex 1.311698e+01 1.873079e+00 2.560697e+00
         vertex 1.311698e+01 1.734688e+00 2.857478e+00
      endloop
   endfacet
   facet normal 8.181210e-01 -5.554519e-01 -1.488329e-01
      outer loop
         vertex 1.306699e+01 1.667600e+00 2.833061e+00
         vertex 1.311698e+01 1.734688e+00 2.857478e+00
         vertex 1.306699e+01 1.579625e+00 3.161387e+00
      endloop
   endfacet
   facet normal 8.181217e-01 -5.554510e-01 -1.488323e-01
      outer loop
         vertex 1.306699e+01 1.579625e+00 3.161387e+00
         vertex 1.311698e+01 1.734688e+00 2.857478e+00
         vertex 1.311698e+01 1.649934e+00 3.173783e+00
      endloop
   endfacet
   facet normal 8.181221e-01 -5.728563e-01 -5.011827e-02
      outer loop
         vertex 1.306699e+01 1.579625e+00 3.161387e+00
         vertex 1.311698e+01 1.649934e+00 3.173783e+00
         vertex 1.306699e+01 1.550000e+00 3.500001e+00
      endloop
   endfacet
   facet normal 8.181219e-01 -5.728566e-01 -5.011839e-02
      outer loop
         vertex 1.306699e+01 1.550000e+00 3.500001e+00
         vertex 1.311698e+01 1.649934e+00 3.173783e+00
         vertex 1.311698e+01 1.621394e+00 3.500001e+00
      endloop
   endfacet
   facet normal 8.181219e-01 -5.728566e-01 5.011830e-02
      outer loop
         vertex 1.306699e+01 1.550000e+00 3.500001e+00
         vertex 1.311698e+01 1.621394e+00 3.500001e+00
         vertex 1.306699e+01 1.579625e+00 3.838615e+00
      endloop
   endfacet
   facet normal 8.181224e-01 -5.728559e-01 5.011847e-02
      outer loop
         vertex 1.306699e+01 1.579625e+00 3.838615e+00
         vertex 1.311698e+01 1.621394e+00 3.500001e+00
         vertex 1.311698e+01 1.649934e+00 3.826217e+00
      endloop
   endfacet
   facet normal 8.181226e-01 -5.554495e-01 1.488327e-01
      outer loop
         vertex 1.306699e+01 1.579625e+00 3.838615e+00
         vertex 1.311698e+01 1.649934e+00 3.826217e+00
         vertex 1.306699e+01 1.667600e+00 4.166939e+00
      endloop
   endfacet
   facet normal 8.181220e-01 -5.554506e-01 1.488326e-01
      outer loop
         vertex 1.306699e+01 1.667600e+00 4.166939e+00
         vertex 1.311698e+01 1.649934e+00 3.826217e+00
         vertex 1.311698e+01 1.734688e+00 4.142521e+00
      endloop
   endfacet
   facet normal 8.181221e-01 -5.211674e-01 2.430241e-01
      outer loop
         vertex 1.306699e+01 1.667600e+00 4.166939e+00
         vertex 1.311698e+01 1.734688e+00 4.142521e+00
         vertex 1.306699e+01 1.811251e+00 4.475000e+00
      endloop
   endfacet
   facet normal 8.181216e-01 -5.211682e-01 2.430242e-01
      outer loop
         vertex 1.306699e+01 1.811251e+00 4.475000e+00
         vertex 1.311698e+01 1.734688e+00 4.142521e+00
         vertex 1.311698e+01 1.873079e+00 4.439304e+00
      endloop
   endfacet
   facet normal 8.181215e-01 -4.710495e-01 3.298326e-01
      outer loop
         vertex 1.306699e+01 1.811251e+00 4.475000e+00
         vertex 1.311698e+01 1.873079e+00 4.439304e+00
         vertex 1.306699e+01 2.006213e+00 4.753436e+00
      endloop
   endfacet
   facet normal 8.181218e-01 -4.710491e-01 3.298325e-01
      outer loop
         vertex 1.306699e+01 2.006213e+00 4.753436e+00
         vertex 1.311698e+01 1.873079e+00 4.439304e+00
         vertex 1.311698e+01 2.060904e+00 4.707545e+00
      endloop
   endfacet
   facet normal 8.181217e-01 -4.066185e-01 4.066181e-01
      outer loop
         vertex 1.306699e+01 2.006213e+00 4.753436e+00
         vertex 1.311698e+01 2.060904e+00 4.707545e+00
         vertex 1.306699e+01 2.246564e+00 4.993787e+00
      endloop
   endfacet
   facet normal 8.181223e-01 -4.066177e-01 4.066177e-01
      outer loop
         vertex 1.306699e+01 2.246564e+00 4.993787e+00
         vertex 1.311698e+01 2.060904e+00 4.707545e+00
         vertex 1.311698e+01 2.292455e+00 4.939096e+00
      endloop
   endfacet
   facet normal 8.181224e-01 -3.298319e-01 4.710484e-01
      outer loop
         vertex 1.306699e+01 2.246564e+00 4.993787e+00
         vertex 1.311698e+01 2.292455e+00 4.939096e+00
         vertex 1.306699e+01 2.525000e+00 5.188750e+00
      endloop
   endfacet
   facet normal 8.181242e-01 -3.298298e-01 4.710468e-01
      outer loop
         vertex 1.306699e+01 2.525000e+00 5.188750e+00
         vertex 1.311698e+01 2.292455e+00 4.939096e+00
         vertex 1.311698e+01 2.560697e+00 5.126921e+00
      endloop
   endfacet
   facet normal 8.181244e-01 -2.430227e-01 5.211644e-01
      outer loop
         vertex 1.306699e+01 2.525000e+00 5.188750e+00
         vertex 1.311698e+01 2.560697e+00 5.126921e+00
         vertex 1.306699e+01 2.833061e+00 5.332401e+00
      endloop
   endfacet
   facet normal 8.181238e-01 -2.430234e-01 5.211651e-01
      outer loop
         vertex 1.306699e+01 2.833061e+00 5.332401e+00
         vertex 1.311698e+01 2.560697e+00 5.126921e+00
         vertex 1.311698e+01 2.857479e+00 5.265312e+00
      endloop
   endfacet
   facet normal 8.181239e-01 -1.488319e-01 5.554478e-01
      outer loop
         vertex 1.306699e+01 2.833061e+00 5.332401e+00
         vertex 1.311698e+01 2.857479e+00 5.265312e+00
         vertex 1.306699e+01 3.161386e+00 5.420376e+00
      endloop
   endfacet
   facet normal 8.181223e-01 -1.488333e-01 5.554499e-01
      outer loop
         vertex 1.306699e+01 3.161386e+00 5.420376e+00
         vertex 1.311698e+01 2.857479e+00 5.265312e+00
         vertex 1.311698e+01 3.173784e+00 5.350066e+00
      endloop
   endfacet
   facet normal 8.181223e-01 -5.011767e-02 5.728561e-01
      outer loop
         vertex 1.306699e+01 3.161386e+00 5.420376e+00
         vertex 1.311698e+01 3.173784e+00 5.350066e+00
         vertex 1.306699e+01 3.500000e+00 5.450000e+00
      endloop
   endfacet
   facet normal 8.181201e-01 -5.011891e-02 5.728591e-01
      outer loop
         vertex 1.306699e+01 3.500000e+00 5.450000e+00
         vertex 1.311698e+01 3.173784e+00 5.350066e+00
         vertex 1.311698e+01 3.500000e+00 5.378607e+00
      endloop
   endfacet
   facet normal 8.181202e-01 5.011793e-02 5.728591e-01
      outer loop
         vertex 1.306699e+01 3.500000e+00 5.450000e+00
         vertex 1.311698e+01 3.500000e+00 5.378607e+00
         vertex 1.306699e+01 3.838614e+00 5.420376e+00
      endloop
   endfacet
   facet normal 8.181223e-01 5.011864e-02 5.728560e-01
      outer loop
         vertex 1.306699e+01 3.838614e+00 5.420376e+00
         vertex 1.311698e+01 3.500000e+00 5.378607e+00
         vertex 1.311698e+01 3.826217e+00 5.350066e+00
      endloop
   endfacet
   facet normal 7.057591e-01 1.833619e-01 6.843117e-01
      outer loop
         vertex 1.311698e+01 3.826217e+00 5.350066e+00
         vertex 1.317861e+01 3.815515e+00 5.289374e+00
         vertex 1.311698e+01 4.142521e+00 5.265312e+00
      endloop
   endfacet
   facet normal 7.057561e-01 1.833615e-01 6.843149e-01
      outer loop
         vertex 1.311698e+01 4.142521e+00 5.265312e+00
         vertex 1.317861e+01 3.815515e+00 5.289374e+00
         vertex 1.317861e+01 4.121443e+00 5.207401e+00
      endloop
   endfacet
   facet normal 7.057562e-01 2.994060e-01 6.420781e-01
      outer loop
         vertex 1.311698e+01 4.142521e+00 5.265312e+00
         vertex 1.317861e+01 4.121443e+00 5.207401e+00
         vertex 1.311698e+01 4.439303e+00 5.126921e+00
      endloop
   endfacet
   facet normal 7.057551e-01 2.994061e-01 6.420792e-01
      outer loop
         vertex 1.311698e+01 4.439303e+00 5.126921e+00
         vertex 1.317861e+01 4.121443e+00 5.207401e+00
         vertex 1.317861e+01 4.408489e+00 5.073549e+00
      endloop
   endfacet
   facet normal 7.057554e-01 4.063528e-01 5.803333e-01
      outer loop
         vertex 1.311698e+01 4.439303e+00 5.126921e+00
         vertex 1.317861e+01 4.408489e+00 5.073549e+00
         vertex 1.311698e+01 4.707545e+00 4.939096e+00
      endloop
   endfacet
   facet normal 7.057557e-01 4.063528e-01 5.803329e-01
      outer loop
         vertex 1.311698e+01 4.707545e+00 4.939096e+00
         vertex 1.317861e+01 4.408489e+00 5.073549e+00
         vertex 1.317861e+01 4.667931e+00 4.891886e+00
      endloop
   endfacet
   facet normal 7.057561e-01 5.009533e-01 5.009533e-01
      outer loop
         vertex 1.311698e+01 4.707545e+00 4.939096e+00
         vertex 1.317861e+01 4.667931e+00 4.891886e+00
         vertex 1.311698e+01 4.939096e+00 4.707545e+00
      endloop
   endfacet
   facet normal 7.057570e-01 5.009529e-01 5.009523e-01
      outer loop
         vertex 1.311698e+01 4.939096e+00 4.707545e+00
         vertex 1.317861e+01 4.667931e+00 4.891886e+00
         vertex 1.317861e+01 4.891886e+00 4.667931e+00
      endloop
   endfacet
   facet normal 7.057572e-01 5.803312e-01 4.063527e-01
      outer loop
         vertex 1.311698e+01 4.939096e+00 4.707545e+00
         vertex 1.317861e+01 4.891886e+00 4.667931e+00
         vertex 1.311698e+01 5.126921e+00 4.439304e+00
      endloop
   endfacet
   facet normal 7.057591e-01 5.803300e-01 4.063510e-01
      outer loop
         vertex 1.311698e+01 5.126921e+00 4.439304e+00
         vertex 1.317861e+01 4.891886e+00 4.667931e+00
         vertex 1.317861e+01 5.073549e+00 4.408489e+00
      endloop
   endfacet
   facet normal 7.057587e-01 6.420761e-01 2.994043e-01
      outer loop
         vertex 1.311698e+01 5.126921e+00 4.439304e+00
         vertex 1.317861e+01 5.073549e+00 4.408489e+00
         vertex 1.311698e+01 5.265313e+00 4.142521e+00
      endloop
   endfacet
   facet normal 7.057563e-01 6.420779e-01 2.994062e-01
      outer loop
         vertex 1.311698e+01 5.265313e+00 4.142521e+00
         vertex 1.317861e+01 5.073549e+00 4.408489e+00
         vertex 1.317861e+01 5.207401e+00 4.121443e+00
      endloop
   endfacet
   facet normal 7.057567e-01 6.843143e-01 1.833616e-01
      outer loop
         vertex 1.311698e+01 5.265313e+00 4.142521e+00
         vertex 1.317861e+01 5.207401e+00 4.121443e+00
         vertex 1.311698e+01 5.350066e+00 3.826217e+00
      endloop
   endfacet
   facet normal 7.057575e-01 6.843136e-01 1.833611e-01
      outer loop
         vertex 1.311698e+01 5.350066e+00 3.826217e+00
         vertex 1.317861e+01 5.207401e+00 4.121443e+00
         vertex 1.317861e+01 5.289374e+00 3.815515e+00
      endloop
   endfacet
   facet normal 7.057573e-01 7.057578e-01 6.174590e-02
      outer loop
         vertex 1.311698e+01 5.350066e+00 3.826217e+00
         vertex 1.317861e+01 5.289374e+00 3.815515e+00
         vertex 1.311698e+01 5.378606e+00 3.500001e+00
      endloop
   endfacet
   facet normal 7.057576e-01 7.057576e-01 6.174579e-02
      outer loop
         vertex 1.311698e+01 5.378606e+00 3.500001e+00
         vertex 1.317861e+01 5.289374e+00 3.815515e+00
         vertex 1.317861e+01 5.316978e+00 3.500001e+00
      endloop
   endfacet
   facet normal 7.057576e-01 7.057576e-01 -6.174570e-02
      outer loop
         vertex 1.311698e+01 5.378606e+00 3.500001e+00
         vertex 1.317861e+01 5.316978e+00 3.500001e+00
         vertex 1.311698e+01 5.350066e+00 3.173783e+00
      endloop
   endfacet
   facet normal 7.057573e-01 7.057578e-01 -6.174563e-02
      outer loop
         vertex 1.311698e+01 5.350066e+00 3.173783e+00
         vertex 1.317861e+01 5.316978e+00 3.500001e+00
         vertex 1.317861e+01 5.289374e+00 3.184485e+00
      endloop
   endfacet
   facet normal 7.057575e-01 6.843136e-01 -1.833609e-01
      outer loop
         vertex 1.311698e+01 5.350066e+00 3.173783e+00
         vertex 1.317861e+01 5.289374e+00 3.184485e+00
         vertex 1.311698e+01 5.265313e+00 2.857478e+00
      endloop
   endfacet
   facet normal 7.057581e-01 6.843130e-01 -1.833609e-01
      outer loop
         vertex 1.311698e+01 5.265313e+00 2.857478e+00
         vertex 1.317861e+01 5.289374e+00 3.184485e+00
         vertex 1.317861e+01 5.207401e+00 2.878557e+00
      endloop
   endfacet
   facet normal 7.057585e-01 6.420755e-01 -2.994060e-01
      outer loop
         vertex 1.311698e+01 5.265313e+00 2.857478e+00
         vertex 1.317861e+01 5.207401e+00 2.878557e+00
         vertex 1.311698e+01 5.126921e+00 2.560697e+00
      endloop
   endfacet
   facet normal 7.057564e-01 6.420777e-01 -2.994061e-01
      outer loop
         vertex 1.311698e+01 5.126921e+00 2.560697e+00
         vertex 1.317861e+01 5.207401e+00 2.878557e+00
         vertex 1.317861e+01 5.073549e+00 2.591511e+00
      endloop
   endfacet
   facet normal 7.057560e-01 5.803322e-01 -4.063534e-01
      outer loop
         vertex 1.311698e+01 5.126921e+00 2.560697e+00
         vertex 1.317861e+01 5.073549e+00 2.591511e+00
         vertex 1.311698e+01 4.939096e+00 2.292456e+00
      endloop
   endfacet
   facet normal 7.057541e-01 5.803342e-01 -4.063539e-01
      outer loop
         vertex 1.311698e+01 4.939096e+00 2.292456e+00
         vertex 1.317861e+01 5.073549e+00 2.591511e+00
         vertex 1.317861e+01 4.891886e+00 2.332069e+00
      endloop
   endfacet
   facet normal 7.057532e-01 5.009553e-01 -5.009553e-01
      outer loop
         vertex 1.311698e+01 4.939096e+00 2.292456e+00
         vertex 1.317861e+01 4.891886e+00 2.332069e+00
         vertex 1.311698e+01 4.707545e+00 2.060905e+00
      endloop
   endfacet
   facet normal 7.057522e-01 5.009562e-01 -5.009557e-01
      outer loop
         vertex 1.311698e+01 4.707545e+00 2.060905e+00
         vertex 1.317861e+01 4.891886e+00 2.332069e+00
         vertex 1.317861e+01 4.667931e+00 2.108114e+00
      endloop
   endfacet
   facet normal 7.057514e-01 4.063565e-01 -5.803356e-01
      outer loop
         vertex 1.311698e+01 4.707545e+00 2.060905e+00
         vertex 1.317861e+01 4.667931e+00 2.108114e+00
         vertex 1.311698e+01 4.439303e+00 1.873080e+00
      endloop
   endfacet
   facet normal 7.057599e-01 4.063490e-01 -5.803305e-01
      outer loop
         vertex 1.311698e+01 4.439303e+00 1.873080e+00
         vertex 1.317861e+01 4.667931e+00 2.108114e+00
         vertex 1.317861e+01 4.408489e+00 1.926452e+00
      endloop
   endfacet
   facet normal 7.057601e-01 2.994060e-01 -6.420738e-01
      outer loop
         vertex 1.311698e+01 4.439303e+00 1.873080e+00
         vertex 1.317861e+01 4.408489e+00 1.926452e+00
         vertex 1.311698e+01 4.142521e+00 1.734687e+00
      endloop
   endfacet
   facet normal 7.057660e-01 2.994015e-01 -6.420694e-01
      outer loop
         vertex 1.311698e+01 4.142521e+00 1.734687e+00
         vertex 1.317861e+01 4.408489e+00 1.926452e+00
         vertex 1.317861e+01 4.121443e+00 1.792600e+00
      endloop
   endfacet
   facet normal 7.057664e-01 1.833563e-01 -6.843057e-01
      outer loop
         vertex 1.311698e+01 4.142521e+00 1.734687e+00
         vertex 1.317861e+01 4.121443e+00 1.792600e+00
         vertex 1.311698e+01 3.826217e+00 1.649935e+00
      endloop
   endfacet
   facet normal 7.057592e-01 1.833608e-01 -6.843119e-01
      outer loop
         vertex 1.311698e+01 3.826217e+00 1.649935e+00
         vertex 1.317861e+01 4.121443e+00 1.792600e+00
         vertex 1.317861e+01 3.815515e+00 1.710627e+00
      endloop
   endfacet
   facet normal 7.057593e-01 6.174791e-02 -7.057556e-01
      outer loop
         vertex 1.311698e+01 3.826217e+00 1.649935e+00
         vertex 1.317861e+01 3.815515e+00 1.710627e+00
         vertex 1.311698e+01 3.500000e+00 1.621393e+00
      endloop
   endfacet
   facet normal 7.057629e-01 6.174627e-02 -7.057522e-01
      outer loop
         vertex 1.311698e+01 3.500000e+00 1.621393e+00
         vertex 1.317861e+01 3.815515e+00 1.710627e+00
         vertex 1.317861e+01 3.500000e+00 1.683023e+00
      endloop
   endfacet
   facet normal 7.057628e-01 -6.174761e-02 -7.057521e-01
      outer loop
         vertex 1.311698e+01 3.500000e+00 1.621393e+00
         vertex 1.317861e+01 3.500000e+00 1.683023e+00
         vertex 1.311698e+01 3.173784e+00 1.649935e+00
      endloop
   endfacet
   facet normal 7.057593e-01 -6.174658e-02 -7.057558e-01
      outer loop
         vertex 1.311698e+01 3.173784e+00 1.649935e+00
         vertex 1.317861e+01 3.500000e+00 1.683023e+00
         vertex 1.317861e+01 3.184485e+00 1.710627e+00
      endloop
   endfacet
   facet normal 7.057593e-01 -1.833581e-01 -6.843125e-01
      outer loop
         vertex 1.311698e+01 3.173784e+00 1.649935e+00
         vertex 1.317861e+01 3.184485e+00 1.710627e+00
         vertex 1.311698e+01 2.857479e+00 1.734687e+00
      endloop
   endfacet
   facet normal 7.057665e-01 -1.833589e-01 -6.843049e-01
      outer loop
         vertex 1.311698e+01 2.857479e+00 1.734687e+00
         vertex 1.317861e+01 3.184485e+00 1.710627e+00
         vertex 1.317861e+01 2.878557e+00 1.792600e+00
      endloop
   endfacet
   facet normal 7.057659e-01 -2.994036e-01 -6.420686e-01
      outer loop
         vertex 1.311698e+01 2.857479e+00 1.734687e+00
         vertex 1.317861e+01 2.878557e+00 1.792600e+00
         vertex 1.311698e+01 2.560697e+00 1.873080e+00
      endloop
   endfacet
   facet normal 7.057600e-01 -2.994040e-01 -6.420748e-01
      outer loop
         vertex 1.311698e+01 2.560697e+00 1.873080e+00
         vertex 1.317861e+01 2.878557e+00 1.792600e+00
         vertex 1.317861e+01 2.591511e+00 1.926452e+00
      endloop
   endfacet
   facet normal 7.057597e-01 -4.063517e-01 -5.803288e-01
      outer loop
         vertex 1.311698e+01 2.560697e+00 1.873080e+00
         vertex 1.317861e+01 2.591511e+00 1.926452e+00
         vertex 1.311698e+01 2.292455e+00 2.060905e+00
      endloop
   endfacet
   facet normal 7.057512e-01 -4.063539e-01 -5.803376e-01
      outer loop
         vertex 1.311698e+01 2.292455e+00 2.060905e+00
         vertex 1.317861e+01 2.591511e+00 1.926452e+00
         vertex 1.317861e+01 2.332069e+00 2.108114e+00
      endloop
   endfacet
   facet normal 7.057523e-01 -5.009560e-01 -5.009560e-01
      outer loop
         vertex 1.311698e+01 2.292455e+00 2.060905e+00
         vertex 1.317861e+01 2.332069e+00 2.108114e+00
         vertex 1.311698e+01 2.060904e+00 2.292456e+00
      endloop
   endfacet
   facet normal 7.057532e-01 -5.009555e-01 -5.009550e-01
      outer loop
         vertex 1.311698e+01 2.060904e+00 2.292456e+00
         vertex 1.317861e+01 2.332069e+00 2.108114e+00
         vertex 1.317861e+01 2.108114e+00 2.332069e+00
      endloop
   endfacet
   facet normal 7.057541e-01 -5.803337e-01 -4.063544e-01
      outer loop
         vertex 1.311698e+01 2.060904e+00 2.292456e+00
         vertex 1.317861e+01 2.108114e+00 2.332069e+00
         vertex 1.311698e+01 1.873079e+00 2.560697e+00
      endloop
   endfacet
   facet normal 7.057560e-01 -5.803326e-01 -4.063527e-01
      outer loop
         vertex 1.311698e+01 1.873079e+00 2.560697e+00
         vertex 1.317861e+01 2.108114e+00 2.332069e+00
         vertex 1.317861e+01 1.926451e+00 2.591511e+00
      endloop
   endfacet
   facet normal 7.057565e-01 -6.420774e-01 -2.994068e-01
      outer loop
         vertex 1.311698e+01 1.873079e+00 2.560697e+00
         vertex 1.317861e+01 1.926451e+00 2.591511e+00
         vertex 1.311698e+01 1.734688e+00 2.857478e+00
      endloop
   endfacet
   facet normal 7.057585e-01 -6.420758e-01 -2.994052e-01
      outer loop
         vertex 1.311698e+01 1.734688e+00 2.857478e+00
         vertex 1.317861e+01 1.926451e+00 2.591511e+00
         vertex 1.317861e+01 1.792599e+00 2.878557e+00
      endloop
   endfacet
   facet normal 7.057581e-01 -6.843131e-01 -1.833607e-01
      outer loop
         vertex 1.311698e+01 1.734688e+00 2.857478e+00
         vertex 1.317861e+01 1.792599e+00 2.878557e+00
         vertex 1.311698e+01 1.649934e+00 3.173783e+00
      endloop
   endfacet
   facet normal 7.057575e-01 -6.843136e-01 -1.833611e-01
      outer loop
         vertex 1.311698e+01 1.649934e+00 3.173783e+00
         vertex 1.317861e+01 1.792599e+00 2.878557e+00
         vertex 1.317861e+01 1.710626e+00 3.184485e+00
      endloop
   endfacet
   facet normal 7.057573e-01 -7.057578e-01 -6.174572e-02
      outer loop
         vertex 1.311698e+01 1.649934e+00 3.173783e+00
         vertex 1.317861e+01 1.710626e+00 3.184485e+00
         vertex 1.311698e+01 1.621394e+00 3.500001e+00
      endloop
   endfacet
   facet normal 7.057576e-01 -7.057576e-01 -6.174561e-02
      outer loop
         vertex 1.311698e+01 1.621394e+00 3.500001e+00
         vertex 1.317861e+01 1.710626e+00 3.184485e+00
         vertex 1.317861e+01 1.683022e+00 3.500001e+00
      endloop
   endfacet
   facet normal 7.057576e-01 -7.057576e-01 6.174588e-02
      outer loop
         vertex 1.311698e+01 1.621394e+00 3.500001e+00
         vertex 1.317861e+01 1.683022e+00 3.500001e+00
         vertex 1.311698e+01 1.649934e+00 3.826217e+00
      endloop
   endfacet
   facet normal 7.057573e-01 -7.057578e-01 6.174581e-02
      outer loop
         vertex 1.311698e+01 1.649934e+00 3.826217e+00
         vertex 1.317861e+01 1.683022e+00 3.500001e+00
         vertex 1.317861e+01 1.710626e+00 3.815515e+00
      endloop
   endfacet
   facet normal 7.057575e-01 -6.843135e-01 1.833614e-01
      outer loop
         vertex 1.311698e+01 1.649934e+00 3.826217e+00
         vertex 1.317861e+01 1.710626e+00 3.815515e+00
         vertex 1.311698e+01 1.734688e+00 4.142521e+00
      endloop
   endfacet
   facet normal 7.057567e-01 -6.843143e-01 1.833613e-01
      outer loop
         vertex 1.311698e+01 1.734688e+00 4.142521e+00
         vertex 1.317861e+01 1.710626e+00 3.815515e+00
         vertex 1.317861e+01 1.792599e+00 4.121443e+00
      endloop
   endfacet
   facet normal 7.057563e-01 -6.420782e-01 2.994053e-01
      outer loop
         vertex 1.311698e+01 1.734688e+00 4.142521e+00
         vertex 1.317861e+01 1.792599e+00 4.121443e+00
         vertex 1.311698e+01 1.873079e+00 4.439304e+00
      endloop
   endfacet
   facet normal 7.057587e-01 -6.420757e-01 2.994052e-01
      outer loop
         vertex 1.311698e+01 1.873079e+00 4.439304e+00
         vertex 1.317861e+01 1.792599e+00 4.121443e+00
         vertex 1.317861e+01 1.926451e+00 4.408489e+00
      endloop
   endfacet
   facet normal 7.057591e-01 -5.803296e-01 4.063516e-01
      outer loop
         vertex 1.311698e+01 1.873079e+00 4.439304e+00
         vertex 1.317861e+01 1.926451e+00 4.408489e+00
         vertex 1.311698e+01 2.060904e+00 4.707545e+00
      endloop
   endfacet
   facet normal 7.057572e-01 -5.803316e-01 4.063521e-01
      outer loop
         vertex 1.311698e+01 2.060904e+00 4.707545e+00
         vertex 1.317861e+01 1.926451e+00 4.408489e+00
         vertex 1.317861e+01 2.108114e+00 4.667931e+00
      endloop
   endfacet
   facet normal 7.057570e-01 -5.009526e-01 5.009526e-01
      outer loop
         vertex 1.311698e+01 2.060904e+00 4.707545e+00
         vertex 1.317861e+01 2.108114e+00 4.667931e+00
         vertex 1.311698e+01 2.292455e+00 4.939096e+00
      endloop
   endfacet
   facet normal 7.057560e-01 -5.009536e-01 5.009530e-01
      outer loop
         vertex 1.311698e+01 2.292455e+00 4.939096e+00
         vertex 1.317861e+01 2.108114e+00 4.667931e+00
         vertex 1.317861e+01 2.332069e+00 4.891886e+00
      endloop
   endfacet
   facet normal 7.057557e-01 -4.063527e-01 5.803330e-01
      outer loop
         vertex 1.311698e+01 2.292455e+00 4.939096e+00
         vertex 1.317861e+01 2.332069e+00 4.891886e+00
         vertex 1.311698e+01 2.560697e+00 5.126921e+00
      endloop
   endfacet
   facet normal 7.057554e-01 -4.063529e-01 5.803332e-01
      outer loop
         vertex 1.311698e+01 2.560697e+00 5.126921e+00
         vertex 1.317861e+01 2.332069e+00 4.891886e+00
         vertex 1.317861e+01 2.591511e+00 5.073549e+00
      endloop
   endfacet
   facet normal 7.057551e-01 -2.994065e-01 6.420790e-01
      outer loop
         vertex 1.311698e+01 2.560697e+00 5.126921e+00
         vertex 1.317861e+01 2.591511e+00 5.073549e+00
         vertex 1.311698e+01 2.857479e+00 5.265312e+00
      endloop
   endfacet
   facet normal 7.057562e-01 -2.994056e-01 6.420782e-01
      outer loop
         vertex 1.311698e+01 2.857479e+00 5.265312e+00
         vertex 1.317861e+01 2.591511e+00 5.073549e+00
         vertex 1.317861e+01 2.878557e+00 5.207401e+00
      endloop
   endfacet
   facet normal 7.057562e-01 -1.833627e-01 6.843145e-01
      outer loop
         vertex 1.311698e+01 2.857479e+00 5.265312e+00
         vertex 1.317861e+01 2.878557e+00 5.207401e+00
         vertex 1.311698e+01 3.173784e+00 5.350066e+00
      endloop
   endfacet
   facet normal 7.057592e-01 -1.833608e-01 6.843119e-01
      outer loop
         vertex 1.311698e+01 3.173784e+00 5.350066e+00
         vertex 1.317861e+01 2.878557e+00 5.207401e+00
         vertex 1.317861e+01 3.184485e+00 5.289374e+00
      endloop
   endfacet
   facet normal 7.057593e-01 -6.174592e-02 7.057558e-01
      outer loop
         vertex 1.311698e+01 3.173784e+00 5.350066e+00
         vertex 1.317861e+01 3.184485e+00 5.289374e+00
         vertex 1.311698e+01 3.500000e+00 5.378607e+00
      endloop
   endfacet
   facet normal 7.057575e-01 -6.174673e-02 7.057575e-01
      outer loop
         vertex 1.311698e+01 3.500000e+00 5.378607e+00
         vertex 1.317861e+01 3.184485e+00 5.289374e+00
         vertex 1.317861e+01 3.500000e+00 5.316978e+00
      endloop
   endfacet
   facet normal 7.057575e-01 6.174607e-02 7.057575e-01
      outer loop
         vertex 1.311698e+01 3.500000e+00 5.378607e+00
         vertex 1.317861e+01 3.500000e+00 5.316978e+00
         vertex 1.311698e+01 3.826217e+00 5.350066e+00
      endloop
   endfacet
   facet normal 7.057593e-01 6.174658e-02 7.057558e-01
      outer loop
         vertex 1.311698e+01 3.826217e+00 5.350066e+00
         vertex 1.317861e+01 3.500000e+00 5.316978e+00
         vertex 1.317861e+01 3.815515e+00 5.289374e+00
      endloop
   endfacet
   facet normal 5.721039e-01 2.122784e-01 7.922341e-01
      outer loop
         vertex 1.317861e+01 3.815515e+00 5.289374e+00
         vertex 1.325000e+01 3.806834e+00 5.240143e+00
         vertex 1.317861e+01 4.121443e+00 5.207401e+00
      endloop
   endfacet
   facet normal 5.721084e-01 2.122791e-01 7.922308e-01
      outer loop
         vertex 1.317861e+01 4.121443e+00 5.207401e+00
         vertex 1.325000e+01 3.806834e+00 5.240143e+00
         vertex 1.325000e+01 4.104345e+00 5.160425e+00
      endloop
   endfacet
   facet normal 5.721082e-01 3.466219e-01 7.433340e-01
      outer loop
         vertex 1.317861e+01 4.121443e+00 5.207401e+00
         vertex 1.325000e+01 4.104345e+00 5.160425e+00
         vertex 1.317861e+01 4.408489e+00 5.073549e+00
      endloop
   endfacet
   facet normal 5.721097e-01 3.466219e-01 7.433328e-01
      outer loop
         vertex 1.317861e+01 4.408489e+00 5.073549e+00
         vertex 1.325000e+01 4.104345e+00 5.160425e+00
         vertex 1.325000e+01 4.383494e+00 5.030256e+00
      endloop
   endfacet
   facet normal 5.721095e-01 4.704338e-01 6.718503e-01
      outer loop
         vertex 1.317861e+01 4.408489e+00 5.073549e+00
         vertex 1.325000e+01 4.383494e+00 5.030256e+00
         vertex 1.317861e+01 4.667931e+00 4.891886e+00
      endloop
   endfacet
   facet normal 5.721071e-01 4.704341e-01 6.718521e-01
      outer loop
         vertex 1.317861e+01 4.667931e+00 4.891886e+00
         vertex 1.325000e+01 4.383494e+00 5.030256e+00
         vertex 1.325000e+01 4.635798e+00 4.853591e+00
      endloop
   endfacet
   facet normal 5.721069e-01 5.799545e-01 5.799539e-01
      outer loop
         vertex 1.317861e+01 4.667931e+00 4.891886e+00
         vertex 1.325000e+01 4.635798e+00 4.853591e+00
         vertex 1.317861e+01 4.891886e+00 4.667931e+00
      endloop
   endfacet
   facet normal 5.721076e-01 5.799543e-01 5.799534e-01
      outer loop
         vertex 1.317861e+01 4.891886e+00 4.667931e+00
         vertex 1.325000e+01 4.635798e+00 4.853591e+00
         vertex 1.325000e+01 4.853591e+00 4.635798e+00
      endloop
   endfacet
   facet normal 5.721074e-01 6.718513e-01 4.704348e-01
      outer loop
         vertex 1.317861e+01 4.891886e+00 4.667931e+00
         vertex 1.325000e+01 4.853591e+00 4.635798e+00
         vertex 1.317861e+01 5.073549e+00 4.408489e+00
      endloop
   endfacet
   facet normal 5.721047e-01 6.718524e-01 4.704367e-01
      outer loop
         vertex 1.317861e+01 5.073549e+00 4.408489e+00
         vertex 1.325000e+01 4.853591e+00 4.635798e+00
         vertex 1.325000e+01 5.030256e+00 4.383494e+00
      endloop
   endfacet
   facet normal 5.721052e-01 7.433356e-01 3.466235e-01
      outer loop
         vertex 1.317861e+01 5.073549e+00 4.408489e+00
         vertex 1.325000e+01 5.030256e+00 4.383494e+00
         vertex 1.317861e+01 5.207401e+00 4.121443e+00
      endloop
   endfacet
   facet normal 5.721080e-01 7.433343e-01 3.466218e-01
      outer loop
         vertex 1.317861e+01 5.207401e+00 4.121443e+00
         vertex 1.325000e+01 5.030256e+00 4.383494e+00
         vertex 1.325000e+01 5.160425e+00 4.104345e+00
      endloop
   endfacet
   facet normal 5.721074e-01 7.922319e-01 2.122777e-01
      outer loop
         vertex 1.317861e+01 5.207401e+00 4.121443e+00
         vertex 1.325000e+01 5.160425e+00 4.104345e+00
         vertex 1.317861e+01 5.289374e+00 3.815515e+00
      endloop
   endfacet
   facet normal 5.721067e-01 7.922323e-01 2.122780e-01
      outer loop
         vertex 1.317861e+01 5.289374e+00 3.815515e+00
         vertex 1.325000e+01 5.160425e+00 4.104345e+00
         vertex 1.325000e+01 5.240143e+00 3.806834e+00
      endloop
   endfacet
   facet normal 5.721066e-01 8.170583e-01 7.148334e-02
      outer loop
         vertex 1.317861e+01 5.289374e+00 3.815515e+00
         vertex 1.325000e+01 5.240143e+00 3.806834e+00
         vertex 1.317861e+01 5.316978e+00 3.500001e+00
      endloop
   endfacet
   facet normal 5.721067e-01 8.170582e-01 7.148329e-02
      outer loop
         vertex 1.317861e+01 5.316978e+00 3.500001e+00
         vertex 1.325000e+01 5.240143e+00 3.806834e+00
         vertex 1.325000e+01 5.266987e+00 3.500001e+00
      endloop
   endfacet
   facet normal 5.721067e-01 8.170582e-01 -7.148312e-02
      outer loop
         vertex 1.317861e+01 5.316978e+00 3.500001e+00
         vertex 1.325000e+01 5.266987e+00 3.500001e+00
         vertex 1.317861e+01 5.289374e+00 3.184485e+00
      endloop
   endfacet
   facet normal 5.721066e-01 8.170583e-01 -7.148308e-02
      outer loop
         vertex 1.317861e+01 5.289374e+00 3.184485e+00
         vertex 1.325000e+01 5.266987e+00 3.500001e+00
         vertex 1.325000e+01 5.240143e+00 3.193166e+00
      endloop
   endfacet
   facet normal 5.721067e-01 7.922323e-01 -2.122778e-01
      outer loop
         vertex 1.317861e+01 5.289374e+00 3.184485e+00
         vertex 1.325000e+01 5.240143e+00 3.193166e+00
         vertex 1.317861e+01 5.207401e+00 2.878557e+00
      endloop
   endfacet
   facet normal 5.721074e-01 7.922318e-01 -2.122779e-01
      outer loop
         vertex 1.317861e+01 5.207401e+00 2.878557e+00
         vertex 1.325000e+01 5.240143e+00 3.193166e+00
         vertex 1.325000e+01 5.160425e+00 2.895655e+00
      endloop
   endfacet
   facet normal 5.721079e-01 7.433339e-01 -3.466227e-01
      outer loop
         vertex 1.317861e+01 5.207401e+00 2.878557e+00
         vertex 1.325000e+01 5.160425e+00 2.895655e+00
         vertex 1.317861e+01 5.073549e+00 2.591511e+00
      endloop
   endfacet
   facet normal 5.721051e-01 7.433360e-01 -3.466226e-01
      outer loop
         vertex 1.317861e+01 5.073549e+00 2.591511e+00
         vertex 1.325000e+01 5.160425e+00 2.895655e+00
         vertex 1.325000e+01 5.030256e+00 2.616506e+00
      endloop
   endfacet
   facet normal 5.721047e-01 6.718529e-01 -4.704359e-01
      outer loop
         vertex 1.317861e+01 5.073549e+00 2.591511e+00
         vertex 1.325000e+01 5.030256e+00 2.616506e+00
         vertex 1.317861e+01 4.891886e+00 2.332069e+00
      endloop
   endfacet
   facet normal 5.721116e-01 6.718476e-01 -4.704350e-01
      outer loop
         vertex 1.317861e+01 4.891886e+00 2.332069e+00
         vertex 1.325000e+01 5.030256e+00 2.616506e+00
         vertex 1.325000e+01 4.853591e+00 2.364203e+00
      endloop
   endfacet
   facet normal 5.721127e-01 5.799516e-01 -5.799510e-01
      outer loop
         vertex 1.317861e+01 4.891886e+00 2.332069e+00
         vertex 1.325000e+01 4.853591e+00 2.364203e+00
         vertex 1.317861e+01 4.667931e+00 2.108114e+00
      endloop
   endfacet
   facet normal 5.721120e-01 5.799521e-01 -5.799512e-01
      outer loop
         vertex 1.317861e+01 4.667931e+00 2.108114e+00
         vertex 1.325000e+01 4.853591e+00 2.364203e+00
         vertex 1.325000e+01 4.635798e+00 2.146410e+00
      endloop
   endfacet
   facet normal 5.721129e-01 4.704308e-01 -6.718494e-01
      outer loop
         vertex 1.317861e+01 4.667931e+00 2.108114e+00
         vertex 1.325000e+01 4.635798e+00 2.146410e+00
         vertex 1.317861e+01 4.408489e+00 1.926452e+00
      endloop
   endfacet
   facet normal 5.720975e-01 4.704412e-01 -6.718552e-01
      outer loop
         vertex 1.317861e+01 4.408489e+00 1.926452e+00
         vertex 1.325000e+01 4.635798e+00 2.146410e+00
         vertex 1.325000e+01 4.383494e+00 1.969744e+00
      endloop
   endfacet
   facet normal 5.720967e-01 3.466253e-01 -7.433413e-01
      outer loop
         vertex 1.317861e+01 4.408489e+00 1.926452e+00
         vertex 1.325000e+01 4.383494e+00 1.969744e+00
         vertex 1.317861e+01 4.121443e+00 1.792600e+00
      endloop
   endfacet
   facet normal 5.720952e-01 3.466262e-01 -7.433420e-01
      outer loop
         vertex 1.317861e+01 4.121443e+00 1.792600e+00
         vertex 1.325000e+01 4.383494e+00 1.969744e+00
         vertex 1.325000e+01 4.104345e+00 1.839574e+00
      endloop
   endfacet
   facet normal 5.720944e-01 2.122801e-01 -7.922406e-01
      outer loop
         vertex 1.317861e+01 4.121443e+00 1.792600e+00
         vertex 1.325000e+01 4.104345e+00 1.839574e+00
         vertex 1.317861e+01 3.815515e+00 1.710627e+00
      endloop
   endfacet
   facet normal 5.720970e-01 2.122788e-01 -7.922390e-01
      outer loop
         vertex 1.317861e+01 3.815515e+00 1.710627e+00
         vertex 1.325000e+01 4.104345e+00 1.839574e+00
         vertex 1.325000e+01 3.806834e+00 1.759857e+00
      endloop
   endfacet
   facet normal 5.720967e-01 7.148503e-02 -8.170650e-01
      outer loop
         vertex 1.317861e+01 3.815515e+00 1.710627e+00
         vertex 1.325000e+01 3.806834e+00 1.759857e+00
         vertex 1.317861e+01 3.500000e+00 1.683023e+00
      endloop
   endfacet
   facet normal 5.721005e-01 7.148354e-02 -8.170625e-01
      outer loop
         vertex 1.317861e+01 3.500000e+00 1.683023e+00
         vertex 1.325000e+01 3.806834e+00 1.759857e+00
         vertex 1.325000e+01 3.500000e+00 1.733012e+00
      endloop
   endfacet
   facet normal 5.721004e-01 -7.148480e-02 -8.170625e-01
      outer loop
         vertex 1.317861e+01 3.500000e+00 1.683023e+00
         vertex 1.325000e+01 3.500000e+00 1.733012e+00
         vertex 1.317861e+01 3.184485e+00 1.710627e+00
      endloop
   endfacet
   facet normal 5.720967e-01 -7.148377e-02 -8.170652e-01
      outer loop
         vertex 1.317861e+01 3.184485e+00 1.710627e+00
         vertex 1.325000e+01 3.500000e+00 1.733012e+00
         vertex 1.325000e+01 3.193166e+00 1.759857e+00
      endloop
   endfacet
   facet normal 5.720970e-01 -2.122797e-01 -7.922388e-01
      outer loop
         vertex 1.317861e+01 3.184485e+00 1.710627e+00
         vertex 1.325000e+01 3.193166e+00 1.759857e+00
         vertex 1.317861e+01 2.878557e+00 1.792600e+00
      endloop
   endfacet
   facet normal 5.720944e-01 -2.122793e-01 -7.922408e-01
      outer loop
         vertex 1.317861e+01 2.878557e+00 1.792600e+00
         vertex 1.325000e+01 3.193166e+00 1.759857e+00
         vertex 1.325000e+01 2.895655e+00 1.839574e+00
      endloop
   endfacet
   facet normal 5.720952e-01 -3.466258e-01 -7.433422e-01
      outer loop
         vertex 1.317861e+01 2.878557e+00 1.792600e+00
         vertex 1.325000e+01 2.895655e+00 1.839574e+00
         vertex 1.317861e+01 2.591511e+00 1.926452e+00
      endloop
   endfacet
   facet normal 5.720967e-01 -3.466258e-01 -7.433411e-01
      outer loop
         vertex 1.317861e+01 2.591511e+00 1.926452e+00
         vertex 1.325000e+01 2.895655e+00 1.839574e+00
         vertex 1.325000e+01 2.616506e+00 1.969744e+00
      endloop
   endfacet
   facet normal 5.720978e-01 -4.704369e-01 -6.718581e-01
      outer loop
         vertex 1.317861e+01 2.591511e+00 1.926452e+00
         vertex 1.325000e+01 2.616506e+00 1.969744e+00
         vertex 1.317861e+01 2.332069e+00 2.108114e+00
      endloop
   endfacet
   facet normal 5.721131e-01 -4.704350e-01 -6.718463e-01
      outer loop
         vertex 1.317861e+01 2.332069e+00 2.108114e+00
         vertex 1.325000e+01 2.616506e+00 1.969744e+00
         vertex 1.325000e+01 2.364203e+00 2.146410e+00
      endloop
   endfacet
   facet normal 5.721120e-01 -5.799519e-01 -5.799513e-01
      outer loop
         vertex 1.317861e+01 2.332069e+00 2.108114e+00
         vertex 1.325000e+01 2.364203e+00 2.146410e+00
         vertex 1.317861e+01 2.108114e+00 2.332069e+00
      endloop
   endfacet
   facet normal 5.721127e-01 -5.799518e-01 -5.799508e-01
      outer loop
         vertex 1.317861e+01 2.108114e+00 2.332069e+00
         vertex 1.325000e+01 2.364203e+00 2.146410e+00
         vertex 1.325000e+01 2.146409e+00 2.364203e+00
      endloop
   endfacet
   facet normal 5.721115e-01 -6.718490e-01 -4.704331e-01
      outer loop
         vertex 1.317861e+01 2.108114e+00 2.332069e+00
         vertex 1.325000e+01 2.146409e+00 2.364203e+00
         vertex 1.317861e+01 1.926451e+00 2.591511e+00
      endloop
   endfacet
   facet normal 5.721046e-01 -6.718516e-01 -4.704378e-01
      outer loop
         vertex 1.317861e+01 1.926451e+00 2.591511e+00
         vertex 1.325000e+01 2.146409e+00 2.364203e+00
         vertex 1.325000e+01 1.969744e+00 2.616506e+00
      endloop
   endfacet
   facet normal 5.721052e-01 -7.433356e-01 -3.466235e-01
      outer loop
         vertex 1.317861e+01 1.926451e+00 2.591511e+00
         vertex 1.325000e+01 1.969744e+00 2.616506e+00
         vertex 1.317861e+01 1.792599e+00 2.878557e+00
      endloop
   endfacet
   facet normal 5.721080e-01 -7.433343e-01 -3.466218e-01
      outer loop
         vertex 1.317861e+01 1.792599e+00 2.878557e+00
         vertex 1.325000e+01 1.969744e+00 2.616506e+00
         vertex 1.325000e+01 1.839575e+00 2.895655e+00
      endloop
   endfacet
   facet normal 5.721074e-01 -7.922319e-01 -2.122777e-01
      outer loop
         vertex 1.317861e+01 1.792599e+00 2.878557e+00
         vertex 1.325000e+01 1.839575e+00 2.895655e+00
         vertex 1.317861e+01 1.710626e+00 3.184485e+00
      endloop
   endfacet
   facet normal 5.721067e-01 -7.922323e-01 -2.122780e-01
      outer loop
         vertex 1.317861e+01 1.710626e+00 3.184485e+00
         vertex 1.325000e+01 1.839575e+00 2.895655e+00
         vertex 1.325000e+01 1.759857e+00 3.193166e+00
      endloop
   endfacet
   facet normal 5.721066e-01 -8.170583e-01 -7.148313e-02
      outer loop
         vertex 1.317861e+01 1.710626e+00 3.184485e+00
         vertex 1.325000e+01 1.759857e+00 3.193166e+00
         vertex 1.317861e+01 1.683022e+00 3.500001e+00
      endloop
   endfacet
   facet normal 5.721067e-01 -8.170582e-01 -7.148307e-02
      outer loop
         vertex 1.317861e+01 1.683022e+00 3.500001e+00
         vertex 1.325000e+01 1.759857e+00 3.193166e+00
         vertex 1.325000e+01 1.733013e+00 3.500001e+00
      endloop
   endfacet
   facet normal 5.721067e-01 -8.170582e-01 7.148333e-02
      outer loop
         vertex 1.317861e+01 1.683022e+00 3.500001e+00
         vertex 1.325000e+01 1.733013e+00 3.500001e+00
         vertex 1.317861e+01 1.710626e+00 3.815515e+00
      endloop
   endfacet
   facet normal 5.721066e-01 -8.170583e-01 7.148330e-02
      outer loop
         vertex 1.317861e+01 1.710626e+00 3.815515e+00
         vertex 1.325000e+01 1.733013e+00 3.500001e+00
         vertex 1.325000e+01 1.759857e+00 3.806834e+00
      endloop
   endfacet
   facet normal 5.721067e-01 -7.922323e-01 2.122778e-01
      outer loop
         vertex 1.317861e+01 1.710626e+00 3.815515e+00
         vertex 1.325000e+01 1.759857e+00 3.806834e+00
         vertex 1.317861e+01 1.792599e+00 4.121443e+00
      endloop
   endfacet
   facet normal 5.721074e-01 -7.922318e-01 2.122779e-01
      outer loop
         vertex 1.317861e+01 1.792599e+00 4.121443e+00
         vertex 1.325000e+01 1.759857e+00 3.806834e+00
         vertex 1.325000e+01 1.839575e+00 4.104345e+00
      endloop
   endfacet
   facet normal 5.721079e-01 -7.433339e-01 3.466227e-01
      outer loop
         vertex 1.317861e+01 1.792599e+00 4.121443e+00
         vertex 1.325000e+01 1.839575e+00 4.104345e+00
         vertex 1.317861e+01 1.926451e+00 4.408489e+00
      endloop
   endfacet
   facet normal 5.721051e-01 -7.433360e-01 3.466226e-01
      outer loop
         vertex 1.317861e+01 1.926451e+00 4.408489e+00
         vertex 1.325000e+01 1.839575e+00 4.104345e+00
         vertex 1.325000e+01 1.969744e+00 4.383494e+00
      endloop
   endfacet
   facet normal 5.721047e-01 -6.718529e-01 4.704359e-01
      outer loop
         vertex 1.317861e+01 1.926451e+00 4.408489e+00
         vertex 1.325000e+01 1.969744e+00 4.383494e+00
         vertex 1.317861e+01 2.108114e+00 4.667931e+00
      endloop
   endfacet
   facet normal 5.721075e-01 -6.718508e-01 4.704355e-01
      outer loop
         vertex 1.317861e+01 2.108114e+00 4.667931e+00
         vertex 1.325000e+01 1.969744e+00 4.383494e+00
         vertex 1.325000e+01 2.146409e+00 4.635798e+00
      endloop
   endfacet
   facet normal 5.721076e-01 -5.799541e-01 5.799535e-01
      outer loop
         vertex 1.317861e+01 2.108114e+00 4.667931e+00
         vertex 1.325000e+01 2.146409e+00 4.635798e+00
         vertex 1.317861e+01 2.332069e+00 4.891886e+00
      endloop
   endfacet
   facet normal 5.721069e-01 -5.799546e-01 5.799537e-01
      outer loop
         vertex 1.317861e+01 2.332069e+00 4.891886e+00
         vertex 1.325000e+01 2.146409e+00 4.635798e+00
         vertex 1.325000e+01 2.364203e+00 4.853591e+00
      endloop
   endfacet
   facet normal 5.721071e-01 -4.704347e-01 6.718516e-01
      outer loop
         vertex 1.317861e+01 2.332069e+00 4.891886e+00
         vertex 1.325000e+01 2.364203e+00 4.853591e+00
         vertex 1.317861e+01 2.591511e+00 5.073549e+00
      endloop
   endfacet
   facet normal 5.721095e-01 -4.704331e-01 6.718507e-01
      outer loop
         vertex 1.317861e+01 2.591511e+00 5.073549e+00
         vertex 1.325000e+01 2.364203e+00 4.853591e+00
         vertex 1.325000e+01 2.616506e+00 5.030256e+00
      endloop
   endfacet
   facet normal 5.721097e-01 -3.466215e-01 7.433330e-01
      outer loop
         vertex 1.317861e+01 2.591511e+00 5.073549e+00
         vertex 1.325000e+01 2.616506e+00 5.030256e+00
         vertex 1.317861e+01 2.878557e+00 5.207401e+00
      endloop
   endfacet
   facet normal 5.721082e-01 -3.466224e-01 7.433338e-01
      outer loop
         vertex 1.317861e+01 2.878557e+00 5.207401e+00
         vertex 1.325000e+01 2.616506e+00 5.030256e+00
         vertex 1.325000e+01 2.895655e+00 5.160425e+00
      endloop
   endfacet
   facet normal 5.721083e-01 -2.122776e-01 7.922312e-01
      outer loop
         vertex 1.317861e+01 2.878557e+00 5.207401e+00
         vertex 1.325000e+01 2.895655e+00 5.160425e+00
         vertex 1.317861e+01 3.184485e+00 5.289374e+00
      endloop
   endfacet
   facet normal 5.721039e-01 -2.122799e-01 7.922338e-01
      outer loop
         vertex 1.317861e+01 3.184485e+00 5.289374e+00
         vertex 1.325000e+01 2.895655e+00 5.160425e+00
         vertex 1.325000e+01 3.193166e+00 5.240143e+00
      endloop
   endfacet
   facet normal 5.721039e-01 -7.148459e-02 8.170600e-01
      outer loop
         vertex 1.317861e+01 3.184485e+00 5.289374e+00
         vertex 1.325000e+01 3.193166e+00 5.240143e+00
         vertex 1.317861e+01 3.500000e+00 5.316978e+00
      endloop
   endfacet
   facet normal 5.721076e-01 -7.148310e-02 8.170575e-01
      outer loop
         vertex 1.317861e+01 3.500000e+00 5.316978e+00
         vertex 1.325000e+01 3.193166e+00 5.240143e+00
         vertex 1.325000e+01 3.500000e+00 5.266988e+00
      endloop
   endfacet
   facet normal 5.721076e-01 7.148437e-02 8.170575e-01
      outer loop
         vertex 1.317861e+01 3.500000e+00 5.316978e+00
         vertex 1.325000e+01 3.500000e+00 5.266988e+00
         vertex 1.317861e+01 3.815515e+00 5.289374e+00
      endloop
   endfacet
   facet normal 5.721038e-01 7.148333e-02 8.170602e-01
      outer loop
         vertex 1.317861e+01 3.815515e+00 5.289374e+00
         vertex 1.325000e+01 3.500000e+00 5.266988e+00
         vertex 1.325000e+01 3.806834e+00 5.240143e+00
      endloop
   endfacet
   facet normal 4.212997e-01 2.347301e-01 8.760185e-01
      outer loop
         vertex 1.325000e+01 3.806834e+00 5.240143e+00
         vertex 1.332899e+01 3.800438e+00 5.203869e+00
         vertex 1.325000e+01 4.104345e+00 5.160425e+00
      endloop
   endfacet
   facet normal 4.212937e-01 2.347290e-01 8.760216e-01
      outer loop
         vertex 1.325000e+01 4.104345e+00 5.160425e+00
         vertex 1.332899e+01 3.800438e+00 5.203869e+00
         vertex 1.332899e+01 4.091748e+00 5.125813e+00
      endloop
   endfacet
   facet normal 4.212940e-01 3.832828e-01 8.219523e-01
      outer loop
         vertex 1.325000e+01 4.104345e+00 5.160425e+00
         vertex 1.332899e+01 4.091748e+00 5.125813e+00
         vertex 1.325000e+01 4.383494e+00 5.030256e+00
      endloop
   endfacet
   facet normal 4.212982e-01 3.832832e-01 8.219500e-01
      outer loop
         vertex 1.325000e+01 4.383494e+00 5.030256e+00
         vertex 1.332899e+01 4.091748e+00 5.125813e+00
         vertex 1.332899e+01 4.365077e+00 4.998357e+00
      endloop
   endfacet
   facet normal 4.212983e-01 5.201878e-01 7.429081e-01
      outer loop
         vertex 1.325000e+01 4.383494e+00 5.030256e+00
         vertex 1.332899e+01 4.365077e+00 4.998357e+00
         vertex 1.325000e+01 4.635798e+00 4.853591e+00
      endloop
   endfacet
   facet normal 4.213000e-01 5.201878e-01 7.429071e-01
      outer loop
         vertex 1.325000e+01 4.635798e+00 4.853591e+00
         vertex 1.332899e+01 4.365077e+00 4.998357e+00
         vertex 1.332899e+01 4.612121e+00 4.825375e+00
      endloop
   endfacet
   facet normal 4.212999e-01 6.412908e-01 6.412897e-01
      outer loop
         vertex 1.325000e+01 4.635798e+00 4.853591e+00
         vertex 1.332899e+01 4.612121e+00 4.825375e+00
         vertex 1.325000e+01 4.853591e+00 4.635798e+00
      endloop
   endfacet
   facet normal 4.212984e-01 6.412909e-01 6.412906e-01
      outer loop
         vertex 1.325000e+01 4.853591e+00 4.635798e+00
         vertex 1.332899e+01 4.612121e+00 4.825375e+00
         vertex 1.332899e+01 4.825375e+00 4.612122e+00
      endloop
   endfacet
   facet normal 4.212985e-01 7.429067e-01 5.201895e-01
      outer loop
         vertex 1.325000e+01 4.853591e+00 4.635798e+00
         vertex 1.332899e+01 4.825375e+00 4.612122e+00
         vertex 1.325000e+01 5.030256e+00 4.383494e+00
      endloop
   endfacet
   facet normal 4.212998e-01 7.429065e-01 5.201889e-01
      outer loop
         vertex 1.325000e+01 5.030256e+00 4.383494e+00
         vertex 1.332899e+01 4.825375e+00 4.612122e+00
         vertex 1.332899e+01 4.998357e+00 4.365077e+00
      endloop
   endfacet
   facet normal 4.212996e-01 8.219503e-01 3.832810e-01
      outer loop
         vertex 1.325000e+01 5.030256e+00 4.383494e+00
         vertex 1.332899e+01 4.998357e+00 4.365077e+00
         vertex 1.325000e+01 5.160425e+00 4.104345e+00
      endloop
   endfacet
   facet normal 4.212970e-01 8.219511e-01 3.832823e-01
      outer loop
         vertex 1.325000e+01 5.160425e+00 4.104345e+00
         vertex 1.332899e+01 4.998357e+00 4.365077e+00
         vertex 1.332899e+01 5.125813e+00 4.091748e+00
      endloop
   endfacet
   facet normal 4.212982e-01 8.760195e-01 2.347287e-01
      outer loop
         vertex 1.325000e+01 5.160425e+00 4.104345e+00
         vertex 1.332899e+01 5.125813e+00 4.091748e+00
         vertex 1.325000e+01 5.240143e+00 3.806834e+00
      endloop
   endfacet
   facet normal 4.212980e-01 8.760196e-01 2.347288e-01
      outer loop
         vertex 1.325000e+01 5.240143e+00 3.806834e+00
         vertex 1.332899e+01 5.125813e+00 4.091748e+00
         vertex 1.332899e+01 5.203869e+00 3.800439e+00
      endloop
   endfacet
   facet normal 4.212992e-01 9.034706e-01 7.904340e-02
      outer loop
         vertex 1.325000e+01 5.240143e+00 3.806834e+00
         vertex 1.332899e+01 5.203869e+00 3.800439e+00
         vertex 1.325000e+01 5.266987e+00 3.500001e+00
      endloop
   endfacet
   facet normal 4.212989e-01 9.034707e-01 7.904350e-02
      outer loop
         vertex 1.325000e+01 5.266987e+00 3.500001e+00
         vertex 1.332899e+01 5.203869e+00 3.800439e+00
         vertex 1.332899e+01 5.230154e+00 3.500001e+00
      endloop
   endfacet
   facet normal 4.212989e-01 9.034708e-01 -7.904317e-02
      outer loop
         vertex 1.325000e+01 5.266987e+00 3.500001e+00
         vertex 1.332899e+01 5.230154e+00 3.500001e+00
         vertex 1.325000e+01 5.240143e+00 3.193166e+00
      endloop
   endfacet
   facet normal 4.212999e-01 9.034702e-01 -7.904346e-02
      outer loop
         vertex 1.325000e+01 5.240143e+00 3.193166e+00
         vertex 1.332899e+01 5.230154e+00 3.500001e+00
         vertex 1.332899e+01 5.203869e+00 3.199562e+00
      endloop
   endfacet
   facet normal 4.213003e-01 8.760186e-01 -2.347285e-01
      outer loop
         vertex 1.325000e+01 5.240143e+00 3.193166e+00
         vertex 1.332899e+01 5.203869e+00 3.199562e+00
         vertex 1.325000e+01 5.160425e+00 2.895655e+00
      endloop
   endfacet
   facet normal 4.213005e-01 8.760185e-01 -2.347285e-01
      outer loop
         vertex 1.325000e+01 5.160425e+00 2.895655e+00
         vertex 1.332899e+01 5.203869e+00 3.199562e+00
         vertex 1.332899e+01 5.125813e+00 2.908253e+00
      endloop
   endfacet
   facet normal 4.213007e-01 8.219498e-01 -3.832808e-01
      outer loop
         vertex 1.325000e+01 5.160425e+00 2.895655e+00
         vertex 1.332899e+01 5.125813e+00 2.908253e+00
         vertex 1.325000e+01 5.030256e+00 2.616506e+00
      endloop
   endfacet
   facet normal 4.213034e-01 8.219484e-01 -3.832810e-01
      outer loop
         vertex 1.325000e+01 5.030256e+00 2.616506e+00
         vertex 1.332899e+01 5.125813e+00 2.908253e+00
         vertex 1.332899e+01 4.998357e+00 2.634924e+00
      endloop
   endfacet
   facet normal 4.213047e-01 7.429035e-01 -5.201891e-01
      outer loop
         vertex 1.325000e+01 5.030256e+00 2.616506e+00
         vertex 1.332899e+01 4.998357e+00 2.634924e+00
         vertex 1.325000e+01 4.853591e+00 2.364203e+00
      endloop
   endfacet
   facet normal 4.212985e-01 7.429070e-01 -5.201892e-01
      outer loop
         vertex 1.325000e+01 4.853591e+00 2.364203e+00
         vertex 1.332899e+01 4.998357e+00 2.634924e+00
         vertex 1.332899e+01 4.825375e+00 2.387879e+00
      endloop
   endfacet
   facet normal 4.212984e-01 6.412913e-01 -6.412902e-01
      outer loop
         vertex 1.325000e+01 4.853591e+00 2.364203e+00
         vertex 1.332899e+01 4.825375e+00 2.387879e+00
         vertex 1.325000e+01 4.635798e+00 2.146410e+00
      endloop
   endfacet
   facet normal 4.212936e-01 6.412939e-01 -6.412907e-01
      outer loop
         vertex 1.325000e+01 4.635798e+00 2.146410e+00
         vertex 1.332899e+01 4.825375e+00 2.387879e+00
         vertex 1.332899e+01 4.612121e+00 2.174625e+00
      endloop
   endfacet
   facet normal 4.212929e-01 5.201929e-01 -7.429075e-01
      outer loop
         vertex 1.325000e+01 4.635798e+00 2.146410e+00
         vertex 1.332899e+01 4.612121e+00 2.174625e+00
         vertex 1.325000e+01 4.383494e+00 1.969744e+00
      endloop
   endfacet
   facet normal 4.213055e-01 5.201863e-01 -7.429050e-01
      outer loop
         vertex 1.325000e+01 4.383494e+00 1.969744e+00
         vertex 1.332899e+01 4.612121e+00 2.174625e+00
         vertex 1.332899e+01 4.365077e+00 2.001643e+00
      endloop
   endfacet
   facet normal 4.213061e-01 3.832805e-01 -8.219472e-01
      outer loop
         vertex 1.325000e+01 4.383494e+00 1.969744e+00
         vertex 1.332899e+01 4.365077e+00 2.001643e+00
         vertex 1.325000e+01 4.104345e+00 1.839574e+00
      endloop
   endfacet
   facet normal 4.213100e-01 3.832786e-01 -8.219461e-01
      outer loop
         vertex 1.325000e+01 4.104345e+00 1.839574e+00
         vertex 1.332899e+01 4.365077e+00 2.001643e+00
         vertex 1.332899e+01 4.091748e+00 1.874188e+00
      endloop
   endfacet
   facet normal 4.213107e-01 2.347262e-01 -8.760142e-01
      outer loop
         vertex 1.325000e+01 4.104345e+00 1.839574e+00
         vertex 1.332899e+01 4.091748e+00 1.874188e+00
         vertex 1.325000e+01 3.806834e+00 1.759857e+00
      endloop
   endfacet
   facet normal 4.213082e-01 2.347272e-01 -8.760151e-01
      outer loop
         vertex 1.325000e+01 3.806834e+00 1.759857e+00
         vertex 1.332899e+01 4.091748e+00 1.874188e+00
         vertex 1.332899e+01 3.800438e+00 1.796132e+00
      endloop
   endfacet
   facet normal 4.213085e-01 7.904287e-02 -9.034663e-01
      outer loop
         vertex 1.325000e+01 3.806834e+00 1.759857e+00
         vertex 1.332899e+01 3.800438e+00 1.796132e+00
         vertex 1.325000e+01 3.500000e+00 1.733012e+00
      endloop
   endfacet
   facet normal 4.213010e-01 7.904553e-02 -9.034696e-01
      outer loop
         vertex 1.325000e+01 3.500000e+00 1.733012e+00
         vertex 1.332899e+01 3.800438e+00 1.796132e+00
         vertex 1.332899e+01 3.500000e+00 1.769846e+00
      endloop
   endfacet
   facet normal 4.213011e-01 -7.904317e-02 -9.034697e-01
      outer loop
         vertex 1.325000e+01 3.500000e+00 1.733012e+00
         vertex 1.332899e+01 3.500000e+00 1.769846e+00
         vertex 1.325000e+01 3.193166e+00 1.759857e+00
      endloop
   endfacet
   facet normal 4.213086e-01 -7.904522e-02 -9.034661e-01
      outer loop
         vertex 1.325000e+01 3.193166e+00 1.759857e+00
         vertex 1.332899e+01 3.500000e+00 1.769846e+00
         vertex 1.332899e+01 3.199562e+00 1.796132e+00
      endloop
   endfacet
   facet normal 4.213083e-01 -2.347265e-01 -8.760153e-01
      outer loop
         vertex 1.325000e+01 3.193166e+00 1.759857e+00
         vertex 1.332899e+01 3.199562e+00 1.796132e+00
         vertex 1.325000e+01 2.895655e+00 1.839574e+00
      endloop
   endfacet
   facet normal 4.213107e-01 -2.347269e-01 -8.760140e-01
      outer loop
         vertex 1.325000e+01 2.895655e+00 1.839574e+00
         vertex 1.332899e+01 3.199562e+00 1.796132e+00
         vertex 1.332899e+01 2.908253e+00 1.874188e+00
      endloop
   endfacet
   facet normal 4.213100e-01 -3.832797e-01 -8.219456e-01
      outer loop
         vertex 1.325000e+01 2.895655e+00 1.839574e+00
         vertex 1.332899e+01 2.908253e+00 1.874188e+00
         vertex 1.325000e+01 2.616506e+00 1.969744e+00
      endloop
   endfacet
   facet normal 4.213061e-01 -3.832794e-01 -8.219478e-01
      outer loop
         vertex 1.325000e+01 2.616506e+00 1.969744e+00
         vertex 1.332899e+01 2.908253e+00 1.874188e+00
         vertex 1.332899e+01 2.634923e+00 2.001643e+00
      endloop
   endfacet
   facet normal 4.213053e-01 -5.201896e-01 -7.429028e-01
      outer loop
         vertex 1.325000e+01 2.616506e+00 1.969744e+00
         vertex 1.332899e+01 2.634923e+00 2.001643e+00
         vertex 1.325000e+01 2.364203e+00 2.146410e+00
      endloop
   endfacet
   facet normal 4.212928e-01 -5.201897e-01 -7.429099e-01
      outer loop
         vertex 1.325000e+01 2.364203e+00 2.146410e+00
         vertex 1.332899e+01 2.634923e+00 2.001643e+00
         vertex 1.332899e+01 2.387879e+00 2.174625e+00
      endloop
   endfacet
   facet normal 4.212937e-01 -6.412928e-01 -6.412918e-01
      outer loop
         vertex 1.325000e+01 2.364203e+00 2.146410e+00
         vertex 1.332899e+01 2.387879e+00 2.174625e+00
         vertex 1.325000e+01 2.146409e+00 2.364203e+00
      endloop
   endfacet
   facet normal 4.212984e-01 -6.412923e-01 -6.412892e-01
      outer loop
         vertex 1.325000e+01 2.146409e+00 2.364203e+00
         vertex 1.332899e+01 2.387879e+00 2.174625e+00
         vertex 1.332899e+01 2.174626e+00 2.387879e+00
      endloop
   endfacet
   facet normal 4.212986e-01 -7.429058e-01 -5.201908e-01
      outer loop
         vertex 1.325000e+01 2.146409e+00 2.364203e+00
         vertex 1.332899e+01 2.174626e+00 2.387879e+00
         vertex 1.325000e+01 1.969744e+00 2.616506e+00
      endloop
   endfacet
   facet normal 4.213048e-01 -7.429046e-01 -5.201875e-01
      outer loop
         vertex 1.325000e+01 1.969744e+00 2.616506e+00
         vertex 1.332899e+01 2.174626e+00 2.387879e+00
         vertex 1.332899e+01 2.001643e+00 2.634924e+00
      endloop
   endfacet
   facet normal 4.213033e-01 -8.219487e-01 -3.832803e-01
      outer loop
         vertex 1.325000e+01 1.969744e+00 2.616506e+00
         vertex 1.332899e+01 2.001643e+00 2.634924e+00
         vertex 1.325000e+01 1.839575e+00 2.895655e+00
      endloop
   endfacet
   facet normal 4.213007e-01 -8.219495e-01 -3.832815e-01
      outer loop
         vertex 1.325000e+01 1.839575e+00 2.895655e+00
         vertex 1.332899e+01 2.001643e+00 2.634924e+00
         vertex 1.332899e+01 1.874187e+00 2.908253e+00
      endloop
   endfacet
   facet normal 4.213005e-01 -8.760185e-01 -2.347285e-01
      outer loop
         vertex 1.325000e+01 1.839575e+00 2.895655e+00
         vertex 1.332899e+01 1.874187e+00 2.908253e+00
         vertex 1.325000e+01 1.759857e+00 3.193166e+00
      endloop
   endfacet
   facet normal 4.213003e-01 -8.760186e-01 -2.347286e-01
      outer loop
         vertex 1.325000e+01 1.759857e+00 3.193166e+00
         vertex 1.332899e+01 1.874187e+00 2.908253e+00
         vertex 1.332899e+01 1.796131e+00 3.199562e+00
      endloop
   endfacet
   facet normal 4.212999e-01 -9.034703e-01 -7.904313e-02
      outer loop
         vertex 1.325000e+01 1.759857e+00 3.193166e+00
         vertex 1.332899e+01 1.796131e+00 3.199562e+00
         vertex 1.325000e+01 1.733013e+00 3.500001e+00
      endloop
   endfacet
   facet normal 4.212989e-01 -9.034707e-01 -7.904350e-02
      outer loop
         vertex 1.325000e+01 1.733013e+00 3.500001e+00
         vertex 1.332899e+01 1.796131e+00 3.199562e+00
         vertex 1.332899e+01 1.769846e+00 3.500001e+00
      endloop
   endfacet
   facet normal 4.212989e-01 -9.034708e-01 7.904341e-02
      outer loop
         vertex 1.325000e+01 1.733013e+00 3.500001e+00
         vertex 1.332899e+01 1.769846e+00 3.500001e+00
         vertex 1.325000e+01 1.759857e+00 3.806834e+00
      endloop
   endfacet
   facet normal 4.212992e-01 -9.034706e-01 7.904349e-02
      outer loop
         vertex 1.325000e+01 1.759857e+00 3.806834e+00
         vertex 1.332899e+01 1.769846e+00 3.500001e+00
         vertex 1.332899e+01 1.796131e+00 3.800439e+00
      endloop
   endfacet
   facet normal 4.212980e-01 -8.760196e-01 2.347288e-01
      outer loop
         vertex 1.325000e+01 1.759857e+00 3.806834e+00
         vertex 1.332899e+01 1.796131e+00 3.800439e+00
         vertex 1.325000e+01 1.839575e+00 4.104345e+00
      endloop
   endfacet
   facet normal 4.212982e-01 -8.760195e-01 2.347288e-01
      outer loop
         vertex 1.325000e+01 1.839575e+00 4.104345e+00
         vertex 1.332899e+01 1.796131e+00 3.800439e+00
         vertex 1.332899e+01 1.874187e+00 4.091748e+00
      endloop
   endfacet
   facet normal 4.212970e-01 -8.219514e-01 3.832815e-01
      outer loop
         vertex 1.325000e+01 1.839575e+00 4.104345e+00
         vertex 1.332899e+01 1.874187e+00 4.091748e+00
         vertex 1.325000e+01 1.969744e+00 4.383494e+00
      endloop
   endfacet
   facet normal 4.212996e-01 -8.219499e-01 3.832818e-01
      outer loop
         vertex 1.325000e+01 1.969744e+00 4.383494e+00
         vertex 1.332899e+01 1.874187e+00 4.091748e+00
         vertex 1.332899e+01 2.001643e+00 4.365077e+00
      endloop
   endfacet
   facet normal 4.212997e-01 -7.429063e-01 5.201892e-01
      outer loop
         vertex 1.325000e+01 1.969744e+00 4.383494e+00
         vertex 1.332899e+01 2.001643e+00 4.365077e+00
         vertex 1.325000e+01 2.146409e+00 4.635798e+00
      endloop
   endfacet
   facet normal 4.212985e-01 -7.429070e-01 5.201892e-01
      outer loop
         vertex 1.325000e+01 2.146409e+00 4.635798e+00
         vertex 1.332899e+01 2.001643e+00 4.365077e+00
         vertex 1.332899e+01 2.174626e+00 4.612122e+00
      endloop
   endfacet
   facet normal 4.212984e-01 -6.412913e-01 6.412902e-01
      outer loop
         vertex 1.325000e+01 2.146409e+00 4.635798e+00
         vertex 1.332899e+01 2.174626e+00 4.612122e+00
         vertex 1.325000e+01 2.364203e+00 4.853591e+00
      endloop
   endfacet
   facet normal 4.212999e-01 -6.412904e-01 6.412901e-01
      outer loop
         vertex 1.325000e+01 2.364203e+00 4.853591e+00
         vertex 1.332899e+01 2.174626e+00 4.612122e+00
         vertex 1.332899e+01 2.387879e+00 4.825375e+00
      endloop
   endfacet
   facet normal 4.213000e-01 -5.201874e-01 7.429074e-01
      outer loop
         vertex 1.325000e+01 2.364203e+00 4.853591e+00
         vertex 1.332899e+01 2.387879e+00 4.825375e+00
         vertex 1.325000e+01 2.616506e+00 5.030256e+00
      endloop
   endfacet
   facet normal 4.212983e-01 -5.201882e-01 7.429078e-01
      outer loop
         vertex 1.325000e+01 2.616506e+00 5.030256e+00
         vertex 1.332899e+01 2.387879e+00 4.825375e+00
         vertex 1.332899e+01 2.634923e+00 4.998357e+00
      endloop
   endfacet
   facet normal 4.212982e-01 -3.832820e-01 8.219506e-01
      outer loop
         vertex 1.325000e+01 2.616506e+00 5.030256e+00
         vertex 1.332899e+01 2.634923e+00 4.998357e+00
         vertex 1.325000e+01 2.895655e+00 5.160425e+00
      endloop
   endfacet
   facet normal 4.212940e-01 -3.832840e-01 8.219518e-01
      outer loop
         vertex 1.325000e+01 2.895655e+00 5.160425e+00
         vertex 1.332899e+01 2.634923e+00 4.998357e+00
         vertex 1.332899e+01 2.908253e+00 5.125813e+00
      endloop
   endfacet
   facet normal 4.212938e-01 -2.347308e-01 8.760211e-01
      outer loop
         vertex 1.325000e+01 2.895655e+00 5.160425e+00
         vertex 1.332899e+01 2.908253e+00 5.125813e+00
         vertex 1.325000e+01 3.193166e+00 5.240143e+00
      endloop
   endfacet
   facet normal 4.212997e-01 -2.347283e-01 8.760189e-01
      outer loop
         vertex 1.325000e+01 3.193166e+00 5.240143e+00
         vertex 1.332899e+01 2.908253e+00 5.125813e+00
         vertex 1.332899e+01 3.199562e+00 5.203869e+00
      endloop
   endfacet
   facet normal 4.212997e-01 -7.904322e-02 9.034704e-01
      outer loop
         vertex 1.325000e+01 3.193166e+00 5.240143e+00
         vertex 1.332899e+01 3.199562e+00 5.203869e+00
         vertex 1.325000e+01 3.500000e+00 5.266988e+00
      endloop
   endfacet
   facet normal 4.213011e-01 -7.904275e-02 9.034698e-01
      outer loop
         vertex 1.325000e+01 3.500000e+00 5.266988e+00
         vertex 1.332899e+01 3.199562e+00 5.203869e+00
         vertex 1.332899e+01 3.500000e+00 5.230154e+00
      endloop
   endfacet
   facet normal 4.213011e-01 7.904317e-02 9.034697e-01
      outer loop
         vertex 1.325000e+01 3.500000e+00 5.266988e+00
         vertex 1.332899e+01 3.500000e+00 5.230154e+00
         vertex 1.325000e+01 3.806834e+00 5.240143e+00
      endloop
   endfacet
   facet normal 4.212997e-01 7.904280e-02 9.034704e-01
      outer loop
         vertex 1.325000e+01 3.806834e+00 5.240143e+00
         vertex 1.332899e+01 3.500000e+00 5.230154e+00
         vertex 1.332899e+01 3.800438e+00 5.203869e+00
      endloop
   endfacet
   facet normal 2.578995e-01 2.500633e-01 9.332503e-01
      outer loop
         vertex 1.332899e+01 3.800438e+00 5.203869e+00
         vertex 1.341318e+01 3.796521e+00 5.181654e+00
         vertex 1.332899e+01 4.091748e+00 5.125813e+00
      endloop
   endfacet
   facet normal 2.579066e-01 2.500649e-01 9.332479e-01
      outer loop
         vertex 1.332899e+01 4.091748e+00 5.125813e+00
         vertex 1.341318e+01 3.796521e+00 5.181654e+00
         vertex 1.341318e+01 4.084032e+00 5.104615e+00
      endloop
   endfacet
   facet normal 2.579061e-01 4.083225e-01 8.756467e-01
      outer loop
         vertex 1.332899e+01 4.091748e+00 5.125813e+00
         vertex 1.341318e+01 4.084032e+00 5.104615e+00
         vertex 1.332899e+01 4.365077e+00 4.998357e+00
      endloop
   endfacet
   facet normal 2.578998e-01 4.083215e-01 8.756491e-01
      outer loop
         vertex 1.332899e+01 4.365077e+00 4.998357e+00
         vertex 1.341318e+01 4.084032e+00 5.104615e+00
         vertex 1.341318e+01 4.353798e+00 4.978822e+00
      endloop
   endfacet
   facet normal 2.578998e-01 5.541723e-01 7.914422e-01
      outer loop
         vertex 1.332899e+01 4.365077e+00 4.998357e+00
         vertex 1.341318e+01 4.353798e+00 4.978822e+00
         vertex 1.332899e+01 4.612121e+00 4.825375e+00
      endloop
   endfacet
   facet normal 2.579052e-01 5.541728e-01 7.914401e-01
      outer loop
         vertex 1.332899e+01 4.612121e+00 4.825375e+00
         vertex 1.341318e+01 4.353798e+00 4.978822e+00
         vertex 1.341318e+01 4.597622e+00 4.808094e+00
      endloop
   endfacet
   facet normal 2.579046e-01 6.831858e-01 6.831855e-01
      outer loop
         vertex 1.332899e+01 4.612121e+00 4.825375e+00
         vertex 1.341318e+01 4.597622e+00 4.808094e+00
         vertex 1.332899e+01 4.825375e+00 4.612122e+00
      endloop
   endfacet
   facet normal 2.579001e-01 6.831857e-01 6.831872e-01
      outer loop
         vertex 1.332899e+01 4.825375e+00 4.612122e+00
         vertex 1.341318e+01 4.597622e+00 4.808094e+00
         vertex 1.341318e+01 4.808095e+00 4.597622e+00
      endloop
   endfacet
   facet normal 2.579001e-01 7.914414e-01 5.541733e-01
      outer loop
         vertex 1.332899e+01 4.825375e+00 4.612122e+00
         vertex 1.341318e+01 4.808095e+00 4.597622e+00
         vertex 1.332899e+01 4.998357e+00 4.365077e+00
      endloop
   endfacet
   facet normal 2.579027e-01 7.914412e-01 5.541723e-01
      outer loop
         vertex 1.332899e+01 4.998357e+00 4.365077e+00
         vertex 1.341318e+01 4.808095e+00 4.597622e+00
         vertex 1.341318e+01 4.978822e+00 4.353798e+00
      endloop
   endfacet
   facet normal 2.579019e-01 8.756483e-01 4.083217e-01
      outer loop
         vertex 1.332899e+01 4.998357e+00 4.365077e+00
         vertex 1.341318e+01 4.978822e+00 4.353798e+00
         vertex 1.332899e+01 5.125813e+00 4.091748e+00
      endloop
   endfacet
   facet normal 2.578991e-01 8.756486e-01 4.083228e-01
      outer loop
         vertex 1.332899e+01 5.125813e+00 4.091748e+00
         vertex 1.341318e+01 4.978822e+00 4.353798e+00
         vertex 1.341318e+01 5.104616e+00 4.084033e+00
      endloop
   endfacet
   facet normal 2.578992e-01 9.332503e-01 2.500638e-01
      outer loop
         vertex 1.332899e+01 5.125813e+00 4.091748e+00
         vertex 1.341318e+01 5.104616e+00 4.084033e+00
         vertex 1.332899e+01 5.203869e+00 3.800439e+00
      endloop
   endfacet
   facet normal 2.578997e-01 9.332502e-01 2.500636e-01
      outer loop
         vertex 1.332899e+01 5.203869e+00 3.800439e+00
         vertex 1.341318e+01 5.104616e+00 4.084033e+00
         vertex 1.341318e+01 5.181654e+00 3.796522e+00
      endloop
   endfacet
   facet normal 2.578996e-01 9.624952e-01 8.420747e-02
      outer loop
         vertex 1.332899e+01 5.203869e+00 3.800439e+00
         vertex 1.341318e+01 5.181654e+00 3.796522e+00
         vertex 1.332899e+01 5.230154e+00 3.500001e+00
      endloop
   endfacet
   facet normal 2.578998e-01 9.624951e-01 8.420740e-02
      outer loop
         vertex 1.332899e+01 5.230154e+00 3.500001e+00
         vertex 1.341318e+01 5.181654e+00 3.796522e+00
         vertex 1.341318e+01 5.207596e+00 3.500001e+00
      endloop
   endfacet
   facet normal 2.578998e-01 9.624951e-01 -8.420747e-02
      outer loop
         vertex 1.332899e+01 5.230154e+00 3.500001e+00
         vertex 1.341318e+01 5.207596e+00 3.500001e+00
         vertex 1.332899e+01 5.203869e+00 3.199562e+00
      endloop
   endfacet
   facet normal 2.578996e-01 9.624952e-01 -8.420741e-02
      outer loop
         vertex 1.332899e+01 5.203869e+00 3.199562e+00
         vertex 1.341318e+01 5.207596e+00 3.500001e+00
         vertex 1.341318e+01 5.181654e+00 3.203480e+00
      endloop
   endfacet
   facet normal 2.578997e-01 9.332502e-01 -2.500637e-01
      outer loop
         vertex 1.332899e+01 5.203869e+00 3.199562e+00
         vertex 1.341318e+01 5.181654e+00 3.203480e+00
         vertex 1.332899e+01 5.125813e+00 2.908253e+00
      endloop
   endfacet
   facet normal 2.578992e-01 9.332503e-01 -2.500636e-01
      outer loop
         vertex 1.332899e+01 5.125813e+00 2.908253e+00
         vertex 1.341318e+01 5.181654e+00 3.203480e+00
         vertex 1.341318e+01 5.104616e+00 2.915968e+00
      endloop
   endfacet
   facet normal 2.578991e-01 8.756490e-01 -4.083220e-01
      outer loop
         vertex 1.332899e+01 5.125813e+00 2.908253e+00
         vertex 1.341318e+01 5.104616e+00 2.915968e+00
         vertex 1.332899e+01 4.998357e+00 2.634924e+00
      endloop
   endfacet
   facet normal 2.578977e-01 8.756495e-01 -4.083218e-01
      outer loop
         vertex 1.332899e+01 4.998357e+00 2.634924e+00
         vertex 1.341318e+01 5.104616e+00 2.915968e+00
         vertex 1.341318e+01 4.978822e+00 2.646202e+00
      endloop
   endfacet
   facet normal 2.578969e-01 7.914421e-01 -5.541738e-01
      outer loop
         vertex 1.332899e+01 4.998357e+00 2.634924e+00
         vertex 1.341318e+01 4.978822e+00 2.646202e+00
         vertex 1.332899e+01 4.825375e+00 2.387879e+00
      endloop
   endfacet
   facet normal 2.578944e-01 7.914430e-01 -5.541736e-01
      outer loop
         vertex 1.332899e+01 4.825375e+00 2.387879e+00
         vertex 1.341318e+01 4.978822e+00 2.646202e+00
         vertex 1.341318e+01 4.808095e+00 2.402378e+00
      endloop
   endfacet
   facet normal 2.578932e-01 6.831895e-01 -6.831861e-01
      outer loop
         vertex 1.332899e+01 4.825375e+00 2.387879e+00
         vertex 1.341318e+01 4.808095e+00 2.402378e+00
         vertex 1.332899e+01 4.612121e+00 2.174625e+00
      endloop
   endfacet
   facet normal 2.578975e-01 6.831877e-01 -6.831862e-01
      outer loop
         vertex 1.332899e+01 4.612121e+00 2.174625e+00
         vertex 1.341318e+01 4.808095e+00 2.402378e+00
         vertex 1.341318e+01 4.597622e+00 2.191905e+00
      endloop
   endfacet
   facet normal 2.578970e-01 5.541727e-01 -7.914428e-01
      outer loop
         vertex 1.332899e+01 4.612121e+00 2.174625e+00
         vertex 1.341318e+01 4.597622e+00 2.191905e+00
         vertex 1.332899e+01 4.365077e+00 2.001643e+00
      endloop
   endfacet
   facet normal 2.578998e-01 5.541716e-01 -7.914427e-01
      outer loop
         vertex 1.332899e+01 4.365077e+00 2.001643e+00
         vertex 1.341318e+01 4.597622e+00 2.191905e+00
         vertex 1.341318e+01 4.353798e+00 2.021179e+00
      endloop
   endfacet
   facet normal 2.578998e-01 4.083208e-01 -8.756494e-01
      outer loop
         vertex 1.332899e+01 4.365077e+00 2.001643e+00
         vertex 1.341318e+01 4.353798e+00 2.021179e+00
         vertex 1.332899e+01 4.091748e+00 1.874188e+00
      endloop
   endfacet
   facet normal 2.578971e-01 4.083218e-01 -8.756497e-01
      outer loop
         vertex 1.332899e+01 4.091748e+00 1.874188e+00
         vertex 1.341318e+01 4.353798e+00 2.021179e+00
         vertex 1.341318e+01 4.084032e+00 1.895385e+00
      endloop
   endfacet
   facet normal 2.578969e-01 2.500635e-01 -9.332510e-01
      outer loop
         vertex 1.332899e+01 4.091748e+00 1.874188e+00
         vertex 1.341318e+01 4.084032e+00 1.895385e+00
         vertex 1.332899e+01 3.800438e+00 1.796132e+00
      endloop
   endfacet
   facet normal 2.578899e-01 2.500661e-01 -9.332523e-01
      outer loop
         vertex 1.332899e+01 3.800438e+00 1.796132e+00
         vertex 1.341318e+01 4.084032e+00 1.895385e+00
         vertex 1.341318e+01 3.796521e+00 1.818346e+00
      endloop
   endfacet
   facet normal 2.578896e-01 8.420996e-02 -9.624976e-01
      outer loop
         vertex 1.332899e+01 3.800438e+00 1.796132e+00
         vertex 1.341318e+01 3.796521e+00 1.818346e+00
         vertex 1.332899e+01 3.500000e+00 1.769846e+00
      endloop
   endfacet
   facet normal 2.579098e-01 8.420343e-02 -9.624928e-01
      outer loop
         vertex 1.332899e+01 3.500000e+00 1.769846e+00
         vertex 1.341318e+01 3.796521e+00 1.818346e+00
         vertex 1.341318e+01 3.500000e+00 1.792405e+00
      endloop
   endfacet
   facet normal 2.579097e-01 -8.420949e-02 -9.624923e-01
      outer loop
         vertex 1.332899e+01 3.500000e+00 1.769846e+00
         vertex 1.341318e+01 3.500000e+00 1.792405e+00
         vertex 1.332899e+01 3.199562e+00 1.796132e+00
      endloop
   endfacet
   facet normal 2.578895e-01 -8.420391e-02 -9.624982e-01
      outer loop
         vertex 1.332899e+01 3.199562e+00 1.796132e+00
         vertex 1.341318e+01 3.500000e+00 1.792405e+00
         vertex 1.341318e+01 3.203479e+00 1.818346e+00
      endloop
   endfacet
   facet normal 2.578899e-01 -2.500640e-01 -9.332528e-01
      outer loop
         vertex 1.332899e+01 3.199562e+00 1.796132e+00
         vertex 1.341318e+01 3.203479e+00 1.818346e+00
         vertex 1.332899e+01 2.908253e+00 1.874188e+00
      endloop
   endfacet
   facet normal 2.578970e-01 -2.500656e-01 -9.332504e-01
      outer loop
         vertex 1.332899e+01 2.908253e+00 1.874188e+00
         vertex 1.341318e+01 3.203479e+00 1.818346e+00
         vertex 1.341318e+01 2.915968e+00 1.895385e+00
      endloop
   endfacet
   facet normal 2.578971e-01 -4.083211e-01 -8.756500e-01
      outer loop
         vertex 1.332899e+01 2.908253e+00 1.874188e+00
         vertex 1.341318e+01 2.915968e+00 1.895385e+00
         vertex 1.332899e+01 2.634923e+00 2.001643e+00
      endloop
   endfacet
   facet normal 2.578998e-01 -4.083215e-01 -8.756491e-01
      outer loop
         vertex 1.332899e+01 2.634923e+00 2.001643e+00
         vertex 1.341318e+01 2.915968e+00 1.895385e+00
         vertex 1.341318e+01 2.646202e+00 2.021179e+00
      endloop
   endfacet
   facet normal 2.578998e-01 -5.541723e-01 -7.914422e-01
      outer loop
         vertex 1.332899e+01 2.634923e+00 2.001643e+00
         vertex 1.341318e+01 2.646202e+00 2.021179e+00
         vertex 1.332899e+01 2.387879e+00 2.174625e+00
      endloop
   endfacet
   facet normal 2.578970e-01 -5.541720e-01 -7.914433e-01
      outer loop
         vertex 1.332899e+01 2.387879e+00 2.174625e+00
         vertex 1.341318e+01 2.646202e+00 2.021179e+00
         vertex 1.341318e+01 2.402378e+00 2.191905e+00
      endloop
   endfacet
   facet normal 2.578975e-01 -6.831887e-01 -6.831853e-01
      outer loop
         vertex 1.332899e+01 2.387879e+00 2.174625e+00
         vertex 1.341318e+01 2.402378e+00 2.191905e+00
         vertex 1.332899e+01 2.174626e+00 2.387879e+00
      endloop
   endfacet
   facet normal 2.578931e-01 -6.831886e-01 -6.831870e-01
      outer loop
         vertex 1.332899e+01 2.174626e+00 2.387879e+00
         vertex 1.341318e+01 2.402378e+00 2.191905e+00
         vertex 1.341318e+01 2.191906e+00 2.402378e+00
      endloop
   endfacet
   facet normal 2.578944e-01 -7.914426e-01 -5.541742e-01
      outer loop
         vertex 1.332899e+01 2.174626e+00 2.387879e+00
         vertex 1.341318e+01 2.191906e+00 2.402378e+00
         vertex 1.332899e+01 2.001643e+00 2.634924e+00
      endloop
   endfacet
   facet normal 2.578969e-01 -7.914425e-01 -5.541732e-01
      outer loop
         vertex 1.332899e+01 2.001643e+00 2.634924e+00
         vertex 1.341318e+01 2.191906e+00 2.402378e+00
         vertex 1.341318e+01 2.021178e+00 2.646202e+00
      endloop
   endfacet
   facet normal 2.578977e-01 -8.756493e-01 -4.083222e-01
      outer loop
         vertex 1.332899e+01 2.001643e+00 2.634924e+00
         vertex 1.341318e+01 2.021178e+00 2.646202e+00
         vertex 1.332899e+01 1.874187e+00 2.908253e+00
      endloop
   endfacet
   facet normal 2.578991e-01 -8.756492e-01 -4.083217e-01
      outer loop
         vertex 1.332899e+01 1.874187e+00 2.908253e+00
         vertex 1.341318e+01 2.021178e+00 2.646202e+00
         vertex 1.341318e+01 1.895385e+00 2.915968e+00
      endloop
   endfacet
   facet normal 2.578992e-01 -9.332503e-01 -2.500638e-01
      outer loop
         vertex 1.332899e+01 1.874187e+00 2.908253e+00
         vertex 1.341318e+01 1.895385e+00 2.915968e+00
         vertex 1.332899e+01 1.796131e+00 3.199562e+00
      endloop
   endfacet
   facet normal 2.578997e-01 -9.332502e-01 -2.500636e-01
      outer loop
         vertex 1.332899e+01 1.796131e+00 3.199562e+00
         vertex 1.341318e+01 1.895385e+00 2.915968e+00
         vertex 1.341318e+01 1.818346e+00 3.203480e+00
      endloop
   endfacet
   facet normal 2.578996e-01 -9.624952e-01 -8.420747e-02
      outer loop
         vertex 1.332899e+01 1.796131e+00 3.199562e+00
         vertex 1.341318e+01 1.818346e+00 3.203480e+00
         vertex 1.332899e+01 1.769846e+00 3.500001e+00
      endloop
   endfacet
   facet normal 2.578998e-01 -9.624951e-01 -8.420740e-02
      outer loop
         vertex 1.332899e+01 1.769846e+00 3.500001e+00
         vertex 1.341318e+01 1.818346e+00 3.203480e+00
         vertex 1.341318e+01 1.792404e+00 3.500001e+00
      endloop
   endfacet
   facet normal 2.578998e-01 -9.624951e-01 8.420747e-02
      outer loop
         vertex 1.332899e+01 1.769846e+00 3.500001e+00
         vertex 1.341318e+01 1.792404e+00 3.500001e+00
         vertex 1.332899e+01 1.796131e+00 3.800439e+00
      endloop
   endfacet
   facet normal 2.578996e-01 -9.624952e-01 8.420741e-02
      outer loop
         vertex 1.332899e+01 1.796131e+00 3.800439e+00
         vertex 1.341318e+01 1.792404e+00 3.500001e+00
         vertex 1.341318e+01 1.818346e+00 3.796522e+00
      endloop
   endfacet
   facet normal 2.578997e-01 -9.332502e-01 2.500637e-01
      outer loop
         vertex 1.332899e+01 1.796131e+00 3.800439e+00
         vertex 1.341318e+01 1.818346e+00 3.796522e+00
         vertex 1.332899e+01 1.874187e+00 4.091748e+00
      endloop
   endfacet
   facet normal 2.578992e-01 -9.332503e-01 2.500636e-01
      outer loop
         vertex 1.332899e+01 1.874187e+00 4.091748e+00
         vertex 1.341318e+01 1.818346e+00 3.796522e+00
         vertex 1.341318e+01 1.895385e+00 4.084033e+00
      endloop
   endfacet
   facet normal 2.578991e-01 -8.756490e-01 4.083220e-01
      outer loop
         vertex 1.332899e+01 1.874187e+00 4.091748e+00
         vertex 1.341318e+01 1.895385e+00 4.084033e+00
         vertex 1.332899e+01 2.001643e+00 4.365077e+00
      endloop
   endfacet
   facet normal 2.579019e-01 -8.756480e-01 4.083225e-01
      outer loop
         vertex 1.332899e+01 2.001643e+00 4.365077e+00
         vertex 1.341318e+01 1.895385e+00 4.084033e+00
         vertex 1.341318e+01 2.021178e+00 4.353798e+00
      endloop
   endfacet
   facet normal 2.579026e-01 -7.914408e-01 5.541730e-01
      outer loop
         vertex 1.332899e+01 2.001643e+00 4.365077e+00
         vertex 1.341318e+01 2.021178e+00 4.353798e+00
         vertex 1.332899e+01 2.174626e+00 4.612122e+00
      endloop
   endfacet
   facet normal 2.579001e-01 -7.914418e-01 5.541727e-01
      outer loop
         vertex 1.332899e+01 2.174626e+00 4.612122e+00
         vertex 1.341318e+01 2.021178e+00 4.353798e+00
         vertex 1.341318e+01 2.191906e+00 4.597622e+00
      endloop
   endfacet
   facet normal 2.579002e-01 -6.831867e-01 6.831863e-01
      outer loop
         vertex 1.332899e+01 2.174626e+00 4.612122e+00
         vertex 1.341318e+01 2.191906e+00 4.597622e+00
         vertex 1.332899e+01 2.387879e+00 4.825375e+00
      endloop
   endfacet
   facet normal 2.579046e-01 -6.831849e-01 6.831864e-01
      outer loop
         vertex 1.332899e+01 2.387879e+00 4.825375e+00
         vertex 1.341318e+01 2.191906e+00 4.597622e+00
         vertex 1.341318e+01 2.402378e+00 4.808094e+00
      endloop
   endfacet
   facet normal 2.579052e-01 -5.541715e-01 7.914410e-01
      outer loop
         vertex 1.332899e+01 2.387879e+00 4.825375e+00
         vertex 1.341318e+01 2.402378e+00 4.808094e+00
         vertex 1.332899e+01 2.634923e+00 4.998357e+00
      endloop
   endfacet
   facet normal 2.578998e-01 -5.541737e-01 7.914413e-01
      outer loop
         vertex 1.332899e+01 2.634923e+00 4.998357e+00
         vertex 1.341318e+01 2.402378e+00 4.808094e+00
         vertex 1.341318e+01 2.646202e+00 4.978822e+00
      endloop
   endfacet
   facet normal 2.578998e-01 -4.083232e-01 8.756482e-01
      outer loop
         vertex 1.332899e+01 2.634923e+00 4.998357e+00
         vertex 1.341318e+01 2.646202e+00 4.978822e+00
         vertex 1.332899e+01 2.908253e+00 5.125813e+00
      endloop
   endfacet
   facet normal 2.579061e-01 -4.083208e-01 8.756475e-01
      outer loop
         vertex 1.332899e+01 2.908253e+00 5.125813e+00
         vertex 1.341318e+01 2.646202e+00 4.978822e+00
         vertex 1.341318e+01 2.915968e+00 5.104615e+00
      endloop
   endfacet
   facet normal 2.579066e-01 -2.500628e-01 9.332485e-01
      outer loop
         vertex 1.332899e+01 2.908253e+00 5.125813e+00
         vertex 1.341318e+01 2.915968e+00 5.104615e+00
         vertex 1.332899e+01 3.199562e+00 5.203869e+00
      endloop
   endfacet
   facet normal 2.578995e-01 -2.500654e-01 9.332498e-01
      outer loop
         vertex 1.332899e+01 3.199562e+00 5.203869e+00
         vertex 1.341318e+01 2.915968e+00 5.104615e+00
         vertex 1.341318e+01 3.203479e+00 5.181654e+00
      endloop
   endfacet
   facet normal 2.578995e-01 -8.420677e-02 9.624952e-01
      outer loop
         vertex 1.332899e+01 3.199562e+00 5.203869e+00
         vertex 1.341318e+01 3.203479e+00 5.181654e+00
         vertex 1.332899e+01 3.500000e+00 5.230154e+00
      endloop
   endfacet
   facet normal 2.578998e-01 -8.420667e-02 9.624952e-01
      outer loop
         vertex 1.332899e+01 3.500000e+00 5.230154e+00
         vertex 1.341318e+01 3.203479e+00 5.181654e+00
         vertex 1.341318e+01 3.500000e+00 5.207596e+00
      endloop
   endfacet
   facet normal 2.578998e-01 8.420676e-02 9.624951e-01
      outer loop
         vertex 1.332899e+01 3.500000e+00 5.230154e+00
         vertex 1.341318e+01 3.500000e+00 5.207596e+00
         vertex 1.332899e+01 3.800438e+00 5.203869e+00
      endloop
   endfacet
   facet normal 2.578995e-01 8.420667e-02 9.624952e-01
      outer loop
         vertex 1.332899e+01 3.800438e+00 5.203869e+00
         vertex 1.341318e+01 3.500000e+00 5.207596e+00
         vertex 1.341318e+01 3.796521e+00 5.181654e+00
      endloop
   endfacet
   facet normal 8.683276e-02 2.578433e-01 9.622769e-01
      outer loop
         vertex 1.341318e+01 3.796521e+00 5.181654e+00
         vertex 1.350000e+01 3.795202e+00 5.174173e+00
         vertex 1.341318e+01 4.084032e+00 5.104615e+00
      endloop
   endfacet
   facet normal 8.682229e-02 2.578405e-01 9.622786e-01
      outer loop
         vertex 1.341318e+01 4.084032e+00 5.104615e+00
         vertex 1.350000e+01 3.795202e+00 5.174173e+00
         vertex 1.350000e+01 4.081434e+00 5.097478e+00
      endloop
   endfacet
   facet normal 8.682258e-02 4.210221e-01 9.028855e-01
      outer loop
         vertex 1.341318e+01 4.084032e+00 5.104615e+00
         vertex 1.350000e+01 4.081434e+00 5.097478e+00
         vertex 1.341318e+01 4.353798e+00 4.978822e+00
      endloop
   endfacet
   facet normal 8.682100e-02 4.210217e-01 9.028858e-01
      outer loop
         vertex 1.341318e+01 4.353798e+00 4.978822e+00
         vertex 1.350000e+01 4.081434e+00 5.097478e+00
         vertex 1.350000e+01 4.350000e+00 4.972244e+00
      endloop
   endfacet
   facet normal 8.682149e-02 5.714109e-01 8.160586e-01
      outer loop
         vertex 1.341318e+01 4.353798e+00 4.978822e+00
         vertex 1.350000e+01 4.350000e+00 4.972244e+00
         vertex 1.341318e+01 4.597622e+00 4.808094e+00
      endloop
   endfacet
   facet normal 8.682567e-02 5.714117e-01 8.160576e-01
      outer loop
         vertex 1.341318e+01 4.597622e+00 4.808094e+00
         vertex 1.350000e+01 4.350000e+00 4.972244e+00
         vertex 1.350000e+01 4.592739e+00 4.802275e+00
      endloop
   endfacet
   facet normal 8.682574e-02 7.044356e-01 7.044372e-01
      outer loop
         vertex 1.341318e+01 4.597622e+00 4.808094e+00
         vertex 1.350000e+01 4.592739e+00 4.802275e+00
         vertex 1.341318e+01 4.808095e+00 4.597622e+00
      endloop
   endfacet
   facet normal 8.682760e-02 7.044359e-01 7.044367e-01
      outer loop
         vertex 1.341318e+01 4.808095e+00 4.597622e+00
         vertex 1.350000e+01 4.592739e+00 4.802275e+00
         vertex 1.350000e+01 4.802276e+00 4.592739e+00
      endloop
   endfacet
   facet normal 8.682717e-02 8.160588e-01 5.714097e-01
      outer loop
         vertex 1.341318e+01 4.808095e+00 4.597622e+00
         vertex 1.350000e+01 4.802276e+00 4.592739e+00
         vertex 1.341318e+01 4.978822e+00 4.353798e+00
      endloop
   endfacet
   facet normal 8.682507e-02 8.160586e-01 5.714103e-01
      outer loop
         vertex 1.341318e+01 4.978822e+00 4.353798e+00
         vertex 1.350000e+01 4.802276e+00 4.592739e+00
         vertex 1.350000e+01 4.972243e+00 4.350000e+00
      endloop
   endfacet
   facet normal 8.682526e-02 9.028847e-01 4.210232e-01
      outer loop
         vertex 1.341318e+01 4.978822e+00 4.353798e+00
         vertex 1.350000e+01 4.972243e+00 4.350000e+00
         vertex 1.341318e+01 5.104616e+00 4.084033e+00
      endloop
   endfacet
   facet normal 8.682786e-02 9.028848e-01 4.210225e-01
      outer loop
         vertex 1.341318e+01 5.104616e+00 4.084033e+00
         vertex 1.350000e+01 4.972243e+00 4.350000e+00
         vertex 1.350000e+01 5.097478e+00 4.081435e+00
      endloop
   endfacet
   facet normal 8.682717e-02 9.622779e-01 2.578415e-01
      outer loop
         vertex 1.341318e+01 5.104616e+00 4.084033e+00
         vertex 1.350000e+01 5.097478e+00 4.081435e+00
         vertex 1.341318e+01 5.181654e+00 3.796522e+00
      endloop
   endfacet
   facet normal 8.682826e-02 9.622779e-01 2.578412e-01
      outer loop
         vertex 1.341318e+01 5.181654e+00 3.796522e+00
         vertex 1.350000e+01 5.097478e+00 4.081435e+00
         vertex 1.350000e+01 5.174173e+00 3.795202e+00
      endloop
   endfacet
   facet normal 8.682702e-02 9.924325e-01 8.682658e-02
      outer loop
         vertex 1.341318e+01 5.181654e+00 3.796522e+00
         vertex 1.350000e+01 5.174173e+00 3.795202e+00
         vertex 1.341318e+01 5.207596e+00 3.500001e+00
      endloop
   endfacet
   facet normal 8.682600e-02 9.924325e-01 8.682689e-02
      outer loop
         vertex 1.341318e+01 5.207596e+00 3.500001e+00
         vertex 1.350000e+01 5.174173e+00 3.795202e+00
         vertex 1.350000e+01 5.200000e+00 3.500001e+00
      endloop
   endfacet
   facet normal 8.682601e-02 9.924326e-01 -8.682659e-02
      outer loop
         vertex 1.341318e+01 5.207596e+00 3.500001e+00
         vertex 1.350000e+01 5.200000e+00 3.500001e+00
         vertex 1.341318e+01 5.181654e+00 3.203480e+00
      endloop
   endfacet
   facet normal 8.682610e-02 9.924326e-01 -8.682662e-02
      outer loop
         vertex 1.341318e+01 5.181654e+00 3.203480e+00
         vertex 1.350000e+01 5.200000e+00 3.500001e+00
         vertex 1.350000e+01 5.174173e+00 3.204798e+00
      endloop
   endfacet
   facet normal 8.682551e-02 9.622781e-01 -2.578416e-01
      outer loop
         vertex 1.341318e+01 5.181654e+00 3.203480e+00
         vertex 1.350000e+01 5.174173e+00 3.204798e+00
         vertex 1.341318e+01 5.104616e+00 2.915968e+00
      endloop
   endfacet
   facet normal 8.682442e-02 9.622782e-01 -2.578413e-01
      outer loop
         vertex 1.341318e+01 5.104616e+00 2.915968e+00
         vertex 1.350000e+01 5.174173e+00 3.204798e+00
         vertex 1.350000e+01 5.097478e+00 2.918566e+00
      endloop
   endfacet
   facet normal 8.682338e-02 9.028854e-01 -4.210221e-01
      outer loop
         vertex 1.341318e+01 5.104616e+00 2.915968e+00
         vertex 1.350000e+01 5.097478e+00 2.918566e+00
         vertex 1.341318e+01 4.978822e+00 2.646202e+00
      endloop
   endfacet
   facet normal 8.682526e-02 9.028850e-01 -4.210226e-01
      outer loop
         vertex 1.341318e+01 4.978822e+00 2.646202e+00
         vertex 1.350000e+01 5.097478e+00 2.918566e+00
         vertex 1.350000e+01 4.972243e+00 2.650000e+00
      endloop
   endfacet
   facet normal 8.682508e-02 8.160590e-01 -5.714098e-01
      outer loop
         vertex 1.341318e+01 4.978822e+00 2.646202e+00
         vertex 1.350000e+01 4.972243e+00 2.650000e+00
         vertex 1.341318e+01 4.808095e+00 2.402378e+00
      endloop
   endfacet
   facet normal 8.683327e-02 8.160570e-01 -5.714114e-01
      outer loop
         vertex 1.341318e+01 4.808095e+00 2.402378e+00
         vertex 1.350000e+01 4.972243e+00 2.650000e+00
         vertex 1.350000e+01 4.802276e+00 2.407262e+00
      endloop
   endfacet
   facet normal 8.683512e-02 7.044366e-01 -7.044350e-01
      outer loop
         vertex 1.341318e+01 4.808095e+00 2.402378e+00
         vertex 1.350000e+01 4.802276e+00 2.407262e+00
         vertex 1.341318e+01 4.597622e+00 2.191905e+00
      endloop
   endfacet
   facet normal 8.682570e-02 7.044391e-01 -7.044337e-01
      outer loop
         vertex 1.341318e+01 4.597622e+00 2.191905e+00
         vertex 1.350000e+01 4.802276e+00 2.407262e+00
         vertex 1.350000e+01 4.592739e+00 2.197724e+00
      endloop
   endfacet
   facet normal 8.682564e-02 5.714086e-01 -8.160597e-01
      outer loop
         vertex 1.341318e+01 4.597622e+00 2.191905e+00
         vertex 1.350000e+01 4.592739e+00 2.197724e+00
         vertex 1.341318e+01 4.353798e+00 2.021179e+00
      endloop
   endfacet
   facet normal 8.683020e-02 5.714073e-01 -8.160602e-01
      outer loop
         vertex 1.341318e+01 4.353798e+00 2.021179e+00
         vertex 1.350000e+01 4.592739e+00 2.197724e+00
         vertex 1.350000e+01 4.350000e+00 2.027757e+00
      endloop
   endfacet
   facet normal 8.683062e-02 4.210218e-01 -9.028849e-01
      outer loop
         vertex 1.341318e+01 4.353798e+00 2.021179e+00
         vertex 1.350000e+01 4.350000e+00 2.027757e+00
         vertex 1.341318e+01 4.084032e+00 1.895385e+00
      endloop
   endfacet
   facet normal 8.682256e-02 4.210242e-01 -9.028845e-01
      outer loop
         vertex 1.341318e+01 4.084032e+00 1.895385e+00
         vertex 1.350000e+01 4.350000e+00 2.027757e+00
         vertex 1.350000e+01 4.081434e+00 1.902523e+00
      endloop
   endfacet
   facet normal 8.682231e-02 2.578435e-01 -9.622778e-01
      outer loop
         vertex 1.341318e+01 4.084032e+00 1.895385e+00
         vertex 1.350000e+01 4.081434e+00 1.902523e+00
         vertex 1.341318e+01 3.796521e+00 1.818346e+00
      endloop
   endfacet
   facet normal 8.682251e-02 2.578434e-01 -9.622778e-01
      outer loop
         vertex 1.341318e+01 3.796521e+00 1.818346e+00
         vertex 1.350000e+01 4.081434e+00 1.902523e+00
         vertex 1.350000e+01 3.795202e+00 1.825826e+00
      endloop
   endfacet
   facet normal 8.682240e-02 8.682277e-02 -9.924332e-01
      outer loop
         vertex 1.341318e+01 3.796521e+00 1.818346e+00
         vertex 1.350000e+01 3.795202e+00 1.825826e+00
         vertex 1.341318e+01 3.500000e+00 1.792405e+00
      endloop
   endfacet
   facet normal 8.682340e-02 8.682247e-02 -9.924332e-01
      outer loop
         vertex 1.341318e+01 3.500000e+00 1.792405e+00
         vertex 1.350000e+01 3.795202e+00 1.825826e+00
         vertex 1.350000e+01 3.500000e+00 1.800001e+00
      endloop
   endfacet
   facet normal 8.682339e-02 -8.682276e-02 -9.924331e-01
      outer loop
         vertex 1.341318e+01 3.500000e+00 1.792405e+00
         vertex 1.350000e+01 3.500000e+00 1.800001e+00
         vertex 1.341318e+01 3.203479e+00 1.818346e+00
      endloop
   endfacet
   facet normal 8.682240e-02 -8.682247e-02 -9.924332e-01
      outer loop
         vertex 1.341318e+01 3.203479e+00 1.818346e+00
         vertex 1.350000e+01 3.500000e+00 1.800001e+00
         vertex 1.350000e+01 3.204798e+00 1.825826e+00
      endloop
   endfacet
   facet normal 8.682251e-02 -2.578435e-01 -9.622778e-01
      outer loop
         vertex 1.341318e+01 3.203479e+00 1.818346e+00
         vertex 1.350000e+01 3.204798e+00 1.825826e+00
         vertex 1.341318e+01 2.915968e+00 1.895385e+00
      endloop
   endfacet
   facet normal 8.682231e-02 -2.578434e-01 -9.622778e-01
      outer loop
         vertex 1.341318e+01 2.915968e+00 1.895385e+00
         vertex 1.350000e+01 3.204798e+00 1.825826e+00
         vertex 1.350000e+01 2.918566e+00 1.902523e+00
      endloop
   endfacet
   facet normal 8.682258e-02 -4.210221e-01 -9.028855e-01
      outer loop
         vertex 1.341318e+01 2.915968e+00 1.895385e+00
         vertex 1.350000e+01 2.918566e+00 1.902523e+00
         vertex 1.341318e+01 2.646202e+00 2.021179e+00
      endloop
   endfacet
   facet normal 8.683064e-02 -4.210239e-01 -9.028839e-01
      outer loop
         vertex 1.341318e+01 2.646202e+00 2.021179e+00
         vertex 1.350000e+01 2.918566e+00 1.902523e+00
         vertex 1.350000e+01 2.650000e+00 2.027757e+00
      endloop
   endfacet
   facet normal 8.683019e-02 -5.714084e-01 -8.160594e-01
      outer loop
         vertex 1.341318e+01 2.646202e+00 2.021179e+00
         vertex 1.350000e+01 2.650000e+00 2.027757e+00
         vertex 1.341318e+01 2.402378e+00 2.191905e+00
      endloop
   endfacet
   facet normal 8.682563e-02 -5.714075e-01 -8.160605e-01
      outer loop
         vertex 1.341318e+01 2.402378e+00 2.191905e+00
         vertex 1.350000e+01 2.650000e+00 2.027757e+00
         vertex 1.350000e+01 2.407261e+00 2.197724e+00
      endloop
   endfacet
   facet normal 8.682572e-02 -7.044372e-01 -7.044356e-01
      outer loop
         vertex 1.341318e+01 2.402378e+00 2.191905e+00
         vertex 1.350000e+01 2.407261e+00 2.197724e+00
         vertex 1.341318e+01 2.191906e+00 2.402378e+00
      endloop
   endfacet
   facet normal 8.683514e-02 -7.044386e-01 -7.044331e-01
      outer loop
         vertex 1.341318e+01 2.191906e+00 2.402378e+00
         vertex 1.350000e+01 2.407261e+00 2.197724e+00
         vertex 1.350000e+01 2.197725e+00 2.407262e+00
      endloop
   endfacet
   facet normal 8.683325e-02 -8.160584e-01 -5.714094e-01
      outer loop
         vertex 1.341318e+01 2.191906e+00 2.402378e+00
         vertex 1.350000e+01 2.197725e+00 2.407262e+00
         vertex 1.341318e+01 2.021178e+00 2.646202e+00
      endloop
   endfacet
   facet normal 8.682506e-02 -8.160576e-01 -5.714118e-01
      outer loop
         vertex 1.341318e+01 2.021178e+00 2.646202e+00
         vertex 1.350000e+01 2.197725e+00 2.407262e+00
         vertex 1.350000e+01 2.027757e+00 2.650000e+00
      endloop
   endfacet
   facet normal 8.682525e-02 -9.028853e-01 -4.210221e-01
      outer loop
         vertex 1.341318e+01 2.021178e+00 2.646202e+00
         vertex 1.350000e+01 2.027757e+00 2.650000e+00
         vertex 1.341318e+01 1.895385e+00 2.915968e+00
      endloop
   endfacet
   facet normal 8.682337e-02 -9.028852e-01 -4.210226e-01
      outer loop
         vertex 1.341318e+01 1.895385e+00 2.915968e+00
         vertex 1.350000e+01 2.027757e+00 2.650000e+00
         vertex 1.350000e+01 1.902523e+00 2.918566e+00
      endloop
   endfacet
   facet normal 8.682443e-02 -9.622782e-01 -2.578416e-01
      outer loop
         vertex 1.341318e+01 1.895385e+00 2.915968e+00
         vertex 1.350000e+01 1.902523e+00 2.918566e+00
         vertex 1.341318e+01 1.818346e+00 3.203480e+00
      endloop
   endfacet
   facet normal 8.682551e-02 -9.622781e-01 -2.578412e-01
      outer loop
         vertex 1.341318e+01 1.818346e+00 3.203480e+00
         vertex 1.350000e+01 1.902523e+00 2.918566e+00
         vertex 1.350000e+01 1.825827e+00 3.204798e+00
      endloop
   endfacet
   facet normal 8.682610e-02 -9.924326e-01 -8.682659e-02
      outer loop
         vertex 1.341318e+01 1.818346e+00 3.203480e+00
         vertex 1.350000e+01 1.825827e+00 3.204798e+00
         vertex 1.341318e+01 1.792404e+00 3.500001e+00
      endloop
   endfacet
   facet normal 8.682601e-02 -9.924326e-01 -8.682662e-02
      outer loop
         vertex 1.341318e+01 1.792404e+00 3.500001e+00
         vertex 1.350000e+01 1.825827e+00 3.204798e+00
         vertex 1.350000e+01 1.800000e+00 3.500001e+00
      endloop
   endfacet
   facet normal 8.682601e-02 -9.924326e-01 8.682659e-02
      outer loop
         vertex 1.341318e+01 1.792404e+00 3.500001e+00
         vertex 1.350000e+01 1.800000e+00 3.500001e+00
         vertex 1.341318e+01 1.818346e+00 3.796522e+00
      endloop
   endfacet
   facet normal 8.682703e-02 -9.924324e-01 8.682688e-02
      outer loop
         vertex 1.341318e+01 1.818346e+00 3.796522e+00
         vertex 1.350000e+01 1.800000e+00 3.500001e+00
         vertex 1.350000e+01 1.825827e+00 3.795202e+00
      endloop
   endfacet
   facet normal 8.682826e-02 -9.622778e-01 2.578415e-01
      outer loop
         vertex 1.341318e+01 1.818346e+00 3.796522e+00
         vertex 1.350000e+01 1.825827e+00 3.795202e+00
         vertex 1.341318e+01 1.895385e+00 4.084033e+00
      endloop
   endfacet
   facet normal 8.682717e-02 -9.622780e-01 2.578412e-01
      outer loop
         vertex 1.341318e+01 1.895385e+00 4.084033e+00
         vertex 1.350000e+01 1.825827e+00 3.795202e+00
         vertex 1.350000e+01 1.902523e+00 4.081435e+00
      endloop
   endfacet
   facet normal 8.682785e-02 -9.028845e-01 4.210231e-01
      outer loop
         vertex 1.341318e+01 1.895385e+00 4.084033e+00
         vertex 1.350000e+01 1.902523e+00 4.081435e+00
         vertex 1.341318e+01 2.021178e+00 4.353798e+00
      endloop
   endfacet
   facet normal 8.682526e-02 -9.028850e-01 4.210226e-01
      outer loop
         vertex 1.341318e+01 2.021178e+00 4.353798e+00
         vertex 1.350000e+01 1.902523e+00 4.081435e+00
         vertex 1.350000e+01 2.027757e+00 4.350000e+00
      endloop
   endfacet
   facet normal 8.682508e-02 -8.160590e-01 5.714098e-01
      outer loop
         vertex 1.341318e+01 2.021178e+00 4.353798e+00
         vertex 1.350000e+01 2.027757e+00 4.350000e+00
         vertex 1.341318e+01 2.191906e+00 4.597622e+00
      endloop
   endfacet
   facet normal 8.682717e-02 -8.160585e-01 5.714102e-01
      outer loop
         vertex 1.341318e+01 2.191906e+00 4.597622e+00
         vertex 1.350000e+01 2.027757e+00 4.350000e+00
         vertex 1.350000e+01 2.197725e+00 4.592739e+00
      endloop
   endfacet
   facet normal 8.682760e-02 -7.044355e-01 7.044371e-01
      outer loop
         vertex 1.341318e+01 2.191906e+00 4.597622e+00
         vertex 1.350000e+01 2.197725e+00 4.592739e+00
         vertex 1.341318e+01 2.402378e+00 4.808094e+00
      endloop
   endfacet
   facet normal 8.682574e-02 -7.044360e-01 7.044368e-01
      outer loop
         vertex 1.341318e+01 2.402378e+00 4.808094e+00
         vertex 1.350000e+01 2.197725e+00 4.592739e+00
         vertex 1.350000e+01 2.407261e+00 4.802275e+00
      endloop
   endfacet
   facet normal 8.682566e-02 -5.714107e-01 8.160583e-01
      outer loop
         vertex 1.341318e+01 2.402378e+00 4.808094e+00
         vertex 1.350000e+01 2.407261e+00 4.802275e+00
         vertex 1.341318e+01 2.646202e+00 4.978822e+00
      endloop
   endfacet
   facet normal 8.682148e-02 -5.714119e-01 8.160579e-01
      outer loop
         vertex 1.341318e+01 2.646202e+00 4.978822e+00
         vertex 1.350000e+01 2.407261e+00 4.802275e+00
         vertex 1.350000e+01 2.650000e+00 4.972244e+00
      endloop
   endfacet
   facet normal 8.682101e-02 -4.210221e-01 9.028856e-01
      outer loop
         vertex 1.341318e+01 2.646202e+00 4.978822e+00
         vertex 1.350000e+01 2.650000e+00 4.972244e+00
         vertex 1.341318e+01 2.915968e+00 5.104615e+00
      endloop
   endfacet
   facet normal 8.682258e-02 -4.210216e-01 9.028857e-01
      outer loop
         vertex 1.341318e+01 2.915968e+00 5.104615e+00
         vertex 1.350000e+01 2.650000e+00 4.972244e+00
         vertex 1.350000e+01 2.918566e+00 5.097478e+00
      endloop
   endfacet
   facet normal 8.682231e-02 -2.578435e-01 9.622778e-01
      outer loop
         vertex 1.341318e+01 2.915968e+00 5.104615e+00
         vertex 1.350000e+01 2.918566e+00 5.097478e+00
         vertex 1.341318e+01 3.203479e+00 5.181654e+00
      endloop
   endfacet
   facet normal 8.683278e-02 -2.578403e-01 9.622777e-01
      outer loop
         vertex 1.341318e+01 3.203479e+00 5.181654e+00
         vertex 1.350000e+01 2.918566e+00 5.097478e+00
         vertex 1.350000e+01 3.204798e+00 5.174173e+00
      endloop
   endfacet
   facet normal 8.683299e-02 -8.682578e-02 9.924320e-01
      outer loop
         vertex 1.341318e+01 3.203479e+00 5.181654e+00
         vertex 1.350000e+01 3.204798e+00 5.174173e+00
         vertex 1.341318e+01 3.500000e+00 5.207596e+00
      endloop
   endfacet
   facet normal 8.682335e-02 -8.682868e-02 9.924326e-01
      outer loop
         vertex 1.341318e+01 3.500000e+00 5.207596e+00
         vertex 1.350000e+01 3.204798e+00 5.174173e+00
         vertex 1.350000e+01 3.500000e+00 5.200000e+00
      endloop
   endfacet
   facet normal 8.682337e-02 8.682585e-02 9.924329e-01
      outer loop
         vertex 1.341318e+01 3.500000e+00 5.207596e+00
         vertex 1.350000e+01 3.500000e+00 5.200000e+00
         vertex 1.341318e+01 3.796521e+00 5.181654e+00
      endloop
   endfacet
   facet normal 8.683301e-02 8.682861e-02 9.924318e-01
      outer loop
         vertex 1.341318e+01 3.796521e+00 5.181654e+00
         vertex 1.350000e+01 3.500000e+00 5.200000e+00
         vertex 1.350000e+01 3.795202e+00 5.174173e+00
      endloop
   endfacet
endsolid p2