solid print1 - string-2
   facet normal 0.000000e+00 0.000000e+00 -1.000000e+00
      outer loop
         vertex 4.835346e+01 2.430323e+00 3.550000e+00
         vertex 4.780415e+01 5.038441e-01 3.550000e+00
         vertex 4.732030e+01 7.026734e-01 3.550000e+00
      endloop
   endfacet
   facet normal 0.000000e+00 0.000000e+00 -1.000000e+00
      outer loop
         vertex 4.835346e+01 2.430323e+00 3.550000e+00
         vertex 4.732030e+01 7.026734e-01 3.550000e+00
         vertex 4.811827e+01 2.544576e+00 3.550000e+00
      endloop
   endfacet
   facet normal 0.000000e+00 0.000000e+00 -1.000000e+00
      outer loop
         vertex 4.811827e+01 2.544576e+00 3.550000e+00
         vertex 4.732030e+01 7.026734e-01 3.550000e+00
         vertex 4.687149e+01 9.713959e-01 3.550000e+00
      endloop
   endfacet
   facet normal 0.000000e+00 0.000000e+00 -1.000000e+00
      outer loop
         vertex 4.811827e+01 2.544576e+00 3.550000e+00
         vertex 4.687149e+01 9.713959e-01 3.550000e+00
         vertex 4.790650e+01 2.697933e+00 3.550000e+00
      endloop
   endfacet
   facet normal 0.000000e+00 0.000000e+00 -1.000000e+00
      outer loop
         vertex 4.790650e+01 2.697933e+00 3.550000e+00
         vertex 4.687149e+01 9.713959e-01 3.550000e+00
         vertex 4.646774e+01 1.304009e+00 3.550000e+00
      endloop
   endfacet
   facet normal 0.000000e+00 0.000000e+00 -1.000000e+00
      outer loop
         vertex 4.790650e+01 2.697933e+00 3.550000e+00
         vertex 4.646774e+01 1.304009e+00 3.550000e+00
         vertex 4.772458e+01 2.885733e+00 3.550000e+00
      endloop
   endfacet
   facet normal 0.000000e+00 0.000000e+00 -1.000000e+00
      outer loop
         vertex 4.772458e+01 2.885733e+00 3.550000e+00
         vertex 4.646774e+01 1.304009e+00 3.550000e+00
         vertex 4.611808e+01 1.693083e+00 3.550000e+00
      endloop
   endfacet
   facet normal 0.000000e+00 0.000000e+00 -1.000000e+00
      outer loop
         vertex 4.772458e+01 2.885733e+00 3.550000e+00
         vertex 4.611808e+01 1.693083e+00 3.550000e+00
         vertex 4.757803e+01 3.102271e+00 3.550000e+00
      endloop
   endfacet
   facet normal 0.000000e+00 0.000000e+00 -1.000000e+00
      outer loop
         vertex 4.757803e+01 3.102271e+00 3.550000e+00
         vertex 4.611808e+01 1.693083e+00 3.550000e+00
         vertex 4.583030e+01 2.129926e+00 3.550000e+00
      endloop
   endfacet
   facet normal 0.000000e+00 0.000000e+00 -1.000000e+00
      outer loop
         vertex 4.757803e+01 3.102271e+00 3.550000e+00
         vertex 4.583030e+01 2.129926e+00 3.550000e+00
         vertex 4.747131e+01 3.340967e+00 3.550000e+00
      endloop
   endfacet
   facet normal 0.000000e+00 0.000000e+00 -1.000000e+00
      outer loop
         vertex 4.747131e+01 3.340967e+00 3.550000e+00
         vertex 4.583030e+01 2.129926e+00 3.550000e+00
         vertex 4.561085e+01 2.604781e+00 3.550000e+00
      endloop
   endfacet
   facet normal 0.000000e+00 0.000000e+00 -1.000000e+00
      outer loop
         vertex 4.747131e+01 3.340967e+00 3.550000e+00
         vertex 4.561085e+01 2.604781e+00 3.550000e+00
         vertex 4.740766e+01 3.594569e+00 3.550000e+00
      endloop
   endfacet
   facet normal 0.000000e+00 0.000000e+00 -1.000000e+00
      outer loop
         vertex 4.961808e+01 2.520735e+00 3.550000e+00
         vertex 4.983462e+01 2.667284e+00 3.550000e+00
         vertex 6.238712e+01 3.616963e+00 3.550000e+00
      endloop
   endfacet
   facet normal 0.000000e+00 0.000000e+00 -1.000000e+00
      outer loop
         vertex 6.339637e+01 5.010637e+00 3.550000e+00
         vertex 6.315767e+01 4.903917e+00 3.550000e+00
         vertex 5.029003e+01 3.296161e+00 3.550000e+00
      endloop
   endfacet
   facet normal 0.000000e+00 0.000000e+00 -1.000000e+00
      outer loop
         vertex 6.315767e+01 4.903917e+00 3.550000e+00
         vertex 6.294113e+01 4.757368e+00 3.550000e+00
         vertex 5.029003e+01 3.296161e+00 3.550000e+00
      endloop
   endfacet
   facet normal 0.000000e+00 0.000000e+00 -1.000000e+00
      outer loop
         vertex 5.029003e+01 3.296161e+00 3.550000e+00
         vertex 6.294113e+01 4.757368e+00 3.550000e+00
         vertex 6.275333e+01 4.575445e+00 3.550000e+00
      endloop
   endfacet
   facet normal 0.000000e+00 0.000000e+00 -1.000000e+00
      outer loop
         vertex 5.029003e+01 3.296161e+00 3.550000e+00
         vertex 6.275333e+01 4.575445e+00 3.550000e+00
         vertex 6.259998e+01 4.363674e+00 3.550000e+00
      endloop
   endfacet
   facet normal 0.000000e+00 0.000000e+00 -1.000000e+00
      outer loop
         vertex 6.259998e+01 4.363674e+00 3.550000e+00
         vertex 6.248572e+01 4.128491e+00 3.550000e+00
         vertex 5.029003e+01 3.296161e+00 3.550000e+00
      endloop
   endfacet
   facet normal 0.000000e+00 0.000000e+00 -1.000000e+00
      outer loop
         vertex 5.029003e+01 3.296161e+00 3.550000e+00
         vertex 6.248572e+01 4.128491e+00 3.550000e+00
         vertex 6.241404e+01 3.877040e+00 3.550000e+00
      endloop
   endfacet
   facet normal 0.000000e+00 0.000000e+00 -1.000000e+00
      outer loop
         vertex 5.029003e+01 3.296161e+00 3.550000e+00
         vertex 6.241404e+01 3.877040e+00 3.550000e+00
         vertex 5.017578e+01 3.060978e+00 3.550000e+00
      endloop
   endfacet
   facet normal 0.000000e+00 0.000000e+00 -1.000000e+00
      outer loop
         vertex 5.017578e+01 3.060978e+00 3.550000e+00
         vertex 6.241404e+01 3.877040e+00 3.550000e+00
         vertex 6.238712e+01 3.616963e+00 3.550000e+00
      endloop
   endfacet
   facet normal 0.000000e+00 0.000000e+00 -1.000000e+00
      outer loop
         vertex 5.017578e+01 3.060978e+00 3.550000e+00
         vertex 6.238712e+01 3.616963e+00 3.550000e+00
         vertex 5.002242e+01 2.849207e+00 3.550000e+00
      endloop
   endfacet
   facet normal 0.000000e+00 0.000000e+00 -1.000000e+00
      outer loop
         vertex 5.002242e+01 2.849207e+00 3.550000e+00
         vertex 6.238712e+01 3.616963e+00 3.550000e+00
         vertex 4.983462e+01 2.667284e+00 3.550000e+00
      endloop
   endfacet
   facet normal 0.000000e+00 0.000000e+00 -1.000000e+00
      outer loop
         vertex 4.561085e+01 2.604781e+00 3.550000e+00
         vertex 4.546463e+01 3.107039e+00 3.550000e+00
         vertex 4.740766e+01 3.594569e+00 3.550000e+00
      endloop
   endfacet
   facet normal 0.000000e+00 0.000000e+00 -1.000000e+00
      outer loop
         vertex 4.740766e+01 3.594569e+00 3.550000e+00
         vertex 4.546463e+01 3.107039e+00 3.550000e+00
         vertex 4.539489e+01 3.625480e+00 3.550000e+00
      endloop
   endfacet
   facet normal 0.000000e+00 0.000000e+00 -1.000000e+00
      outer loop
         vertex 4.740766e+01 3.594569e+00 3.550000e+00
         vertex 4.539489e+01 3.625480e+00 3.550000e+00
         vertex 4.738901e+01 3.855371e+00 3.550000e+00
      endloop
   endfacet
   facet normal 0.000000e+00 0.000000e+00 -1.000000e+00
      outer loop
         vertex 4.738901e+01 3.855371e+00 3.550000e+00
         vertex 4.539489e+01 3.625480e+00 3.550000e+00
         vertex 4.540321e+01 4.148525e+00 3.550000e+00
      endloop
   endfacet
   facet normal 0.000000e+00 0.000000e+00 -1.000000e+00
      outer loop
         vertex 4.738901e+01 3.855371e+00 3.550000e+00
         vertex 4.540321e+01 4.148525e+00 3.550000e+00
         vertex 4.741594e+01 4.115448e+00 3.550000e+00
      endloop
   endfacet
   facet normal 0.000000e+00 0.000000e+00 -1.000000e+00
      outer loop
         vertex 4.741594e+01 4.115448e+00 3.550000e+00
         vertex 4.540321e+01 4.148525e+00 3.550000e+00
         vertex 4.548939e+01 4.664488e+00 3.550000e+00
      endloop
   endfacet
   facet normal 0.000000e+00 0.000000e+00 -1.000000e+00
      outer loop
         vertex 4.741594e+01 4.115448e+00 3.550000e+00
         vertex 4.548939e+01 4.664488e+00 3.550000e+00
         vertex 4.748762e+01 4.366898e+00 3.550000e+00
      endloop
   endfacet
   facet normal 0.000000e+00 0.000000e+00 -1.000000e+00
      outer loop
         vertex 4.748762e+01 4.366898e+00 3.550000e+00
         vertex 4.548939e+01 4.664488e+00 3.550000e+00
         vertex 4.565150e+01 5.161845e+00 3.550000e+00
      endloop
   endfacet
   facet normal 0.000000e+00 0.000000e+00 -1.000000e+00
      outer loop
         vertex 4.748762e+01 4.366898e+00 3.550000e+00
         vertex 4.565150e+01 5.161845e+00 3.550000e+00
         vertex 4.760187e+01 4.602082e+00 3.550000e+00
      endloop
   endfacet
   facet normal 0.000000e+00 0.000000e+00 -1.000000e+00
      outer loop
         vertex 4.760187e+01 4.602082e+00 3.550000e+00
         vertex 4.565150e+01 5.161845e+00 3.550000e+00
         vertex 4.588593e+01 5.629484e+00 3.550000e+00
      endloop
   endfacet
   facet normal 0.000000e+00 0.000000e+00 -1.000000e+00
      outer loop
         vertex 4.760187e+01 4.602082e+00 3.550000e+00
         vertex 4.588593e+01 5.629484e+00 3.550000e+00
         vertex 4.775523e+01 4.813852e+00 3.550000e+00
      endloop
   endfacet
   facet normal 0.000000e+00 0.000000e+00 -1.000000e+00
      outer loop
         vertex 4.775523e+01 4.813852e+00 3.550000e+00
         vertex 4.588593e+01 5.629484e+00 3.550000e+00
         vertex 4.618744e+01 6.056960e+00 3.550000e+00
      endloop
   endfacet
   facet normal 0.000000e+00 0.000000e+00 -1.000000e+00
      outer loop
         vertex 4.775523e+01 4.813852e+00 3.550000e+00
         vertex 4.618744e+01 6.056960e+00 3.550000e+00
         vertex 4.794303e+01 4.995776e+00 3.550000e+00
      endloop
   endfacet
   facet normal 0.000000e+00 0.000000e+00 -1.000000e+00
      outer loop
         vertex 4.794303e+01 4.995776e+00 3.550000e+00
         vertex 4.618744e+01 6.056960e+00 3.550000e+00
         vertex 4.654930e+01 6.434724e+00 3.550000e+00
      endloop
   endfacet
   facet normal 0.000000e+00 0.000000e+00 -1.000000e+00
      outer loop
         vertex 4.794303e+01 4.995776e+00 3.550000e+00
         vertex 4.654930e+01 6.434724e+00 3.550000e+00
         vertex 4.815957e+01 5.142324e+00 3.550000e+00
      endloop
   endfacet
   facet normal 0.000000e+00 0.000000e+00 -1.000000e+00
      outer loop
         vertex 4.835346e+01 2.430323e+00 3.550000e+00
         vertex 4.860491e+01 2.358645e+00 3.550000e+00
         vertex 4.780415e+01 5.038441e-01 3.550000e+00
      endloop
   endfacet
   facet normal 0.000000e+00 0.000000e+00 -1.000000e+00
      outer loop
         vertex 4.780415e+01 5.038441e-01 3.550000e+00
         vertex 4.860491e+01 2.358645e+00 3.550000e+00
         vertex 4.886498e+01 2.331719e+00 3.550000e+00
      endloop
   endfacet
   facet normal 0.000000e+00 0.000000e+00 -1.000000e+00
      outer loop
         vertex 4.780415e+01 5.038441e-01 3.550000e+00
         vertex 4.886498e+01 2.331719e+00 3.550000e+00
         vertex 4.912579e+01 2.350365e+00 3.550000e+00
      endloop
   endfacet
   facet normal 0.000000e+00 0.000000e+00 -1.000000e+00
      outer loop
         vertex 5.019962e+01 4.560788e+00 3.550000e+00
         vertex 5.005307e+01 4.777326e+00 3.550000e+00
         vertex 6.394256e+01 7.092680e+00 3.550000e+00
      endloop
   endfacet
   facet normal 0.000000e+00 0.000000e+00 -1.000000e+00
      outer loop
         vertex 6.394256e+01 7.092680e+00 3.550000e+00
         vertex 5.005307e+01 4.777326e+00 3.550000e+00
         vertex 4.987115e+01 4.965127e+00 3.550000e+00
      endloop
   endfacet
   facet normal 0.000000e+00 0.000000e+00 -1.000000e+00
      outer loop
         vertex 6.394256e+01 7.092680e+00 3.550000e+00
         vertex 4.987115e+01 4.965127e+00 3.550000e+00
         vertex 4.894445e+01 7.331088e+00 3.550000e+00
      endloop
   endfacet
   facet normal 0.000000e+00 0.000000e+00 -1.000000e+00
      outer loop
         vertex 4.894445e+01 7.331088e+00 3.550000e+00
         vertex 4.987115e+01 4.965127e+00 3.550000e+00
         vertex 4.965938e+01 5.118483e+00 3.550000e+00
      endloop
   endfacet
   facet normal 0.000000e+00 0.000000e+00 -1.000000e+00
      outer loop
         vertex 4.894445e+01 7.331088e+00 3.550000e+00
         vertex 4.965938e+01 5.118483e+00 3.550000e+00
         vertex 4.942419e+01 5.232737e+00 3.550000e+00
      endloop
   endfacet
   facet normal 0.000000e+00 0.000000e+00 -1.000000e+00
      outer loop
         vertex 4.831223e+01 3.793501e-01 3.550000e+00
         vertex 4.780415e+01 5.038441e-01 3.550000e+00
         vertex 6.240576e+01 3.356161e+00 3.550000e+00
      endloop
   endfacet
   facet normal 0.000000e+00 0.000000e+00 -1.000000e+00
      outer loop
         vertex 6.240576e+01 3.356161e+00 3.550000e+00
         vertex 4.780415e+01 5.038441e-01 3.550000e+00
         vertex 4.912579e+01 2.350365e+00 3.550000e+00
      endloop
   endfacet
   facet normal 0.000000e+00 0.000000e+00 -1.000000e+00
      outer loop
         vertex 6.240576e+01 3.356161e+00 3.550000e+00
         vertex 4.912579e+01 2.350365e+00 3.550000e+00
         vertex 6.238712e+01 3.616963e+00 3.550000e+00
      endloop
   endfacet
   facet normal 0.000000e+00 0.000000e+00 -1.000000e+00
      outer loop
         vertex 6.238712e+01 3.616963e+00 3.550000e+00
         vertex 4.912579e+01 2.350365e+00 3.550000e+00
         vertex 4.937939e+01 2.414015e+00 3.550000e+00
      endloop
   endfacet
   facet normal 0.000000e+00 0.000000e+00 -1.000000e+00
      outer loop
         vertex 6.238712e+01 3.616963e+00 3.550000e+00
         vertex 4.937939e+01 2.414015e+00 3.550000e+00
         vertex 4.961808e+01 2.520735e+00 3.550000e+00
      endloop
   endfacet
   facet normal 0.000000e+00 0.000000e+00 -1.000000e+00
      outer loop
         vertex 4.831223e+01 3.793501e-01 3.550000e+00
         vertex 6.240576e+01 3.356161e+00 3.550000e+00
         vertex 4.883320e+01 3.319717e-01 3.550000e+00
      endloop
   endfacet
   facet normal 0.000000e+00 0.000000e+00 -1.000000e+00
      outer loop
         vertex 4.883320e+01 3.319717e-01 3.550000e+00
         vertex 6.240576e+01 3.356161e+00 3.550000e+00
         vertex 6.246941e+01 3.102560e+00 3.550000e+00
      endloop
   endfacet
   facet normal 0.000000e+00 0.000000e+00 -1.000000e+00
      outer loop
         vertex 4.883320e+01 3.319717e-01 3.550000e+00
         vertex 6.246941e+01 3.102560e+00 3.550000e+00
         vertex 6.257614e+01 2.863864e+00 3.550000e+00
      endloop
   endfacet
   facet normal 0.000000e+00 0.000000e+00 -1.000000e+00
      outer loop
         vertex 6.446352e+01 7.045302e+00 3.550000e+00
         vertex 6.497160e+01 6.920808e+00 3.550000e+00
         vertex 5.036999e+01 4.068491e+00 3.550000e+00
      endloop
   endfacet
   facet normal 0.000000e+00 0.000000e+00 -1.000000e+00
      outer loop
         vertex 5.036999e+01 4.068491e+00 3.550000e+00
         vertex 6.497160e+01 6.920808e+00 3.550000e+00
         vertex 6.545545e+01 6.721979e+00 3.550000e+00
      endloop
   endfacet
   facet normal 0.000000e+00 0.000000e+00 -1.000000e+00
      outer loop
         vertex 5.036999e+01 4.068491e+00 3.550000e+00
         vertex 6.545545e+01 6.721979e+00 3.550000e+00
         vertex 6.590426e+01 6.453256e+00 3.550000e+00
      endloop
   endfacet
   facet normal 0.000000e+00 0.000000e+00 -1.000000e+00
      outer loop
         vertex 6.257614e+01 2.863864e+00 3.550000e+00
         vertex 6.272268e+01 2.647326e+00 3.550000e+00
         vertex 4.883320e+01 3.319717e-01 3.550000e+00
      endloop
   endfacet
   facet normal 0.000000e+00 0.000000e+00 -1.000000e+00
      outer loop
         vertex 4.883320e+01 3.319717e-01 3.550000e+00
         vertex 6.272268e+01 2.647326e+00 3.550000e+00
         vertex 6.290461e+01 2.459525e+00 3.550000e+00
      endloop
   endfacet
   facet normal 0.000000e+00 0.000000e+00 -1.000000e+00
      outer loop
         vertex 4.883320e+01 3.319717e-01 3.550000e+00
         vertex 6.290461e+01 2.459525e+00 3.550000e+00
         vertex 6.383130e+01 9.356418e-02 3.550000e+00
      endloop
   endfacet
   facet normal 0.000000e+00 0.000000e+00 -1.000000e+00
      outer loop
         vertex 6.383130e+01 9.356418e-02 3.550000e+00
         vertex 6.290461e+01 2.459525e+00 3.550000e+00
         vertex 6.311638e+01 2.306169e+00 3.550000e+00
      endloop
   endfacet
   facet normal 0.000000e+00 0.000000e+00 -1.000000e+00
      outer loop
         vertex 6.383130e+01 9.356418e-02 3.550000e+00
         vertex 6.311638e+01 2.306169e+00 3.550000e+00
         vertex 6.335156e+01 2.191915e+00 3.550000e+00
      endloop
   endfacet
   facet normal 0.000000e+00 0.000000e+00 -1.000000e+00
      outer loop
         vertex 6.446352e+01 7.045302e+00 3.550000e+00
         vertex 5.036999e+01 4.068491e+00 3.550000e+00
         vertex 6.394256e+01 7.092680e+00 3.550000e+00
      endloop
   endfacet
   facet normal 0.000000e+00 0.000000e+00 -1.000000e+00
      outer loop
         vertex 6.394256e+01 7.092680e+00 3.550000e+00
         vertex 5.036999e+01 4.068491e+00 3.550000e+00
         vertex 5.030634e+01 4.322092e+00 3.550000e+00
      endloop
   endfacet
   facet normal 0.000000e+00 0.000000e+00 -1.000000e+00
      outer loop
         vertex 6.394256e+01 7.092680e+00 3.550000e+00
         vertex 5.030634e+01 4.322092e+00 3.550000e+00
         vertex 5.019962e+01 4.560788e+00 3.550000e+00
      endloop
   endfacet
   facet normal 0.000000e+00 0.000000e+00 -1.000000e+00
      outer loop
         vertex 4.942419e+01 5.232737e+00 3.550000e+00
         vertex 4.917274e+01 5.304415e+00 3.550000e+00
         vertex 4.894445e+01 7.331088e+00 3.550000e+00
      endloop
   endfacet
   facet normal 0.000000e+00 0.000000e+00 -1.000000e+00
      outer loop
         vertex 4.894445e+01 7.331088e+00 3.550000e+00
         vertex 4.917274e+01 5.304415e+00 3.550000e+00
         vertex 4.891267e+01 5.331340e+00 3.550000e+00
      endloop
   endfacet
   facet normal 0.000000e+00 0.000000e+00 -1.000000e+00
      outer loop
         vertex 4.894445e+01 7.331088e+00 3.550000e+00
         vertex 4.891267e+01 5.331340e+00 3.550000e+00
         vertex 4.842225e+01 7.300291e+00 3.550000e+00
      endloop
   endfacet
   facet normal 0.000000e+00 0.000000e+00 -1.000000e+00
      outer loop
         vertex 4.842225e+01 7.300291e+00 3.550000e+00
         vertex 4.891267e+01 5.331340e+00 3.550000e+00
         vertex 4.865186e+01 5.312695e+00 3.550000e+00
      endloop
   endfacet
   facet normal 0.000000e+00 0.000000e+00 -1.000000e+00
      outer loop
         vertex 4.842225e+01 7.300291e+00 3.550000e+00
         vertex 4.865186e+01 5.312695e+00 3.550000e+00
         vertex 4.791047e+01 7.192009e+00 3.550000e+00
      endloop
   endfacet
   facet normal 0.000000e+00 0.000000e+00 -1.000000e+00
      outer loop
         vertex 4.791047e+01 7.192009e+00 3.550000e+00
         vertex 4.865186e+01 5.312695e+00 3.550000e+00
         vertex 4.839826e+01 5.249045e+00 3.550000e+00
      endloop
   endfacet
   facet normal 0.000000e+00 0.000000e+00 -1.000000e+00
      outer loop
         vertex 4.791047e+01 7.192009e+00 3.550000e+00
         vertex 4.839826e+01 5.249045e+00 3.550000e+00
         vertex 4.742054e+01 7.008659e+00 3.550000e+00
      endloop
   endfacet
   facet normal 0.000000e+00 0.000000e+00 -1.000000e+00
      outer loop
         vertex 4.742054e+01 7.008659e+00 3.550000e+00
         vertex 4.839826e+01 5.249045e+00 3.550000e+00
         vertex 4.815957e+01 5.142324e+00 3.550000e+00
      endloop
   endfacet
   facet normal 0.000000e+00 0.000000e+00 -1.000000e+00
      outer loop
         vertex 4.742054e+01 7.008659e+00 3.550000e+00
         vertex 4.815957e+01 5.142324e+00 3.550000e+00
         vertex 4.696342e+01 6.754337e+00 3.550000e+00
      endloop
   endfacet
   facet normal 0.000000e+00 0.000000e+00 -1.000000e+00
      outer loop
         vertex 4.696342e+01 6.754337e+00 3.550000e+00
         vertex 4.815957e+01 5.142324e+00 3.550000e+00
         vertex 4.654930e+01 6.434724e+00 3.550000e+00
      endloop
   endfacet
   facet normal 0.000000e+00 0.000000e+00 -1.000000e+00
      outer loop
         vertex 6.335156e+01 2.191915e+00 3.550000e+00
         vertex 6.360301e+01 2.120237e+00 3.550000e+00
         vertex 6.383130e+01 9.356418e-02 3.550000e+00
      endloop
   endfacet
   facet normal 0.000000e+00 0.000000e+00 -1.000000e+00
      outer loop
         vertex 6.383130e+01 9.356418e-02 3.550000e+00
         vertex 6.360301e+01 2.120237e+00 3.550000e+00
         vertex 6.386309e+01 2.093312e+00 3.550000e+00
      endloop
   endfacet
   facet normal 0.000000e+00 0.000000e+00 -1.000000e+00
      outer loop
         vertex 6.383130e+01 9.356418e-02 3.550000e+00
         vertex 6.386309e+01 2.093312e+00 3.550000e+00
         vertex 6.435350e+01 1.243605e-01 3.550000e+00
      endloop
   endfacet
   facet normal 0.000000e+00 0.000000e+00 -1.000000e+00
      outer loop
         vertex 6.435350e+01 1.243605e-01 3.550000e+00
         vertex 6.386309e+01 2.093312e+00 3.550000e+00
         vertex 6.412389e+01 2.111957e+00 3.550000e+00
      endloop
   endfacet
   facet normal 0.000000e+00 0.000000e+00 -1.000000e+00
      outer loop
         vertex 6.435350e+01 1.243605e-01 3.550000e+00
         vertex 6.412389e+01 2.111957e+00 3.550000e+00
         vertex 6.486529e+01 2.326430e-01 3.550000e+00
      endloop
   endfacet
   facet normal 0.000000e+00 0.000000e+00 -1.000000e+00
      outer loop
         vertex 6.486529e+01 2.326430e-01 3.550000e+00
         vertex 6.412389e+01 2.111957e+00 3.550000e+00
         vertex 6.437749e+01 2.175607e+00 3.550000e+00
      endloop
   endfacet
   facet normal 0.000000e+00 0.000000e+00 -1.000000e+00
      outer loop
         vertex 6.486529e+01 2.326430e-01 3.550000e+00
         vertex 6.437749e+01 2.175607e+00 3.550000e+00
         vertex 6.535521e+01 4.159933e-01 3.550000e+00
      endloop
   endfacet
   facet normal 0.000000e+00 0.000000e+00 -1.000000e+00
      outer loop
         vertex 6.535521e+01 4.159933e-01 3.550000e+00
         vertex 6.437749e+01 2.175607e+00 3.550000e+00
         vertex 6.461619e+01 2.282328e+00 3.550000e+00
      endloop
   endfacet
   facet normal 0.000000e+00 0.000000e+00 -1.000000e+00
      outer loop
         vertex 6.535521e+01 4.159933e-01 3.550000e+00
         vertex 6.461619e+01 2.282328e+00 3.550000e+00
         vertex 6.581234e+01 6.703151e-01 3.550000e+00
      endloop
   endfacet
   facet normal 0.000000e+00 0.000000e+00 -1.000000e+00
      outer loop
         vertex 6.581234e+01 6.703151e-01 3.550000e+00
         vertex 6.461619e+01 2.282328e+00 3.550000e+00
         vertex 6.483273e+01 2.428876e+00 3.550000e+00
      endloop
   endfacet
   facet normal 0.000000e+00 0.000000e+00 -1.000000e+00
      outer loop
         vertex 6.581234e+01 6.703151e-01 3.550000e+00
         vertex 6.483273e+01 2.428876e+00 3.550000e+00
         vertex 6.622645e+01 9.899279e-01 3.550000e+00
      endloop
   endfacet
   facet normal 0.000000e+00 0.000000e+00 -1.000000e+00
      outer loop
         vertex 6.622645e+01 9.899279e-01 3.550000e+00
         vertex 6.483273e+01 2.428876e+00 3.550000e+00
         vertex 6.658831e+01 1.367691e+00 3.550000e+00
      endloop
   endfacet
   facet normal 0.000000e+00 0.000000e+00 -1.000000e+00
      outer loop
         vertex 6.658831e+01 1.367691e+00 3.550000e+00
         vertex 6.483273e+01 2.428876e+00 3.550000e+00
         vertex 6.502053e+01 2.610799e+00 3.550000e+00
      endloop
   endfacet
   facet normal 0.000000e+00 0.000000e+00 -1.000000e+00
      outer loop
         vertex 6.658831e+01 1.367691e+00 3.550000e+00
         vertex 6.502053e+01 2.610799e+00 3.550000e+00
         vertex 6.688982e+01 1.795168e+00 3.550000e+00
      endloop
   endfacet
   facet normal 0.000000e+00 0.000000e+00 -1.000000e+00
      outer loop
         vertex 6.688982e+01 1.795168e+00 3.550000e+00
         vertex 6.502053e+01 2.610799e+00 3.550000e+00
         vertex 6.517388e+01 2.822570e+00 3.550000e+00
      endloop
   endfacet
   facet normal 0.000000e+00 0.000000e+00 -1.000000e+00
      outer loop
         vertex 6.688982e+01 1.795168e+00 3.550000e+00
         vertex 6.517388e+01 2.822570e+00 3.550000e+00
         vertex 6.712425e+01 2.262807e+00 3.550000e+00
      endloop
   endfacet
   facet normal 0.000000e+00 0.000000e+00 -1.000000e+00
      outer loop
         vertex 6.712425e+01 2.262807e+00 3.550000e+00
         vertex 6.517388e+01 2.822570e+00 3.550000e+00
         vertex 6.528814e+01 3.057754e+00 3.550000e+00
      endloop
   endfacet
   facet normal 0.000000e+00 0.000000e+00 -1.000000e+00
      outer loop
         vertex 6.712425e+01 2.262807e+00 3.550000e+00
         vertex 6.528814e+01 3.057754e+00 3.550000e+00
         vertex 6.728637e+01 2.760164e+00 3.550000e+00
      endloop
   endfacet
   facet normal 0.000000e+00 0.000000e+00 -1.000000e+00
      outer loop
         vertex 6.728637e+01 2.760164e+00 3.550000e+00
         vertex 6.528814e+01 3.057754e+00 3.550000e+00
         vertex 6.535981e+01 3.309204e+00 3.550000e+00
      endloop
   endfacet
   facet normal 0.000000e+00 0.000000e+00 -1.000000e+00
      outer loop
         vertex 6.728637e+01 2.760164e+00 3.550000e+00
         vertex 6.535981e+01 3.309204e+00 3.550000e+00
         vertex 6.737254e+01 3.276127e+00 3.550000e+00
      endloop
   endfacet
   facet normal 0.000000e+00 0.000000e+00 -1.000000e+00
      outer loop
         vertex 6.737254e+01 3.276127e+00 3.550000e+00
         vertex 6.535981e+01 3.309204e+00 3.550000e+00
         vertex 6.538674e+01 3.569281e+00 3.550000e+00
      endloop
   endfacet
   facet normal 0.000000e+00 0.000000e+00 -1.000000e+00
      outer loop
         vertex 6.737254e+01 3.276127e+00 3.550000e+00
         vertex 6.538674e+01 3.569281e+00 3.550000e+00
         vertex 6.738086e+01 3.799172e+00 3.550000e+00
      endloop
   endfacet
   facet normal 0.000000e+00 0.000000e+00 -1.000000e+00
      outer loop
         vertex 6.442230e+01 4.994329e+00 3.550000e+00
         vertex 6.417085e+01 5.066007e+00 3.550000e+00
         vertex 6.590426e+01 6.453256e+00 3.550000e+00
      endloop
   endfacet
   facet normal 0.000000e+00 0.000000e+00 -1.000000e+00
      outer loop
         vertex 6.738086e+01 3.799172e+00 3.550000e+00
         vertex 6.538674e+01 3.569281e+00 3.550000e+00
         vertex 6.731112e+01 4.317613e+00 3.550000e+00
      endloop
   endfacet
   facet normal 0.000000e+00 0.000000e+00 -1.000000e+00
      outer loop
         vertex 6.731112e+01 4.317613e+00 3.550000e+00
         vertex 6.538674e+01 3.569281e+00 3.550000e+00
         vertex 6.536809e+01 3.830083e+00 3.550000e+00
      endloop
   endfacet
   facet normal 0.000000e+00 0.000000e+00 -1.000000e+00
      outer loop
         vertex 6.731112e+01 4.317613e+00 3.550000e+00
         vertex 6.536809e+01 3.830083e+00 3.550000e+00
         vertex 6.716490e+01 4.819871e+00 3.550000e+00
      endloop
   endfacet
   facet normal 0.000000e+00 0.000000e+00 -1.000000e+00
      outer loop
         vertex 6.716490e+01 4.819871e+00 3.550000e+00
         vertex 6.536809e+01 3.830083e+00 3.550000e+00
         vertex 6.530444e+01 4.083685e+00 3.550000e+00
      endloop
   endfacet
   facet normal 0.000000e+00 0.000000e+00 -1.000000e+00
      outer loop
         vertex 6.716490e+01 4.819871e+00 3.550000e+00
         vertex 6.530444e+01 4.083685e+00 3.550000e+00
         vertex 6.694545e+01 5.294726e+00 3.550000e+00
      endloop
   endfacet
   facet normal 0.000000e+00 0.000000e+00 -1.000000e+00
      outer loop
         vertex 6.694545e+01 5.294726e+00 3.550000e+00
         vertex 6.530444e+01 4.083685e+00 3.550000e+00
         vertex 6.519772e+01 4.322381e+00 3.550000e+00
      endloop
   endfacet
   facet normal 0.000000e+00 0.000000e+00 -1.000000e+00
      outer loop
         vertex 6.694545e+01 5.294726e+00 3.550000e+00
         vertex 6.519772e+01 4.322381e+00 3.550000e+00
         vertex 6.665768e+01 5.731569e+00 3.550000e+00
      endloop
   endfacet
   facet normal 0.000000e+00 0.000000e+00 -1.000000e+00
      outer loop
         vertex 6.665768e+01 5.731569e+00 3.550000e+00
         vertex 6.519772e+01 4.322381e+00 3.550000e+00
         vertex 6.505118e+01 4.538919e+00 3.550000e+00
      endloop
   endfacet
   facet normal 0.000000e+00 0.000000e+00 -1.000000e+00
      outer loop
         vertex 6.665768e+01 5.731569e+00 3.550000e+00
         vertex 6.505118e+01 4.538919e+00 3.550000e+00
         vertex 6.630801e+01 6.120643e+00 3.550000e+00
      endloop
   endfacet
   facet normal 0.000000e+00 0.000000e+00 -1.000000e+00
      outer loop
         vertex 6.630801e+01 6.120643e+00 3.550000e+00
         vertex 6.505118e+01 4.538919e+00 3.550000e+00
         vertex 6.486925e+01 4.726719e+00 3.550000e+00
      endloop
   endfacet
   facet normal 0.000000e+00 0.000000e+00 -1.000000e+00
      outer loop
         vertex 6.630801e+01 6.120643e+00 3.550000e+00
         vertex 6.486925e+01 4.726719e+00 3.550000e+00
         vertex 6.590426e+01 6.453256e+00 3.550000e+00
      endloop
   endfacet
   facet normal 0.000000e+00 0.000000e+00 -1.000000e+00
      outer loop
         vertex 6.590426e+01 6.453256e+00 3.550000e+00
         vertex 6.486925e+01 4.726719e+00 3.550000e+00
         vertex 6.465748e+01 4.880076e+00 3.550000e+00
      endloop
   endfacet
   facet normal 0.000000e+00 0.000000e+00 -1.000000e+00
      outer loop
         vertex 6.590426e+01 6.453256e+00 3.550000e+00
         vertex 6.465748e+01 4.880076e+00 3.550000e+00
         vertex 6.442230e+01 4.994329e+00 3.550000e+00
      endloop
   endfacet
   facet normal 0.000000e+00 0.000000e+00 -1.000000e+00
      outer loop
         vertex 6.339637e+01 5.010637e+00 3.550000e+00
         vertex 5.029003e+01 3.296161e+00 3.550000e+00
         vertex 6.364997e+01 5.074287e+00 3.550000e+00
      endloop
   endfacet
   facet normal 0.000000e+00 0.000000e+00 -1.000000e+00
      outer loop
         vertex 6.364997e+01 5.074287e+00 3.550000e+00
         vertex 5.029003e+01 3.296161e+00 3.550000e+00
         vertex 5.036171e+01 3.547612e+00 3.550000e+00
      endloop
   endfacet
   facet normal 0.000000e+00 0.000000e+00 -1.000000e+00
      outer loop
         vertex 6.364997e+01 5.074287e+00 3.550000e+00
         vertex 5.036171e+01 3.547612e+00 3.550000e+00
         vertex 5.038863e+01 3.807689e+00 3.550000e+00
      endloop
   endfacet
   facet normal 0.000000e+00 0.000000e+00 -1.000000e+00
      outer loop
         vertex 5.038863e+01 3.807689e+00 3.550000e+00
         vertex 5.036999e+01 4.068491e+00 3.550000e+00
         vertex 6.364997e+01 5.074287e+00 3.550000e+00
      endloop
   endfacet
   facet normal 0.000000e+00 0.000000e+00 -1.000000e+00
      outer loop
         vertex 6.364997e+01 5.074287e+00 3.550000e+00
         vertex 5.036999e+01 4.068491e+00 3.550000e+00
         vertex 6.590426e+01 6.453256e+00 3.550000e+00
      endloop
   endfacet
   facet normal 0.000000e+00 0.000000e+00 -1.000000e+00
      outer loop
         vertex 6.364997e+01 5.074287e+00 3.550000e+00
         vertex 6.590426e+01 6.453256e+00 3.550000e+00
         vertex 6.391077e+01 5.092933e+00 3.550000e+00
      endloop
   endfacet
   facet normal 0.000000e+00 0.000000e+00 -1.000000e+00
      outer loop
         vertex 6.391077e+01 5.092933e+00 3.550000e+00
         vertex 6.590426e+01 6.453256e+00 3.550000e+00
         vertex 6.417085e+01 5.066007e+00 3.550000e+00
      endloop
   endfacet
   facet normal 0.000000e+00 0.000000e+00 1.000000e+00
      outer loop
         vertex 5.005307e+01 4.777326e+00 6.550000e+00
         vertex 5.019962e+01 4.560788e+00 6.550000e+00
         vertex 6.394256e+01 7.092680e+00 6.550000e+00
      endloop
   endfacet
   facet normal 0.000000e+00 0.000000e+00 1.000000e+00
      outer loop
         vertex 6.383130e+01 9.356418e-02 6.550000e+00
         vertex 5.029003e+01 3.296161e+00 6.550000e+00
         vertex 5.017578e+01 3.060978e+00 6.550000e+00
      endloop
   endfacet
   facet normal 0.000000e+00 0.000000e+00 1.000000e+00
      outer loop
         vertex 4.839826e+01 5.249045e+00 6.550000e+00
         vertex 4.865186e+01 5.312695e+00 6.550000e+00
         vertex 4.842225e+01 7.300291e+00 6.550000e+00
      endloop
   endfacet
   facet normal 0.000000e+00 0.000000e+00 1.000000e+00
      outer loop
         vertex 4.741594e+01 4.115448e+00 6.550000e+00
         vertex 4.540321e+01 4.148525e+00 6.550000e+00
         vertex 4.738901e+01 3.855371e+00 6.550000e+00
      endloop
   endfacet
   facet normal 0.000000e+00 0.000000e+00 1.000000e+00
      outer loop
         vertex 4.738901e+01 3.855371e+00 6.550000e+00
         vertex 4.540321e+01 4.148525e+00 6.550000e+00
         vertex 4.539489e+01 3.625480e+00 6.550000e+00
      endloop
   endfacet
   facet normal -0.000000e+00 0.000000e+00 1.000000e+00
      outer loop
         vertex 4.738901e+01 3.855371e+00 6.550000e+00
         vertex 4.539489e+01 3.625480e+00 6.550000e+00
         vertex 4.740766e+01 3.594569e+00 6.550000e+00
      endloop
   endfacet
   facet normal 0.000000e+00 0.000000e+00 1.000000e+00
      outer loop
         vertex 4.740766e+01 3.594569e+00 6.550000e+00
         vertex 4.539489e+01 3.625480e+00 6.550000e+00
         vertex 4.546463e+01 3.107039e+00 6.550000e+00
      endloop
   endfacet
   facet normal -0.000000e+00 0.000000e+00 1.000000e+00
      outer loop
         vertex 4.740766e+01 3.594569e+00 6.550000e+00
         vertex 4.546463e+01 3.107039e+00 6.550000e+00
         vertex 4.747131e+01 3.340967e+00 6.550000e+00
      endloop
   endfacet
   facet normal 0.000000e+00 0.000000e+00 1.000000e+00
      outer loop
         vertex 4.747131e+01 3.340967e+00 6.550000e+00
         vertex 4.546463e+01 3.107039e+00 6.550000e+00
         vertex 4.561085e+01 2.604781e+00 6.550000e+00
      endloop
   endfacet
   facet normal -0.000000e+00 0.000000e+00 1.000000e+00
      outer loop
         vertex 4.747131e+01 3.340967e+00 6.550000e+00
         vertex 4.561085e+01 2.604781e+00 6.550000e+00
         vertex 4.757803e+01 3.102271e+00 6.550000e+00
      endloop
   endfacet
   facet normal 0.000000e+00 0.000000e+00 1.000000e+00
      outer loop
         vertex 4.757803e+01 3.102271e+00 6.550000e+00
         vertex 4.561085e+01 2.604781e+00 6.550000e+00
         vertex 4.583030e+01 2.129926e+00 6.550000e+00
      endloop
   endfacet
   facet normal -0.000000e+00 0.000000e+00 1.000000e+00
      outer loop
         vertex 4.757803e+01 3.102271e+00 6.550000e+00
         vertex 4.583030e+01 2.129926e+00 6.550000e+00
         vertex 4.772458e+01 2.885733e+00 6.550000e+00
      endloop
   endfacet
   facet normal 0.000000e+00 0.000000e+00 1.000000e+00
      outer loop
         vertex 4.772458e+01 2.885733e+00 6.550000e+00
         vertex 4.583030e+01 2.129926e+00 6.550000e+00
         vertex 4.611808e+01 1.693083e+00 6.550000e+00
      endloop
   endfacet
   facet normal -0.000000e+00 0.000000e+00 1.000000e+00
      outer loop
         vertex 4.772458e+01 2.885733e+00 6.550000e+00
         vertex 4.611808e+01 1.693083e+00 6.550000e+00
         vertex 4.790650e+01 2.697933e+00 6.550000e+00
      endloop
   endfacet
   facet normal 0.000000e+00 0.000000e+00 1.000000e+00
      outer loop
         vertex 4.790650e+01 2.697933e+00 6.550000e+00
         vertex 4.611808e+01 1.693083e+00 6.550000e+00
         vertex 4.646774e+01 1.304009e+00 6.550000e+00
      endloop
   endfacet
   facet normal -0.000000e+00 0.000000e+00 1.000000e+00
      outer loop
         vertex 4.790650e+01 2.697933e+00 6.550000e+00
         vertex 4.646774e+01 1.304009e+00 6.550000e+00
         vertex 4.811827e+01 2.544576e+00 6.550000e+00
      endloop
   endfacet
   facet normal 0.000000e+00 0.000000e+00 1.000000e+00
      outer loop
         vertex 4.842225e+01 7.300291e+00 6.550000e+00
         vertex 4.865186e+01 5.312695e+00 6.550000e+00
         vertex 4.894445e+01 7.331088e+00 6.550000e+00
      endloop
   endfacet
   facet normal 0.000000e+00 0.000000e+00 1.000000e+00
      outer loop
         vertex 4.894445e+01 7.331088e+00 6.550000e+00
         vertex 4.865186e+01 5.312695e+00 6.550000e+00
         vertex 4.891267e+01 5.331340e+00 6.550000e+00
      endloop
   endfacet
   facet normal -0.000000e+00 0.000000e+00 1.000000e+00
      outer loop
         vertex 4.894445e+01 7.331088e+00 6.550000e+00
         vertex 4.891267e+01 5.331340e+00 6.550000e+00
         vertex 4.917274e+01 5.304415e+00 6.550000e+00
      endloop
   endfacet
   facet normal 0.000000e+00 0.000000e+00 1.000000e+00
      outer loop
         vertex 6.437749e+01 2.175607e+00 6.550000e+00
         vertex 6.535521e+01 4.159933e-01 6.550000e+00
         vertex 6.461619e+01 2.282328e+00 6.550000e+00
      endloop
   endfacet
   facet normal 0.000000e+00 0.000000e+00 1.000000e+00
      outer loop
         vertex 6.461619e+01 2.282328e+00 6.550000e+00
         vertex 6.535521e+01 4.159933e-01 6.550000e+00
         vertex 6.581234e+01 6.703151e-01 6.550000e+00
      endloop
   endfacet
   facet normal 0.000000e+00 0.000000e+00 1.000000e+00
      outer loop
         vertex 6.461619e+01 2.282328e+00 6.550000e+00
         vertex 6.581234e+01 6.703151e-01 6.550000e+00
         vertex 6.483273e+01 2.428876e+00 6.550000e+00
      endloop
   endfacet
   facet normal 0.000000e+00 0.000000e+00 1.000000e+00
      outer loop
         vertex 6.483273e+01 2.428876e+00 6.550000e+00
         vertex 6.581234e+01 6.703151e-01 6.550000e+00
         vertex 6.622645e+01 9.899279e-01 6.550000e+00
      endloop
   endfacet
   facet normal 0.000000e+00 0.000000e+00 1.000000e+00
      outer loop
         vertex 6.483273e+01 2.428876e+00 6.550000e+00
         vertex 6.622645e+01 9.899279e-01 6.550000e+00
         vertex 6.502053e+01 2.610799e+00 6.550000e+00
      endloop
   endfacet
   facet normal 0.000000e+00 0.000000e+00 1.000000e+00
      outer loop
         vertex 6.502053e+01 2.610799e+00 6.550000e+00
         vertex 6.622645e+01 9.899279e-01 6.550000e+00
         vertex 6.658831e+01 1.367691e+00 6.550000e+00
      endloop
   endfacet
   facet normal 0.000000e+00 0.000000e+00 1.000000e+00
      outer loop
         vertex 6.502053e+01 2.610799e+00 6.550000e+00
         vertex 6.658831e+01 1.367691e+00 6.550000e+00
         vertex 6.517388e+01 2.822570e+00 6.550000e+00
      endloop
   endfacet
   facet normal 0.000000e+00 0.000000e+00 1.000000e+00
      outer loop
         vertex 6.517388e+01 2.822570e+00 6.550000e+00
         vertex 6.658831e+01 1.367691e+00 6.550000e+00
         vertex 6.688982e+01 1.795168e+00 6.550000e+00
      endloop
   endfacet
   facet normal 0.000000e+00 0.000000e+00 1.000000e+00
      outer loop
         vertex 6.517388e+01 2.822570e+00 6.550000e+00
         vertex 6.688982e+01 1.795168e+00 6.550000e+00
         vertex 6.528814e+01 3.057754e+00 6.550000e+00
      endloop
   endfacet
   facet normal 0.000000e+00 0.000000e+00 1.000000e+00
      outer loop
         vertex 6.528814e+01 3.057754e+00 6.550000e+00
         vertex 6.688982e+01 1.795168e+00 6.550000e+00
         vertex 6.712425e+01 2.262807e+00 6.550000e+00
      endloop
   endfacet
   facet normal 0.000000e+00 0.000000e+00 1.000000e+00
      outer loop
         vertex 6.528814e+01 3.057754e+00 6.550000e+00
         vertex 6.712425e+01 2.262807e+00 6.550000e+00
         vertex 6.535981e+01 3.309204e+00 6.550000e+00
      endloop
   endfacet
   facet normal 0.000000e+00 0.000000e+00 1.000000e+00
      outer loop
         vertex 5.029003e+01 3.296161e+00 6.550000e+00
         vertex 6.383130e+01 9.356418e-02 6.550000e+00
         vertex 5.036171e+01 3.547612e+00 6.550000e+00
      endloop
   endfacet
   facet normal 0.000000e+00 0.000000e+00 1.000000e+00
      outer loop
         vertex 5.036171e+01 3.547612e+00 6.550000e+00
         vertex 6.383130e+01 9.356418e-02 6.550000e+00
         vertex 6.435350e+01 1.243605e-01 6.550000e+00
      endloop
   endfacet
   facet normal 0.000000e+00 0.000000e+00 1.000000e+00
      outer loop
         vertex 5.036171e+01 3.547612e+00 6.550000e+00
         vertex 6.435350e+01 1.243605e-01 6.550000e+00
         vertex 6.486529e+01 2.326430e-01 6.550000e+00
      endloop
   endfacet
   facet normal -0.000000e+00 0.000000e+00 1.000000e+00
      outer loop
         vertex 4.842225e+01 7.300291e+00 6.550000e+00
         vertex 4.791047e+01 7.192009e+00 6.550000e+00
         vertex 4.839826e+01 5.249045e+00 6.550000e+00
      endloop
   endfacet
   facet normal 0.000000e+00 0.000000e+00 1.000000e+00
      outer loop
         vertex 4.839826e+01 5.249045e+00 6.550000e+00
         vertex 4.791047e+01 7.192009e+00 6.550000e+00
         vertex 4.742054e+01 7.008659e+00 6.550000e+00
      endloop
   endfacet
   facet normal 0.000000e+00 0.000000e+00 1.000000e+00
      outer loop
         vertex 4.839826e+01 5.249045e+00 6.550000e+00
         vertex 4.742054e+01 7.008659e+00 6.550000e+00
         vertex 4.815957e+01 5.142324e+00 6.550000e+00
      endloop
   endfacet
   facet normal 0.000000e+00 0.000000e+00 1.000000e+00
      outer loop
         vertex 4.815957e+01 5.142324e+00 6.550000e+00
         vertex 4.742054e+01 7.008659e+00 6.550000e+00
         vertex 4.696342e+01 6.754337e+00 6.550000e+00
      endloop
   endfacet
   facet normal 0.000000e+00 0.000000e+00 1.000000e+00
      outer loop
         vertex 4.815957e+01 5.142324e+00 6.550000e+00
         vertex 4.696342e+01 6.754337e+00 6.550000e+00
         vertex 4.794303e+01 4.995776e+00 6.550000e+00
      endloop
   endfacet
   facet normal 0.000000e+00 0.000000e+00 1.000000e+00
      outer loop
         vertex 4.794303e+01 4.995776e+00 6.550000e+00
         vertex 4.696342e+01 6.754337e+00 6.550000e+00
         vertex 4.654930e+01 6.434724e+00 6.550000e+00
      endloop
   endfacet
   facet normal 0.000000e+00 0.000000e+00 1.000000e+00
      outer loop
         vertex 4.794303e+01 4.995776e+00 6.550000e+00
         vertex 4.654930e+01 6.434724e+00 6.550000e+00
         vertex 4.775523e+01 4.813852e+00 6.550000e+00
      endloop
   endfacet
   facet normal 0.000000e+00 0.000000e+00 1.000000e+00
      outer loop
         vertex 4.775523e+01 4.813852e+00 6.550000e+00
         vertex 4.654930e+01 6.434724e+00 6.550000e+00
         vertex 4.618744e+01 6.056960e+00 6.550000e+00
      endloop
   endfacet
   facet normal 0.000000e+00 0.000000e+00 1.000000e+00
      outer loop
         vertex 4.775523e+01 4.813852e+00 6.550000e+00
         vertex 4.618744e+01 6.056960e+00 6.550000e+00
         vertex 4.760187e+01 4.602082e+00 6.550000e+00
      endloop
   endfacet
   facet normal 0.000000e+00 0.000000e+00 1.000000e+00
      outer loop
         vertex 4.760187e+01 4.602082e+00 6.550000e+00
         vertex 4.618744e+01 6.056960e+00 6.550000e+00
         vertex 4.588593e+01 5.629484e+00 6.550000e+00
      endloop
   endfacet
   facet normal 0.000000e+00 0.000000e+00 1.000000e+00
      outer loop
         vertex 4.760187e+01 4.602082e+00 6.550000e+00
         vertex 4.588593e+01 5.629484e+00 6.550000e+00
         vertex 4.748762e+01 4.366898e+00 6.550000e+00
      endloop
   endfacet
   facet normal 0.000000e+00 0.000000e+00 1.000000e+00
      outer loop
         vertex 4.748762e+01 4.366898e+00 6.550000e+00
         vertex 4.588593e+01 5.629484e+00 6.550000e+00
         vertex 4.565150e+01 5.161845e+00 6.550000e+00
      endloop
   endfacet
   facet normal 0.000000e+00 0.000000e+00 1.000000e+00
      outer loop
         vertex 4.748762e+01 4.366898e+00 6.550000e+00
         vertex 4.565150e+01 5.161845e+00 6.550000e+00
         vertex 4.741594e+01 4.115448e+00 6.550000e+00
      endloop
   endfacet
   facet normal 0.000000e+00 0.000000e+00 1.000000e+00
      outer loop
         vertex 4.741594e+01 4.115448e+00 6.550000e+00
         vertex 4.565150e+01 5.161845e+00 6.550000e+00
         vertex 4.548939e+01 4.664488e+00 6.550000e+00
      endloop
   endfacet
   facet normal 0.000000e+00 0.000000e+00 1.000000e+00
      outer loop
         vertex 4.741594e+01 4.115448e+00 6.550000e+00
         vertex 4.548939e+01 4.664488e+00 6.550000e+00
         vertex 4.540321e+01 4.148525e+00 6.550000e+00
      endloop
   endfacet
   facet normal 0.000000e+00 0.000000e+00 1.000000e+00
      outer loop
         vertex 6.590426e+01 6.453256e+00 6.550000e+00
         vertex 6.545545e+01 6.721979e+00 6.550000e+00
         vertex 5.036999e+01 4.068491e+00 6.550000e+00
      endloop
   endfacet
   facet normal 0.000000e+00 0.000000e+00 1.000000e+00
      outer loop
         vertex 5.036999e+01 4.068491e+00 6.550000e+00
         vertex 6.545545e+01 6.721979e+00 6.550000e+00
         vertex 6.497160e+01 6.920808e+00 6.550000e+00
      endloop
   endfacet
   facet normal -0.000000e+00 0.000000e+00 1.000000e+00
      outer loop
         vertex 6.437749e+01 2.175607e+00 6.550000e+00
         vertex 6.412389e+01 2.111957e+00 6.550000e+00
         vertex 6.535521e+01 4.159933e-01 6.550000e+00
      endloop
   endfacet
   facet normal 0.000000e+00 0.000000e+00 1.000000e+00
      outer loop
         vertex 6.535521e+01 4.159933e-01 6.550000e+00
         vertex 6.412389e+01 2.111957e+00 6.550000e+00
         vertex 6.386309e+01 2.093312e+00 6.550000e+00
      endloop
   endfacet
   facet normal 0.000000e+00 0.000000e+00 1.000000e+00
      outer loop
         vertex 6.535521e+01 4.159933e-01 6.550000e+00
         vertex 6.386309e+01 2.093312e+00 6.550000e+00
         vertex 6.360301e+01 2.120237e+00 6.550000e+00
      endloop
   endfacet
   facet normal -0.000000e+00 0.000000e+00 1.000000e+00
      outer loop
         vertex 5.017578e+01 3.060978e+00 6.550000e+00
         vertex 5.002242e+01 2.849207e+00 6.550000e+00
         vertex 6.383130e+01 9.356418e-02 6.550000e+00
      endloop
   endfacet
   facet normal 0.000000e+00 0.000000e+00 1.000000e+00
      outer loop
         vertex 6.383130e+01 9.356418e-02 6.550000e+00
         vertex 5.002242e+01 2.849207e+00 6.550000e+00
         vertex 4.983462e+01 2.667284e+00 6.550000e+00
      endloop
   endfacet
   facet normal 0.000000e+00 0.000000e+00 1.000000e+00
      outer loop
         vertex 6.383130e+01 9.356418e-02 6.550000e+00
         vertex 4.983462e+01 2.667284e+00 6.550000e+00
         vertex 4.883320e+01 3.319717e-01 6.550000e+00
      endloop
   endfacet
   facet normal 0.000000e+00 0.000000e+00 1.000000e+00
      outer loop
         vertex 4.883320e+01 3.319717e-01 6.550000e+00
         vertex 4.983462e+01 2.667284e+00 6.550000e+00
         vertex 4.961808e+01 2.520735e+00 6.550000e+00
      endloop
   endfacet
   facet normal 0.000000e+00 0.000000e+00 1.000000e+00
      outer loop
         vertex 4.883320e+01 3.319717e-01 6.550000e+00
         vertex 4.961808e+01 2.520735e+00 6.550000e+00
         vertex 4.937939e+01 2.414015e+00 6.550000e+00
      endloop
   endfacet
   facet normal 0.000000e+00 0.000000e+00 1.000000e+00
      outer loop
         vertex 4.917274e+01 5.304415e+00 6.550000e+00
         vertex 4.942419e+01 5.232737e+00 6.550000e+00
         vertex 4.894445e+01 7.331088e+00 6.550000e+00
      endloop
   endfacet
   facet normal 0.000000e+00 0.000000e+00 1.000000e+00
      outer loop
         vertex 4.894445e+01 7.331088e+00 6.550000e+00
         vertex 4.942419e+01 5.232737e+00 6.550000e+00
         vertex 4.965938e+01 5.118483e+00 6.550000e+00
      endloop
   endfacet
   facet normal 0.000000e+00 0.000000e+00 1.000000e+00
      outer loop
         vertex 4.894445e+01 7.331088e+00 6.550000e+00
         vertex 4.965938e+01 5.118483e+00 6.550000e+00
         vertex 6.394256e+01 7.092680e+00 6.550000e+00
      endloop
   endfacet
   facet normal 0.000000e+00 0.000000e+00 1.000000e+00
      outer loop
         vertex 6.394256e+01 7.092680e+00 6.550000e+00
         vertex 4.965938e+01 5.118483e+00 6.550000e+00
         vertex 4.987115e+01 4.965127e+00 6.550000e+00
      endloop
   endfacet
   facet normal 0.000000e+00 0.000000e+00 1.000000e+00
      outer loop
         vertex 6.394256e+01 7.092680e+00 6.550000e+00
         vertex 4.987115e+01 4.965127e+00 6.550000e+00
         vertex 5.005307e+01 4.777326e+00 6.550000e+00
      endloop
   endfacet
   facet normal 0.000000e+00 0.000000e+00 1.000000e+00
      outer loop
         vertex 5.038863e+01 3.807689e+00 6.550000e+00
         vertex 6.311638e+01 2.306169e+00 6.550000e+00
         vertex 6.290461e+01 2.459525e+00 6.550000e+00
      endloop
   endfacet
   facet normal 0.000000e+00 0.000000e+00 1.000000e+00
      outer loop
         vertex 6.486529e+01 2.326430e-01 6.550000e+00
         vertex 6.535521e+01 4.159933e-01 6.550000e+00
         vertex 5.036171e+01 3.547612e+00 6.550000e+00
      endloop
   endfacet
   facet normal 0.000000e+00 0.000000e+00 1.000000e+00
      outer loop
         vertex 5.036171e+01 3.547612e+00 6.550000e+00
         vertex 6.535521e+01 4.159933e-01 6.550000e+00
         vertex 6.360301e+01 2.120237e+00 6.550000e+00
      endloop
   endfacet
   facet normal 0.000000e+00 0.000000e+00 1.000000e+00
      outer loop
         vertex 5.036171e+01 3.547612e+00 6.550000e+00
         vertex 6.360301e+01 2.120237e+00 6.550000e+00
         vertex 5.038863e+01 3.807689e+00 6.550000e+00
      endloop
   endfacet
   facet normal 0.000000e+00 0.000000e+00 1.000000e+00
      outer loop
         vertex 5.038863e+01 3.807689e+00 6.550000e+00
         vertex 6.360301e+01 2.120237e+00 6.550000e+00
         vertex 6.335156e+01 2.191915e+00 6.550000e+00
      endloop
   endfacet
   facet normal 0.000000e+00 0.000000e+00 1.000000e+00
      outer loop
         vertex 5.038863e+01 3.807689e+00 6.550000e+00
         vertex 6.335156e+01 2.191915e+00 6.550000e+00
         vertex 6.311638e+01 2.306169e+00 6.550000e+00
      endloop
   endfacet
   facet normal 0.000000e+00 0.000000e+00 1.000000e+00
      outer loop
         vertex 4.646774e+01 1.304009e+00 6.550000e+00
         vertex 4.687149e+01 9.713959e-01 6.550000e+00
         vertex 4.811827e+01 2.544576e+00 6.550000e+00
      endloop
   endfacet
   facet normal 0.000000e+00 0.000000e+00 1.000000e+00
      outer loop
         vertex 4.811827e+01 2.544576e+00 6.550000e+00
         vertex 4.687149e+01 9.713959e-01 6.550000e+00
         vertex 4.732030e+01 7.026734e-01 6.550000e+00
      endloop
   endfacet
   facet normal -0.000000e+00 0.000000e+00 1.000000e+00
      outer loop
         vertex 4.811827e+01 2.544576e+00 6.550000e+00
         vertex 4.732030e+01 7.026734e-01 6.550000e+00
         vertex 4.835346e+01 2.430323e+00 6.550000e+00
      endloop
   endfacet
   facet normal 0.000000e+00 0.000000e+00 1.000000e+00
      outer loop
         vertex 4.835346e+01 2.430323e+00 6.550000e+00
         vertex 4.732030e+01 7.026734e-01 6.550000e+00
         vertex 4.780415e+01 5.038441e-01 6.550000e+00
      endloop
   endfacet
   facet normal -0.000000e+00 0.000000e+00 1.000000e+00
      outer loop
         vertex 4.835346e+01 2.430323e+00 6.550000e+00
         vertex 4.780415e+01 5.038441e-01 6.550000e+00
         vertex 4.860491e+01 2.358645e+00 6.550000e+00
      endloop
   endfacet
   facet normal 0.000000e+00 0.000000e+00 1.000000e+00
      outer loop
         vertex 4.860491e+01 2.358645e+00 6.550000e+00
         vertex 4.780415e+01 5.038441e-01 6.550000e+00
         vertex 4.831223e+01 3.793501e-01 6.550000e+00
      endloop
   endfacet
   facet normal -0.000000e+00 0.000000e+00 1.000000e+00
      outer loop
         vertex 4.860491e+01 2.358645e+00 6.550000e+00
         vertex 4.831223e+01 3.793501e-01 6.550000e+00
         vertex 4.886498e+01 2.331719e+00 6.550000e+00
      endloop
   endfacet
   facet normal 0.000000e+00 0.000000e+00 1.000000e+00
      outer loop
         vertex 4.886498e+01 2.331719e+00 6.550000e+00
         vertex 4.831223e+01 3.793501e-01 6.550000e+00
         vertex 4.883320e+01 3.319717e-01 6.550000e+00
      endloop
   endfacet
   facet normal 0.000000e+00 -0.000000e+00 1.000000e+00
      outer loop
         vertex 4.886498e+01 2.331719e+00 6.550000e+00
         vertex 4.883320e+01 3.319717e-01 6.550000e+00
         vertex 4.912579e+01 2.350365e+00 6.550000e+00
      endloop
   endfacet
   facet normal 0.000000e+00 -0.000000e+00 1.000000e+00
      outer loop
         vertex 4.912579e+01 2.350365e+00 6.550000e+00
         vertex 4.883320e+01 3.319717e-01 6.550000e+00
         vertex 4.937939e+01 2.414015e+00 6.550000e+00
      endloop
   endfacet
   facet normal 0.000000e+00 0.000000e+00 1.000000e+00
      outer loop
         vertex 6.497160e+01 6.920808e+00 6.550000e+00
         vertex 6.446352e+01 7.045302e+00 6.550000e+00
         vertex 5.036999e+01 4.068491e+00 6.550000e+00
      endloop
   endfacet
   facet normal 0.000000e+00 0.000000e+00 1.000000e+00
      outer loop
         vertex 5.036999e+01 4.068491e+00 6.550000e+00
         vertex 6.446352e+01 7.045302e+00 6.550000e+00
         vertex 6.394256e+01 7.092680e+00 6.550000e+00
      endloop
   endfacet
   facet normal 0.000000e+00 0.000000e+00 1.000000e+00
      outer loop
         vertex 5.036999e+01 4.068491e+00 6.550000e+00
         vertex 6.394256e+01 7.092680e+00 6.550000e+00
         vertex 5.030634e+01 4.322092e+00 6.550000e+00
      endloop
   endfacet
   facet normal 0.000000e+00 0.000000e+00 1.000000e+00
      outer loop
         vertex 5.030634e+01 4.322092e+00 6.550000e+00
         vertex 6.394256e+01 7.092680e+00 6.550000e+00
         vertex 5.019962e+01 4.560788e+00 6.550000e+00
      endloop
   endfacet
   facet normal 0.000000e+00 0.000000e+00 1.000000e+00
      outer loop
         vertex 6.248572e+01 4.128491e+00 6.550000e+00
         vertex 6.259998e+01 4.363674e+00 6.550000e+00
         vertex 5.036999e+01 4.068491e+00 6.550000e+00
      endloop
   endfacet
   facet normal 0.000000e+00 0.000000e+00 1.000000e+00
      outer loop
         vertex 5.036999e+01 4.068491e+00 6.550000e+00
         vertex 6.259998e+01 4.363674e+00 6.550000e+00
         vertex 6.275333e+01 4.575445e+00 6.550000e+00
      endloop
   endfacet
   facet normal 0.000000e+00 0.000000e+00 1.000000e+00
      outer loop
         vertex 5.036999e+01 4.068491e+00 6.550000e+00
         vertex 6.275333e+01 4.575445e+00 6.550000e+00
         vertex 6.294113e+01 4.757368e+00 6.550000e+00
      endloop
   endfacet
   facet normal 0.000000e+00 0.000000e+00 1.000000e+00
      outer loop
         vertex 6.590426e+01 6.453256e+00 6.550000e+00
         vertex 6.391077e+01 5.092933e+00 6.550000e+00
         vertex 6.417085e+01 5.066007e+00 6.550000e+00
      endloop
   endfacet
   facet normal 0.000000e+00 0.000000e+00 1.000000e+00
      outer loop
         vertex 6.290461e+01 2.459525e+00 6.550000e+00
         vertex 6.272268e+01 2.647326e+00 6.550000e+00
         vertex 5.038863e+01 3.807689e+00 6.550000e+00
      endloop
   endfacet
   facet normal 0.000000e+00 0.000000e+00 1.000000e+00
      outer loop
         vertex 5.038863e+01 3.807689e+00 6.550000e+00
         vertex 6.272268e+01 2.647326e+00 6.550000e+00
         vertex 6.257614e+01 2.863864e+00 6.550000e+00
      endloop
   endfacet
   facet normal 0.000000e+00 0.000000e+00 1.000000e+00
      outer loop
         vertex 5.038863e+01 3.807689e+00 6.550000e+00
         vertex 6.257614e+01 2.863864e+00 6.550000e+00
         vertex 6.246941e+01 3.102560e+00 6.550000e+00
      endloop
   endfacet
   facet normal 0.000000e+00 0.000000e+00 1.000000e+00
      outer loop
         vertex 6.294113e+01 4.757368e+00 6.550000e+00
         vertex 6.315767e+01 4.903917e+00 6.550000e+00
         vertex 5.036999e+01 4.068491e+00 6.550000e+00
      endloop
   endfacet
   facet normal 0.000000e+00 0.000000e+00 1.000000e+00
      outer loop
         vertex 5.036999e+01 4.068491e+00 6.550000e+00
         vertex 6.315767e+01 4.903917e+00 6.550000e+00
         vertex 6.339637e+01 5.010637e+00 6.550000e+00
      endloop
   endfacet
   facet normal 0.000000e+00 0.000000e+00 1.000000e+00
      outer loop
         vertex 5.036999e+01 4.068491e+00 6.550000e+00
         vertex 6.339637e+01 5.010637e+00 6.550000e+00
         vertex 6.590426e+01 6.453256e+00 6.550000e+00
      endloop
   endfacet
   facet normal 0.000000e+00 0.000000e+00 1.000000e+00
      outer loop
         vertex 6.590426e+01 6.453256e+00 6.550000e+00
         vertex 6.339637e+01 5.010637e+00 6.550000e+00
         vertex 6.364997e+01 5.074287e+00 6.550000e+00
      endloop
   endfacet
   facet normal 0.000000e+00 0.000000e+00 1.000000e+00
      outer loop
         vertex 6.590426e+01 6.453256e+00 6.550000e+00
         vertex 6.364997e+01 5.074287e+00 6.550000e+00
         vertex 6.391077e+01 5.092933e+00 6.550000e+00
      endloop
   endfacet
   facet normal 0.000000e+00 0.000000e+00 1.000000e+00
      outer loop
         vertex 6.712425e+01 2.262807e+00 6.550000e+00
         vertex 6.728637e+01 2.760164e+00 6.550000e+00
         vertex 6.535981e+01 3.309204e+00 6.550000e+00
      endloop
   endfacet
   facet normal 0.000000e+00 0.000000e+00 1.000000e+00
      outer loop
         vertex 6.535981e+01 3.309204e+00 6.550000e+00
         vertex 6.728637e+01 2.760164e+00 6.550000e+00
         vertex 6.737254e+01 3.276127e+00 6.550000e+00
      endloop
   endfacet
   facet normal 0.000000e+00 0.000000e+00 1.000000e+00
      outer loop
         vertex 6.535981e+01 3.309204e+00 6.550000e+00
         vertex 6.737254e+01 3.276127e+00 6.550000e+00
         vertex 6.538674e+01 3.569281e+00 6.550000e+00
      endloop
   endfacet
   facet normal 0.000000e+00 0.000000e+00 1.000000e+00
      outer loop
         vertex 6.538674e+01 3.569281e+00 6.550000e+00
         vertex 6.737254e+01 3.276127e+00 6.550000e+00
         vertex 6.738086e+01 3.799172e+00 6.550000e+00
      endloop
   endfacet
   facet normal 0.000000e+00 0.000000e+00 1.000000e+00
      outer loop
         vertex 6.538674e+01 3.569281e+00 6.550000e+00
         vertex 6.738086e+01 3.799172e+00 6.550000e+00
         vertex 6.536809e+01 3.830083e+00 6.550000e+00
      endloop
   endfacet
   facet normal 0.000000e+00 0.000000e+00 1.000000e+00
      outer loop
         vertex 6.536809e+01 3.830083e+00 6.550000e+00
         vertex 6.738086e+01 3.799172e+00 6.550000e+00
         vertex 6.731112e+01 4.317613e+00 6.550000e+00
      endloop
   endfacet
   facet normal 0.000000e+00 0.000000e+00 1.000000e+00
      outer loop
         vertex 6.536809e+01 3.830083e+00 6.550000e+00
         vertex 6.731112e+01 4.317613e+00 6.550000e+00
         vertex 6.530444e+01 4.083685e+00 6.550000e+00
      endloop
   endfacet
   facet normal 0.000000e+00 0.000000e+00 1.000000e+00
      outer loop
         vertex 6.530444e+01 4.083685e+00 6.550000e+00
         vertex 6.731112e+01 4.317613e+00 6.550000e+00
         vertex 6.716490e+01 4.819871e+00 6.550000e+00
      endloop
   endfacet
   facet normal 0.000000e+00 0.000000e+00 1.000000e+00
      outer loop
         vertex 6.530444e+01 4.083685e+00 6.550000e+00
         vertex 6.716490e+01 4.819871e+00 6.550000e+00
         vertex 6.519772e+01 4.322381e+00 6.550000e+00
      endloop
   endfacet
   facet normal 0.000000e+00 0.000000e+00 1.000000e+00
      outer loop
         vertex 6.519772e+01 4.322381e+00 6.550000e+00
         vertex 6.716490e+01 4.819871e+00 6.550000e+00
         vertex 6.694545e+01 5.294726e+00 6.550000e+00
      endloop
   endfacet
   facet normal 0.000000e+00 0.000000e+00 1.000000e+00
      outer loop
         vertex 6.519772e+01 4.322381e+00 6.550000e+00
         vertex 6.694545e+01 5.294726e+00 6.550000e+00
         vertex 6.505118e+01 4.538919e+00 6.550000e+00
      endloop
   endfacet
   facet normal 0.000000e+00 0.000000e+00 1.000000e+00
      outer loop
         vertex 6.505118e+01 4.538919e+00 6.550000e+00
         vertex 6.694545e+01 5.294726e+00 6.550000e+00
         vertex 6.665768e+01 5.731569e+00 6.550000e+00
      endloop
   endfacet
   facet normal 0.000000e+00 0.000000e+00 1.000000e+00
      outer loop
         vertex 6.505118e+01 4.538919e+00 6.550000e+00
         vertex 6.665768e+01 5.731569e+00 6.550000e+00
         vertex 6.486925e+01 4.726719e+00 6.550000e+00
      endloop
   endfacet
   facet normal 0.000000e+00 0.000000e+00 1.000000e+00
      outer loop
         vertex 6.486925e+01 4.726719e+00 6.550000e+00
         vertex 6.665768e+01 5.731569e+00 6.550000e+00
         vertex 6.630801e+01 6.120643e+00 6.550000e+00
      endloop
   endfacet
   facet normal 0.000000e+00 0.000000e+00 1.000000e+00
      outer loop
         vertex 6.486925e+01 4.726719e+00 6.550000e+00
         vertex 6.630801e+01 6.120643e+00 6.550000e+00
         vertex 6.465748e+01 4.880076e+00 6.550000e+00
      endloop
   endfacet
   facet normal 0.000000e+00 0.000000e+00 1.000000e+00
      outer loop
         vertex 6.465748e+01 4.880076e+00 6.550000e+00
         vertex 6.630801e+01 6.120643e+00 6.550000e+00
         vertex 6.590426e+01 6.453256e+00 6.550000e+00
      endloop
   endfacet
   facet normal 0.000000e+00 0.000000e+00 1.000000e+00
      outer loop
         vertex 6.465748e+01 4.880076e+00 6.550000e+00
         vertex 6.590426e+01 6.453256e+00 6.550000e+00
         vertex 6.442230e+01 4.994329e+00 6.550000e+00
      endloop
   endfacet
   facet normal 0.000000e+00 0.000000e+00 1.000000e+00
      outer loop
         vertex 6.442230e+01 4.994329e+00 6.550000e+00
         vertex 6.590426e+01 6.453256e+00 6.550000e+00
         vertex 6.417085e+01 5.066007e+00 6.550000e+00
      endloop
   endfacet
   facet normal 0.000000e+00 0.000000e+00 1.000000e+00
      outer loop
         vertex 6.246941e+01 3.102560e+00 6.550000e+00
         vertex 6.240576e+01 3.356161e+00 6.550000e+00
         vertex 5.038863e+01 3.807689e+00 6.550000e+00
      endloop
   endfacet
   facet normal 0.000000e+00 0.000000e+00 1.000000e+00
      outer loop
         vertex 5.038863e+01 3.807689e+00 6.550000e+00
         vertex 6.240576e+01 3.356161e+00 6.550000e+00
         vertex 6.238712e+01 3.616963e+00 6.550000e+00
      endloop
   endfacet
   facet normal 0.000000e+00 0.000000e+00 1.000000e+00
      outer loop
         vertex 5.038863e+01 3.807689e+00 6.550000e+00
         vertex 6.238712e+01 3.616963e+00 6.550000e+00
         vertex 5.036999e+01 4.068491e+00 6.550000e+00
      endloop
   endfacet
   facet normal 0.000000e+00 0.000000e+00 1.000000e+00
      outer loop
         vertex 5.036999e+01 4.068491e+00 6.550000e+00
         vertex 6.238712e+01 3.616963e+00 6.550000e+00
         vertex 6.241404e+01 3.877040e+00 6.550000e+00
      endloop
   endfacet
   facet normal 0.000000e+00 0.000000e+00 1.000000e+00
      outer loop
         vertex 5.036999e+01 4.068491e+00 6.550000e+00
         vertex 6.241404e+01 3.877040e+00 6.550000e+00
         vertex 6.248572e+01 4.128491e+00 6.550000e+00
      endloop
   endfacet
   facet normal 9.057035e-02 9.958901e-01 0.000000e+00
      outer loop
         vertex 6.394256e+01 7.092680e+00 3.550000e+00
         vertex 6.394256e+01 7.092680e+00 6.550000e+00
         vertex 6.446352e+01 7.045302e+00 6.550000e+00
      endloop
   endfacet
   facet normal 9.057035e-02 9.958901e-01 0.000000e+00
      outer loop
         vertex 6.394256e+01 7.092680e+00 3.550000e+00
         vertex 6.446352e+01 7.045302e+00 6.550000e+00
         vertex 6.446352e+01 7.045302e+00 3.550000e+00
      endloop
   endfacet
   facet normal 2.379880e-01 9.712681e-01 0.000000e+00
      outer loop
         vertex 6.446352e+01 7.045302e+00 3.550000e+00
         vertex 6.446352e+01 7.045302e+00 6.550000e+00
         vertex 6.497160e+01 6.920808e+00 6.550000e+00
      endloop
   endfacet
   facet normal 2.379880e-01 9.712681e-01 0.000000e+00
      outer loop
         vertex 6.446352e+01 7.045302e+00 3.550000e+00
         vertex 6.497160e+01 6.920808e+00 6.550000e+00
         vertex 6.497160e+01 6.920808e+00 3.550000e+00
      endloop
   endfacet
   facet normal 3.800903e-01 9.249494e-01 0.000000e+00
      outer loop
         vertex 6.497160e+01 6.920808e+00 3.550000e+00
         vertex 6.497160e+01 6.920808e+00 6.550000e+00
         vertex 6.545545e+01 6.721979e+00 6.550000e+00
      endloop
   endfacet
   facet normal 3.800903e-01 9.249494e-01 0.000000e+00
      outer loop
         vertex 6.497160e+01 6.920808e+00 3.550000e+00
         vertex 6.545545e+01 6.721979e+00 6.550000e+00
         vertex 6.545545e+01 6.721979e+00 3.550000e+00
      endloop
   endfacet
   facet normal 5.137011e-01 8.579692e-01 0.000000e+00
      outer loop
         vertex 6.545545e+01 6.721979e+00 3.550000e+00
         vertex 6.545545e+01 6.721979e+00 6.550000e+00
         vertex 6.590426e+01 6.453256e+00 6.550000e+00
      endloop
   endfacet
   facet normal 5.137011e-01 8.579692e-01 0.000000e+00
      outer loop
         vertex 6.545545e+01 6.721979e+00 3.550000e+00
         vertex 6.590426e+01 6.453256e+00 6.550000e+00
         vertex 6.590426e+01 6.453256e+00 3.550000e+00
      endloop
   endfacet
   facet normal 6.358374e-01 7.718230e-01 0.000000e+00
      outer loop
         vertex 6.590426e+01 6.453256e+00 3.550000e+00
         vertex 6.590426e+01 6.453256e+00 6.550000e+00
         vertex 6.630801e+01 6.120643e+00 6.550000e+00
      endloop
   endfacet
   facet normal 6.358374e-01 7.718230e-01 0.000000e+00
      outer loop
         vertex 6.590426e+01 6.453256e+00 3.550000e+00
         vertex 6.630801e+01 6.120643e+00 6.550000e+00
         vertex 6.630801e+01 6.120643e+00 3.550000e+00
      endloop
   endfacet
   facet normal 7.437699e-01 6.684358e-01 0.000000e+00
      outer loop
         vertex 6.630801e+01 6.120643e+00 3.550000e+00
         vertex 6.630801e+01 6.120643e+00 6.550000e+00
         vertex 6.665768e+01 5.731569e+00 6.550000e+00
      endloop
   endfacet
   facet normal 7.437699e-01 6.684358e-01 0.000000e+00
      outer loop
         vertex 6.630801e+01 6.120643e+00 3.550000e+00
         vertex 6.665768e+01 5.731569e+00 6.550000e+00
         vertex 6.665768e+01 5.731569e+00 3.550000e+00
      endloop
   endfacet
   facet normal 8.350876e-01 5.501170e-01 0.000000e+00
      outer loop
         vertex 6.665768e+01 5.731569e+00 3.550000e+00
         vertex 6.665768e+01 5.731569e+00 6.550000e+00
         vertex 6.694545e+01 5.294726e+00 6.550000e+00
      endloop
   endfacet
   facet normal 8.350876e-01 5.501170e-01 0.000000e+00
      outer loop
         vertex 6.665768e+01 5.731569e+00 3.550000e+00
         vertex 6.694545e+01 5.294726e+00 6.550000e+00
         vertex 6.694545e+01 5.294726e+00 3.550000e+00
      endloop
   endfacet
   facet normal 9.077512e-01 4.195089e-01 0.000000e+00
      outer loop
         vertex 6.694545e+01 5.294726e+00 3.550000e+00
         vertex 6.694545e+01 5.294726e+00 6.550000e+00
         vertex 6.716490e+01 4.819871e+00 6.550000e+00
      endloop
   endfacet
   facet normal 9.077512e-01 4.195089e-01 0.000000e+00
      outer loop
         vertex 6.694545e+01 5.294726e+00 3.550000e+00
         vertex 6.716490e+01 4.819871e+00 6.550000e+00
         vertex 6.716490e+01 4.819871e+00 3.550000e+00
      endloop
   endfacet
   facet normal 9.601369e-01 2.795302e-01 0.000000e+00
      outer loop
         vertex 6.716490e+01 4.819871e+00 3.550000e+00
         vertex 6.716490e+01 4.819871e+00 6.550000e+00
         vertex 6.731112e+01 4.317613e+00 6.550000e+00
      endloop
   endfacet
   facet normal 9.601369e-01 2.795302e-01 0.000000e+00
      outer loop
         vertex 6.716490e+01 4.819871e+00 3.550000e+00
         vertex 6.731112e+01 4.317613e+00 6.550000e+00
         vertex 6.731112e+01 4.317613e+00 3.550000e+00
      endloop
   endfacet
   facet normal 9.910748e-01 1.333073e-01 0.000000e+00
      outer loop
         vertex 6.731112e+01 4.317613e+00 3.550000e+00
         vertex 6.731112e+01 4.317613e+00 6.550000e+00
         vertex 6.738086e+01 3.799172e+00 6.550000e+00
      endloop
   endfacet
   facet normal 9.910748e-01 1.333073e-01 0.000000e+00
      outer loop
         vertex 6.731112e+01 4.317613e+00 3.550000e+00
         vertex 6.738086e+01 3.799172e+00 6.550000e+00
         vertex 6.738086e+01 3.799172e+00 3.550000e+00
      endloop
   endfacet
   facet normal 9.998737e-01 -1.589384e-02 0.000000e+00
      outer loop
         vertex 6.738086e+01 3.799172e+00 3.550000e+00
         vertex 6.738086e+01 3.799172e+00 6.550000e+00
         vertex 6.737254e+01 3.276127e+00 6.550000e+00
      endloop
   endfacet
   facet normal 9.998737e-01 -1.589384e-02 -0.000000e+00
      outer loop
         vertex 6.738086e+01 3.799172e+00 3.550000e+00
         vertex 6.737254e+01 3.276127e+00 6.550000e+00
         vertex 6.737254e+01 3.276127e+00 3.550000e+00
      endloop
   endfacet
   facet normal 9.863370e-01 -1.647399e-01 0.000000e+00
      outer loop
         vertex 6.737254e+01 3.276127e+00 3.550000e+00
         vertex 6.737254e+01 3.276127e+00 6.550000e+00
         vertex 6.728637e+01 2.760164e+00 6.550000e+00
      endloop
   endfacet
   facet normal 9.863370e-01 -1.647399e-01 -0.000000e+00
      outer loop
         vertex 6.737254e+01 3.276127e+00 3.550000e+00
         vertex 6.728637e+01 2.760164e+00 6.550000e+00
         vertex 6.728637e+01 2.760164e+00 3.550000e+00
      endloop
   endfacet
   facet normal 9.507673e-01 -3.099056e-01 0.000000e+00
      outer loop
         vertex 6.728637e+01 2.760164e+00 3.550000e+00
         vertex 6.728637e+01 2.760164e+00 6.550000e+00
         vertex 6.712425e+01 2.262807e+00 6.550000e+00
      endloop
   endfacet
   facet normal 9.507673e-01 -3.099056e-01 -0.000000e+00
      outer loop
         vertex 6.728637e+01 2.760164e+00 3.550000e+00
         vertex 6.712425e+01 2.262807e+00 6.550000e+00
         vertex 6.712425e+01 2.262807e+00 3.550000e+00
      endloop
   endfacet
   facet normal 8.939591e-01 -4.481486e-01 0.000000e+00
      outer loop
         vertex 6.712425e+01 2.262807e+00 3.550000e+00
         vertex 6.712425e+01 2.262807e+00 6.550000e+00
         vertex 6.688982e+01 1.795168e+00 6.550000e+00
      endloop
   endfacet
   facet normal 8.939591e-01 -4.481486e-01 -0.000000e+00
      outer loop
         vertex 6.712425e+01 2.262807e+00 3.550000e+00
         vertex 6.688982e+01 1.795168e+00 6.550000e+00
         vertex 6.688982e+01 1.795168e+00 3.550000e+00
      endloop
   endfacet
   facet normal 8.171809e-01 -5.763812e-01 0.000000e+00
      outer loop
         vertex 6.688982e+01 1.795168e+00 3.550000e+00
         vertex 6.688982e+01 1.795168e+00 6.550000e+00
         vertex 6.658831e+01 1.367691e+00 6.550000e+00
      endloop
   endfacet
   facet normal 8.171809e-01 -5.763812e-01 -0.000000e+00
      outer loop
         vertex 6.688982e+01 1.795168e+00 3.550000e+00
         vertex 6.658831e+01 1.367691e+00 6.550000e+00
         vertex 6.658831e+01 1.367691e+00 3.550000e+00
      endloop
   endfacet
   facet normal 7.221488e-01 -6.917378e-01 0.000000e+00
      outer loop
         vertex 6.658831e+01 1.367691e+00 3.550000e+00
         vertex 6.658831e+01 1.367691e+00 6.550000e+00
         vertex 6.622645e+01 9.899279e-01 6.550000e+00
      endloop
   endfacet
   facet normal 7.221488e-01 -6.917378e-01 -0.000000e+00
      outer loop
         vertex 6.658831e+01 1.367691e+00 3.550000e+00
         vertex 6.622645e+01 9.899279e-01 6.550000e+00
         vertex 6.622645e+01 9.899279e-01 3.550000e+00
      endloop
   endfacet
   facet normal 6.109848e-01 -7.916423e-01 0.000000e+00
      outer loop
         vertex 6.622645e+01 9.899279e-01 3.550000e+00
         vertex 6.622645e+01 9.899279e-01 6.550000e+00
         vertex 6.581234e+01 6.703151e-01 6.550000e+00
      endloop
   endfacet
   facet normal 6.109848e-01 -7.916423e-01 -0.000000e+00
      outer loop
         vertex 6.622645e+01 9.899279e-01 3.550000e+00
         vertex 6.581234e+01 6.703151e-01 6.550000e+00
         vertex 6.581234e+01 6.703151e-01 3.550000e+00
      endloop
   endfacet
   facet normal 4.861722e-01 -8.738630e-01 0.000000e+00
      outer loop
         vertex 6.581234e+01 6.703151e-01 3.550000e+00
         vertex 6.581234e+01 6.703151e-01 6.550000e+00
         vertex 6.535521e+01 4.159933e-01 6.550000e+00
      endloop
   endfacet
   facet normal 4.861722e-01 -8.738630e-01 -0.000000e+00
      outer loop
         vertex 6.581234e+01 6.703151e-01 3.550000e+00
         vertex 6.535521e+01 4.159933e-01 6.550000e+00
         vertex 6.535521e+01 4.159933e-01 3.550000e+00
      endloop
   endfacet
   facet normal 3.505000e-01 -9.365627e-01 0.000000e+00
      outer loop
         vertex 6.535521e+01 4.159933e-01 3.550000e+00
         vertex 6.535521e+01 4.159933e-01 6.550000e+00
         vertex 6.486529e+01 2.326430e-01 6.550000e+00
      endloop
   endfacet
   facet normal 3.505000e-01 -9.365627e-01 -0.000000e+00
      outer loop
         vertex 6.535521e+01 4.159933e-01 3.550000e+00
         vertex 6.486529e+01 2.326430e-01 6.550000e+00
         vertex 6.486529e+01 2.326430e-01 3.550000e+00
      endloop
   endfacet
   facet normal 2.069973e-01 -9.783415e-01 0.000000e+00
      outer loop
         vertex 6.486529e+01 2.326430e-01 3.550000e+00
         vertex 6.486529e+01 2.326430e-01 6.550000e+00
         vertex 6.435350e+01 1.243605e-01 6.550000e+00
      endloop
   endfacet
   facet normal 2.069973e-01 -9.783415e-01 -0.000000e+00
      outer loop
         vertex 6.486529e+01 2.326430e-01 3.550000e+00
         vertex 6.435350e+01 1.243605e-01 6.550000e+00
         vertex 6.435350e+01 1.243605e-01 3.550000e+00
      endloop
   endfacet
   facet normal 5.887156e-02 -9.982656e-01 0.000000e+00
      outer loop
         vertex 6.435350e+01 1.243605e-01 3.550000e+00
         vertex 6.435350e+01 1.243605e-01 6.550000e+00
         vertex 6.383130e+01 9.356418e-02 6.550000e+00
      endloop
   endfacet
   facet normal 5.887156e-02 -9.982656e-01 -0.000000e+00
      outer loop
         vertex 6.435350e+01 1.243605e-01 3.550000e+00
         vertex 6.383130e+01 9.356418e-02 6.550000e+00
         vertex 6.383130e+01 9.356418e-02 3.550000e+00
      endloop
   endfacet
   facet normal -1.589384e-02 -9.998737e-01 0.000000e+00
      outer loop
         vertex 4.883320e+01 3.319717e-01 3.550000e+00
         vertex 6.383130e+01 9.356418e-02 3.550000e+00
         vertex 4.883320e+01 3.319717e-01 6.550000e+00
      endloop
   endfacet
   facet normal -1.589384e-02 -9.998737e-01 0.000000e+00
      outer loop
         vertex 4.883320e+01 3.319717e-01 6.550000e+00
         vertex 6.383130e+01 9.356418e-02 3.550000e+00
         vertex 6.383130e+01 9.356418e-02 6.550000e+00
      endloop
   endfacet
   facet normal -9.057024e-02 -9.958901e-01 0.000000e+00
      outer loop
         vertex 4.883320e+01 3.319717e-01 3.550000e+00
         vertex 4.883320e+01 3.319717e-01 6.550000e+00
         vertex 4.831223e+01 3.793501e-01 6.550000e+00
      endloop
   endfacet
   facet normal -9.057024e-02 -9.958901e-01 0.000000e+00
      outer loop
         vertex 4.883320e+01 3.319717e-01 3.550000e+00
         vertex 4.831223e+01 3.793501e-01 6.550000e+00
         vertex 4.831223e+01 3.793501e-01 3.550000e+00
      endloop
   endfacet
   facet normal -2.379881e-01 -9.712681e-01 0.000000e+00
      outer loop
         vertex 4.831223e+01 3.793501e-01 3.550000e+00
         vertex 4.831223e+01 3.793501e-01 6.550000e+00
         vertex 4.780415e+01 5.038441e-01 6.550000e+00
      endloop
   endfacet
   facet normal -2.379881e-01 -9.712681e-01 0.000000e+00
      outer loop
         vertex 4.831223e+01 3.793501e-01 3.550000e+00
         vertex 4.780415e+01 5.038441e-01 6.550000e+00
         vertex 4.780415e+01 5.038441e-01 3.550000e+00
      endloop
   endfacet
   facet normal -3.800906e-01 -9.249493e-01 0.000000e+00
      outer loop
         vertex 4.780415e+01 5.038441e-01 3.550000e+00
         vertex 4.780415e+01 5.038441e-01 6.550000e+00
         vertex 4.732030e+01 7.026734e-01 6.550000e+00
      endloop
   endfacet
   facet normal -3.800906e-01 -9.249493e-01 0.000000e+00
      outer loop
         vertex 4.780415e+01 5.038441e-01 3.550000e+00
         vertex 4.732030e+01 7.026734e-01 6.550000e+00
         vertex 4.732030e+01 7.026734e-01 3.550000e+00
      endloop
   endfacet
   facet normal -5.137012e-01 -8.579691e-01 0.000000e+00
      outer loop
         vertex 4.732030e+01 7.026734e-01 3.550000e+00
         vertex 4.732030e+01 7.026734e-01 6.550000e+00
         vertex 4.687149e+01 9.713959e-01 6.550000e+00
      endloop
   endfacet
   facet normal -5.137012e-01 -8.579691e-01 0.000000e+00
      outer loop
         vertex 4.732030e+01 7.026734e-01 3.550000e+00
         vertex 4.687149e+01 9.713959e-01 6.550000e+00
         vertex 4.687149e+01 9.713959e-01 3.550000e+00
      endloop
   endfacet
   facet normal -6.358372e-01 -7.718232e-01 0.000000e+00
      outer loop
         vertex 4.687149e+01 9.713959e-01 3.550000e+00
         vertex 4.687149e+01 9.713959e-01 6.550000e+00
         vertex 4.646774e+01 1.304009e+00 6.550000e+00
      endloop
   endfacet
   facet normal -6.358372e-01 -7.718232e-01 0.000000e+00
      outer loop
         vertex 4.687149e+01 9.713959e-01 3.550000e+00
         vertex 4.646774e+01 1.304009e+00 6.550000e+00
         vertex 4.646774e+01 1.304009e+00 3.550000e+00
      endloop
   endfacet
   facet normal -7.437692e-01 -6.684365e-01 0.000000e+00
      outer loop
         vertex 4.646774e+01 1.304009e+00 3.550000e+00
         vertex 4.646774e+01 1.304009e+00 6.550000e+00
         vertex 4.611808e+01 1.693083e+00 6.550000e+00
      endloop
   endfacet
   facet normal -7.437692e-01 -6.684365e-01 0.000000e+00
      outer loop
         vertex 4.646774e+01 1.304009e+00 3.550000e+00
         vertex 4.611808e+01 1.693083e+00 6.550000e+00
         vertex 4.611808e+01 1.693083e+00 3.550000e+00
      endloop
   endfacet
   facet normal -8.350884e-01 -5.501158e-01 0.000000e+00
      outer loop
         vertex 4.611808e+01 1.693083e+00 3.550000e+00
         vertex 4.611808e+01 1.693083e+00 6.550000e+00
         vertex 4.583030e+01 2.129926e+00 6.550000e+00
      endloop
   endfacet
   facet normal -8.350884e-01 -5.501158e-01 0.000000e+00
      outer loop
         vertex 4.611808e+01 1.693083e+00 3.550000e+00
         vertex 4.583030e+01 2.129926e+00 6.550000e+00
         vertex 4.583030e+01 2.129926e+00 3.550000e+00
      endloop
   endfacet
   facet normal -9.077514e-01 -4.195085e-01 0.000000e+00
      outer loop
         vertex 4.583030e+01 2.129926e+00 3.550000e+00
         vertex 4.583030e+01 2.129926e+00 6.550000e+00
         vertex 4.561085e+01 2.604781e+00 6.550000e+00
      endloop
   endfacet
   facet normal -9.077514e-01 -4.195085e-01 0.000000e+00
      outer loop
         vertex 4.583030e+01 2.129926e+00 3.550000e+00
         vertex 4.561085e+01 2.604781e+00 6.550000e+00
         vertex 4.561085e+01 2.604781e+00 3.550000e+00
      endloop
   endfacet
   facet normal -9.601368e-01 -2.795306e-01 0.000000e+00
      outer loop
         vertex 4.561085e+01 2.604781e+00 3.550000e+00
         vertex 4.561085e+01 2.604781e+00 6.550000e+00
         vertex 4.546463e+01 3.107039e+00 6.550000e+00
      endloop
   endfacet
   facet normal -9.601368e-01 -2.795306e-01 0.000000e+00
      outer loop
         vertex 4.561085e+01 2.604781e+00 3.550000e+00
         vertex 4.546463e+01 3.107039e+00 6.550000e+00
         vertex 4.546463e+01 3.107039e+00 3.550000e+00
      endloop
   endfacet
   facet normal -9.910745e-01 -1.333090e-01 0.000000e+00
      outer loop
         vertex 4.546463e+01 3.107039e+00 3.550000e+00
         vertex 4.546463e+01 3.107039e+00 6.550000e+00
         vertex 4.539489e+01 3.625480e+00 6.550000e+00
      endloop
   endfacet
   facet normal -9.910745e-01 -1.333090e-01 0.000000e+00
      outer loop
         vertex 4.546463e+01 3.107039e+00 3.550000e+00
         vertex 4.539489e+01 3.625480e+00 6.550000e+00
         vertex 4.539489e+01 3.625480e+00 3.550000e+00
      endloop
   endfacet
   facet normal -9.998737e-01 1.589384e-02 0.000000e+00
      outer loop
         vertex 4.539489e+01 3.625480e+00 3.550000e+00
         vertex 4.539489e+01 3.625480e+00 6.550000e+00
         vertex 4.540321e+01 4.148525e+00 6.550000e+00
      endloop
   endfacet
   facet normal -9.998737e-01 1.589384e-02 0.000000e+00
      outer loop
         vertex 4.539489e+01 3.625480e+00 3.550000e+00
         vertex 4.540321e+01 4.148525e+00 6.550000e+00
         vertex 4.540321e+01 4.148525e+00 3.550000e+00
      endloop
   endfacet
   facet normal -9.863368e-01 1.647416e-01 0.000000e+00
      outer loop
         vertex 4.540321e+01 4.148525e+00 3.550000e+00
         vertex 4.540321e+01 4.148525e+00 6.550000e+00
         vertex 4.548939e+01 4.664488e+00 6.550000e+00
      endloop
   endfacet
   facet normal -9.863368e-01 1.647416e-01 0.000000e+00
      outer loop
         vertex 4.540321e+01 4.148525e+00 3.550000e+00
         vertex 4.548939e+01 4.664488e+00 6.550000e+00
         vertex 4.548939e+01 4.664488e+00 3.550000e+00
      endloop
   endfacet
   facet normal -9.507672e-01 3.099060e-01 0.000000e+00
      outer loop
         vertex 4.548939e+01 4.664488e+00 3.550000e+00
         vertex 4.548939e+01 4.664488e+00 6.550000e+00
         vertex 4.565150e+01 5.161845e+00 6.550000e+00
      endloop
   endfacet
   facet normal -9.507672e-01 3.099060e-01 0.000000e+00
      outer loop
         vertex 4.548939e+01 4.664488e+00 3.550000e+00
         vertex 4.565150e+01 5.161845e+00 6.550000e+00
         vertex 4.565150e+01 5.161845e+00 3.550000e+00
      endloop
   endfacet
   facet normal -8.939593e-01 4.481482e-01 0.000000e+00
      outer loop
         vertex 4.565150e+01 5.161845e+00 3.550000e+00
         vertex 4.565150e+01 5.161845e+00 6.550000e+00
         vertex 4.588593e+01 5.629484e+00 6.550000e+00
      endloop
   endfacet
   facet normal -8.939593e-01 4.481482e-01 0.000000e+00
      outer loop
         vertex 4.565150e+01 5.161845e+00 3.550000e+00
         vertex 4.588593e+01 5.629484e+00 6.550000e+00
         vertex 4.588593e+01 5.629484e+00 3.550000e+00
      endloop
   endfacet
   facet normal -8.171818e-01 5.763800e-01 0.000000e+00
      outer loop
         vertex 4.588593e+01 5.629484e+00 3.550000e+00
         vertex 4.588593e+01 5.629484e+00 6.550000e+00
         vertex 4.618744e+01 6.056960e+00 6.550000e+00
      endloop
   endfacet
   facet normal -8.171818e-01 5.763800e-01 0.000000e+00
      outer loop
         vertex 4.588593e+01 5.629484e+00 3.550000e+00
         vertex 4.618744e+01 6.056960e+00 6.550000e+00
         vertex 4.618744e+01 6.056960e+00 3.550000e+00
      endloop
   endfacet
   facet normal -7.221481e-01 6.917385e-01 0.000000e+00
      outer loop
         vertex 4.618744e+01 6.056960e+00 3.550000e+00
         vertex 4.618744e+01 6.056960e+00 6.550000e+00
         vertex 4.654930e+01 6.434724e+00 6.550000e+00
      endloop
   endfacet
   facet normal -7.221481e-01 6.917385e-01 0.000000e+00
      outer loop
         vertex 4.618744e+01 6.056960e+00 3.550000e+00
         vertex 4.654930e+01 6.434724e+00 6.550000e+00
         vertex 4.654930e+01 6.434724e+00 3.550000e+00
      endloop
   endfacet
   facet normal -6.109846e-01 7.916425e-01 0.000000e+00
      outer loop
         vertex 4.654930e+01 6.434724e+00 3.550000e+00
         vertex 4.654930e+01 6.434724e+00 6.550000e+00
         vertex 4.696342e+01 6.754337e+00 6.550000e+00
      endloop
   endfacet
   facet normal -6.109846e-01 7.916425e-01 0.000000e+00
      outer loop
         vertex 4.654930e+01 6.434724e+00 3.550000e+00
         vertex 4.696342e+01 6.754337e+00 6.550000e+00
         vertex 4.696342e+01 6.754337e+00 3.550000e+00
      endloop
   endfacet
   facet normal -4.861723e-01 8.738630e-01 0.000000e+00
      outer loop
         vertex 4.696342e+01 6.754337e+00 3.550000e+00
         vertex 4.696342e+01 6.754337e+00 6.550000e+00
         vertex 4.742054e+01 7.008659e+00 6.550000e+00
      endloop
   endfacet
   facet normal -4.861723e-01 8.738630e-01 0.000000e+00
      outer loop
         vertex 4.696342e+01 6.754337e+00 3.550000e+00
         vertex 4.742054e+01 7.008659e+00 6.550000e+00
         vertex 4.742054e+01 7.008659e+00 3.550000e+00
      endloop
   endfacet
   facet normal -3.505003e-01 9.365626e-01 0.000000e+00
      outer loop
         vertex 4.742054e+01 7.008659e+00 3.550000e+00
         vertex 4.742054e+01 7.008659e+00 6.550000e+00
         vertex 4.791047e+01 7.192009e+00 6.550000e+00
      endloop
   endfacet
   facet normal -3.505003e-01 9.365626e-01 0.000000e+00
      outer loop
         vertex 4.742054e+01 7.008659e+00 3.550000e+00
         vertex 4.791047e+01 7.192009e+00 6.550000e+00
         vertex 4.791047e+01 7.192009e+00 3.550000e+00
      endloop
   endfacet
   facet normal -2.069974e-01 9.783415e-01 0.000000e+00
      outer loop
         vertex 4.791047e+01 7.192009e+00 3.550000e+00
         vertex 4.791047e+01 7.192009e+00 6.550000e+00
         vertex 4.842225e+01 7.300291e+00 6.550000e+00
      endloop
   endfacet
   facet normal -2.069974e-01 9.783415e-01 0.000000e+00
      outer loop
         vertex 4.791047e+01 7.192009e+00 3.550000e+00
         vertex 4.842225e+01 7.300291e+00 6.550000e+00
         vertex 4.842225e+01 7.300291e+00 3.550000e+00
      endloop
   endfacet
   facet normal -5.887145e-02 9.982656e-01 0.000000e+00
      outer loop
         vertex 4.842225e+01 7.300291e+00 3.550000e+00
         vertex 4.842225e+01 7.300291e+00 6.550000e+00
         vertex 4.894445e+01 7.331088e+00 6.550000e+00
      endloop
   endfacet
   facet normal -5.887145e-02 9.982656e-01 0.000000e+00
      outer loop
         vertex 4.842225e+01 7.300291e+00 3.550000e+00
         vertex 4.894445e+01 7.331088e+00 6.550000e+00
         vertex 4.894445e+01 7.331088e+00 3.550000e+00
      endloop
   endfacet
   facet normal 1.589384e-02 9.998737e-01 0.000000e+00
      outer loop
         vertex 6.394256e+01 7.092680e+00 3.550000e+00
         vertex 4.894445e+01 7.331088e+00 3.550000e+00
         vertex 6.394256e+01 7.092680e+00 6.550000e+00
      endloop
   endfacet
   facet normal 1.589384e-02 9.998737e-01 0.000000e+00
      outer loop
         vertex 6.394256e+01 7.092680e+00 6.550000e+00
         vertex 4.894445e+01 7.331088e+00 3.550000e+00
         vertex 4.894445e+01 7.331088e+00 6.550000e+00
      endloop
   endfacet
   facet normal -9.974541e-01 -7.131155e-02 0.000000e+00
      outer loop
         vertex 6.538674e+01 3.569281e+00 3.550000e+00
         vertex 6.538674e+01 3.569281e+00 6.550000e+00
         vertex 6.536809e+01 3.830083e+00 3.550000e+00
      endloop
   endfacet
   facet normal -9.974541e-01 -7.131155e-02 0.000000e+00
      outer loop
         vertex 6.536809e+01 3.830083e+00 3.550000e+00
         vertex 6.538674e+01 3.569281e+00 6.550000e+00
         vertex 6.536809e+01 3.830083e+00 6.550000e+00
      endloop
   endfacet
   facet normal -9.699174e-01 -2.434341e-01 0.000000e+00
      outer loop
         vertex 6.536809e+01 3.830083e+00 3.550000e+00
         vertex 6.536809e+01 3.830083e+00 6.550000e+00
         vertex 6.530444e+01 4.083685e+00 3.550000e+00
      endloop
   endfacet
   facet normal -9.699174e-01 -2.434341e-01 0.000000e+00
      outer loop
         vertex 6.530444e+01 4.083685e+00 3.550000e+00
         vertex 6.536809e+01 3.830083e+00 6.550000e+00
         vertex 6.530444e+01 4.083685e+00 6.550000e+00
      endloop
   endfacet
   facet normal -9.129103e-01 -4.081602e-01 0.000000e+00
      outer loop
         vertex 6.530444e+01 4.083685e+00 3.550000e+00
         vertex 6.530444e+01 4.083685e+00 6.550000e+00
         vertex 6.519772e+01 4.322381e+00 3.550000e+00
      endloop
   endfacet
   facet normal -9.129103e-01 -4.081602e-01 0.000000e+00
      outer loop
         vertex 6.519772e+01 4.322381e+00 3.550000e+00
         vertex 6.530444e+01 4.083685e+00 6.550000e+00
         vertex 6.519772e+01 4.322381e+00 6.550000e+00
      endloop
   endfacet
   facet normal -8.281649e-01 -5.604845e-01 0.000000e+00
      outer loop
         vertex 6.519772e+01 4.322381e+00 3.550000e+00
         vertex 6.519772e+01 4.322381e+00 6.550000e+00
         vertex 6.505118e+01 4.538919e+00 3.550000e+00
      endloop
   endfacet
   facet normal -8.281649e-01 -5.604845e-01 0.000000e+00
      outer loop
         vertex 6.505118e+01 4.538919e+00 3.550000e+00
         vertex 6.519772e+01 4.322381e+00 6.550000e+00
         vertex 6.505118e+01 4.538919e+00 6.550000e+00
      endloop
   endfacet
   facet normal -7.182561e-01 -6.957788e-01 0.000000e+00
      outer loop
         vertex 6.505118e+01 4.538919e+00 3.550000e+00
         vertex 6.505118e+01 4.538919e+00 6.550000e+00
         vertex 6.486925e+01 4.726719e+00 3.550000e+00
      endloop
   endfacet
   facet normal -7.182561e-01 -6.957788e-01 0.000000e+00
      outer loop
         vertex 6.486925e+01 4.726719e+00 3.550000e+00
         vertex 6.505118e+01 4.538919e+00 6.550000e+00
         vertex 6.486925e+01 4.726719e+00 6.550000e+00
      endloop
   endfacet
   facet normal -5.865235e-01 -8.099322e-01 0.000000e+00
      outer loop
         vertex 6.486925e+01 4.726719e+00 3.550000e+00
         vertex 6.486925e+01 4.726719e+00 6.550000e+00
         vertex 6.465748e+01 4.880076e+00 3.550000e+00
      endloop
   endfacet
   facet normal -5.865235e-01 -8.099322e-01 0.000000e+00
      outer loop
         vertex 6.465748e+01 4.880076e+00 3.550000e+00
         vertex 6.486925e+01 4.726719e+00 6.550000e+00
         vertex 6.465748e+01 4.880076e+00 6.550000e+00
      endloop
   endfacet
   facet normal -4.369696e-01 -8.994763e-01 0.000000e+00
      outer loop
         vertex 6.465748e+01 4.880076e+00 3.550000e+00
         vertex 6.465748e+01 4.880076e+00 6.550000e+00
         vertex 6.442230e+01 4.994329e+00 3.550000e+00
      endloop
   endfacet
   facet normal -4.369696e-01 -8.994763e-01 0.000000e+00
      outer loop
         vertex 6.442230e+01 4.994329e+00 3.550000e+00
         vertex 6.465748e+01 4.880076e+00 6.550000e+00
         vertex 6.442230e+01 4.994329e+00 6.550000e+00
      endloop
   endfacet
   facet normal -2.741386e-01 -9.616902e-01 0.000000e+00
      outer loop
         vertex 6.442230e+01 4.994329e+00 3.550000e+00
         vertex 6.442230e+01 4.994329e+00 6.550000e+00
         vertex 6.417085e+01 5.066007e+00 3.550000e+00
      endloop
   endfacet
   facet normal -2.741386e-01 -9.616902e-01 0.000000e+00
      outer loop
         vertex 6.417085e+01 5.066007e+00 3.550000e+00
         vertex 6.442230e+01 4.994329e+00 6.550000e+00
         vertex 6.417085e+01 5.066007e+00 6.550000e+00
      endloop
   endfacet
   facet normal -1.029783e-01 -9.946836e-01 0.000000e+00
      outer loop
         vertex 6.417085e+01 5.066007e+00 3.550000e+00
         vertex 6.417085e+01 5.066007e+00 6.550000e+00
         vertex 6.391077e+01 5.092933e+00 3.550000e+00
      endloop
   endfacet
   facet normal -1.029783e-01 -9.946836e-01 0.000000e+00
      outer loop
         vertex 6.391077e+01 5.092933e+00 3.550000e+00
         vertex 6.417085e+01 5.066007e+00 6.550000e+00
         vertex 6.391077e+01 5.092933e+00 6.550000e+00
      endloop
   endfacet
   facet normal 7.131155e-02 -9.974541e-01 0.000000e+00
      outer loop
         vertex 6.391077e+01 5.092933e+00 3.550000e+00
         vertex 6.391077e+01 5.092933e+00 6.550000e+00
         vertex 6.364997e+01 5.074287e+00 3.550000e+00
      endloop
   endfacet
   facet normal 7.131155e-02 -9.974541e-01 0.000000e+00
      outer loop
         vertex 6.364997e+01 5.074287e+00 3.550000e+00
         vertex 6.391077e+01 5.092933e+00 6.550000e+00
         vertex 6.364997e+01 5.074287e+00 6.550000e+00
      endloop
   endfacet
   facet normal 2.434341e-01 -9.699174e-01 0.000000e+00
      outer loop
         vertex 6.364997e+01 5.074287e+00 3.550000e+00
         vertex 6.364997e+01 5.074287e+00 6.550000e+00
         vertex 6.339637e+01 5.010637e+00 3.550000e+00
      endloop
   endfacet
   facet normal 2.434341e-01 -9.699174e-01 0.000000e+00
      outer loop
         vertex 6.339637e+01 5.010637e+00 3.550000e+00
         vertex 6.364997e+01 5.074287e+00 6.550000e+00
         vertex 6.339637e+01 5.010637e+00 6.550000e+00
      endloop
   endfacet
   facet normal 4.081602e-01 -9.129103e-01 0.000000e+00
      outer loop
         vertex 6.339637e+01 5.010637e+00 3.550000e+00
         vertex 6.339637e+01 5.010637e+00 6.550000e+00
         vertex 6.315767e+01 4.903917e+00 3.550000e+00
      endloop
   endfacet
   facet normal 4.081602e-01 -9.129103e-01 0.000000e+00
      outer loop
         vertex 6.315767e+01 4.903917e+00 3.550000e+00
         vertex 6.339637e+01 5.010637e+00 6.550000e+00
         vertex 6.315767e+01 4.903917e+00 6.550000e+00
      endloop
   endfacet
   facet normal 5.604845e-01 -8.281649e-01 0.000000e+00
      outer loop
         vertex 6.315767e+01 4.903917e+00 3.550000e+00
         vertex 6.315767e+01 4.903917e+00 6.550000e+00
         vertex 6.294113e+01 4.757368e+00 3.550000e+00
      endloop
   endfacet
   facet normal 5.604845e-01 -8.281649e-01 0.000000e+00
      outer loop
         vertex 6.294113e+01 4.757368e+00 3.550000e+00
         vertex 6.315767e+01 4.903917e+00 6.550000e+00
         vertex 6.294113e+01 4.757368e+00 6.550000e+00
      endloop
   endfacet
   facet normal 6.957788e-01 -7.182561e-01 0.000000e+00
      outer loop
         vertex 6.294113e+01 4.757368e+00 3.550000e+00
         vertex 6.294113e+01 4.757368e+00 6.550000e+00
         vertex 6.275333e+01 4.575445e+00 3.550000e+00
      endloop
   endfacet
   facet normal 6.957788e-01 -7.182561e-01 0.000000e+00
      outer loop
         vertex 6.275333e+01 4.575445e+00 3.550000e+00
         vertex 6.294113e+01 4.757368e+00 6.550000e+00
         vertex 6.275333e+01 4.575445e+00 6.550000e+00
      endloop
   endfacet
   facet normal 8.099322e-01 -5.865235e-01 0.000000e+00
      outer loop
         vertex 6.275333e+01 4.575445e+00 3.550000e+00
         vertex 6.275333e+01 4.575445e+00 6.550000e+00
         vertex 6.259998e+01 4.363674e+00 3.550000e+00
      endloop
   endfacet
   facet normal 8.099322e-01 -5.865235e-01 0.000000e+00
      outer loop
         vertex 6.259998e+01 4.363674e+00 3.550000e+00
         vertex 6.275333e+01 4.575445e+00 6.550000e+00
         vertex 6.259998e+01 4.363674e+00 6.550000e+00
      endloop
   endfacet
   facet normal 8.994763e-01 -4.369696e-01 0.000000e+00
      outer loop
         vertex 6.259998e+01 4.363674e+00 3.550000e+00
         vertex 6.259998e+01 4.363674e+00 6.550000e+00
         vertex 6.248572e+01 4.128491e+00 3.550000e+00
      endloop
   endfacet
   facet normal 8.994763e-01 -4.369696e-01 0.000000e+00
      outer loop
         vertex 6.248572e+01 4.128491e+00 3.550000e+00
         vertex 6.259998e+01 4.363674e+00 6.550000e+00
         vertex 6.248572e+01 4.128491e+00 6.550000e+00
      endloop
   endfacet
   facet normal 9.616902e-01 -2.741386e-01 0.000000e+00
      outer loop
         vertex 6.248572e+01 4.128491e+00 3.550000e+00
         vertex 6.248572e+01 4.128491e+00 6.550000e+00
         vertex 6.241404e+01 3.877040e+00 3.550000e+00
      endloop
   endfacet
   facet normal 9.616902e-01 -2.741386e-01 0.000000e+00
      outer loop
         vertex 6.241404e+01 3.877040e+00 3.550000e+00
         vertex 6.248572e+01 4.128491e+00 6.550000e+00
         vertex 6.241404e+01 3.877040e+00 6.550000e+00
      endloop
   endfacet
   facet normal 9.946836e-01 -1.029783e-01 0.000000e+00
      outer loop
         vertex 6.241404e+01 3.877040e+00 3.550000e+00
         vertex 6.241404e+01 3.877040e+00 6.550000e+00
         vertex 6.238712e+01 3.616963e+00 3.550000e+00
      endloop
   endfacet
   facet normal 9.946836e-01 -1.029783e-01 0.000000e+00
      outer loop
         vertex 6.238712e+01 3.616963e+00 3.550000e+00
         vertex 6.241404e+01 3.877040e+00 6.550000e+00
         vertex 6.238712e+01 3.616963e+00 6.550000e+00
      endloop
   endfacet
   facet normal 9.974541e-01 7.131155e-02 0.000000e+00
      outer loop
         vertex 6.238712e+01 3.616963e+00 3.550000e+00
         vertex 6.238712e+01 3.616963e+00 6.550000e+00
         vertex 6.240576e+01 3.356161e+00 3.550000e+00
      endloop
   endfacet
   facet normal 9.974541e-01 7.131155e-02 0.000000e+00
      outer loop
         vertex 6.240576e+01 3.356161e+00 3.550000e+00
         vertex 6.238712e+01 3.616963e+00 6.550000e+00
         vertex 6.240576e+01 3.356161e+00 6.550000e+00
      endloop
   endfacet
   facet normal 9.699174e-01 2.434341e-01 0.000000e+00
      outer loop
         vertex 6.240576e+01 3.356161e+00 3.550000e+00
         vertex 6.240576e+01 3.356161e+00 6.550000e+00
         vertex 6.246941e+01 3.102560e+00 3.550000e+00
      endloop
   endfacet
   facet normal 9.699174e-01 2.434341e-01 0.000000e+00
      outer loop
         vertex 6.246941e+01 3.102560e+00 3.550000e+00
         vertex 6.240576e+01 3.356161e+00 6.550000e+00
         vertex 6.246941e+01 3.102560e+00 6.550000e+00
      endloop
   endfacet
   facet normal 9.129103e-01 4.081602e-01 0.000000e+00
      outer loop
         vertex 6.246941e+01 3.102560e+00 3.550000e+00
         vertex 6.246941e+01 3.102560e+00 6.550000e+00
         vertex 6.257614e+01 2.863864e+00 3.550000e+00
      endloop
   endfacet
   facet normal 9.129103e-01 4.081602e-01 0.000000e+00
      outer loop
         vertex 6.257614e+01 2.863864e+00 3.550000e+00
         vertex 6.246941e+01 3.102560e+00 6.550000e+00
         vertex 6.257614e+01 2.863864e+00 6.550000e+00
      endloop
   endfacet
   facet normal 8.281649e-01 5.604845e-01 0.000000e+00
      outer loop
         vertex 6.257614e+01 2.863864e+00 3.550000e+00
         vertex 6.257614e+01 2.863864e+00 6.550000e+00
         vertex 6.272268e+01 2.647326e+00 3.550000e+00
      endloop
   endfacet
   facet normal 8.281649e-01 5.604845e-01 0.000000e+00
      outer loop
         vertex 6.272268e+01 2.647326e+00 3.550000e+00
         vertex 6.257614e+01 2.863864e+00 6.550000e+00
         vertex 6.272268e+01 2.647326e+00 6.550000e+00
      endloop
   endfacet
   facet normal 7.182561e-01 6.957788e-01 0.000000e+00
      outer loop
         vertex 6.272268e+01 2.647326e+00 3.550000e+00
         vertex 6.272268e+01 2.647326e+00 6.550000e+00
         vertex 6.290461e+01 2.459525e+00 3.550000e+00
      endloop
   endfacet
   facet normal 7.182561e-01 6.957788e-01 0.000000e+00
      outer loop
         vertex 6.290461e+01 2.459525e+00 3.550000e+00
         vertex 6.272268e+01 2.647326e+00 6.550000e+00
         vertex 6.290461e+01 2.459525e+00 6.550000e+00
      endloop
   endfacet
   facet normal 5.865235e-01 8.099322e-01 0.000000e+00
      outer loop
         vertex 6.290461e+01 2.459525e+00 3.550000e+00
         vertex 6.290461e+01 2.459525e+00 6.550000e+00
         vertex 6.311638e+01 2.306169e+00 3.550000e+00
      endloop
   endfacet
   facet normal 5.865235e-01 8.099322e-01 0.000000e+00
      outer loop
         vertex 6.311638e+01 2.306169e+00 3.550000e+00
         vertex 6.290461e+01 2.459525e+00 6.550000e+00
         vertex 6.311638e+01 2.306169e+00 6.550000e+00
      endloop
   endfacet
   facet normal 4.369696e-01 8.994763e-01 0.000000e+00
      outer loop
         vertex 6.311638e+01 2.306169e+00 3.550000e+00
         vertex 6.311638e+01 2.306169e+00 6.550000e+00
         vertex 6.335156e+01 2.191915e+00 3.550000e+00
      endloop
   endfacet
   facet normal 4.369696e-01 8.994763e-01 0.000000e+00
      outer loop
         vertex 6.335156e+01 2.191915e+00 3.550000e+00
         vertex 6.311638e+01 2.306169e+00 6.550000e+00
         vertex 6.335156e+01 2.191915e+00 6.550000e+00
      endloop
   endfacet
   facet normal 2.741386e-01 9.616902e-01 0.000000e+00
      outer loop
         vertex 6.335156e+01 2.191915e+00 3.550000e+00
         vertex 6.335156e+01 2.191915e+00 6.550000e+00
         vertex 6.360301e+01 2.120237e+00 3.550000e+00
      endloop
   endfacet
   facet normal 2.741386e-01 9.616902e-01 0.000000e+00
      outer loop
         vertex 6.360301e+01 2.120237e+00 3.550000e+00
         vertex 6.335156e+01 2.191915e+00 6.550000e+00
         vertex 6.360301e+01 2.120237e+00 6.550000e+00
      endloop
   endfacet
   facet normal 1.029783e-01 9.946836e-01 0.000000e+00
      outer loop
         vertex 6.360301e+01 2.120237e+00 3.550000e+00
         vertex 6.360301e+01 2.120237e+00 6.550000e+00
         vertex 6.386309e+01 2.093312e+00 3.550000e+00
      endloop
   endfacet
   facet normal 1.029783e-01 9.946836e-01 0.000000e+00
      outer loop
         vertex 6.386309e+01 2.093312e+00 3.550000e+00
         vertex 6.360301e+01 2.120237e+00 6.550000e+00
         vertex 6.386309e+01 2.093312e+00 6.550000e+00
      endloop
   endfacet
   facet normal -7.131155e-02 9.974541e-01 0.000000e+00
      outer loop
         vertex 6.386309e+01 2.093312e+00 3.550000e+00
         vertex 6.386309e+01 2.093312e+00 6.550000e+00
         vertex 6.412389e+01 2.111957e+00 3.550000e+00
      endloop
   endfacet
   facet normal -7.131155e-02 9.974541e-01 0.000000e+00
      outer loop
         vertex 6.412389e+01 2.111957e+00 3.550000e+00
         vertex 6.386309e+01 2.093312e+00 6.550000e+00
         vertex 6.412389e+01 2.111957e+00 6.550000e+00
      endloop
   endfacet
   facet normal -2.434341e-01 9.699174e-01 0.000000e+00
      outer loop
         vertex 6.412389e+01 2.111957e+00 3.550000e+00
         vertex 6.412389e+01 2.111957e+00 6.550000e+00
         vertex 6.437749e+01 2.175607e+00 3.550000e+00
      endloop
   endfacet
   facet normal -2.434341e-01 9.699174e-01 0.000000e+00
      outer loop
         vertex 6.437749e+01 2.175607e+00 3.550000e+00
         vertex 6.412389e+01 2.111957e+00 6.550000e+00
         vertex 6.437749e+01 2.175607e+00 6.550000e+00
      endloop
   endfacet
   facet normal -4.081602e-01 9.129103e-01 0.000000e+00
      outer loop
         vertex 6.437749e+01 2.175607e+00 3.550000e+00
         vertex 6.437749e+01 2.175607e+00 6.550000e+00
         vertex 6.461619e+01 2.282328e+00 3.550000e+00
      endloop
   endfacet
   facet normal -4.081602e-01 9.129103e-01 0.000000e+00
      outer loop
         vertex 6.461619e+01 2.282328e+00 3.550000e+00
         vertex 6.437749e+01 2.175607e+00 6.550000e+00
         vertex 6.461619e+01 2.282328e+00 6.550000e+00
      endloop
   endfacet
   facet normal -5.604845e-01 8.281649e-01 0.000000e+00
      outer loop
         vertex 6.461619e+01 2.282328e+00 3.550000e+00
         vertex 6.461619e+01 2.282328e+00 6.550000e+00
         vertex 6.483273e+01 2.428876e+00 3.550000e+00
      endloop
   endfacet
   facet normal -5.604845e-01 8.281649e-01 0.000000e+00
      outer loop
         vertex 6.483273e+01 2.428876e+00 3.550000e+00
         vertex 6.461619e+01 2.282328e+00 6.550000e+00
         vertex 6.483273e+01 2.428876e+00 6.550000e+00
      endloop
   endfacet
   facet normal -6.957788e-01 7.182561e-01 0.000000e+00
      outer loop
         vertex 6.483273e+01 2.428876e+00 3.550000e+00
         vertex 6.483273e+01 2.428876e+00 6.550000e+00
         vertex 6.502053e+01 2.610799e+00 3.550000e+00
      endloop
   endfacet
   facet normal -6.957788e-01 7.182561e-01 0.000000e+00
      outer loop
         vertex 6.502053e+01 2.610799e+00 3.550000e+00
         vertex 6.483273e+01 2.428876e+00 6.550000e+00
         vertex 6.502053e+01 2.610799e+00 6.550000e+00
      endloop
   endfacet
   facet normal -8.099322e-01 5.865235e-01 0.000000e+00
      outer loop
         vertex 6.502053e+01 2.610799e+00 3.550000e+00
         vertex 6.502053e+01 2.610799e+00 6.550000e+00
         vertex 6.517388e+01 2.822570e+00 3.550000e+00
      endloop
   endfacet
   facet normal -8.099322e-01 5.865235e-01 0.000000e+00
      outer loop
         vertex 6.517388e+01 2.822570e+00 3.550000e+00
         vertex 6.502053e+01 2.610799e+00 6.550000e+00
         vertex 6.517388e+01 2.822570e+00 6.550000e+00
      endloop
   endfacet
   facet normal -8.994763e-01 4.369696e-01 0.000000e+00
      outer loop
         vertex 6.517388e+01 2.822570e+00 3.550000e+00
         vertex 6.517388e+01 2.822570e+00 6.550000e+00
         vertex 6.528814e+01 3.057754e+00 3.550000e+00
      endloop
   endfacet
   facet normal -8.994763e-01 4.369696e-01 0.000000e+00
      outer loop
         vertex 6.528814e+01 3.057754e+00 3.550000e+00
         vertex 6.517388e+01 2.822570e+00 6.550000e+00
         vertex 6.528814e+01 3.057754e+00 6.550000e+00
      endloop
   endfacet
   facet normal -9.616902e-01 2.741386e-01 0.000000e+00
      outer loop
         vertex 6.528814e+01 3.057754e+00 3.550000e+00
         vertex 6.528814e+01 3.057754e+00 6.550000e+00
         vertex 6.535981e+01 3.309204e+00 3.550000e+00
      endloop
   endfacet
   facet normal -9.616902e-01 2.741386e-01 0.000000e+00
      outer loop
         vertex 6.535981e+01 3.309204e+00 3.550000e+00
         vertex 6.528814e+01 3.057754e+00 6.550000e+00
         vertex 6.535981e+01 3.309204e+00 6.550000e+00
      endloop
   endfacet
   facet normal -9.946836e-01 1.029783e-01 0.000000e+00
      outer loop
         vertex 6.535981e+01 3.309204e+00 3.550000e+00
         vertex 6.535981e+01 3.309204e+00 6.550000e+00
         vertex 6.538674e+01 3.569281e+00 3.550000e+00
      endloop
   endfacet
   facet normal -9.946836e-01 1.029783e-01 0.000000e+00
      outer loop
         vertex 6.538674e+01 3.569281e+00 3.550000e+00
         vertex 6.535981e+01 3.309204e+00 6.550000e+00
         vertex 6.538674e+01 3.569281e+00 6.550000e+00
      endloop
   endfacet
   facet normal -9.974543e-01 -7.130845e-02 0.000000e+00
      outer loop
         vertex 5.038863e+01 3.807689e+00 3.550000e+00
         vertex 5.038863e+01 3.807689e+00 6.550000e+00
         vertex 5.036999e+01 4.068491e+00 3.550000e+00
      endloop
   endfacet
   facet normal -9.974543e-01 -7.130845e-02 0.000000e+00
      outer loop
         vertex 5.036999e+01 4.068491e+00 3.550000e+00
         vertex 5.038863e+01 3.807689e+00 6.550000e+00
         vertex 5.036999e+01 4.068491e+00 6.550000e+00
      endloop
   endfacet
   facet normal -9.699174e-01 -2.434341e-01 0.000000e+00
      outer loop
         vertex 5.036999e+01 4.068491e+00 3.550000e+00
         vertex 5.036999e+01 4.068491e+00 6.550000e+00
         vertex 5.030634e+01 4.322092e+00 3.550000e+00
      endloop
   endfacet
   facet normal -9.699174e-01 -2.434341e-01 0.000000e+00
      outer loop
         vertex 5.030634e+01 4.322092e+00 3.550000e+00
         vertex 5.036999e+01 4.068491e+00 6.550000e+00
         vertex 5.030634e+01 4.322092e+00 6.550000e+00
      endloop
   endfacet
   facet normal -9.129095e-01 -4.081621e-01 0.000000e+00
      outer loop
         vertex 5.030634e+01 4.322092e+00 3.550000e+00
         vertex 5.030634e+01 4.322092e+00 6.550000e+00
         vertex 5.019962e+01 4.560788e+00 3.550000e+00
      endloop
   endfacet
   facet normal -9.129095e-01 -4.081621e-01 0.000000e+00
      outer loop
         vertex 5.019962e+01 4.560788e+00 3.550000e+00
         vertex 5.030634e+01 4.322092e+00 6.550000e+00
         vertex 5.019962e+01 4.560788e+00 6.550000e+00
      endloop
   endfacet
   facet normal -8.281659e-01 -5.604830e-01 0.000000e+00
      outer loop
         vertex 5.019962e+01 4.560788e+00 3.550000e+00
         vertex 5.019962e+01 4.560788e+00 6.550000e+00
         vertex 5.005307e+01 4.777326e+00 3.550000e+00
      endloop
   endfacet
   facet normal -8.281659e-01 -5.604830e-01 0.000000e+00
      outer loop
         vertex 5.005307e+01 4.777326e+00 3.550000e+00
         vertex 5.019962e+01 4.560788e+00 6.550000e+00
         vertex 5.005307e+01 4.777326e+00 6.550000e+00
      endloop
   endfacet
   facet normal -7.182560e-01 -6.957789e-01 0.000000e+00
      outer loop
         vertex 5.005307e+01 4.777326e+00 3.550000e+00
         vertex 5.005307e+01 4.777326e+00 6.550000e+00
         vertex 4.987115e+01 4.965127e+00 3.550000e+00
      endloop
   endfacet
   facet normal -7.182560e-01 -6.957789e-01 0.000000e+00
      outer loop
         vertex 4.987115e+01 4.965127e+00 3.550000e+00
         vertex 5.005307e+01 4.777326e+00 6.550000e+00
         vertex 4.987115e+01 4.965127e+00 6.550000e+00
      endloop
   endfacet
   facet normal -5.865227e-01 -8.099328e-01 0.000000e+00
      outer loop
         vertex 4.987115e+01 4.965127e+00 3.550000e+00
         vertex 4.987115e+01 4.965127e+00 6.550000e+00
         vertex 4.965938e+01 5.118483e+00 3.550000e+00
      endloop
   endfacet
   facet normal -5.865227e-01 -8.099328e-01 0.000000e+00
      outer loop
         vertex 4.965938e+01 5.118483e+00 3.550000e+00
         vertex 4.987115e+01 4.965127e+00 6.550000e+00
         vertex 4.965938e+01 5.118483e+00 6.550000e+00
      endloop
   endfacet
   facet normal -4.369701e-01 -8.994760e-01 0.000000e+00
      outer loop
         vertex 4.965938e+01 5.118483e+00 3.550000e+00
         vertex 4.965938e+01 5.118483e+00 6.550000e+00
         vertex 4.942419e+01 5.232737e+00 3.550000e+00
      endloop
   endfacet
   facet normal -4.369701e-01 -8.994760e-01 0.000000e+00
      outer loop
         vertex 4.942419e+01 5.232737e+00 3.550000e+00
         vertex 4.965938e+01 5.118483e+00 6.550000e+00
         vertex 4.942419e+01 5.232737e+00 6.550000e+00
      endloop
   endfacet
   facet normal -2.741386e-01 -9.616902e-01 0.000000e+00
      outer loop
         vertex 4.942419e+01 5.232737e+00 3.550000e+00
         vertex 4.942419e+01 5.232737e+00 6.550000e+00
         vertex 4.917274e+01 5.304415e+00 3.550000e+00
      endloop
   endfacet
   facet normal -2.741386e-01 -9.616902e-01 0.000000e+00
      outer loop
         vertex 4.917274e+01 5.304415e+00 3.550000e+00
         vertex 4.942419e+01 5.232737e+00 6.550000e+00
         vertex 4.917274e+01 5.304415e+00 6.550000e+00
      endloop
   endfacet
   facet normal -1.029783e-01 -9.946836e-01 0.000000e+00
      outer loop
         vertex 4.917274e+01 5.304415e+00 3.550000e+00
         vertex 4.917274e+01 5.304415e+00 6.550000e+00
         vertex 4.891267e+01 5.331340e+00 3.550000e+00
      endloop
   endfacet
   facet normal -1.029783e-01 -9.946836e-01 0.000000e+00
      outer loop
         vertex 4.891267e+01 5.331340e+00 3.550000e+00
         vertex 4.917274e+01 5.304415e+00 6.550000e+00
         vertex 4.891267e+01 5.331340e+00 6.550000e+00
      endloop
   endfacet
   facet normal 7.131154e-02 -9.974541e-01 0.000000e+00
      outer loop
         vertex 4.891267e+01 5.331340e+00 3.550000e+00
         vertex 4.891267e+01 5.331340e+00 6.550000e+00
         vertex 4.865186e+01 5.312695e+00 3.550000e+00
      endloop
   endfacet
   facet normal 7.131154e-02 -9.974541e-01 0.000000e+00
      outer loop
         vertex 4.865186e+01 5.312695e+00 3.550000e+00
         vertex 4.891267e+01 5.331340e+00 6.550000e+00
         vertex 4.865186e+01 5.312695e+00 6.550000e+00
      endloop
   endfacet
   facet normal 2.434341e-01 -9.699174e-01 0.000000e+00
      outer loop
         vertex 4.865186e+01 5.312695e+00 3.550000e+00
         vertex 4.865186e+01 5.312695e+00 6.550000e+00
         vertex 4.839826e+01 5.249045e+00 3.550000e+00
      endloop
   endfacet
   facet normal 2.434341e-01 -9.699174e-01 0.000000e+00
      outer loop
         vertex 4.839826e+01 5.249045e+00 3.550000e+00
         vertex 4.865186e+01 5.312695e+00 6.550000e+00
         vertex 4.839826e+01 5.249045e+00 6.550000e+00
      endloop
   endfacet
   facet normal 4.081594e-01 -9.129107e-01 0.000000e+00
      outer loop
         vertex 4.839826e+01 5.249045e+00 3.550000e+00
         vertex 4.839826e+01 5.249045e+00 6.550000e+00
         vertex 4.815957e+01 5.142324e+00 3.550000e+00
      endloop
   endfacet
   facet normal 4.081594e-01 -9.129107e-01 0.000000e+00
      outer loop
         vertex 4.815957e+01 5.142324e+00 3.550000e+00
         vertex 4.839826e+01 5.249045e+00 6.550000e+00
         vertex 4.815957e+01 5.142324e+00 6.550000e+00
      endloop
   endfacet
   facet normal 5.604838e-01 -8.281654e-01 0.000000e+00
      outer loop
         vertex 4.815957e+01 5.142324e+00 3.550000e+00
         vertex 4.815957e+01 5.142324e+00 6.550000e+00
         vertex 4.794303e+01 4.995776e+00 3.550000e+00
      endloop
   endfacet
   facet normal 5.604838e-01 -8.281654e-01 0.000000e+00
      outer loop
         vertex 4.794303e+01 4.995776e+00 3.550000e+00
         vertex 4.815957e+01 5.142324e+00 6.550000e+00
         vertex 4.794303e+01 4.995776e+00 6.550000e+00
      endloop
   endfacet
   facet normal 6.957805e-01 -7.182545e-01 0.000000e+00
      outer loop
         vertex 4.794303e+01 4.995776e+00 3.550000e+00
         vertex 4.794303e+01 4.995776e+00 6.550000e+00
         vertex 4.775523e+01 4.813852e+00 3.550000e+00
      endloop
   endfacet
   facet normal 6.957805e-01 -7.182545e-01 0.000000e+00
      outer loop
         vertex 4.775523e+01 4.813852e+00 3.550000e+00
         vertex 4.794303e+01 4.995776e+00 6.550000e+00
         vertex 4.775523e+01 4.813852e+00 6.550000e+00
      endloop
   endfacet
   facet normal 8.099333e-01 -5.865220e-01 0.000000e+00
      outer loop
         vertex 4.775523e+01 4.813852e+00 3.550000e+00
         vertex 4.775523e+01 4.813852e+00 6.550000e+00
         vertex 4.760187e+01 4.602082e+00 3.550000e+00
      endloop
   endfacet
   facet normal 8.099333e-01 -5.865220e-01 0.000000e+00
      outer loop
         vertex 4.760187e+01 4.602082e+00 3.550000e+00
         vertex 4.775523e+01 4.813852e+00 6.550000e+00
         vertex 4.760187e+01 4.602082e+00 6.550000e+00
      endloop
   endfacet
   facet normal 8.994754e-01 -4.369714e-01 0.000000e+00
      outer loop
         vertex 4.760187e+01 4.602082e+00 3.550000e+00
         vertex 4.760187e+01 4.602082e+00 6.550000e+00
         vertex 4.748762e+01 4.366898e+00 3.550000e+00
      endloop
   endfacet
   facet normal 8.994754e-01 -4.369714e-01 0.000000e+00
      outer loop
         vertex 4.748762e+01 4.366898e+00 3.550000e+00
         vertex 4.760187e+01 4.602082e+00 6.550000e+00
         vertex 4.748762e+01 4.366898e+00 6.550000e+00
      endloop
   endfacet
   facet normal 9.616893e-01 -2.741419e-01 0.000000e+00
      outer loop
         vertex 4.748762e+01 4.366898e+00 3.550000e+00
         vertex 4.748762e+01 4.366898e+00 6.550000e+00
         vertex 4.741594e+01 4.115448e+00 3.550000e+00
      endloop
   endfacet
   facet normal 9.616893e-01 -2.741419e-01 0.000000e+00
      outer loop
         vertex 4.741594e+01 4.115448e+00 3.550000e+00
         vertex 4.748762e+01 4.366898e+00 6.550000e+00
         vertex 4.741594e+01 4.115448e+00 6.550000e+00
      endloop
   endfacet
   facet normal 9.946839e-01 -1.029752e-01 0.000000e+00
      outer loop
         vertex 4.741594e+01 4.115448e+00 3.550000e+00
         vertex 4.741594e+01 4.115448e+00 6.550000e+00
         vertex 4.738901e+01 3.855371e+00 3.550000e+00
      endloop
   endfacet
   facet normal 9.946839e-01 -1.029752e-01 0.000000e+00
      outer loop
         vertex 4.738901e+01 3.855371e+00 3.550000e+00
         vertex 4.741594e+01 4.115448e+00 6.550000e+00
         vertex 4.738901e+01 3.855371e+00 6.550000e+00
      endloop
   endfacet
   facet normal 9.974543e-01 7.130845e-02 0.000000e+00
      outer loop
         vertex 4.738901e+01 3.855371e+00 3.550000e+00
         vertex 4.738901e+01 3.855371e+00 6.550000e+00
         vertex 4.740766e+01 3.594569e+00 3.550000e+00
      endloop
   endfacet
   facet normal 9.974543e-01 7.130845e-02 0.000000e+00
      outer loop
         vertex 4.740766e+01 3.594569e+00 3.550000e+00
         vertex 4.738901e+01 3.855371e+00 6.550000e+00
         vertex 4.740766e+01 3.594569e+00 6.550000e+00
      endloop
   endfacet
   facet normal 9.699166e-01 2.434374e-01 0.000000e+00
      outer loop
         vertex 4.740766e+01 3.594569e+00 3.550000e+00
         vertex 4.740766e+01 3.594569e+00 6.550000e+00
         vertex 4.747131e+01 3.340967e+00 3.550000e+00
      endloop
   endfacet
   facet normal 9.699166e-01 2.434374e-01 0.000000e+00
      outer loop
         vertex 4.747131e+01 3.340967e+00 3.550000e+00
         vertex 4.740766e+01 3.594569e+00 6.550000e+00
         vertex 4.747131e+01 3.340967e+00 6.550000e+00
      endloop
   endfacet
   facet normal 9.129095e-01 4.081621e-01 0.000000e+00
      outer loop
         vertex 4.747131e+01 3.340967e+00 3.550000e+00
         vertex 4.747131e+01 3.340967e+00 6.550000e+00
         vertex 4.757803e+01 3.102271e+00 3.550000e+00
      endloop
   endfacet
   facet normal 9.129095e-01 4.081621e-01 0.000000e+00
      outer loop
         vertex 4.757803e+01 3.102271e+00 3.550000e+00
         vertex 4.747131e+01 3.340967e+00 6.550000e+00
         vertex 4.757803e+01 3.102271e+00 6.550000e+00
      endloop
   endfacet
   facet normal 8.281659e-01 5.604830e-01 0.000000e+00
      outer loop
         vertex 4.757803e+01 3.102271e+00 3.550000e+00
         vertex 4.757803e+01 3.102271e+00 6.550000e+00
         vertex 4.772458e+01 2.885733e+00 3.550000e+00
      endloop
   endfacet
   facet normal 8.281659e-01 5.604830e-01 0.000000e+00
      outer loop
         vertex 4.772458e+01 2.885733e+00 3.550000e+00
         vertex 4.757803e+01 3.102271e+00 6.550000e+00
         vertex 4.772458e+01 2.885733e+00 6.550000e+00
      endloop
   endfacet
   facet normal 7.182577e-01 6.957771e-01 0.000000e+00
      outer loop
         vertex 4.772458e+01 2.885733e+00 3.550000e+00
         vertex 4.772458e+01 2.885733e+00 6.550000e+00
         vertex 4.790650e+01 2.697933e+00 3.550000e+00
      endloop
   endfacet
   facet normal 7.182577e-01 6.957771e-01 0.000000e+00
      outer loop
         vertex 4.790650e+01 2.697933e+00 3.550000e+00
         vertex 4.772458e+01 2.885733e+00 6.550000e+00
         vertex 4.790650e+01 2.697933e+00 6.550000e+00
      endloop
   endfacet
   facet normal 5.865227e-01 8.099328e-01 0.000000e+00
      outer loop
         vertex 4.790650e+01 2.697933e+00 3.550000e+00
         vertex 4.790650e+01 2.697933e+00 6.550000e+00
         vertex 4.811827e+01 2.544576e+00 3.550000e+00
      endloop
   endfacet
   facet normal 5.865227e-01 8.099328e-01 0.000000e+00
      outer loop
         vertex 4.811827e+01 2.544576e+00 3.550000e+00
         vertex 4.790650e+01 2.697933e+00 6.550000e+00
         vertex 4.811827e+01 2.544576e+00 6.550000e+00
      endloop
   endfacet
   facet normal 4.369688e-01 8.994767e-01 0.000000e+00
      outer loop
         vertex 4.811827e+01 2.544576e+00 3.550000e+00
         vertex 4.811827e+01 2.544576e+00 6.550000e+00
         vertex 4.835346e+01 2.430323e+00 3.550000e+00
      endloop
   endfacet
   facet normal 4.369688e-01 8.994767e-01 0.000000e+00
      outer loop
         vertex 4.835346e+01 2.430323e+00 3.550000e+00
         vertex 4.811827e+01 2.544576e+00 6.550000e+00
         vertex 4.835346e+01 2.430323e+00 6.550000e+00
      endloop
   endfacet
   facet normal 2.741386e-01 9.616902e-01 0.000000e+00
      outer loop
         vertex 4.835346e+01 2.430323e+00 3.550000e+00
         vertex 4.835346e+01 2.430323e+00 6.550000e+00
         vertex 4.860491e+01 2.358645e+00 3.550000e+00
      endloop
   endfacet
   facet normal 2.741386e-01 9.616902e-01 0.000000e+00
      outer loop
         vertex 4.860491e+01 2.358645e+00 3.550000e+00
         vertex 4.835346e+01 2.430323e+00 6.550000e+00
         vertex 4.860491e+01 2.358645e+00 6.550000e+00
      endloop
   endfacet
   facet normal 1.029783e-01 9.946836e-01 0.000000e+00
      outer loop
         vertex 4.860491e+01 2.358645e+00 3.550000e+00
         vertex 4.860491e+01 2.358645e+00 6.550000e+00
         vertex 4.886498e+01 2.331719e+00 3.550000e+00
      endloop
   endfacet
   facet normal 1.029783e-01 9.946836e-01 0.000000e+00
      outer loop
         vertex 4.886498e+01 2.331719e+00 3.550000e+00
         vertex 4.860491e+01 2.358645e+00 6.550000e+00
         vertex 4.886498e+01 2.331719e+00 6.550000e+00
      endloop
   endfacet
   facet normal -7.131154e-02 9.974541e-01 0.000000e+00
      outer loop
         vertex 4.886498e+01 2.331719e+00 3.550000e+00
         vertex 4.886498e+01 2.331719e+00 6.550000e+00
         vertex 4.912579e+01 2.350365e+00 3.550000e+00
      endloop
   endfacet
   facet normal -7.131154e-02 9.974541e-01 0.000000e+00
      outer loop
         vertex 4.912579e+01 2.350365e+00 3.550000e+00
         vertex 4.886498e+01 2.331719e+00 6.550000e+00
         vertex 4.912579e+01 2.350365e+00 6.550000e+00
      endloop
   endfacet
   facet normal -2.434341e-01 9.699174e-01 0.000000e+00
      outer loop
         vertex 4.912579e+01 2.350365e+00 3.550000e+00
         vertex 4.912579e+01 2.350365e+00 6.550000e+00
         vertex 4.937939e+01 2.414015e+00 3.550000e+00
      endloop
   endfacet
   facet normal -2.434341e-01 9.699174e-01 0.000000e+00
      outer loop
         vertex 4.937939e+01 2.414015e+00 3.550000e+00
         vertex 4.912579e+01 2.350365e+00 6.550000e+00
         vertex 4.937939e+01 2.414015e+00 6.550000e+00
      endloop
   endfacet
   facet normal -4.081607e-01 9.129101e-01 0.000000e+00
      outer loop
         vertex 4.937939e+01 2.414015e+00 3.550000e+00
         vertex 4.937939e+01 2.414015e+00 6.550000e+00
         vertex 4.961808e+01 2.520735e+00 3.550000e+00
      endloop
   endfacet
   facet normal -4.081607e-01 9.129101e-01 0.000000e+00
      outer loop
         vertex 4.961808e+01 2.520735e+00 3.550000e+00
         vertex 4.937939e+01 2.414015e+00 6.550000e+00
         vertex 4.961808e+01 2.520735e+00 6.550000e+00
      endloop
   endfacet
   facet normal -5.604838e-01 8.281654e-01 0.000000e+00
      outer loop
         vertex 4.961808e+01 2.520735e+00 3.550000e+00
         vertex 4.961808e+01 2.520735e+00 6.550000e+00
         vertex 4.983462e+01 2.667284e+00 3.550000e+00
      endloop
   endfacet
   facet normal -5.604838e-01 8.281654e-01 0.000000e+00
      outer loop
         vertex 4.983462e+01 2.667284e+00 3.550000e+00
         vertex 4.961808e+01 2.520735e+00 6.550000e+00
         vertex 4.983462e+01 2.667284e+00 6.550000e+00
      endloop
   endfacet
   facet normal -6.957787e-01 7.182562e-01 0.000000e+00
      outer loop
         vertex 4.983462e+01 2.667284e+00 3.550000e+00
         vertex 4.983462e+01 2.667284e+00 6.550000e+00
         vertex 5.002242e+01 2.849207e+00 3.550000e+00
      endloop
   endfacet
   facet normal -6.957787e-01 7.182562e-01 0.000000e+00
      outer loop
         vertex 5.002242e+01 2.849207e+00 3.550000e+00
         vertex 4.983462e+01 2.667284e+00 6.550000e+00
         vertex 5.002242e+01 2.849207e+00 6.550000e+00
      endloop
   endfacet
   facet normal -8.099333e-01 5.865220e-01 0.000000e+00
      outer loop
         vertex 5.002242e+01 2.849207e+00 3.550000e+00
         vertex 5.002242e+01 2.849207e+00 6.550000e+00
         vertex 5.017578e+01 3.060978e+00 3.550000e+00
      endloop
   endfacet
   facet normal -8.099333e-01 5.865220e-01 0.000000e+00
      outer loop
         vertex 5.017578e+01 3.060978e+00 3.550000e+00
         vertex 5.002242e+01 2.849207e+00 6.550000e+00
         vertex 5.017578e+01 3.060978e+00 6.550000e+00
      endloop
   endfacet
   facet normal -8.994754e-01 4.369714e-01 0.000000e+00
      outer loop
         vertex 5.017578e+01 3.060978e+00 3.550000e+00
         vertex 5.017578e+01 3.060978e+00 6.550000e+00
         vertex 5.029003e+01 3.296161e+00 3.550000e+00
      endloop
   endfacet
   facet normal -8.994754e-01 4.369714e-01 0.000000e+00
      outer loop
         vertex 5.029003e+01 3.296161e+00 3.550000e+00
         vertex 5.017578e+01 3.060978e+00 6.550000e+00
         vertex 5.029003e+01 3.296161e+00 6.550000e+00
      endloop
   endfacet
   facet normal -9.616902e-01 2.741386e-01 0.000000e+00
      outer loop
         vertex 5.029003e+01 3.296161e+00 3.550000e+00
         vertex 5.029003e+01 3.296161e+00 6.550000e+00
         vertex 5.036171e+01 3.547612e+00 3.550000e+00
      endloop
   endfacet
   facet normal -9.616902e-01 2.741386e-01 0.000000e+00
      outer loop
         vertex 5.036171e+01 3.547612e+00 3.550000e+00
         vertex 5.029003e+01 3.296161e+00 6.550000e+00
         vertex 5.036171e+01 3.547612e+00 6.550000e+00
      endloop
   endfacet
   facet normal -9.946839e-01 1.029752e-01 0.000000e+00
      outer loop
         vertex 5.036171e+01 3.547612e+00 3.550000e+00
         vertex 5.036171e+01 3.547612e+00 6.550000e+00
         vertex 5.038863e+01 3.807689e+00 3.550000e+00
      endloop
   endfacet
   facet normal -9.946839e-01 1.029752e-01 0.000000e+00
      outer loop
         vertex 5.038863e+01 3.807689e+00 3.550000e+00
         vertex 5.036171e+01 3.547612e+00 6.550000e+00
         vertex 5.038863e+01 3.807689e+00 6.550000e+00
      endloop
   endfacet
endsolid print1 - string-2