solid print1 - CONT-1
   facet normal -0.000000e+00 1.000000e+00 -0.000000e+00
      outer loop
         vertex 3.436636e+01 5.331530e+00 7.758221e+00
         vertex 3.388882e+01 5.331530e+00 7.800000e+00
         vertex 4.438882e+01 5.331530e+00 7.550000e+00
      endloop
   endfacet
   facet normal 0.000000e+00 1.000000e+00 0.000000e+00
      outer loop
         vertex 3.388882e+01 5.331530e+00 2.300000e+00
         vertex 3.436636e+01 5.331530e+00 2.341778e+00
         vertex 4.438882e+01 5.331530e+00 2.550000e+00
      endloop
   endfacet
   facet normal 0.000000e+00 1.000000e+00 0.000000e+00
      outer loop
         vertex 1.638882e+01 5.331530e+00 7.550000e+00
         vertex 1.638882e+01 5.331530e+00 1.005000e+01
         vertex 2.338882e+01 5.331530e+00 7.550000e+00
      endloop
   endfacet
   facet normal 0.000000e+00 1.000000e+00 -0.000000e+00
      outer loop
         vertex 2.338882e+01 5.331530e+00 7.550000e+00
         vertex 1.638882e+01 5.331530e+00 1.005000e+01
         vertex 5.138882e+01 5.331530e+00 1.005000e+01
      endloop
   endfacet
   facet normal 0.000000e+00 1.000000e+00 0.000000e+00
      outer loop
         vertex 3.599545e+01 5.331530e+00 3.282334e+00
         vertex 3.627039e+01 5.331530e+00 3.675000e+00
         vertex 4.438882e+01 5.331530e+00 7.550000e+00
      endloop
   endfacet
   facet normal 0.000000e+00 1.000000e+00 0.000000e+00
      outer loop
         vertex 4.438882e+01 5.331530e+00 7.550000e+00
         vertex 3.627039e+01 5.331530e+00 3.675000e+00
         vertex 3.647298e+01 5.331530e+00 4.109444e+00
      endloop
   endfacet
   facet normal 0.000000e+00 1.000000e+00 0.000000e+00
      outer loop
         vertex 4.438882e+01 5.331530e+00 7.550000e+00
         vertex 3.647298e+01 5.331530e+00 4.109444e+00
         vertex 3.659705e+01 5.331530e+00 4.572467e+00
      endloop
   endfacet
   facet normal 0.000000e+00 1.000000e+00 0.000000e+00
      outer loop
         vertex 1.638882e+01 5.331530e+00 4.999992e-02
         vertex 1.638882e+01 5.331530e+00 2.550000e+00
         vertex 2.338882e+01 5.331530e+00 2.550000e+00
      endloop
   endfacet
   facet normal 0.000000e+00 1.000000e+00 0.000000e+00
      outer loop
         vertex 3.436636e+01 5.331530e+00 2.341778e+00
         vertex 3.482938e+01 5.331530e+00 2.465845e+00
         vertex 4.438882e+01 5.331530e+00 2.550000e+00
      endloop
   endfacet
   facet normal 0.000000e+00 1.000000e+00 0.000000e+00
      outer loop
         vertex 4.438882e+01 5.331530e+00 2.550000e+00
         vertex 3.482938e+01 5.331530e+00 2.465845e+00
         vertex 3.526382e+01 5.331530e+00 2.668430e+00
      endloop
   endfacet
   facet normal 0.000000e+00 1.000000e+00 -0.000000e+00
      outer loop
         vertex 4.438882e+01 5.331530e+00 2.550000e+00
         vertex 3.526382e+01 5.331530e+00 2.668430e+00
         vertex 4.438882e+01 5.331530e+00 7.550000e+00
      endloop
   endfacet
   facet normal 0.000000e+00 1.000000e+00 0.000000e+00
      outer loop
         vertex 4.438882e+01 5.331530e+00 7.550000e+00
         vertex 3.526382e+01 5.331530e+00 2.668430e+00
         vertex 3.565649e+01 5.331530e+00 2.943377e+00
      endloop
   endfacet
   facet normal 0.000000e+00 1.000000e+00 0.000000e+00
      outer loop
         vertex 4.438882e+01 5.331530e+00 7.550000e+00
         vertex 3.565649e+01 5.331530e+00 2.943377e+00
         vertex 3.599545e+01 5.331530e+00 3.282334e+00
      endloop
   endfacet
   facet normal 0.000000e+00 1.000000e+00 0.000000e+00
      outer loop
         vertex 3.659705e+01 5.331530e+00 4.572467e+00
         vertex 3.663882e+01 5.331530e+00 5.050000e+00
         vertex 4.438882e+01 5.331530e+00 7.550000e+00
      endloop
   endfacet
   facet normal 0.000000e+00 1.000000e+00 0.000000e+00
      outer loop
         vertex 4.438882e+01 5.331530e+00 7.550000e+00
         vertex 3.663882e+01 5.331530e+00 5.050000e+00
         vertex 3.659705e+01 5.331530e+00 5.527532e+00
      endloop
   endfacet
   facet normal 0.000000e+00 1.000000e+00 0.000000e+00
      outer loop
         vertex 4.438882e+01 5.331530e+00 7.550000e+00
         vertex 3.659705e+01 5.331530e+00 5.527532e+00
         vertex 3.647298e+01 5.331530e+00 5.990555e+00
      endloop
   endfacet
   facet normal 0.000000e+00 1.000000e+00 -0.000000e+00
      outer loop
         vertex 3.647298e+01 5.331530e+00 5.990555e+00
         vertex 3.627039e+01 5.331530e+00 6.425000e+00
         vertex 4.438882e+01 5.331530e+00 7.550000e+00
      endloop
   endfacet
   facet normal 0.000000e+00 1.000000e+00 0.000000e+00
      outer loop
         vertex 4.438882e+01 5.331530e+00 7.550000e+00
         vertex 3.627039e+01 5.331530e+00 6.425000e+00
         vertex 3.599545e+01 5.331530e+00 6.817666e+00
      endloop
   endfacet
   facet normal 0.000000e+00 1.000000e+00 0.000000e+00
      outer loop
         vertex 4.438882e+01 5.331530e+00 7.550000e+00
         vertex 3.599545e+01 5.331530e+00 6.817666e+00
         vertex 3.565649e+01 5.331530e+00 7.156622e+00
      endloop
   endfacet
   facet normal 0.000000e+00 1.000000e+00 -0.000000e+00
      outer loop
         vertex 5.138882e+01 5.331530e+00 7.550000e+00
         vertex 4.438882e+01 5.331530e+00 7.550000e+00
         vertex 5.138882e+01 5.331530e+00 1.005000e+01
      endloop
   endfacet
   facet normal 0.000000e+00 1.000000e+00 0.000000e+00
      outer loop
         vertex 5.138882e+01 5.331530e+00 1.005000e+01
         vertex 4.438882e+01 5.331530e+00 7.550000e+00
         vertex 3.388882e+01 5.331530e+00 7.800000e+00
      endloop
   endfacet
   facet normal 0.000000e+00 1.000000e+00 0.000000e+00
      outer loop
         vertex 5.138882e+01 5.331530e+00 1.005000e+01
         vertex 3.388882e+01 5.331530e+00 7.800000e+00
         vertex 2.338882e+01 5.331530e+00 7.550000e+00
      endloop
   endfacet
   facet normal 0.000000e+00 1.000000e+00 0.000000e+00
      outer loop
         vertex 2.338882e+01 5.331530e+00 7.550000e+00
         vertex 3.388882e+01 5.331530e+00 7.800000e+00
         vertex 3.341129e+01 5.331530e+00 7.758221e+00
      endloop
   endfacet
   facet normal 0.000000e+00 1.000000e+00 0.000000e+00
      outer loop
         vertex 2.338882e+01 5.331530e+00 7.550000e+00
         vertex 3.341129e+01 5.331530e+00 7.758221e+00
         vertex 3.294827e+01 5.331530e+00 7.634155e+00
      endloop
   endfacet
   facet normal 0.000000e+00 1.000000e+00 0.000000e+00
      outer loop
         vertex 3.178220e+01 5.331530e+00 6.817666e+00
         vertex 3.150725e+01 5.331530e+00 6.425000e+00
         vertex 2.338882e+01 5.331530e+00 7.550000e+00
      endloop
   endfacet
   facet normal 0.000000e+00 1.000000e+00 0.000000e+00
      outer loop
         vertex 2.338882e+01 5.331530e+00 7.550000e+00
         vertex 3.150725e+01 5.331530e+00 6.425000e+00
         vertex 3.130467e+01 5.331530e+00 5.990555e+00
      endloop
   endfacet
   facet normal 0.000000e+00 1.000000e+00 0.000000e+00
      outer loop
         vertex 3.130467e+01 5.331530e+00 4.109444e+00
         vertex 3.150725e+01 5.331530e+00 3.675000e+00
         vertex 2.338882e+01 5.331530e+00 2.550000e+00
      endloop
   endfacet
   facet normal 0.000000e+00 1.000000e+00 0.000000e+00
      outer loop
         vertex 2.338882e+01 5.331530e+00 2.550000e+00
         vertex 3.150725e+01 5.331530e+00 3.675000e+00
         vertex 3.178220e+01 5.331530e+00 3.282334e+00
      endloop
   endfacet
   facet normal 0.000000e+00 1.000000e+00 -0.000000e+00
      outer loop
         vertex 3.565649e+01 5.331530e+00 7.156622e+00
         vertex 3.526382e+01 5.331530e+00 7.431570e+00
         vertex 4.438882e+01 5.331530e+00 7.550000e+00
      endloop
   endfacet
   facet normal 0.000000e+00 1.000000e+00 0.000000e+00
      outer loop
         vertex 4.438882e+01 5.331530e+00 7.550000e+00
         vertex 3.526382e+01 5.331530e+00 7.431570e+00
         vertex 3.482938e+01 5.331530e+00 7.634155e+00
      endloop
   endfacet
   facet normal 0.000000e+00 1.000000e+00 0.000000e+00
      outer loop
         vertex 4.438882e+01 5.331530e+00 7.550000e+00
         vertex 3.482938e+01 5.331530e+00 7.634155e+00
         vertex 3.436636e+01 5.331530e+00 7.758221e+00
      endloop
   endfacet
   facet normal 0.000000e+00 1.000000e+00 0.000000e+00
      outer loop
         vertex 3.294827e+01 5.331530e+00 7.634155e+00
         vertex 3.251382e+01 5.331530e+00 7.431570e+00
         vertex 2.338882e+01 5.331530e+00 7.550000e+00
      endloop
   endfacet
   facet normal 0.000000e+00 1.000000e+00 0.000000e+00
      outer loop
         vertex 2.338882e+01 5.331530e+00 7.550000e+00
         vertex 3.251382e+01 5.331530e+00 7.431570e+00
         vertex 3.212116e+01 5.331530e+00 7.156622e+00
      endloop
   endfacet
   facet normal 0.000000e+00 1.000000e+00 0.000000e+00
      outer loop
         vertex 2.338882e+01 5.331530e+00 7.550000e+00
         vertex 3.212116e+01 5.331530e+00 7.156622e+00
         vertex 3.178220e+01 5.331530e+00 6.817666e+00
      endloop
   endfacet
   facet normal 0.000000e+00 1.000000e+00 0.000000e+00
      outer loop
         vertex 3.178220e+01 5.331530e+00 3.282334e+00
         vertex 3.212116e+01 5.331530e+00 2.943377e+00
         vertex 2.338882e+01 5.331530e+00 2.550000e+00
      endloop
   endfacet
   facet normal 0.000000e+00 1.000000e+00 0.000000e+00
      outer loop
         vertex 2.338882e+01 5.331530e+00 2.550000e+00
         vertex 3.212116e+01 5.331530e+00 2.943377e+00
         vertex 3.251382e+01 5.331530e+00 2.668430e+00
      endloop
   endfacet
   facet normal -0.000000e+00 1.000000e+00 0.000000e+00
      outer loop
         vertex 2.338882e+01 5.331530e+00 2.550000e+00
         vertex 3.251382e+01 5.331530e+00 2.668430e+00
         vertex 3.294827e+01 5.331530e+00 2.465845e+00
      endloop
   endfacet
   facet normal 0.000000e+00 1.000000e+00 0.000000e+00
      outer loop
         vertex 5.138882e+01 5.331530e+00 2.550000e+00
         vertex 5.138882e+01 5.331530e+00 4.999992e-02
         vertex 4.438882e+01 5.331530e+00 2.550000e+00
      endloop
   endfacet
   facet normal 0.000000e+00 1.000000e+00 0.000000e+00
      outer loop
         vertex 4.438882e+01 5.331530e+00 2.550000e+00
         vertex 5.138882e+01 5.331530e+00 4.999992e-02
         vertex 1.638882e+01 5.331530e+00 4.999992e-02
      endloop
   endfacet
   facet normal 0.000000e+00 1.000000e+00 0.000000e+00
      outer loop
         vertex 4.438882e+01 5.331530e+00 2.550000e+00
         vertex 1.638882e+01 5.331530e+00 4.999992e-02
         vertex 3.388882e+01 5.331530e+00 2.300000e+00
      endloop
   endfacet
   facet normal 0.000000e+00 1.000000e+00 0.000000e+00
      outer loop
         vertex 3.388882e+01 5.331530e+00 2.300000e+00
         vertex 1.638882e+01 5.331530e+00 4.999992e-02
         vertex 2.338882e+01 5.331530e+00 2.550000e+00
      endloop
   endfacet
   facet normal 0.000000e+00 1.000000e+00 0.000000e+00
      outer loop
         vertex 3.388882e+01 5.331530e+00 2.300000e+00
         vertex 2.338882e+01 5.331530e+00 2.550000e+00
         vertex 3.341129e+01 5.331530e+00 2.341778e+00
      endloop
   endfacet
   facet normal 0.000000e+00 1.000000e+00 0.000000e+00
      outer loop
         vertex 3.341129e+01 5.331530e+00 2.341778e+00
         vertex 2.338882e+01 5.331530e+00 2.550000e+00
         vertex 3.294827e+01 5.331530e+00 2.465845e+00
      endloop
   endfacet
   facet normal 0.000000e+00 1.000000e+00 0.000000e+00
      outer loop
         vertex 3.130467e+01 5.331530e+00 5.990555e+00
         vertex 3.118060e+01 5.331530e+00 5.527532e+00
         vertex 2.338882e+01 5.331530e+00 7.550000e+00
      endloop
   endfacet
   facet normal 0.000000e+00 1.000000e+00 0.000000e+00
      outer loop
         vertex 2.338882e+01 5.331530e+00 7.550000e+00
         vertex 3.118060e+01 5.331530e+00 5.527532e+00
         vertex 3.113882e+01 5.331530e+00 5.050000e+00
      endloop
   endfacet
   facet normal 0.000000e+00 1.000000e+00 0.000000e+00
      outer loop
         vertex 2.338882e+01 5.331530e+00 7.550000e+00
         vertex 3.113882e+01 5.331530e+00 5.050000e+00
         vertex 2.338882e+01 5.331530e+00 2.550000e+00
      endloop
   endfacet
   facet normal 0.000000e+00 1.000000e+00 0.000000e+00
      outer loop
         vertex 2.338882e+01 5.331530e+00 2.550000e+00
         vertex 3.113882e+01 5.331530e+00 5.050000e+00
         vertex 3.118060e+01 5.331530e+00 4.572467e+00
      endloop
   endfacet
   facet normal 0.000000e+00 1.000000e+00 0.000000e+00
      outer loop
         vertex 2.338882e+01 5.331530e+00 2.550000e+00
         vertex 3.118060e+01 5.331530e+00 4.572467e+00
         vertex 3.130467e+01 5.331530e+00 4.109444e+00
      endloop
   endfacet
   facet normal 0.000000e+00 -1.000000e+00 0.000000e+00
      outer loop
         vertex 4.438882e+01 2.331530e+00 7.550000e+00
         vertex 5.138882e+01 2.331530e+00 7.550000e+00
         vertex 5.138882e+01 2.331530e+00 1.005000e+01
      endloop
   endfacet
   facet normal 0.000000e+00 -1.000000e+00 0.000000e+00
      outer loop
         vertex 1.638882e+01 2.331530e+00 2.550000e+00
         vertex 1.638882e+01 2.331530e+00 4.999992e-02
         vertex 2.338882e+01 2.331530e+00 2.550000e+00
      endloop
   endfacet
   facet normal 0.000000e+00 -1.000000e+00 -0.000000e+00
      outer loop
         vertex 2.338882e+01 2.331530e+00 2.550000e+00
         vertex 1.638882e+01 2.331530e+00 4.999992e-02
         vertex 5.138882e+01 2.331530e+00 4.999992e-02
      endloop
   endfacet
   facet normal 0.000000e+00 -1.000000e+00 0.000000e+00
      outer loop
         vertex 3.294827e+01 2.331530e+00 2.465845e+00
         vertex 3.251382e+01 2.331530e+00 2.668430e+00
         vertex 2.338882e+01 2.331530e+00 2.550000e+00
      endloop
   endfacet
   facet normal 0.000000e+00 -1.000000e+00 0.000000e+00
      outer loop
         vertex 3.436636e+01 2.331530e+00 7.758221e+00
         vertex 3.482938e+01 2.331530e+00 7.634155e+00
         vertex 4.438882e+01 2.331530e+00 7.550000e+00
      endloop
   endfacet
   facet normal -0.000000e+00 -1.000000e+00 0.000000e+00
      outer loop
         vertex 4.438882e+01 2.331530e+00 7.550000e+00
         vertex 3.482938e+01 2.331530e+00 7.634155e+00
         vertex 3.526382e+01 2.331530e+00 7.431570e+00
      endloop
   endfacet
   facet normal 0.000000e+00 -1.000000e+00 -0.000000e+00
      outer loop
         vertex 4.438882e+01 2.331530e+00 7.550000e+00
         vertex 3.526382e+01 2.331530e+00 7.431570e+00
         vertex 4.438882e+01 2.331530e+00 2.550000e+00
      endloop
   endfacet
   facet normal 0.000000e+00 -1.000000e+00 0.000000e+00
      outer loop
         vertex 4.438882e+01 2.331530e+00 2.550000e+00
         vertex 3.526382e+01 2.331530e+00 7.431570e+00
         vertex 3.565649e+01 2.331530e+00 7.156622e+00
      endloop
   endfacet
   facet normal 0.000000e+00 -1.000000e+00 0.000000e+00
      outer loop
         vertex 3.388882e+01 2.331530e+00 2.300000e+00
         vertex 4.438882e+01 2.331530e+00 2.550000e+00
         vertex 3.436636e+01 2.331530e+00 2.341778e+00
      endloop
   endfacet
   facet normal 0.000000e+00 -1.000000e+00 0.000000e+00
      outer loop
         vertex 3.436636e+01 2.331530e+00 2.341778e+00
         vertex 4.438882e+01 2.331530e+00 2.550000e+00
         vertex 3.482938e+01 2.331530e+00 2.465845e+00
      endloop
   endfacet
   facet normal -0.000000e+00 -1.000000e+00 -0.000000e+00
      outer loop
         vertex 5.138882e+01 2.331530e+00 2.550000e+00
         vertex 4.438882e+01 2.331530e+00 2.550000e+00
         vertex 5.138882e+01 2.331530e+00 4.999992e-02
      endloop
   endfacet
   facet normal 0.000000e+00 -1.000000e+00 0.000000e+00
      outer loop
         vertex 5.138882e+01 2.331530e+00 4.999992e-02
         vertex 4.438882e+01 2.331530e+00 2.550000e+00
         vertex 3.388882e+01 2.331530e+00 2.300000e+00
      endloop
   endfacet
   facet normal 0.000000e+00 -1.000000e+00 0.000000e+00
      outer loop
         vertex 5.138882e+01 2.331530e+00 4.999992e-02
         vertex 3.388882e+01 2.331530e+00 2.300000e+00
         vertex 2.338882e+01 2.331530e+00 2.550000e+00
      endloop
   endfacet
   facet normal 0.000000e+00 -1.000000e+00 0.000000e+00
      outer loop
         vertex 2.338882e+01 2.331530e+00 2.550000e+00
         vertex 3.388882e+01 2.331530e+00 2.300000e+00
         vertex 3.341129e+01 2.331530e+00 2.341778e+00
      endloop
   endfacet
   facet normal 0.000000e+00 -1.000000e+00 0.000000e+00
      outer loop
         vertex 2.338882e+01 2.331530e+00 2.550000e+00
         vertex 3.341129e+01 2.331530e+00 2.341778e+00
         vertex 3.294827e+01 2.331530e+00 2.465845e+00
      endloop
   endfacet
   facet normal 0.000000e+00 -1.000000e+00 0.000000e+00
      outer loop
         vertex 3.130467e+01 2.331530e+00 5.990555e+00
         vertex 3.150725e+01 2.331530e+00 6.425000e+00
         vertex 2.338882e+01 2.331530e+00 7.550000e+00
      endloop
   endfacet
   facet normal -0.000000e+00 -1.000000e+00 0.000000e+00
      outer loop
         vertex 3.251382e+01 2.331530e+00 2.668430e+00
         vertex 3.212116e+01 2.331530e+00 2.943377e+00
         vertex 2.338882e+01 2.331530e+00 2.550000e+00
      endloop
   endfacet
   facet normal 0.000000e+00 -1.000000e+00 0.000000e+00
      outer loop
         vertex 2.338882e+01 2.331530e+00 2.550000e+00
         vertex 3.212116e+01 2.331530e+00 2.943377e+00
         vertex 3.178220e+01 2.331530e+00 3.282334e+00
      endloop
   endfacet
   facet normal 0.000000e+00 -1.000000e+00 0.000000e+00
      outer loop
         vertex 2.338882e+01 2.331530e+00 2.550000e+00
         vertex 3.178220e+01 2.331530e+00 3.282334e+00
         vertex 3.150725e+01 2.331530e+00 3.675000e+00
      endloop
   endfacet
   facet normal 0.000000e+00 -1.000000e+00 0.000000e+00
      outer loop
         vertex 3.565649e+01 2.331530e+00 7.156622e+00
         vertex 3.599545e+01 2.331530e+00 6.817666e+00
         vertex 4.438882e+01 2.331530e+00 2.550000e+00
      endloop
   endfacet
   facet normal 0.000000e+00 -1.000000e+00 0.000000e+00
      outer loop
         vertex 4.438882e+01 2.331530e+00 2.550000e+00
         vertex 3.599545e+01 2.331530e+00 6.817666e+00
         vertex 3.627039e+01 2.331530e+00 6.425000e+00
      endloop
   endfacet
   facet normal 0.000000e+00 -1.000000e+00 0.000000e+00
      outer loop
         vertex 4.438882e+01 2.331530e+00 2.550000e+00
         vertex 3.627039e+01 2.331530e+00 6.425000e+00
         vertex 3.647298e+01 2.331530e+00 5.990555e+00
      endloop
   endfacet
   facet normal 0.000000e+00 -1.000000e+00 0.000000e+00
      outer loop
         vertex 3.647298e+01 2.331530e+00 5.990555e+00
         vertex 3.659705e+01 2.331530e+00 5.527532e+00
         vertex 4.438882e+01 2.331530e+00 2.550000e+00
      endloop
   endfacet
   facet normal 0.000000e+00 -1.000000e+00 0.000000e+00
      outer loop
         vertex 4.438882e+01 2.331530e+00 2.550000e+00
         vertex 3.659705e+01 2.331530e+00 5.527532e+00
         vertex 3.663882e+01 2.331530e+00 5.050000e+00
      endloop
   endfacet
   facet normal 0.000000e+00 -1.000000e+00 0.000000e+00
      outer loop
         vertex 4.438882e+01 2.331530e+00 2.550000e+00
         vertex 3.663882e+01 2.331530e+00 5.050000e+00
         vertex 3.659705e+01 2.331530e+00 4.572467e+00
      endloop
   endfacet
   facet normal 0.000000e+00 -1.000000e+00 -0.000000e+00
      outer loop
         vertex 3.659705e+01 2.331530e+00 4.572467e+00
         vertex 3.647298e+01 2.331530e+00 4.109444e+00
         vertex 4.438882e+01 2.331530e+00 2.550000e+00
      endloop
   endfacet
   facet normal 0.000000e+00 -1.000000e+00 0.000000e+00
      outer loop
         vertex 4.438882e+01 2.331530e+00 2.550000e+00
         vertex 3.647298e+01 2.331530e+00 4.109444e+00
         vertex 3.627039e+01 2.331530e+00 3.675000e+00
      endloop
   endfacet
   facet normal 0.000000e+00 -1.000000e+00 0.000000e+00
      outer loop
         vertex 4.438882e+01 2.331530e+00 2.550000e+00
         vertex 3.627039e+01 2.331530e+00 3.675000e+00
         vertex 3.599545e+01 2.331530e+00 3.282334e+00
      endloop
   endfacet
   facet normal 0.000000e+00 -1.000000e+00 -0.000000e+00
      outer loop
         vertex 3.599545e+01 2.331530e+00 3.282334e+00
         vertex 3.565649e+01 2.331530e+00 2.943377e+00
         vertex 4.438882e+01 2.331530e+00 2.550000e+00
      endloop
   endfacet
   facet normal 0.000000e+00 -1.000000e+00 0.000000e+00
      outer loop
         vertex 4.438882e+01 2.331530e+00 2.550000e+00
         vertex 3.565649e+01 2.331530e+00 2.943377e+00
         vertex 3.526382e+01 2.331530e+00 2.668430e+00
      endloop
   endfacet
   facet normal -0.000000e+00 -1.000000e+00 0.000000e+00
      outer loop
         vertex 4.438882e+01 2.331530e+00 2.550000e+00
         vertex 3.526382e+01 2.331530e+00 2.668430e+00
         vertex 3.482938e+01 2.331530e+00 2.465845e+00
      endloop
   endfacet
   facet normal -0.000000e+00 -1.000000e+00 0.000000e+00
      outer loop
         vertex 3.130467e+01 2.331530e+00 5.990555e+00
         vertex 2.338882e+01 2.331530e+00 7.550000e+00
         vertex 3.118060e+01 2.331530e+00 5.527532e+00
      endloop
   endfacet
   facet normal -0.000000e+00 -1.000000e+00 0.000000e+00
      outer loop
         vertex 3.150725e+01 2.331530e+00 3.675000e+00
         vertex 3.130467e+01 2.331530e+00 4.109444e+00
         vertex 2.338882e+01 2.331530e+00 2.550000e+00
      endloop
   endfacet
   facet normal 0.000000e+00 -1.000000e+00 0.000000e+00
      outer loop
         vertex 2.338882e+01 2.331530e+00 2.550000e+00
         vertex 3.130467e+01 2.331530e+00 4.109444e+00
         vertex 3.118060e+01 2.331530e+00 4.572467e+00
      endloop
   endfacet
   facet normal 0.000000e+00 -1.000000e+00 0.000000e+00
      outer loop
         vertex 2.338882e+01 2.331530e+00 2.550000e+00
         vertex 3.118060e+01 2.331530e+00 4.572467e+00
         vertex 2.338882e+01 2.331530e+00 7.550000e+00
      endloop
   endfacet
   facet normal 0.000000e+00 -1.000000e+00 0.000000e+00
      outer loop
         vertex 2.338882e+01 2.331530e+00 7.550000e+00
         vertex 3.118060e+01 2.331530e+00 4.572467e+00
         vertex 3.113882e+01 2.331530e+00 5.050000e+00
      endloop
   endfacet
   facet normal 0.000000e+00 -1.000000e+00 0.000000e+00
      outer loop
         vertex 2.338882e+01 2.331530e+00 7.550000e+00
         vertex 3.113882e+01 2.331530e+00 5.050000e+00
         vertex 3.118060e+01 2.331530e+00 5.527532e+00
      endloop
   endfacet
   facet normal 0.000000e+00 -1.000000e+00 0.000000e+00
      outer loop
         vertex 3.150725e+01 2.331530e+00 6.425000e+00
         vertex 3.178220e+01 2.331530e+00 6.817666e+00
         vertex 2.338882e+01 2.331530e+00 7.550000e+00
      endloop
   endfacet
   facet normal 0.000000e+00 -1.000000e+00 0.000000e+00
      outer loop
         vertex 2.338882e+01 2.331530e+00 7.550000e+00
         vertex 3.178220e+01 2.331530e+00 6.817666e+00
         vertex 3.212116e+01 2.331530e+00 7.156622e+00
      endloop
   endfacet
   facet normal 0.000000e+00 -1.000000e+00 0.000000e+00
      outer loop
         vertex 2.338882e+01 2.331530e+00 7.550000e+00
         vertex 3.212116e+01 2.331530e+00 7.156622e+00
         vertex 3.251382e+01 2.331530e+00 7.431570e+00
      endloop
   endfacet
   facet normal 0.000000e+00 -1.000000e+00 0.000000e+00
      outer loop
         vertex 3.251382e+01 2.331530e+00 7.431570e+00
         vertex 3.294827e+01 2.331530e+00 7.634155e+00
         vertex 2.338882e+01 2.331530e+00 7.550000e+00
      endloop
   endfacet
   facet normal 0.000000e+00 -1.000000e+00 0.000000e+00
      outer loop
         vertex 2.338882e+01 2.331530e+00 7.550000e+00
         vertex 3.294827e+01 2.331530e+00 7.634155e+00
         vertex 3.341129e+01 2.331530e+00 7.758221e+00
      endloop
   endfacet
   facet normal 0.000000e+00 -1.000000e+00 0.000000e+00
      outer loop
         vertex 2.338882e+01 2.331530e+00 7.550000e+00
         vertex 3.341129e+01 2.331530e+00 7.758221e+00
         vertex 3.388882e+01 2.331530e+00 7.800000e+00
      endloop
   endfacet
   facet normal 0.000000e+00 -1.000000e+00 0.000000e+00
      outer loop
         vertex 3.436636e+01 2.331530e+00 7.758221e+00
         vertex 4.438882e+01 2.331530e+00 7.550000e+00
         vertex 3.388882e+01 2.331530e+00 7.800000e+00
      endloop
   endfacet
   facet normal 0.000000e+00 -1.000000e+00 0.000000e+00
      outer loop
         vertex 3.388882e+01 2.331530e+00 7.800000e+00
         vertex 4.438882e+01 2.331530e+00 7.550000e+00
         vertex 5.138882e+01 2.331530e+00 1.005000e+01
      endloop
   endfacet
   facet normal -0.000000e+00 -1.000000e+00 0.000000e+00
      outer loop
         vertex 3.388882e+01 2.331530e+00 7.800000e+00
         vertex 5.138882e+01 2.331530e+00 1.005000e+01
         vertex 2.338882e+01 2.331530e+00 7.550000e+00
      endloop
   endfacet
   facet normal 0.000000e+00 -1.000000e+00 0.000000e+00
      outer loop
         vertex 2.338882e+01 2.331530e+00 7.550000e+00
         vertex 5.138882e+01 2.331530e+00 1.005000e+01
         vertex 1.638882e+01 2.331530e+00 1.005000e+01
      endloop
   endfacet
   facet normal 0.000000e+00 -1.000000e+00 0.000000e+00
      outer loop
         vertex 2.338882e+01 2.331530e+00 7.550000e+00
         vertex 1.638882e+01 2.331530e+00 1.005000e+01
         vertex 1.638882e+01 2.331530e+00 7.550000e+00
      endloop
   endfacet
   facet normal 1.000000e+00 0.000000e+00 -0.000000e+00
      outer loop
         vertex 5.138882e+01 5.331530e+00 7.550000e+00
         vertex 5.138882e+01 5.331530e+00 1.005000e+01
         vertex 5.138882e+01 2.331530e+00 7.550000e+00
      endloop
   endfacet
   facet normal 1.000000e+00 0.000000e+00 0.000000e+00
      outer loop
         vertex 5.138882e+01 2.331530e+00 7.550000e+00
         vertex 5.138882e+01 5.331530e+00 1.005000e+01
         vertex 5.138882e+01 2.331530e+00 1.005000e+01
      endloop
   endfacet
   facet normal 0.000000e+00 0.000000e+00 -1.000000e+00
      outer loop
         vertex 5.006344e+01 4.259055e+00 7.550000e+00
         vertex 4.997136e+01 4.456530e+00 7.550000e+00
         vertex 5.138882e+01 5.331530e+00 7.550000e+00
      endloop
   endfacet
   facet normal -0.000000e+00 0.000000e+00 -1.000000e+00
      outer loop
         vertex 4.793127e+01 4.635014e+00 7.550000e+00
         vertex 4.780629e+01 4.456530e+00 7.550000e+00
         vertex 4.438882e+01 5.331530e+00 7.550000e+00
      endloop
   endfacet
   facet normal 0.000000e+00 0.000000e+00 -1.000000e+00
      outer loop
         vertex 4.438882e+01 5.331530e+00 7.550000e+00
         vertex 4.780629e+01 4.456530e+00 7.550000e+00
         vertex 4.771421e+01 4.259055e+00 7.550000e+00
      endloop
   endfacet
   facet normal -0.000000e+00 0.000000e+00 -1.000000e+00
      outer loop
         vertex 4.771421e+01 4.259055e+00 7.550000e+00
         vertex 4.765781e+01 4.048590e+00 7.550000e+00
         vertex 4.438882e+01 5.331530e+00 7.550000e+00
      endloop
   endfacet
   facet normal 0.000000e+00 0.000000e+00 -1.000000e+00
      outer loop
         vertex 4.438882e+01 5.331530e+00 7.550000e+00
         vertex 4.765781e+01 4.048590e+00 7.550000e+00
         vertex 4.763882e+01 3.831530e+00 7.550000e+00
      endloop
   endfacet
   facet normal 0.000000e+00 0.000000e+00 -1.000000e+00
      outer loop
         vertex 4.438882e+01 5.331530e+00 7.550000e+00
         vertex 4.763882e+01 3.831530e+00 7.550000e+00
         vertex 4.438882e+01 2.331530e+00 7.550000e+00
      endloop
   endfacet
   facet normal 0.000000e+00 0.000000e+00 -1.000000e+00
      outer loop
         vertex 4.438882e+01 2.331530e+00 7.550000e+00
         vertex 4.763882e+01 3.831530e+00 7.550000e+00
         vertex 4.765781e+01 3.614470e+00 7.550000e+00
      endloop
   endfacet
   facet normal 0.000000e+00 0.000000e+00 -1.000000e+00
      outer loop
         vertex 5.138882e+01 2.331530e+00 7.550000e+00
         vertex 5.013882e+01 3.831530e+00 7.550000e+00
         vertex 5.138882e+01 5.331530e+00 7.550000e+00
      endloop
   endfacet
   facet normal 0.000000e+00 0.000000e+00 -1.000000e+00
      outer loop
         vertex 5.138882e+01 5.331530e+00 7.550000e+00
         vertex 5.013882e+01 3.831530e+00 7.550000e+00
         vertex 5.011983e+01 4.048590e+00 7.550000e+00
      endloop
   endfacet
   facet normal 0.000000e+00 0.000000e+00 -1.000000e+00
      outer loop
         vertex 5.138882e+01 5.331530e+00 7.550000e+00
         vertex 5.011983e+01 4.048590e+00 7.550000e+00
         vertex 5.006344e+01 4.259055e+00 7.550000e+00
      endloop
   endfacet
   facet normal -0.000000e+00 0.000000e+00 -1.000000e+00
      outer loop
         vertex 4.846130e+01 5.006146e+00 7.550000e+00
         vertex 4.826382e+01 4.914062e+00 7.550000e+00
         vertex 4.438882e+01 5.331530e+00 7.550000e+00
      endloop
   endfacet
   facet normal 0.000000e+00 0.000000e+00 -1.000000e+00
      outer loop
         vertex 4.438882e+01 5.331530e+00 7.550000e+00
         vertex 4.826382e+01 4.914062e+00 7.550000e+00
         vertex 4.808534e+01 4.789085e+00 7.550000e+00
      endloop
   endfacet
   facet normal 0.000000e+00 0.000000e+00 -1.000000e+00
      outer loop
         vertex 4.438882e+01 5.331530e+00 7.550000e+00
         vertex 4.808534e+01 4.789085e+00 7.550000e+00
         vertex 4.793127e+01 4.635014e+00 7.550000e+00
      endloop
   endfacet
   facet normal 0.000000e+00 0.000000e+00 -1.000000e+00
      outer loop
         vertex 4.997136e+01 3.206530e+00 7.550000e+00
         vertex 5.006344e+01 3.404005e+00 7.550000e+00
         vertex 5.138882e+01 2.331530e+00 7.550000e+00
      endloop
   endfacet
   facet normal 0.000000e+00 0.000000e+00 -1.000000e+00
      outer loop
         vertex 5.138882e+01 2.331530e+00 7.550000e+00
         vertex 5.006344e+01 3.404005e+00 7.550000e+00
         vertex 5.011983e+01 3.614470e+00 7.550000e+00
      endloop
   endfacet
   facet normal 0.000000e+00 0.000000e+00 -1.000000e+00
      outer loop
         vertex 5.138882e+01 2.331530e+00 7.550000e+00
         vertex 5.011983e+01 3.614470e+00 7.550000e+00
         vertex 5.013882e+01 3.831530e+00 7.550000e+00
      endloop
   endfacet
   facet normal 0.000000e+00 0.000000e+00 -1.000000e+00
      outer loop
         vertex 5.138882e+01 5.331530e+00 7.550000e+00
         vertex 4.951382e+01 4.914062e+00 7.550000e+00
         vertex 4.931635e+01 5.006146e+00 7.550000e+00
      endloop
   endfacet
   facet normal 0.000000e+00 -0.000000e+00 -1.000000e+00
      outer loop
         vertex 4.765781e+01 3.614470e+00 7.550000e+00
         vertex 4.771421e+01 3.404005e+00 7.550000e+00
         vertex 4.438882e+01 2.331530e+00 7.550000e+00
      endloop
   endfacet
   facet normal 0.000000e+00 0.000000e+00 -1.000000e+00
      outer loop
         vertex 4.438882e+01 2.331530e+00 7.550000e+00
         vertex 4.771421e+01 3.404005e+00 7.550000e+00
         vertex 4.780629e+01 3.206530e+00 7.550000e+00
      endloop
   endfacet
   facet normal 0.000000e+00 0.000000e+00 -1.000000e+00
      outer loop
         vertex 4.438882e+01 2.331530e+00 7.550000e+00
         vertex 4.780629e+01 3.206530e+00 7.550000e+00
         vertex 4.793127e+01 3.028045e+00 7.550000e+00
      endloop
   endfacet
   facet normal 0.000000e+00 0.000000e+00 -1.000000e+00
      outer loop
         vertex 4.997136e+01 4.456530e+00 7.550000e+00
         vertex 4.984638e+01 4.635014e+00 7.550000e+00
         vertex 5.138882e+01 5.331530e+00 7.550000e+00
      endloop
   endfacet
   facet normal 0.000000e+00 0.000000e+00 -1.000000e+00
      outer loop
         vertex 5.138882e+01 5.331530e+00 7.550000e+00
         vertex 4.984638e+01 4.635014e+00 7.550000e+00
         vertex 4.969231e+01 4.789085e+00 7.550000e+00
      endloop
   endfacet
   facet normal 0.000000e+00 0.000000e+00 -1.000000e+00
      outer loop
         vertex 5.138882e+01 5.331530e+00 7.550000e+00
         vertex 4.969231e+01 4.789085e+00 7.550000e+00
         vertex 4.951382e+01 4.914062e+00 7.550000e+00
      endloop
   endfacet
   facet normal 0.000000e+00 -0.000000e+00 -1.000000e+00
      outer loop
         vertex 4.793127e+01 3.028045e+00 7.550000e+00
         vertex 4.808534e+01 2.873974e+00 7.550000e+00
         vertex 4.438882e+01 2.331530e+00 7.550000e+00
      endloop
   endfacet
   facet normal 0.000000e+00 0.000000e+00 -1.000000e+00
      outer loop
         vertex 4.438882e+01 2.331530e+00 7.550000e+00
         vertex 4.808534e+01 2.873974e+00 7.550000e+00
         vertex 4.826382e+01 2.748998e+00 7.550000e+00
      endloop
   endfacet
   facet normal 0.000000e+00 0.000000e+00 -1.000000e+00
      outer loop
         vertex 4.438882e+01 2.331530e+00 7.550000e+00
         vertex 4.826382e+01 2.748998e+00 7.550000e+00
         vertex 4.846130e+01 2.656914e+00 7.550000e+00
      endloop
   endfacet
   facet normal 0.000000e+00 0.000000e+00 -1.000000e+00
      outer loop
         vertex 5.138882e+01 2.331530e+00 7.550000e+00
         vertex 4.931635e+01 2.656914e+00 7.550000e+00
         vertex 4.951382e+01 2.748998e+00 7.550000e+00
      endloop
   endfacet
   facet normal 0.000000e+00 -0.000000e+00 -1.000000e+00
      outer loop
         vertex 4.846130e+01 2.656914e+00 7.550000e+00
         vertex 4.867176e+01 2.600520e+00 7.550000e+00
         vertex 4.438882e+01 2.331530e+00 7.550000e+00
      endloop
   endfacet
   facet normal 0.000000e+00 0.000000e+00 -1.000000e+00
      outer loop
         vertex 4.438882e+01 2.331530e+00 7.550000e+00
         vertex 4.867176e+01 2.600520e+00 7.550000e+00
         vertex 4.888882e+01 2.581530e+00 7.550000e+00
      endloop
   endfacet
   facet normal 0.000000e+00 0.000000e+00 -1.000000e+00
      outer loop
         vertex 4.438882e+01 2.331530e+00 7.550000e+00
         vertex 4.888882e+01 2.581530e+00 7.550000e+00
         vertex 5.138882e+01 2.331530e+00 7.550000e+00
      endloop
   endfacet
   facet normal 0.000000e+00 0.000000e+00 -1.000000e+00
      outer loop
         vertex 5.138882e+01 2.331530e+00 7.550000e+00
         vertex 4.888882e+01 2.581530e+00 7.550000e+00
         vertex 4.910588e+01 2.600520e+00 7.550000e+00
      endloop
   endfacet
   facet normal 0.000000e+00 0.000000e+00 -1.000000e+00
      outer loop
         vertex 5.138882e+01 2.331530e+00 7.550000e+00
         vertex 4.910588e+01 2.600520e+00 7.550000e+00
         vertex 4.931635e+01 2.656914e+00 7.550000e+00
      endloop
   endfacet
   facet normal 0.000000e+00 0.000000e+00 -1.000000e+00
      outer loop
         vertex 4.951382e+01 2.748998e+00 7.550000e+00
         vertex 4.969231e+01 2.873974e+00 7.550000e+00
         vertex 5.138882e+01 2.331530e+00 7.550000e+00
      endloop
   endfacet
   facet normal 0.000000e+00 0.000000e+00 -1.000000e+00
      outer loop
         vertex 5.138882e+01 2.331530e+00 7.550000e+00
         vertex 4.969231e+01 2.873974e+00 7.550000e+00
         vertex 4.984638e+01 3.028045e+00 7.550000e+00
      endloop
   endfacet
   facet normal 0.000000e+00 0.000000e+00 -1.000000e+00
      outer loop
         vertex 5.138882e+01 2.331530e+00 7.550000e+00
         vertex 4.984638e+01 3.028045e+00 7.550000e+00
         vertex 4.997136e+01 3.206530e+00 7.550000e+00
      endloop
   endfacet
   facet normal 0.000000e+00 0.000000e+00 -1.000000e+00
      outer loop
         vertex 4.931635e+01 5.006146e+00 7.550000e+00
         vertex 4.910588e+01 5.062539e+00 7.550000e+00
         vertex 5.138882e+01 5.331530e+00 7.550000e+00
      endloop
   endfacet
   facet normal 0.000000e+00 0.000000e+00 -1.000000e+00
      outer loop
         vertex 5.138882e+01 5.331530e+00 7.550000e+00
         vertex 4.910588e+01 5.062539e+00 7.550000e+00
         vertex 4.888882e+01 5.081530e+00 7.550000e+00
      endloop
   endfacet
   facet normal -0.000000e+00 0.000000e+00 -1.000000e+00
      outer loop
         vertex 5.138882e+01 5.331530e+00 7.550000e+00
         vertex 4.888882e+01 5.081530e+00 7.550000e+00
         vertex 4.438882e+01 5.331530e+00 7.550000e+00
      endloop
   endfacet
   facet normal 0.000000e+00 0.000000e+00 -1.000000e+00
      outer loop
         vertex 4.438882e+01 5.331530e+00 7.550000e+00
         vertex 4.888882e+01 5.081530e+00 7.550000e+00
         vertex 4.867176e+01 5.062539e+00 7.550000e+00
      endloop
   endfacet
   facet normal 0.000000e+00 0.000000e+00 -1.000000e+00
      outer loop
         vertex 4.438882e+01 5.331530e+00 7.550000e+00
         vertex 4.867176e+01 5.062539e+00 7.550000e+00
         vertex 4.846130e+01 5.006146e+00 7.550000e+00
      endloop
   endfacet
   facet normal 1.000000e+00 0.000000e+00 -0.000000e+00
      outer loop
         vertex 4.438882e+01 5.331530e+00 2.550000e+00
         vertex 4.438882e+01 5.331530e+00 7.550000e+00
         vertex 4.438882e+01 2.331530e+00 2.550000e+00
      endloop
   endfacet
   facet normal 1.000000e+00 0.000000e+00 0.000000e+00
      outer loop
         vertex 4.438882e+01 2.331530e+00 2.550000e+00
         vertex 4.438882e+01 5.331530e+00 7.550000e+00
         vertex 4.438882e+01 2.331530e+00 7.550000e+00
      endloop
   endfacet
   facet normal 0.000000e+00 0.000000e+00 1.000000e+00
      outer loop
         vertex 4.997136e+01 3.206530e+00 2.550000e+00
         vertex 4.984638e+01 3.028045e+00 2.550000e+00
         vertex 5.138882e+01 2.331530e+00 2.550000e+00
      endloop
   endfacet
   facet normal -0.000000e+00 0.000000e+00 1.000000e+00
      outer loop
         vertex 4.997136e+01 3.206530e+00 2.550000e+00
         vertex 5.138882e+01 2.331530e+00 2.550000e+00
         vertex 5.006344e+01 3.404005e+00 2.550000e+00
      endloop
   endfacet
   facet normal -0.000000e+00 0.000000e+00 1.000000e+00
      outer loop
         vertex 5.006344e+01 4.259055e+00 2.550000e+00
         vertex 5.011983e+01 4.048590e+00 2.550000e+00
         vertex 5.138882e+01 5.331530e+00 2.550000e+00
      endloop
   endfacet
   facet normal 0.000000e+00 0.000000e+00 1.000000e+00
      outer loop
         vertex 5.138882e+01 5.331530e+00 2.550000e+00
         vertex 5.011983e+01 4.048590e+00 2.550000e+00
         vertex 5.013882e+01 3.831530e+00 2.550000e+00
      endloop
   endfacet
   facet normal 0.000000e+00 0.000000e+00 1.000000e+00
      outer loop
         vertex 5.138882e+01 5.331530e+00 2.550000e+00
         vertex 5.013882e+01 3.831530e+00 2.550000e+00
         vertex 5.138882e+01 2.331530e+00 2.550000e+00
      endloop
   endfacet
   facet normal 0.000000e+00 0.000000e+00 1.000000e+00
      outer loop
         vertex 5.138882e+01 2.331530e+00 2.550000e+00
         vertex 5.013882e+01 3.831530e+00 2.550000e+00
         vertex 5.011983e+01 3.614470e+00 2.550000e+00
      endloop
   endfacet
   facet normal 0.000000e+00 0.000000e+00 1.000000e+00
      outer loop
         vertex 5.138882e+01 2.331530e+00 2.550000e+00
         vertex 5.011983e+01 3.614470e+00 2.550000e+00
         vertex 5.006344e+01 3.404005e+00 2.550000e+00
      endloop
   endfacet
   facet normal 0.000000e+00 0.000000e+00 1.000000e+00
      outer loop
         vertex 4.846130e+01 2.656914e+00 2.550000e+00
         vertex 4.826382e+01 2.748998e+00 2.550000e+00
         vertex 4.438882e+01 2.331530e+00 2.550000e+00
      endloop
   endfacet
   facet normal 0.000000e+00 0.000000e+00 1.000000e+00
      outer loop
         vertex 4.765781e+01 4.048590e+00 2.550000e+00
         vertex 4.438882e+01 5.331530e+00 2.550000e+00
         vertex 4.763882e+01 3.831530e+00 2.550000e+00
      endloop
   endfacet
   facet normal 0.000000e+00 0.000000e+00 1.000000e+00
      outer loop
         vertex 4.763882e+01 3.831530e+00 2.550000e+00
         vertex 4.438882e+01 5.331530e+00 2.550000e+00
         vertex 4.438882e+01 2.331530e+00 2.550000e+00
      endloop
   endfacet
   facet normal 0.000000e+00 0.000000e+00 1.000000e+00
      outer loop
         vertex 4.826382e+01 2.748998e+00 2.550000e+00
         vertex 4.808534e+01 2.873974e+00 2.550000e+00
         vertex 4.438882e+01 2.331530e+00 2.550000e+00
      endloop
   endfacet
   facet normal 0.000000e+00 0.000000e+00 1.000000e+00
      outer loop
         vertex 4.438882e+01 2.331530e+00 2.550000e+00
         vertex 4.808534e+01 2.873974e+00 2.550000e+00
         vertex 4.793127e+01 3.028045e+00 2.550000e+00
      endloop
   endfacet
   facet normal 0.000000e+00 0.000000e+00 1.000000e+00
      outer loop
         vertex 4.438882e+01 2.331530e+00 2.550000e+00
         vertex 4.793127e+01 3.028045e+00 2.550000e+00
         vertex 4.780629e+01 3.206530e+00 2.550000e+00
      endloop
   endfacet
   facet normal 0.000000e+00 0.000000e+00 1.000000e+00
      outer loop
         vertex 4.780629e+01 3.206530e+00 2.550000e+00
         vertex 4.771421e+01 3.404005e+00 2.550000e+00
         vertex 4.438882e+01 2.331530e+00 2.550000e+00
      endloop
   endfacet
   facet normal 0.000000e+00 0.000000e+00 1.000000e+00
      outer loop
         vertex 4.438882e+01 2.331530e+00 2.550000e+00
         vertex 4.771421e+01 3.404005e+00 2.550000e+00
         vertex 4.765781e+01 3.614470e+00 2.550000e+00
      endloop
   endfacet
   facet normal 0.000000e+00 0.000000e+00 1.000000e+00
      outer loop
         vertex 4.438882e+01 2.331530e+00 2.550000e+00
         vertex 4.765781e+01 3.614470e+00 2.550000e+00
         vertex 4.763882e+01 3.831530e+00 2.550000e+00
      endloop
   endfacet
   facet normal 0.000000e+00 -0.000000e+00 1.000000e+00
      outer loop
         vertex 4.765781e+01 4.048590e+00 2.550000e+00
         vertex 4.771421e+01 4.259055e+00 2.550000e+00
         vertex 4.438882e+01 5.331530e+00 2.550000e+00
      endloop
   endfacet
   facet normal 0.000000e+00 0.000000e+00 1.000000e+00
      outer loop
         vertex 4.438882e+01 5.331530e+00 2.550000e+00
         vertex 4.771421e+01 4.259055e+00 2.550000e+00
         vertex 4.780629e+01 4.456530e+00 2.550000e+00
      endloop
   endfacet
   facet normal 0.000000e+00 0.000000e+00 1.000000e+00
      outer loop
         vertex 4.438882e+01 5.331530e+00 2.550000e+00
         vertex 4.780629e+01 4.456530e+00 2.550000e+00
         vertex 4.793127e+01 4.635014e+00 2.550000e+00
      endloop
   endfacet
   facet normal 0.000000e+00 -0.000000e+00 1.000000e+00
      outer loop
         vertex 4.793127e+01 4.635014e+00 2.550000e+00
         vertex 4.808534e+01 4.789085e+00 2.550000e+00
         vertex 4.438882e+01 5.331530e+00 2.550000e+00
      endloop
   endfacet
   facet normal 0.000000e+00 0.000000e+00 1.000000e+00
      outer loop
         vertex 4.438882e+01 5.331530e+00 2.550000e+00
         vertex 4.808534e+01 4.789085e+00 2.550000e+00
         vertex 4.826382e+01 4.914062e+00 2.550000e+00
      endloop
   endfacet
   facet normal 0.000000e+00 0.000000e+00 1.000000e+00
      outer loop
         vertex 4.438882e+01 5.331530e+00 2.550000e+00
         vertex 4.826382e+01 4.914062e+00 2.550000e+00
         vertex 4.846130e+01 5.006146e+00 2.550000e+00
      endloop
   endfacet
   facet normal 0.000000e+00 0.000000e+00 1.000000e+00
      outer loop
         vertex 4.984638e+01 3.028045e+00 2.550000e+00
         vertex 4.969231e+01 2.873974e+00 2.550000e+00
         vertex 5.138882e+01 2.331530e+00 2.550000e+00
      endloop
   endfacet
   facet normal 0.000000e+00 0.000000e+00 1.000000e+00
      outer loop
         vertex 5.138882e+01 2.331530e+00 2.550000e+00
         vertex 4.969231e+01 2.873974e+00 2.550000e+00
         vertex 4.951382e+01 2.748998e+00 2.550000e+00
      endloop
   endfacet
   facet normal 0.000000e+00 0.000000e+00 1.000000e+00
      outer loop
         vertex 5.138882e+01 2.331530e+00 2.550000e+00
         vertex 4.951382e+01 2.748998e+00 2.550000e+00
         vertex 4.931635e+01 2.656914e+00 2.550000e+00
      endloop
   endfacet
   facet normal -0.000000e+00 0.000000e+00 1.000000e+00
      outer loop
         vertex 4.931635e+01 5.006146e+00 2.550000e+00
         vertex 4.951382e+01 4.914062e+00 2.550000e+00
         vertex 5.138882e+01 5.331530e+00 2.550000e+00
      endloop
   endfacet
   facet normal 0.000000e+00 0.000000e+00 1.000000e+00
      outer loop
         vertex 5.138882e+01 5.331530e+00 2.550000e+00
         vertex 4.951382e+01 4.914062e+00 2.550000e+00
         vertex 4.969231e+01 4.789085e+00 2.550000e+00
      endloop
   endfacet
   facet normal 0.000000e+00 0.000000e+00 1.000000e+00
      outer loop
         vertex 4.931635e+01 2.656914e+00 2.550000e+00
         vertex 4.910588e+01 2.600520e+00 2.550000e+00
         vertex 5.138882e+01 2.331530e+00 2.550000e+00
      endloop
   endfacet
   facet normal 0.000000e+00 0.000000e+00 1.000000e+00
      outer loop
         vertex 5.138882e+01 2.331530e+00 2.550000e+00
         vertex 4.910588e+01 2.600520e+00 2.550000e+00
         vertex 4.888882e+01 2.581530e+00 2.550000e+00
      endloop
   endfacet
   facet normal 0.000000e+00 0.000000e+00 1.000000e+00
      outer loop
         vertex 5.138882e+01 2.331530e+00 2.550000e+00
         vertex 4.888882e+01 2.581530e+00 2.550000e+00
         vertex 4.438882e+01 2.331530e+00 2.550000e+00
      endloop
   endfacet
   facet normal 0.000000e+00 0.000000e+00 1.000000e+00
      outer loop
         vertex 4.438882e+01 2.331530e+00 2.550000e+00
         vertex 4.888882e+01 2.581530e+00 2.550000e+00
         vertex 4.867176e+01 2.600520e+00 2.550000e+00
      endloop
   endfacet
   facet normal 0.000000e+00 0.000000e+00 1.000000e+00
      outer loop
         vertex 4.438882e+01 2.331530e+00 2.550000e+00
         vertex 4.867176e+01 2.600520e+00 2.550000e+00
         vertex 4.846130e+01 2.656914e+00 2.550000e+00
      endloop
   endfacet
   facet normal 0.000000e+00 -0.000000e+00 1.000000e+00
      outer loop
         vertex 4.846130e+01 5.006146e+00 2.550000e+00
         vertex 4.867176e+01 5.062539e+00 2.550000e+00
         vertex 4.438882e+01 5.331530e+00 2.550000e+00
      endloop
   endfacet
   facet normal 0.000000e+00 0.000000e+00 1.000000e+00
      outer loop
         vertex 4.438882e+01 5.331530e+00 2.550000e+00
         vertex 4.867176e+01 5.062539e+00 2.550000e+00
         vertex 4.888882e+01 5.081530e+00 2.550000e+00
      endloop
   endfacet
   facet normal -0.000000e+00 0.000000e+00 1.000000e+00
      outer loop
         vertex 4.438882e+01 5.331530e+00 2.550000e+00
         vertex 4.888882e+01 5.081530e+00 2.550000e+00
         vertex 5.138882e+01 5.331530e+00 2.550000e+00
      endloop
   endfacet
   facet normal 0.000000e+00 0.000000e+00 1.000000e+00
      outer loop
         vertex 5.138882e+01 5.331530e+00 2.550000e+00
         vertex 4.888882e+01 5.081530e+00 2.550000e+00
         vertex 4.910588e+01 5.062539e+00 2.550000e+00
      endloop
   endfacet
   facet normal 0.000000e+00 0.000000e+00 1.000000e+00
      outer loop
         vertex 5.138882e+01 5.331530e+00 2.550000e+00
         vertex 4.910588e+01 5.062539e+00 2.550000e+00
         vertex 4.931635e+01 5.006146e+00 2.550000e+00
      endloop
   endfacet
   facet normal -0.000000e+00 0.000000e+00 1.000000e+00
      outer loop
         vertex 4.969231e+01 4.789085e+00 2.550000e+00
         vertex 4.984638e+01 4.635014e+00 2.550000e+00
         vertex 5.138882e+01 5.331530e+00 2.550000e+00
      endloop
   endfacet
   facet normal 0.000000e+00 0.000000e+00 1.000000e+00
      outer loop
         vertex 5.138882e+01 5.331530e+00 2.550000e+00
         vertex 4.984638e+01 4.635014e+00 2.550000e+00
         vertex 4.997136e+01 4.456530e+00 2.550000e+00
      endloop
   endfacet
   facet normal 0.000000e+00 0.000000e+00 1.000000e+00
      outer loop
         vertex 5.138882e+01 5.331530e+00 2.550000e+00
         vertex 4.997136e+01 4.456530e+00 2.550000e+00
         vertex 5.006344e+01 4.259055e+00 2.550000e+00
      endloop
   endfacet
   facet normal 1.000000e+00 0.000000e+00 -0.000000e+00
      outer loop
         vertex 5.138882e+01 5.331530e+00 4.999992e-02
         vertex 5.138882e+01 5.331530e+00 2.550000e+00
         vertex 5.138882e+01 2.331530e+00 4.999992e-02
      endloop
   endfacet
   facet normal 1.000000e+00 0.000000e+00 0.000000e+00
      outer loop
         vertex 5.138882e+01 2.331530e+00 4.999992e-02
         vertex 5.138882e+01 5.331530e+00 2.550000e+00
         vertex 5.138882e+01 2.331530e+00 2.550000e+00
      endloop
   endfacet
   facet normal 0.000000e+00 0.000000e+00 -1.000000e+00
      outer loop
         vertex 1.638882e+01 5.331530e+00 4.999992e-02
         vertex 5.138882e+01 5.331530e+00 4.999992e-02
         vertex 1.638882e+01 2.331530e+00 4.999992e-02
      endloop
   endfacet
   facet normal 0.000000e+00 0.000000e+00 -1.000000e+00
      outer loop
         vertex 1.638882e+01 2.331530e+00 4.999992e-02
         vertex 5.138882e+01 5.331530e+00 4.999992e-02
         vertex 5.138882e+01 2.331530e+00 4.999992e-02
      endloop
   endfacet
   facet normal -1.000000e+00 -0.000000e+00 -0.000000e+00
      outer loop
         vertex 1.638882e+01 5.331530e+00 2.550000e+00
         vertex 1.638882e+01 5.331530e+00 4.999992e-02
         vertex 1.638882e+01 2.331530e+00 2.550000e+00
      endloop
   endfacet
   facet normal -1.000000e+00 0.000000e+00 0.000000e+00
      outer loop
         vertex 1.638882e+01 2.331530e+00 2.550000e+00
         vertex 1.638882e+01 5.331530e+00 4.999992e-02
         vertex 1.638882e+01 2.331530e+00 4.999992e-02
      endloop
   endfacet
   facet normal -0.000000e+00 0.000000e+00 1.000000e+00
      outer loop
         vertex 2.006344e+01 4.259055e+00 2.550000e+00
         vertex 2.011983e+01 4.048590e+00 2.550000e+00
         vertex 2.338882e+01 5.331530e+00 2.550000e+00
      endloop
   endfacet
   facet normal 0.000000e+00 0.000000e+00 1.000000e+00
      outer loop
         vertex 2.338882e+01 5.331530e+00 2.550000e+00
         vertex 2.011983e+01 4.048590e+00 2.550000e+00
         vertex 2.013882e+01 3.831530e+00 2.550000e+00
      endloop
   endfacet
   facet normal 0.000000e+00 0.000000e+00 1.000000e+00
      outer loop
         vertex 2.338882e+01 5.331530e+00 2.550000e+00
         vertex 2.013882e+01 3.831530e+00 2.550000e+00
         vertex 2.338882e+01 2.331530e+00 2.550000e+00
      endloop
   endfacet
   facet normal 0.000000e+00 0.000000e+00 1.000000e+00
      outer loop
         vertex 2.338882e+01 2.331530e+00 2.550000e+00
         vertex 2.013882e+01 3.831530e+00 2.550000e+00
         vertex 2.011983e+01 3.614470e+00 2.550000e+00
      endloop
   endfacet
   facet normal 0.000000e+00 0.000000e+00 1.000000e+00
      outer loop
         vertex 1.765781e+01 4.048590e+00 2.550000e+00
         vertex 1.638882e+01 5.331530e+00 2.550000e+00
         vertex 1.763882e+01 3.831530e+00 2.550000e+00
      endloop
   endfacet
   facet normal 0.000000e+00 0.000000e+00 1.000000e+00
      outer loop
         vertex 1.763882e+01 3.831530e+00 2.550000e+00
         vertex 1.638882e+01 5.331530e+00 2.550000e+00
         vertex 1.638882e+01 2.331530e+00 2.550000e+00
      endloop
   endfacet
   facet normal 0.000000e+00 0.000000e+00 1.000000e+00
      outer loop
         vertex 1.763882e+01 3.831530e+00 2.550000e+00
         vertex 1.638882e+01 2.331530e+00 2.550000e+00
         vertex 1.765781e+01 3.614470e+00 2.550000e+00
      endloop
   endfacet
   facet normal 0.000000e+00 0.000000e+00 1.000000e+00
      outer loop
         vertex 1.765781e+01 3.614470e+00 2.550000e+00
         vertex 1.638882e+01 2.331530e+00 2.550000e+00
         vertex 1.771421e+01 3.404005e+00 2.550000e+00
      endloop
   endfacet
   facet normal 0.000000e+00 -0.000000e+00 1.000000e+00
      outer loop
         vertex 1.765781e+01 4.048590e+00 2.550000e+00
         vertex 1.771421e+01 4.259055e+00 2.550000e+00
         vertex 1.638882e+01 5.331530e+00 2.550000e+00
      endloop
   endfacet
   facet normal 0.000000e+00 0.000000e+00 1.000000e+00
      outer loop
         vertex 1.638882e+01 5.331530e+00 2.550000e+00
         vertex 1.771421e+01 4.259055e+00 2.550000e+00
         vertex 1.780629e+01 4.456530e+00 2.550000e+00
      endloop
   endfacet
   facet normal 0.000000e+00 0.000000e+00 1.000000e+00
      outer loop
         vertex 1.638882e+01 5.331530e+00 2.550000e+00
         vertex 1.780629e+01 4.456530e+00 2.550000e+00
         vertex 1.793127e+01 4.635014e+00 2.550000e+00
      endloop
   endfacet
   facet normal 0.000000e+00 -0.000000e+00 1.000000e+00
      outer loop
         vertex 1.793127e+01 4.635014e+00 2.550000e+00
         vertex 1.808534e+01 4.789085e+00 2.550000e+00
         vertex 1.638882e+01 5.331530e+00 2.550000e+00
      endloop
   endfacet
   facet normal 0.000000e+00 0.000000e+00 1.000000e+00
      outer loop
         vertex 1.638882e+01 5.331530e+00 2.550000e+00
         vertex 1.808534e+01 4.789085e+00 2.550000e+00
         vertex 1.826382e+01 4.914062e+00 2.550000e+00
      endloop
   endfacet
   facet normal 0.000000e+00 0.000000e+00 1.000000e+00
      outer loop
         vertex 1.638882e+01 5.331530e+00 2.550000e+00
         vertex 1.826382e+01 4.914062e+00 2.550000e+00
         vertex 1.846130e+01 5.006146e+00 2.550000e+00
      endloop
   endfacet
   facet normal -0.000000e+00 0.000000e+00 1.000000e+00
      outer loop
         vertex 1.931635e+01 5.006146e+00 2.550000e+00
         vertex 1.951382e+01 4.914062e+00 2.550000e+00
         vertex 2.338882e+01 5.331530e+00 2.550000e+00
      endloop
   endfacet
   facet normal 0.000000e+00 0.000000e+00 1.000000e+00
      outer loop
         vertex 2.338882e+01 5.331530e+00 2.550000e+00
         vertex 1.951382e+01 4.914062e+00 2.550000e+00
         vertex 1.969231e+01 4.789085e+00 2.550000e+00
      endloop
   endfacet
   facet normal 0.000000e+00 0.000000e+00 1.000000e+00
      outer loop
         vertex 1.826382e+01 2.748998e+00 2.550000e+00
         vertex 1.808534e+01 2.873974e+00 2.550000e+00
         vertex 1.638882e+01 2.331530e+00 2.550000e+00
      endloop
   endfacet
   facet normal -0.000000e+00 0.000000e+00 1.000000e+00
      outer loop
         vertex 1.969231e+01 4.789085e+00 2.550000e+00
         vertex 1.984638e+01 4.635014e+00 2.550000e+00
         vertex 2.338882e+01 5.331530e+00 2.550000e+00
      endloop
   endfacet
   facet normal 0.000000e+00 0.000000e+00 1.000000e+00
      outer loop
         vertex 2.338882e+01 5.331530e+00 2.550000e+00
         vertex 1.984638e+01 4.635014e+00 2.550000e+00
         vertex 1.997136e+01 4.456530e+00 2.550000e+00
      endloop
   endfacet
   facet normal 0.000000e+00 0.000000e+00 1.000000e+00
      outer loop
         vertex 2.338882e+01 5.331530e+00 2.550000e+00
         vertex 1.997136e+01 4.456530e+00 2.550000e+00
         vertex 2.006344e+01 4.259055e+00 2.550000e+00
      endloop
   endfacet
   facet normal 0.000000e+00 0.000000e+00 1.000000e+00
      outer loop
         vertex 2.011983e+01 3.614470e+00 2.550000e+00
         vertex 2.006344e+01 3.404005e+00 2.550000e+00
         vertex 2.338882e+01 2.331530e+00 2.550000e+00
      endloop
   endfacet
   facet normal 0.000000e+00 0.000000e+00 1.000000e+00
      outer loop
         vertex 2.338882e+01 2.331530e+00 2.550000e+00
         vertex 2.006344e+01 3.404005e+00 2.550000e+00
         vertex 1.997136e+01 3.206530e+00 2.550000e+00
      endloop
   endfacet
   facet normal 0.000000e+00 0.000000e+00 1.000000e+00
      outer loop
         vertex 2.338882e+01 2.331530e+00 2.550000e+00
         vertex 1.997136e+01 3.206530e+00 2.550000e+00
         vertex 1.984638e+01 3.028045e+00 2.550000e+00
      endloop
   endfacet
   facet normal 0.000000e+00 0.000000e+00 1.000000e+00
      outer loop
         vertex 1.826382e+01 2.748998e+00 2.550000e+00
         vertex 1.638882e+01 2.331530e+00 2.550000e+00
         vertex 1.846130e+01 2.656914e+00 2.550000e+00
      endloop
   endfacet
   facet normal 0.000000e+00 0.000000e+00 1.000000e+00
      outer loop
         vertex 1.808534e+01 2.873974e+00 2.550000e+00
         vertex 1.793127e+01 3.028045e+00 2.550000e+00
         vertex 1.638882e+01 2.331530e+00 2.550000e+00
      endloop
   endfacet
   facet normal 0.000000e+00 0.000000e+00 1.000000e+00
      outer loop
         vertex 1.638882e+01 2.331530e+00 2.550000e+00
         vertex 1.793127e+01 3.028045e+00 2.550000e+00
         vertex 1.780629e+01 3.206530e+00 2.550000e+00
      endloop
   endfacet
   facet normal 0.000000e+00 0.000000e+00 1.000000e+00
      outer loop
         vertex 1.638882e+01 2.331530e+00 2.550000e+00
         vertex 1.780629e+01 3.206530e+00 2.550000e+00
         vertex 1.771421e+01 3.404005e+00 2.550000e+00
      endloop
   endfacet
   facet normal 0.000000e+00 0.000000e+00 1.000000e+00
      outer loop
         vertex 1.984638e+01 3.028045e+00 2.550000e+00
         vertex 1.969231e+01 2.873974e+00 2.550000e+00
         vertex 2.338882e+01 2.331530e+00 2.550000e+00
      endloop
   endfacet
   facet normal 0.000000e+00 0.000000e+00 1.000000e+00
      outer loop
         vertex 2.338882e+01 2.331530e+00 2.550000e+00
         vertex 1.969231e+01 2.873974e+00 2.550000e+00
         vertex 1.951382e+01 2.748998e+00 2.550000e+00
      endloop
   endfacet
   facet normal 0.000000e+00 0.000000e+00 1.000000e+00
      outer loop
         vertex 2.338882e+01 2.331530e+00 2.550000e+00
         vertex 1.951382e+01 2.748998e+00 2.550000e+00
         vertex 1.931635e+01 2.656914e+00 2.550000e+00
      endloop
   endfacet
   facet normal 0.000000e+00 -0.000000e+00 1.000000e+00
      outer loop
         vertex 1.846130e+01 5.006146e+00 2.550000e+00
         vertex 1.867176e+01 5.062539e+00 2.550000e+00
         vertex 1.638882e+01 5.331530e+00 2.550000e+00
      endloop
   endfacet
   facet normal 0.000000e+00 0.000000e+00 1.000000e+00
      outer loop
         vertex 1.638882e+01 5.331530e+00 2.550000e+00
         vertex 1.867176e+01 5.062539e+00 2.550000e+00
         vertex 1.888882e+01 5.081530e+00 2.550000e+00
      endloop
   endfacet
   facet normal -0.000000e+00 0.000000e+00 1.000000e+00
      outer loop
         vertex 1.638882e+01 5.331530e+00 2.550000e+00
         vertex 1.888882e+01 5.081530e+00 2.550000e+00
         vertex 2.338882e+01 5.331530e+00 2.550000e+00
      endloop
   endfacet
   facet normal 0.000000e+00 0.000000e+00 1.000000e+00
      outer loop
         vertex 2.338882e+01 5.331530e+00 2.550000e+00
         vertex 1.888882e+01 5.081530e+00 2.550000e+00
         vertex 1.910588e+01 5.062539e+00 2.550000e+00
      endloop
   endfacet
   facet normal 0.000000e+00 0.000000e+00 1.000000e+00
      outer loop
         vertex 2.338882e+01 5.331530e+00 2.550000e+00
         vertex 1.910588e+01 5.062539e+00 2.550000e+00
         vertex 1.931635e+01 5.006146e+00 2.550000e+00
      endloop
   endfacet
   facet normal 0.000000e+00 0.000000e+00 1.000000e+00
      outer loop
         vertex 1.931635e+01 2.656914e+00 2.550000e+00
         vertex 1.910588e+01 2.600520e+00 2.550000e+00
         vertex 2.338882e+01 2.331530e+00 2.550000e+00
      endloop
   endfacet
   facet normal 0.000000e+00 0.000000e+00 1.000000e+00
      outer loop
         vertex 2.338882e+01 2.331530e+00 2.550000e+00
         vertex 1.910588e+01 2.600520e+00 2.550000e+00
         vertex 1.888882e+01 2.581530e+00 2.550000e+00
      endloop
   endfacet
   facet normal 0.000000e+00 0.000000e+00 1.000000e+00
      outer loop
         vertex 2.338882e+01 2.331530e+00 2.550000e+00
         vertex 1.888882e+01 2.581530e+00 2.550000e+00
         vertex 1.638882e+01 2.331530e+00 2.550000e+00
      endloop
   endfacet
   facet normal 0.000000e+00 0.000000e+00 1.000000e+00
      outer loop
         vertex 1.638882e+01 2.331530e+00 2.550000e+00
         vertex 1.888882e+01 2.581530e+00 2.550000e+00
         vertex 1.867176e+01 2.600520e+00 2.550000e+00
      endloop
   endfacet
   facet normal 0.000000e+00 0.000000e+00 1.000000e+00
      outer loop
         vertex 1.638882e+01 2.331530e+00 2.550000e+00
         vertex 1.867176e+01 2.600520e+00 2.550000e+00
         vertex 1.846130e+01 2.656914e+00 2.550000e+00
      endloop
   endfacet
   facet normal -1.000000e+00 -0.000000e+00 -0.000000e+00
      outer loop
         vertex 2.338882e+01 5.331530e+00 7.550000e+00
         vertex 2.338882e+01 5.331530e+00 2.550000e+00
         vertex 2.338882e+01 2.331530e+00 7.550000e+00
      endloop
   endfacet
   facet normal -1.000000e+00 0.000000e+00 0.000000e+00
      outer loop
         vertex 2.338882e+01 2.331530e+00 7.550000e+00
         vertex 2.338882e+01 5.331530e+00 2.550000e+00
         vertex 2.338882e+01 2.331530e+00 2.550000e+00
      endloop
   endfacet
   facet normal 0.000000e+00 0.000000e+00 -1.000000e+00
      outer loop
         vertex 2.006344e+01 4.259055e+00 7.550000e+00
         vertex 1.997136e+01 4.456530e+00 7.550000e+00
         vertex 2.338882e+01 5.331530e+00 7.550000e+00
      endloop
   endfacet
   facet normal -0.000000e+00 0.000000e+00 -1.000000e+00
      outer loop
         vertex 1.771421e+01 4.259055e+00 7.550000e+00
         vertex 1.765781e+01 4.048590e+00 7.550000e+00
         vertex 1.638882e+01 5.331530e+00 7.550000e+00
      endloop
   endfacet
   facet normal 0.000000e+00 0.000000e+00 -1.000000e+00
      outer loop
         vertex 1.638882e+01 5.331530e+00 7.550000e+00
         vertex 1.765781e+01 4.048590e+00 7.550000e+00
         vertex 1.763882e+01 3.831530e+00 7.550000e+00
      endloop
   endfacet
   facet normal 0.000000e+00 0.000000e+00 -1.000000e+00
      outer loop
         vertex 1.638882e+01 5.331530e+00 7.550000e+00
         vertex 1.763882e+01 3.831530e+00 7.550000e+00
         vertex 1.638882e+01 2.331530e+00 7.550000e+00
      endloop
   endfacet
   facet normal 0.000000e+00 0.000000e+00 -1.000000e+00
      outer loop
         vertex 1.638882e+01 2.331530e+00 7.550000e+00
         vertex 1.763882e+01 3.831530e+00 7.550000e+00
         vertex 1.765781e+01 3.614470e+00 7.550000e+00
      endloop
   endfacet
   facet normal 0.000000e+00 0.000000e+00 -1.000000e+00
      outer loop
         vertex 2.338882e+01 2.331530e+00 7.550000e+00
         vertex 2.013882e+01 3.831530e+00 7.550000e+00
         vertex 2.338882e+01 5.331530e+00 7.550000e+00
      endloop
   endfacet
   facet normal 0.000000e+00 0.000000e+00 -1.000000e+00
      outer loop
         vertex 2.338882e+01 5.331530e+00 7.550000e+00
         vertex 2.013882e+01 3.831530e+00 7.550000e+00
         vertex 2.011983e+01 4.048590e+00 7.550000e+00
      endloop
   endfacet
   facet normal 0.000000e+00 0.000000e+00 -1.000000e+00
      outer loop
         vertex 2.338882e+01 5.331530e+00 7.550000e+00
         vertex 2.011983e+01 4.048590e+00 7.550000e+00
         vertex 2.006344e+01 4.259055e+00 7.550000e+00
      endloop
   endfacet
   facet normal 0.000000e+00 0.000000e+00 -1.000000e+00
      outer loop
         vertex 2.338882e+01 5.331530e+00 7.550000e+00
         vertex 1.951382e+01 4.914062e+00 7.550000e+00
         vertex 1.931635e+01 5.006146e+00 7.550000e+00
      endloop
   endfacet
   facet normal 0.000000e+00 0.000000e+00 -1.000000e+00
      outer loop
         vertex 1.808534e+01 4.789085e+00 7.550000e+00
         vertex 1.638882e+01 5.331530e+00 7.550000e+00
         vertex 1.826382e+01 4.914062e+00 7.550000e+00
      endloop
   endfacet
   facet normal 0.000000e+00 0.000000e+00 -1.000000e+00
      outer loop
         vertex 1.826382e+01 4.914062e+00 7.550000e+00
         vertex 1.638882e+01 5.331530e+00 7.550000e+00
         vertex 1.846130e+01 5.006146e+00 7.550000e+00
      endloop
   endfacet
   facet normal -0.000000e+00 0.000000e+00 -1.000000e+00
      outer loop
         vertex 1.808534e+01 4.789085e+00 7.550000e+00
         vertex 1.793127e+01 4.635014e+00 7.550000e+00
         vertex 1.638882e+01 5.331530e+00 7.550000e+00
      endloop
   endfacet
   facet normal 0.000000e+00 0.000000e+00 -1.000000e+00
      outer loop
         vertex 1.638882e+01 5.331530e+00 7.550000e+00
         vertex 1.793127e+01 4.635014e+00 7.550000e+00
         vertex 1.780629e+01 4.456530e+00 7.550000e+00
      endloop
   endfacet
   facet normal 0.000000e+00 0.000000e+00 -1.000000e+00
      outer loop
         vertex 1.638882e+01 5.331530e+00 7.550000e+00
         vertex 1.780629e+01 4.456530e+00 7.550000e+00
         vertex 1.771421e+01 4.259055e+00 7.550000e+00
      endloop
   endfacet
   facet normal 0.000000e+00 -0.000000e+00 -1.000000e+00
      outer loop
         vertex 1.765781e+01 3.614470e+00 7.550000e+00
         vertex 1.771421e+01 3.404005e+00 7.550000e+00
         vertex 1.638882e+01 2.331530e+00 7.550000e+00
      endloop
   endfacet
   facet normal 0.000000e+00 0.000000e+00 -1.000000e+00
      outer loop
         vertex 1.638882e+01 2.331530e+00 7.550000e+00
         vertex 1.771421e+01 3.404005e+00 7.550000e+00
         vertex 1.780629e+01 3.206530e+00 7.550000e+00
      endloop
   endfacet
   facet normal 0.000000e+00 0.000000e+00 -1.000000e+00
      outer loop
         vertex 1.638882e+01 2.331530e+00 7.550000e+00
         vertex 1.780629e+01 3.206530e+00 7.550000e+00
         vertex 1.793127e+01 3.028045e+00 7.550000e+00
      endloop
   endfacet
   facet normal 0.000000e+00 0.000000e+00 -1.000000e+00
      outer loop
         vertex 1.931635e+01 2.656914e+00 7.550000e+00
         vertex 1.951382e+01 2.748998e+00 7.550000e+00
         vertex 2.338882e+01 2.331530e+00 7.550000e+00
      endloop
   endfacet
   facet normal 0.000000e+00 0.000000e+00 -1.000000e+00
      outer loop
         vertex 1.997136e+01 4.456530e+00 7.550000e+00
         vertex 1.984638e+01 4.635014e+00 7.550000e+00
         vertex 2.338882e+01 5.331530e+00 7.550000e+00
      endloop
   endfacet
   facet normal 0.000000e+00 0.000000e+00 -1.000000e+00
      outer loop
         vertex 2.338882e+01 5.331530e+00 7.550000e+00
         vertex 1.984638e+01 4.635014e+00 7.550000e+00
         vertex 1.969231e+01 4.789085e+00 7.550000e+00
      endloop
   endfacet
   facet normal 0.000000e+00 0.000000e+00 -1.000000e+00
      outer loop
         vertex 2.338882e+01 5.331530e+00 7.550000e+00
         vertex 1.969231e+01 4.789085e+00 7.550000e+00
         vertex 1.951382e+01 4.914062e+00 7.550000e+00
      endloop
   endfacet
   facet normal 0.000000e+00 0.000000e+00 -1.000000e+00
      outer loop
         vertex 1.997136e+01 3.206530e+00 7.550000e+00
         vertex 2.006344e+01 3.404005e+00 7.550000e+00
         vertex 2.338882e+01 2.331530e+00 7.550000e+00
      endloop
   endfacet
   facet normal 0.000000e+00 0.000000e+00 -1.000000e+00
      outer loop
         vertex 2.338882e+01 2.331530e+00 7.550000e+00
         vertex 2.006344e+01 3.404005e+00 7.550000e+00
         vertex 2.011983e+01 3.614470e+00 7.550000e+00
      endloop
   endfacet
   facet normal 0.000000e+00 0.000000e+00 -1.000000e+00
      outer loop
         vertex 2.338882e+01 2.331530e+00 7.550000e+00
         vertex 2.011983e+01 3.614470e+00 7.550000e+00
         vertex 2.013882e+01 3.831530e+00 7.550000e+00
      endloop
   endfacet
   facet normal 0.000000e+00 0.000000e+00 -1.000000e+00
      outer loop
         vertex 1.931635e+01 5.006146e+00 7.550000e+00
         vertex 1.910588e+01 5.062539e+00 7.550000e+00
         vertex 2.338882e+01 5.331530e+00 7.550000e+00
      endloop
   endfacet
   facet normal 0.000000e+00 0.000000e+00 -1.000000e+00
      outer loop
         vertex 2.338882e+01 5.331530e+00 7.550000e+00
         vertex 1.910588e+01 5.062539e+00 7.550000e+00
         vertex 1.888882e+01 5.081530e+00 7.550000e+00
      endloop
   endfacet
   facet normal -0.000000e+00 0.000000e+00 -1.000000e+00
      outer loop
         vertex 2.338882e+01 5.331530e+00 7.550000e+00
         vertex 1.888882e+01 5.081530e+00 7.550000e+00
         vertex 1.638882e+01 5.331530e+00 7.550000e+00
      endloop
   endfacet
   facet normal 0.000000e+00 0.000000e+00 -1.000000e+00
      outer loop
         vertex 1.638882e+01 5.331530e+00 7.550000e+00
         vertex 1.888882e+01 5.081530e+00 7.550000e+00
         vertex 1.867176e+01 5.062539e+00 7.550000e+00
      endloop
   endfacet
   facet normal 0.000000e+00 0.000000e+00 -1.000000e+00
      outer loop
         vertex 1.638882e+01 5.331530e+00 7.550000e+00
         vertex 1.867176e+01 5.062539e+00 7.550000e+00
         vertex 1.846130e+01 5.006146e+00 7.550000e+00
      endloop
   endfacet
   facet normal 0.000000e+00 0.000000e+00 -1.000000e+00
      outer loop
         vertex 1.951382e+01 2.748998e+00 7.550000e+00
         vertex 1.969231e+01 2.873974e+00 7.550000e+00
         vertex 2.338882e+01 2.331530e+00 7.550000e+00
      endloop
   endfacet
   facet normal 0.000000e+00 0.000000e+00 -1.000000e+00
      outer loop
         vertex 2.338882e+01 2.331530e+00 7.550000e+00
         vertex 1.969231e+01 2.873974e+00 7.550000e+00
         vertex 1.984638e+01 3.028045e+00 7.550000e+00
      endloop
   endfacet
   facet normal 0.000000e+00 0.000000e+00 -1.000000e+00
      outer loop
         vertex 2.338882e+01 2.331530e+00 7.550000e+00
         vertex 1.984638e+01 3.028045e+00 7.550000e+00
         vertex 1.997136e+01 3.206530e+00 7.550000e+00
      endloop
   endfacet
   facet normal 0.000000e+00 -0.000000e+00 -1.000000e+00
      outer loop
         vertex 1.793127e+01 3.028045e+00 7.550000e+00
         vertex 1.808534e+01 2.873974e+00 7.550000e+00
         vertex 1.638882e+01 2.331530e+00 7.550000e+00
      endloop
   endfacet
   facet normal 0.000000e+00 0.000000e+00 -1.000000e+00
      outer loop
         vertex 1.638882e+01 2.331530e+00 7.550000e+00
         vertex 1.808534e+01 2.873974e+00 7.550000e+00
         vertex 1.826382e+01 2.748998e+00 7.550000e+00
      endloop
   endfacet
   facet normal 0.000000e+00 0.000000e+00 -1.000000e+00
      outer loop
         vertex 1.638882e+01 2.331530e+00 7.550000e+00
         vertex 1.826382e+01 2.748998e+00 7.550000e+00
         vertex 1.846130e+01 2.656914e+00 7.550000e+00
      endloop
   endfacet
   facet normal 0.000000e+00 -0.000000e+00 -1.000000e+00
      outer loop
         vertex 1.846130e+01 2.656914e+00 7.550000e+00
         vertex 1.867176e+01 2.600520e+00 7.550000e+00
         vertex 1.638882e+01 2.331530e+00 7.550000e+00
      endloop
   endfacet
   facet normal 0.000000e+00 0.000000e+00 -1.000000e+00
      outer loop
         vertex 1.638882e+01 2.331530e+00 7.550000e+00
         vertex 1.867176e+01 2.600520e+00 7.550000e+00
         vertex 1.888882e+01 2.581530e+00 7.550000e+00
      endloop
   endfacet
   facet normal 0.000000e+00 0.000000e+00 -1.000000e+00
      outer loop
         vertex 1.638882e+01 2.331530e+00 7.550000e+00
         vertex 1.888882e+01 2.581530e+00 7.550000e+00
         vertex 2.338882e+01 2.331530e+00 7.550000e+00
      endloop
   endfacet
   facet normal 0.000000e+00 0.000000e+00 -1.000000e+00
      outer loop
         vertex 2.338882e+01 2.331530e+00 7.550000e+00
         vertex 1.888882e+01 2.581530e+00 7.550000e+00
         vertex 1.910588e+01 2.600520e+00 7.550000e+00
      endloop
   endfacet
   facet normal 0.000000e+00 0.000000e+00 -1.000000e+00
      outer loop
         vertex 2.338882e+01 2.331530e+00 7.550000e+00
         vertex 1.910588e+01 2.600520e+00 7.550000e+00
         vertex 1.931635e+01 2.656914e+00 7.550000e+00
      endloop
   endfacet
   facet normal -1.000000e+00 -0.000000e+00 -0.000000e+00
      outer loop
         vertex 1.638882e+01 5.331530e+00 1.005000e+01
         vertex 1.638882e+01 5.331530e+00 7.550000e+00
         vertex 1.638882e+01 2.331530e+00 1.005000e+01
      endloop
   endfacet
   facet normal -1.000000e+00 0.000000e+00 0.000000e+00
      outer loop
         vertex 1.638882e+01 2.331530e+00 1.005000e+01
         vertex 1.638882e+01 5.331530e+00 7.550000e+00
         vertex 1.638882e+01 2.331530e+00 7.550000e+00
      endloop
   endfacet
   facet normal 0.000000e+00 0.000000e+00 1.000000e+00
      outer loop
         vertex 5.138882e+01 5.331530e+00 1.005000e+01
         vertex 1.638882e+01 5.331530e+00 1.005000e+01
         vertex 5.138882e+01 2.331530e+00 1.005000e+01
      endloop
   endfacet
   facet normal 0.000000e+00 0.000000e+00 1.000000e+00
      outer loop
         vertex 5.138882e+01 2.331530e+00 1.005000e+01
         vertex 1.638882e+01 5.331530e+00 1.005000e+01
         vertex 1.638882e+01 2.331530e+00 1.005000e+01
      endloop
   endfacet
   facet normal -8.715572e-02 0.000000e+00 9.961947e-01
      outer loop
         vertex 3.388882e+01 5.331530e+00 2.300000e+00
         vertex 3.388882e+01 2.331530e+00 2.300000e+00
         vertex 3.436636e+01 5.331530e+00 2.341778e+00
      endloop
   endfacet
   facet normal -8.715572e-02 0.000000e+00 9.961947e-01
      outer loop
         vertex 3.436636e+01 5.331530e+00 2.341778e+00
         vertex 3.388882e+01 2.331530e+00 2.300000e+00
         vertex 3.436636e+01 2.331530e+00 2.341778e+00
      endloop
   endfacet
   facet normal -2.588190e-01 0.000000e+00 9.659258e-01
      outer loop
         vertex 3.436636e+01 5.331530e+00 2.341778e+00
         vertex 3.436636e+01 2.331530e+00 2.341778e+00
         vertex 3.482938e+01 5.331530e+00 2.465845e+00
      endloop
   endfacet
   facet normal -2.588190e-01 0.000000e+00 9.659258e-01
      outer loop
         vertex 3.482938e+01 5.331530e+00 2.465845e+00
         vertex 3.436636e+01 2.331530e+00 2.341778e+00
         vertex 3.482938e+01 2.331530e+00 2.465845e+00
      endloop
   endfacet
   facet normal -4.226182e-01 0.000000e+00 9.063078e-01
      outer loop
         vertex 3.482938e+01 5.331530e+00 2.465845e+00
         vertex 3.482938e+01 2.331530e+00 2.465845e+00
         vertex 3.526382e+01 5.331530e+00 2.668430e+00
      endloop
   endfacet
   facet normal -4.226182e-01 0.000000e+00 9.063078e-01
      outer loop
         vertex 3.526382e+01 5.331530e+00 2.668430e+00
         vertex 3.482938e+01 2.331530e+00 2.465845e+00
         vertex 3.526382e+01 2.331530e+00 2.668430e+00
      endloop
   endfacet
   facet normal -5.735764e-01 0.000000e+00 8.191521e-01
      outer loop
         vertex 3.526382e+01 5.331530e+00 2.668430e+00
         vertex 3.526382e+01 2.331530e+00 2.668430e+00
         vertex 3.565649e+01 5.331530e+00 2.943377e+00
      endloop
   endfacet
   facet normal -5.735764e-01 0.000000e+00 8.191521e-01
      outer loop
         vertex 3.565649e+01 5.331530e+00 2.943377e+00
         vertex 3.526382e+01 2.331530e+00 2.668430e+00
         vertex 3.565649e+01 2.331530e+00 2.943377e+00
      endloop
   endfacet
   facet normal -7.071068e-01 0.000000e+00 7.071068e-01
      outer loop
         vertex 3.565649e+01 5.331530e+00 2.943377e+00
         vertex 3.565649e+01 2.331530e+00 2.943377e+00
         vertex 3.599545e+01 5.331530e+00 3.282334e+00
      endloop
   endfacet
   facet normal -7.071068e-01 0.000000e+00 7.071068e-01
      outer loop
         vertex 3.599545e+01 5.331530e+00 3.282334e+00
         vertex 3.565649e+01 2.331530e+00 2.943377e+00
         vertex 3.599545e+01 2.331530e+00 3.282334e+00
      endloop
   endfacet
   facet normal -8.191521e-01 0.000000e+00 5.735764e-01
      outer loop
         vertex 3.599545e+01 5.331530e+00 3.282334e+00
         vertex 3.599545e+01 2.331530e+00 3.282334e+00
         vertex 3.627039e+01 5.331530e+00 3.675000e+00
      endloop
   endfacet
   facet normal -8.191521e-01 0.000000e+00 5.735764e-01
      outer loop
         vertex 3.627039e+01 5.331530e+00 3.675000e+00
         vertex 3.599545e+01 2.331530e+00 3.282334e+00
         vertex 3.627039e+01 2.331530e+00 3.675000e+00
      endloop
   endfacet
   facet normal -9.063078e-01 0.000000e+00 4.226182e-01
      outer loop
         vertex 3.627039e+01 5.331530e+00 3.675000e+00
         vertex 3.627039e+01 2.331530e+00 3.675000e+00
         vertex 3.647298e+01 5.331530e+00 4.109444e+00
      endloop
   endfacet
   facet normal -9.063078e-01 0.000000e+00 4.226182e-01
      outer loop
         vertex 3.647298e+01 5.331530e+00 4.109444e+00
         vertex 3.627039e+01 2.331530e+00 3.675000e+00
         vertex 3.647298e+01 2.331530e+00 4.109444e+00
      endloop
   endfacet
   facet normal -9.659258e-01 0.000000e+00 2.588190e-01
      outer loop
         vertex 3.647298e+01 5.331530e+00 4.109444e+00
         vertex 3.647298e+01 2.331530e+00 4.109444e+00
         vertex 3.659705e+01 5.331530e+00 4.572467e+00
      endloop
   endfacet
   facet normal -9.659258e-01 0.000000e+00 2.588190e-01
      outer loop
         vertex 3.659705e+01 5.331530e+00 4.572467e+00
         vertex 3.647298e+01 2.331530e+00 4.109444e+00
         vertex 3.659705e+01 2.331530e+00 4.572467e+00
      endloop
   endfacet
   facet normal -9.961947e-01 0.000000e+00 8.715572e-02
      outer loop
         vertex 3.659705e+01 5.331530e+00 4.572467e+00
         vertex 3.659705e+01 2.331530e+00 4.572467e+00
         vertex 3.663882e+01 5.331530e+00 5.050000e+00
      endloop
   endfacet
   facet normal -9.961947e-01 0.000000e+00 8.715572e-02
      outer loop
         vertex 3.663882e+01 5.331530e+00 5.050000e+00
         vertex 3.659705e+01 2.331530e+00 4.572467e+00
         vertex 3.663882e+01 2.331530e+00 5.050000e+00
      endloop
   endfacet
   facet normal -9.961947e-01 -0.000000e+00 -8.715572e-02
      outer loop
         vertex 3.663882e+01 5.331530e+00 5.050000e+00
         vertex 3.663882e+01 2.331530e+00 5.050000e+00
         vertex 3.659705e+01 5.331530e+00 5.527532e+00
      endloop
   endfacet
   facet normal -9.961947e-01 -0.000000e+00 -8.715572e-02
      outer loop
         vertex 3.659705e+01 5.331530e+00 5.527532e+00
         vertex 3.663882e+01 2.331530e+00 5.050000e+00
         vertex 3.659705e+01 2.331530e+00 5.527532e+00
      endloop
   endfacet
   facet normal -9.659258e-01 -0.000000e+00 -2.588190e-01
      outer loop
         vertex 3.659705e+01 5.331530e+00 5.527532e+00
         vertex 3.659705e+01 2.331530e+00 5.527532e+00
         vertex 3.647298e+01 5.331530e+00 5.990555e+00
      endloop
   endfacet
   facet normal -9.659258e-01 -0.000000e+00 -2.588190e-01
      outer loop
         vertex 3.647298e+01 5.331530e+00 5.990555e+00
         vertex 3.659705e+01 2.331530e+00 5.527532e+00
         vertex 3.647298e+01 2.331530e+00 5.990555e+00
      endloop
   endfacet
   facet normal -9.063078e-01 -0.000000e+00 -4.226182e-01
      outer loop
         vertex 3.647298e+01 5.331530e+00 5.990555e+00
         vertex 3.647298e+01 2.331530e+00 5.990555e+00
         vertex 3.627039e+01 5.331530e+00 6.425000e+00
      endloop
   endfacet
   facet normal -9.063078e-01 -0.000000e+00 -4.226182e-01
      outer loop
         vertex 3.627039e+01 5.331530e+00 6.425000e+00
         vertex 3.647298e+01 2.331530e+00 5.990555e+00
         vertex 3.627039e+01 2.331530e+00 6.425000e+00
      endloop
   endfacet
   facet normal -8.191521e-01 -0.000000e+00 -5.735764e-01
      outer loop
         vertex 3.627039e+01 5.331530e+00 6.425000e+00
         vertex 3.627039e+01 2.331530e+00 6.425000e+00
         vertex 3.599545e+01 5.331530e+00 6.817666e+00
      endloop
   endfacet
   facet normal -8.191521e-01 -0.000000e+00 -5.735764e-01
      outer loop
         vertex 3.599545e+01 5.331530e+00 6.817666e+00
         vertex 3.627039e+01 2.331530e+00 6.425000e+00
         vertex 3.599545e+01 2.331530e+00 6.817666e+00
      endloop
   endfacet
   facet normal -7.071068e-01 -0.000000e+00 -7.071068e-01
      outer loop
         vertex 3.599545e+01 5.331530e+00 6.817666e+00
         vertex 3.599545e+01 2.331530e+00 6.817666e+00
         vertex 3.565649e+01 5.331530e+00 7.156622e+00
      endloop
   endfacet
   facet normal -7.071068e-01 -0.000000e+00 -7.071068e-01
      outer loop
         vertex 3.565649e+01 5.331530e+00 7.156622e+00
         vertex 3.599545e+01 2.331530e+00 6.817666e+00
         vertex 3.565649e+01 2.331530e+00 7.156622e+00
      endloop
   endfacet
   facet normal -5.735764e-01 -0.000000e+00 -8.191521e-01
      outer loop
         vertex 3.565649e+01 5.331530e+00 7.156622e+00
         vertex 3.565649e+01 2.331530e+00 7.156622e+00
         vertex 3.526382e+01 5.331530e+00 7.431570e+00
      endloop
   endfacet
   facet normal -5.735764e-01 -0.000000e+00 -8.191521e-01
      outer loop
         vertex 3.526382e+01 5.331530e+00 7.431570e+00
         vertex 3.565649e+01 2.331530e+00 7.156622e+00
         vertex 3.526382e+01 2.331530e+00 7.431570e+00
      endloop
   endfacet
   facet normal -4.226182e-01 -0.000000e+00 -9.063078e-01
      outer loop
         vertex 3.526382e+01 5.331530e+00 7.431570e+00
         vertex 3.526382e+01 2.331530e+00 7.431570e+00
         vertex 3.482938e+01 5.331530e+00 7.634155e+00
      endloop
   endfacet
   facet normal -4.226182e-01 -0.000000e+00 -9.063078e-01
      outer loop
         vertex 3.482938e+01 5.331530e+00 7.634155e+00
         vertex 3.526382e+01 2.331530e+00 7.431570e+00
         vertex 3.482938e+01 2.331530e+00 7.634155e+00
      endloop
   endfacet
   facet normal -2.588190e-01 -0.000000e+00 -9.659258e-01
      outer loop
         vertex 3.482938e+01 5.331530e+00 7.634155e+00
         vertex 3.482938e+01 2.331530e+00 7.634155e+00
         vertex 3.436636e+01 5.331530e+00 7.758221e+00
      endloop
   endfacet
   facet normal -2.588190e-01 -0.000000e+00 -9.659258e-01
      outer loop
         vertex 3.436636e+01 5.331530e+00 7.758221e+00
         vertex 3.482938e+01 2.331530e+00 7.634155e+00
         vertex 3.436636e+01 2.331530e+00 7.758221e+00
      endloop
   endfacet
   facet normal -8.715572e-02 -0.000000e+00 -9.961947e-01
      outer loop
         vertex 3.436636e+01 5.331530e+00 7.758221e+00
         vertex 3.436636e+01 2.331530e+00 7.758221e+00
         vertex 3.388882e+01 5.331530e+00 7.800000e+00
      endloop
   endfacet
   facet normal -8.715572e-02 -0.000000e+00 -9.961947e-01
      outer loop
         vertex 3.388882e+01 5.331530e+00 7.800000e+00
         vertex 3.436636e+01 2.331530e+00 7.758221e+00
         vertex 3.388882e+01 2.331530e+00 7.800000e+00
      endloop
   endfacet
   facet normal 8.715572e-02 0.000000e+00 -9.961947e-01
      outer loop
         vertex 3.388882e+01 5.331530e+00 7.800000e+00
         vertex 3.388882e+01 2.331530e+00 7.800000e+00
         vertex 3.341129e+01 5.331530e+00 7.758221e+00
      endloop
   endfacet
   facet normal 8.715572e-02 0.000000e+00 -9.961947e-01
      outer loop
         vertex 3.341129e+01 5.331530e+00 7.758221e+00
         vertex 3.388882e+01 2.331530e+00 7.800000e+00
         vertex 3.341129e+01 2.331530e+00 7.758221e+00
      endloop
   endfacet
   facet normal 2.588190e-01 0.000000e+00 -9.659258e-01
      outer loop
         vertex 3.341129e+01 5.331530e+00 7.758221e+00
         vertex 3.341129e+01 2.331530e+00 7.758221e+00
         vertex 3.294827e+01 5.331530e+00 7.634155e+00
      endloop
   endfacet
   facet normal 2.588190e-01 0.000000e+00 -9.659258e-01
      outer loop
         vertex 3.294827e+01 5.331530e+00 7.634155e+00
         vertex 3.341129e+01 2.331530e+00 7.758221e+00
         vertex 3.294827e+01 2.331530e+00 7.634155e+00
      endloop
   endfacet
   facet normal 4.226182e-01 0.000000e+00 -9.063078e-01
      outer loop
         vertex 3.294827e+01 5.331530e+00 7.634155e+00
         vertex 3.294827e+01 2.331530e+00 7.634155e+00
         vertex 3.251382e+01 5.331530e+00 7.431570e+00
      endloop
   endfacet
   facet normal 4.226182e-01 0.000000e+00 -9.063078e-01
      outer loop
         vertex 3.251382e+01 5.331530e+00 7.431570e+00
         vertex 3.294827e+01 2.331530e+00 7.634155e+00
         vertex 3.251382e+01 2.331530e+00 7.431570e+00
      endloop
   endfacet
   facet normal 5.735764e-01 0.000000e+00 -8.191521e-01
      outer loop
         vertex 3.251382e+01 5.331530e+00 7.431570e+00
         vertex 3.251382e+01 2.331530e+00 7.431570e+00
         vertex 3.212116e+01 5.331530e+00 7.156622e+00
      endloop
   endfacet
   facet normal 5.735764e-01 0.000000e+00 -8.191521e-01
      outer loop
         vertex 3.212116e+01 5.331530e+00 7.156622e+00
         vertex 3.251382e+01 2.331530e+00 7.431570e+00
         vertex 3.212116e+01 2.331530e+00 7.156622e+00
      endloop
   endfacet
   facet normal 7.071068e-01 0.000000e+00 -7.071068e-01
      outer loop
         vertex 3.212116e+01 5.331530e+00 7.156622e+00
         vertex 3.212116e+01 2.331530e+00 7.156622e+00
         vertex 3.178220e+01 5.331530e+00 6.817666e+00
      endloop
   endfacet
   facet normal 7.071068e-01 0.000000e+00 -7.071068e-01
      outer loop
         vertex 3.178220e+01 5.331530e+00 6.817666e+00
         vertex 3.212116e+01 2.331530e+00 7.156622e+00
         vertex 3.178220e+01 2.331530e+00 6.817666e+00
      endloop
   endfacet
   facet normal 8.191521e-01 0.000000e+00 -5.735764e-01
      outer loop
         vertex 3.178220e+01 5.331530e+00 6.817666e+00
         vertex 3.178220e+01 2.331530e+00 6.817666e+00
         vertex 3.150725e+01 5.331530e+00 6.425000e+00
      endloop
   endfacet
   facet normal 8.191521e-01 0.000000e+00 -5.735764e-01
      outer loop
         vertex 3.150725e+01 5.331530e+00 6.425000e+00
         vertex 3.178220e+01 2.331530e+00 6.817666e+00
         vertex 3.150725e+01 2.331530e+00 6.425000e+00
      endloop
   endfacet
   facet normal 9.063078e-01 0.000000e+00 -4.226182e-01
      outer loop
         vertex 3.150725e+01 5.331530e+00 6.425000e+00
         vertex 3.150725e+01 2.331530e+00 6.425000e+00
         vertex 3.130467e+01 5.331530e+00 5.990555e+00
      endloop
   endfacet
   facet normal 9.063078e-01 0.000000e+00 -4.226182e-01
      outer loop
         vertex 3.130467e+01 5.331530e+00 5.990555e+00
         vertex 3.150725e+01 2.331530e+00 6.425000e+00
         vertex 3.130467e+01 2.331530e+00 5.990555e+00
      endloop
   endfacet
   facet normal 9.659258e-01 0.000000e+00 -2.588190e-01
      outer loop
         vertex 3.130467e+01 5.331530e+00 5.990555e+00
         vertex 3.130467e+01 2.331530e+00 5.990555e+00
         vertex 3.118060e+01 5.331530e+00 5.527532e+00
      endloop
   endfacet
   facet normal 9.659258e-01 0.000000e+00 -2.588190e-01
      outer loop
         vertex 3.118060e+01 5.331530e+00 5.527532e+00
         vertex 3.130467e+01 2.331530e+00 5.990555e+00
         vertex 3.118060e+01 2.331530e+00 5.527532e+00
      endloop
   endfacet
   facet normal 9.961947e-01 0.000000e+00 -8.715572e-02
      outer loop
         vertex 3.118060e+01 5.331530e+00 5.527532e+00
         vertex 3.118060e+01 2.331530e+00 5.527532e+00
         vertex 3.113882e+01 5.331530e+00 5.050000e+00
      endloop
   endfacet
   facet normal 9.961947e-01 0.000000e+00 -8.715572e-02
      outer loop
         vertex 3.113882e+01 5.331530e+00 5.050000e+00
         vertex 3.118060e+01 2.331530e+00 5.527532e+00
         vertex 3.113882e+01 2.331530e+00 5.050000e+00
      endloop
   endfacet
   facet normal 9.961947e-01 0.000000e+00 8.715572e-02
      outer loop
         vertex 3.113882e+01 5.331530e+00 5.050000e+00
         vertex 3.113882e+01 2.331530e+00 5.050000e+00
         vertex 3.118060e+01 5.331530e+00 4.572467e+00
      endloop
   endfacet
   facet normal 9.961947e-01 0.000000e+00 8.715572e-02
      outer loop
         vertex 3.118060e+01 5.331530e+00 4.572467e+00
         vertex 3.113882e+01 2.331530e+00 5.050000e+00
         vertex 3.118060e+01 2.331530e+00 4.572467e+00
      endloop
   endfacet
   facet normal 9.659258e-01 0.000000e+00 2.588190e-01
      outer loop
         vertex 3.118060e+01 5.331530e+00 4.572467e+00
         vertex 3.118060e+01 2.331530e+00 4.572467e+00
         vertex 3.130467e+01 5.331530e+00 4.109444e+00
      endloop
   endfacet
   facet normal 9.659258e-01 0.000000e+00 2.588190e-01
      outer loop
         vertex 3.130467e+01 5.331530e+00 4.109444e+00
         vertex 3.118060e+01 2.331530e+00 4.572467e+00
         vertex 3.130467e+01 2.331530e+00 4.109444e+00
      endloop
   endfacet
   facet normal 9.063078e-01 0.000000e+00 4.226182e-01
      outer loop
         vertex 3.130467e+01 5.331530e+00 4.109444e+00
         vertex 3.130467e+01 2.331530e+00 4.109444e+00
         vertex 3.150725e+01 5.331530e+00 3.675000e+00
      endloop
   endfacet
   facet normal 9.063078e-01 0.000000e+00 4.226182e-01
      outer loop
         vertex 3.150725e+01 5.331530e+00 3.675000e+00
         vertex 3.130467e+01 2.331530e+00 4.109444e+00
         vertex 3.150725e+01 2.331530e+00 3.675000e+00
      endloop
   endfacet
   facet normal 8.191521e-01 0.000000e+00 5.735764e-01
      outer loop
         vertex 3.150725e+01 5.331530e+00 3.675000e+00
         vertex 3.150725e+01 2.331530e+00 3.675000e+00
         vertex 3.178220e+01 5.331530e+00 3.282334e+00
      endloop
   endfacet
   facet normal 8.191521e-01 0.000000e+00 5.735764e-01
      outer loop
         vertex 3.178220e+01 5.331530e+00 3.282334e+00
         vertex 3.150725e+01 2.331530e+00 3.675000e+00
         vertex 3.178220e+01 2.331530e+00 3.282334e+00
      endloop
   endfacet
   facet normal 7.071068e-01 0.000000e+00 7.071068e-01
      outer loop
         vertex 3.178220e+01 5.331530e+00 3.282334e+00
         vertex 3.178220e+01 2.331530e+00 3.282334e+00
         vertex 3.212116e+01 5.331530e+00 2.943377e+00
      endloop
   endfacet
   facet normal 7.071068e-01 0.000000e+00 7.071068e-01
      outer loop
         vertex 3.212116e+01 5.331530e+00 2.943377e+00
         vertex 3.178220e+01 2.331530e+00 3.282334e+00
         vertex 3.212116e+01 2.331530e+00 2.943377e+00
      endloop
   endfacet
   facet normal 5.735764e-01 0.000000e+00 8.191521e-01
      outer loop
         vertex 3.212116e+01 5.331530e+00 2.943377e+00
         vertex 3.212116e+01 2.331530e+00 2.943377e+00
         vertex 3.251382e+01 5.331530e+00 2.668430e+00
      endloop
   endfacet
   facet normal 5.735764e-01 0.000000e+00 8.191521e-01
      outer loop
         vertex 3.251382e+01 5.331530e+00 2.668430e+00
         vertex 3.212116e+01 2.331530e+00 2.943377e+00
         vertex 3.251382e+01 2.331530e+00 2.668430e+00
      endloop
   endfacet
   facet normal 4.226182e-01 0.000000e+00 9.063078e-01
      outer loop
         vertex 3.251382e+01 5.331530e+00 2.668430e+00
         vertex 3.251382e+01 2.331530e+00 2.668430e+00
         vertex 3.294827e+01 5.331530e+00 2.465845e+00
      endloop
   endfacet
   facet normal 4.226182e-01 0.000000e+00 9.063078e-01
      outer loop
         vertex 3.294827e+01 5.331530e+00 2.465845e+00
         vertex 3.251382e+01 2.331530e+00 2.668430e+00
         vertex 3.294827e+01 2.331530e+00 2.465845e+00
      endloop
   endfacet
   facet normal 2.588190e-01 0.000000e+00 9.659258e-01
      outer loop
         vertex 3.294827e+01 5.331530e+00 2.465845e+00
         vertex 3.294827e+01 2.331530e+00 2.465845e+00
         vertex 3.341129e+01 5.331530e+00 2.341778e+00
      endloop
   endfacet
   facet normal 2.588190e-01 0.000000e+00 9.659258e-01
      outer loop
         vertex 3.341129e+01 5.331530e+00 2.341778e+00
         vertex 3.294827e+01 2.331530e+00 2.465845e+00
         vertex 3.341129e+01 2.331530e+00 2.341778e+00
      endloop
   endfacet
   facet normal 8.715572e-02 0.000000e+00 9.961947e-01
      outer loop
         vertex 3.341129e+01 5.331530e+00 2.341778e+00
         vertex 3.341129e+01 2.331530e+00 2.341778e+00
         vertex 3.388882e+01 5.331530e+00 2.300000e+00
      endloop
   endfacet
   facet normal 8.715572e-02 0.000000e+00 9.961947e-01
      outer loop
         vertex 3.388882e+01 5.331530e+00 2.300000e+00
         vertex 3.341129e+01 2.331530e+00 2.341778e+00
         vertex 3.388882e+01 2.331530e+00 2.300000e+00
      endloop
   endfacet
   facet normal -9.961950e-01 8.715282e-02 0.000000e+00
      outer loop
         vertex 1.763882e+01 3.831530e+00 2.550000e+00
         vertex 1.765781e+01 4.048590e+00 7.550000e+00
         vertex 1.765781e+01 4.048590e+00 2.550000e+00
      endloop
   endfacet
   facet normal -9.659264e-01 2.588170e-01 0.000000e+00
      outer loop
         vertex 1.765781e+01 4.048590e+00 2.550000e+00
         vertex 1.765781e+01 4.048590e+00 7.550000e+00
         vertex 1.771421e+01 4.259055e+00 7.550000e+00
      endloop
   endfacet
   facet normal -9.659264e-01 2.588170e-01 0.000000e+00
      outer loop
         vertex 1.765781e+01 4.048590e+00 2.550000e+00
         vertex 1.771421e+01 4.259055e+00 7.550000e+00
         vertex 1.771421e+01 4.259055e+00 2.550000e+00
      endloop
   endfacet
   facet normal -9.063053e-01 4.226237e-01 0.000000e+00
      outer loop
         vertex 1.771421e+01 4.259055e+00 2.550000e+00
         vertex 1.771421e+01 4.259055e+00 7.550000e+00
         vertex 1.780629e+01 4.456530e+00 7.550000e+00
      endloop
   endfacet
   facet normal -9.063053e-01 4.226237e-01 0.000000e+00
      outer loop
         vertex 1.771421e+01 4.259055e+00 2.550000e+00
         vertex 1.780629e+01 4.456530e+00 7.550000e+00
         vertex 1.780629e+01 4.456530e+00 2.550000e+00
      endloop
   endfacet
   facet normal -8.191524e-01 5.735759e-01 0.000000e+00
      outer loop
         vertex 1.780629e+01 4.456530e+00 2.550000e+00
         vertex 1.780629e+01 4.456530e+00 7.550000e+00
         vertex 1.793127e+01 4.635014e+00 7.550000e+00
      endloop
   endfacet
   facet normal -8.191524e-01 5.735759e-01 0.000000e+00
      outer loop
         vertex 1.780629e+01 4.456530e+00 2.550000e+00
         vertex 1.793127e+01 4.635014e+00 7.550000e+00
         vertex 1.793127e+01 4.635014e+00 2.550000e+00
      endloop
   endfacet
   facet normal -7.071078e-01 7.071057e-01 0.000000e+00
      outer loop
         vertex 1.793127e+01 4.635014e+00 2.550000e+00
         vertex 1.793127e+01 4.635014e+00 7.550000e+00
         vertex 1.808534e+01 4.789085e+00 7.550000e+00
      endloop
   endfacet
   facet normal -7.071078e-01 7.071057e-01 0.000000e+00
      outer loop
         vertex 1.793127e+01 4.635014e+00 2.550000e+00
         vertex 1.808534e+01 4.789085e+00 7.550000e+00
         vertex 1.808534e+01 4.789085e+00 2.550000e+00
      endloop
   endfacet
   facet normal -5.735770e-01 8.191516e-01 0.000000e+00
      outer loop
         vertex 1.808534e+01 4.789085e+00 2.550000e+00
         vertex 1.808534e+01 4.789085e+00 7.550000e+00
         vertex 1.826382e+01 4.914062e+00 7.550000e+00
      endloop
   endfacet
   facet normal -5.735770e-01 8.191516e-01 0.000000e+00
      outer loop
         vertex 1.808534e+01 4.789085e+00 2.550000e+00
         vertex 1.826382e+01 4.914062e+00 7.550000e+00
         vertex 1.826382e+01 4.914062e+00 2.550000e+00
      endloop
   endfacet
   facet normal -4.226183e-01 9.063077e-01 0.000000e+00
      outer loop
         vertex 1.826382e+01 4.914062e+00 2.550000e+00
         vertex 1.826382e+01 4.914062e+00 7.550000e+00
         vertex 1.846130e+01 5.006146e+00 7.550000e+00
      endloop
   endfacet
   facet normal -4.226183e-01 9.063077e-01 0.000000e+00
      outer loop
         vertex 1.826382e+01 4.914062e+00 2.550000e+00
         vertex 1.846130e+01 5.006146e+00 7.550000e+00
         vertex 1.846130e+01 5.006146e+00 2.550000e+00
      endloop
   endfacet
   facet normal -2.588191e-01 9.659258e-01 0.000000e+00
      outer loop
         vertex 1.846130e+01 5.006146e+00 2.550000e+00
         vertex 1.846130e+01 5.006146e+00 7.550000e+00
         vertex 1.867176e+01 5.062539e+00 7.550000e+00
      endloop
   endfacet
   facet normal -2.588191e-01 9.659258e-01 0.000000e+00
      outer loop
         vertex 1.846130e+01 5.006146e+00 2.550000e+00
         vertex 1.867176e+01 5.062539e+00 7.550000e+00
         vertex 1.867176e+01 5.062539e+00 2.550000e+00
      endloop
   endfacet
   facet normal -8.715534e-02 9.961947e-01 0.000000e+00
      outer loop
         vertex 1.867176e+01 5.062539e+00 2.550000e+00
         vertex 1.867176e+01 5.062539e+00 7.550000e+00
         vertex 1.888882e+01 5.081530e+00 7.550000e+00
      endloop
   endfacet
   facet normal -8.715534e-02 9.961947e-01 0.000000e+00
      outer loop
         vertex 1.867176e+01 5.062539e+00 2.550000e+00
         vertex 1.888882e+01 5.081530e+00 7.550000e+00
         vertex 1.888882e+01 5.081530e+00 2.550000e+00
      endloop
   endfacet
   facet normal 8.715571e-02 9.961947e-01 -0.000000e+00
      outer loop
         vertex 1.888882e+01 5.081530e+00 2.550000e+00
         vertex 1.888882e+01 5.081530e+00 7.550000e+00
         vertex 1.910588e+01 5.062539e+00 7.550000e+00
      endloop
   endfacet
   facet normal 8.715571e-02 9.961947e-01 0.000000e+00
      outer loop
         vertex 1.888882e+01 5.081530e+00 2.550000e+00
         vertex 1.910588e+01 5.062539e+00 7.550000e+00
         vertex 1.910588e+01 5.062539e+00 2.550000e+00
      endloop
   endfacet
   facet normal 2.588191e-01 9.659258e-01 -0.000000e+00
      outer loop
         vertex 1.910588e+01 5.062539e+00 2.550000e+00
         vertex 1.910588e+01 5.062539e+00 7.550000e+00
         vertex 1.931635e+01 5.006146e+00 7.550000e+00
      endloop
   endfacet
   facet normal 2.588191e-01 9.659258e-01 0.000000e+00
      outer loop
         vertex 1.910588e+01 5.062539e+00 2.550000e+00
         vertex 1.931635e+01 5.006146e+00 7.550000e+00
         vertex 1.931635e+01 5.006146e+00 2.550000e+00
      endloop
   endfacet
   facet normal 4.226183e-01 9.063077e-01 -0.000000e+00
      outer loop
         vertex 1.931635e+01 5.006146e+00 2.550000e+00
         vertex 1.931635e+01 5.006146e+00 7.550000e+00
         vertex 1.951382e+01 4.914062e+00 7.550000e+00
      endloop
   endfacet
   facet normal 4.226183e-01 9.063077e-01 0.000000e+00
      outer loop
         vertex 1.931635e+01 5.006146e+00 2.550000e+00
         vertex 1.951382e+01 4.914062e+00 7.550000e+00
         vertex 1.951382e+01 4.914062e+00 2.550000e+00
      endloop
   endfacet
   facet normal 5.735750e-01 8.191530e-01 -0.000000e+00
      outer loop
         vertex 1.951382e+01 4.914062e+00 2.550000e+00
         vertex 1.951382e+01 4.914062e+00 7.550000e+00
         vertex 1.969231e+01 4.789085e+00 7.550000e+00
      endloop
   endfacet
   facet normal 5.735750e-01 8.191530e-01 0.000000e+00
      outer loop
         vertex 1.951382e+01 4.914062e+00 2.550000e+00
         vertex 1.969231e+01 4.789085e+00 7.550000e+00
         vertex 1.969231e+01 4.789085e+00 2.550000e+00
      endloop
   endfacet
   facet normal 7.071078e-01 7.071057e-01 -0.000000e+00
      outer loop
         vertex 1.969231e+01 4.789085e+00 2.550000e+00
         vertex 1.969231e+01 4.789085e+00 7.550000e+00
         vertex 1.984638e+01 4.635014e+00 7.550000e+00
      endloop
   endfacet
   facet normal 7.071078e-01 7.071057e-01 0.000000e+00
      outer loop
         vertex 1.969231e+01 4.789085e+00 2.550000e+00
         vertex 1.984638e+01 4.635014e+00 7.550000e+00
         vertex 1.984638e+01 4.635014e+00 2.550000e+00
      endloop
   endfacet
   facet normal 8.191524e-01 5.735759e-01 -0.000000e+00
      outer loop
         vertex 1.984638e+01 4.635014e+00 2.550000e+00
         vertex 1.984638e+01 4.635014e+00 7.550000e+00
         vertex 1.997136e+01 4.456530e+00 7.550000e+00
      endloop
   endfacet
   facet normal 8.191524e-01 5.735759e-01 0.000000e+00
      outer loop
         vertex 1.984638e+01 4.635014e+00 2.550000e+00
         vertex 1.997136e+01 4.456530e+00 7.550000e+00
         vertex 1.997136e+01 4.456530e+00 2.550000e+00
      endloop
   endfacet
   facet normal 9.063069e-01 4.226201e-01 -0.000000e+00
      outer loop
         vertex 1.997136e+01 4.456530e+00 2.550000e+00
         vertex 1.997136e+01 4.456530e+00 7.550000e+00
         vertex 2.006344e+01 4.259055e+00 7.550000e+00
      endloop
   endfacet
   facet normal 9.063069e-01 4.226201e-01 0.000000e+00
      outer loop
         vertex 1.997136e+01 4.456530e+00 2.550000e+00
         vertex 2.006344e+01 4.259055e+00 7.550000e+00
         vertex 2.006344e+01 4.259055e+00 2.550000e+00
      endloop
   endfacet
   facet normal 9.659264e-01 2.588170e-01 -0.000000e+00
      outer loop
         vertex 2.006344e+01 4.259055e+00 2.550000e+00
         vertex 2.006344e+01 4.259055e+00 7.550000e+00
         vertex 2.011983e+01 4.048590e+00 7.550000e+00
      endloop
   endfacet
   facet normal 9.659264e-01 2.588170e-01 0.000000e+00
      outer loop
         vertex 2.006344e+01 4.259055e+00 2.550000e+00
         vertex 2.011983e+01 4.048590e+00 7.550000e+00
         vertex 2.011983e+01 4.048590e+00 2.550000e+00
      endloop
   endfacet
   facet normal 9.961946e-01 8.715706e-02 -0.000000e+00
      outer loop
         vertex 2.011983e+01 4.048590e+00 2.550000e+00
         vertex 2.011983e+01 4.048590e+00 7.550000e+00
         vertex 2.013882e+01 3.831530e+00 7.550000e+00
      endloop
   endfacet
   facet normal 9.961946e-01 8.715706e-02 0.000000e+00
      outer loop
         vertex 2.011983e+01 4.048590e+00 2.550000e+00
         vertex 2.013882e+01 3.831530e+00 7.550000e+00
         vertex 2.013882e+01 3.831530e+00 2.550000e+00
      endloop
   endfacet
   facet normal 9.961946e-01 -8.715706e-02 0.000000e+00
      outer loop
         vertex 2.013882e+01 3.831530e+00 2.550000e+00
         vertex 2.013882e+01 3.831530e+00 7.550000e+00
         vertex 2.011983e+01 3.614470e+00 7.550000e+00
      endloop
   endfacet
   facet normal 9.961946e-01 -8.715706e-02 0.000000e+00
      outer loop
         vertex 2.013882e+01 3.831530e+00 2.550000e+00
         vertex 2.011983e+01 3.614470e+00 7.550000e+00
         vertex 2.011983e+01 3.614470e+00 2.550000e+00
      endloop
   endfacet
   facet normal 9.659264e-01 -2.588170e-01 0.000000e+00
      outer loop
         vertex 2.011983e+01 3.614470e+00 2.550000e+00
         vertex 2.011983e+01 3.614470e+00 7.550000e+00
         vertex 2.006344e+01 3.404005e+00 7.550000e+00
      endloop
   endfacet
   facet normal 9.659264e-01 -2.588170e-01 0.000000e+00
      outer loop
         vertex 2.011983e+01 3.614470e+00 2.550000e+00
         vertex 2.006344e+01 3.404005e+00 7.550000e+00
         vertex 2.006344e+01 3.404005e+00 2.550000e+00
      endloop
   endfacet
   facet normal 9.063069e-01 -4.226201e-01 0.000000e+00
      outer loop
         vertex 2.006344e+01 3.404005e+00 2.550000e+00
         vertex 2.006344e+01 3.404005e+00 7.550000e+00
         vertex 1.997136e+01 3.206530e+00 7.550000e+00
      endloop
   endfacet
   facet normal 9.063069e-01 -4.226201e-01 0.000000e+00
      outer loop
         vertex 2.006344e+01 3.404005e+00 2.550000e+00
         vertex 1.997136e+01 3.206530e+00 7.550000e+00
         vertex 1.997136e+01 3.206530e+00 2.550000e+00
      endloop
   endfacet
   facet normal 8.191524e-01 -5.735759e-01 0.000000e+00
      outer loop
         vertex 1.997136e+01 3.206530e+00 2.550000e+00
         vertex 1.997136e+01 3.206530e+00 7.550000e+00
         vertex 1.984638e+01 3.028045e+00 7.550000e+00
      endloop
   endfacet
   facet normal 8.191524e-01 -5.735759e-01 0.000000e+00
      outer loop
         vertex 1.997136e+01 3.206530e+00 2.550000e+00
         vertex 1.984638e+01 3.028045e+00 7.550000e+00
         vertex 1.984638e+01 3.028045e+00 2.550000e+00
      endloop
   endfacet
   facet normal 7.071078e-01 -7.071057e-01 0.000000e+00
      outer loop
         vertex 1.984638e+01 3.028045e+00 2.550000e+00
         vertex 1.984638e+01 3.028045e+00 7.550000e+00
         vertex 1.969231e+01 2.873974e+00 7.550000e+00
      endloop
   endfacet
   facet normal 7.071078e-01 -7.071057e-01 0.000000e+00
      outer loop
         vertex 1.984638e+01 3.028045e+00 2.550000e+00
         vertex 1.969231e+01 2.873974e+00 7.550000e+00
         vertex 1.969231e+01 2.873974e+00 2.550000e+00
      endloop
   endfacet
   facet normal 5.735750e-01 -8.191530e-01 0.000000e+00
      outer loop
         vertex 1.969231e+01 2.873974e+00 2.550000e+00
         vertex 1.969231e+01 2.873974e+00 7.550000e+00
         vertex 1.951382e+01 2.748998e+00 7.550000e+00
      endloop
   endfacet
   facet normal 5.735750e-01 -8.191530e-01 0.000000e+00
      outer loop
         vertex 1.969231e+01 2.873974e+00 2.550000e+00
         vertex 1.951382e+01 2.748998e+00 7.550000e+00
         vertex 1.951382e+01 2.748998e+00 2.550000e+00
      endloop
   endfacet
   facet normal 4.226183e-01 -9.063077e-01 0.000000e+00
      outer loop
         vertex 1.951382e+01 2.748998e+00 2.550000e+00
         vertex 1.951382e+01 2.748998e+00 7.550000e+00
         vertex 1.931635e+01 2.656914e+00 7.550000e+00
      endloop
   endfacet
   facet normal 4.226183e-01 -9.063077e-01 0.000000e+00
      outer loop
         vertex 1.951382e+01 2.748998e+00 2.550000e+00
         vertex 1.931635e+01 2.656914e+00 7.550000e+00
         vertex 1.931635e+01 2.656914e+00 2.550000e+00
      endloop
   endfacet
   facet normal 2.588191e-01 -9.659258e-01 0.000000e+00
      outer loop
         vertex 1.931635e+01 2.656914e+00 2.550000e+00
         vertex 1.931635e+01 2.656914e+00 7.550000e+00
         vertex 1.910588e+01 2.600520e+00 7.550000e+00
      endloop
   endfacet
   facet normal 2.588191e-01 -9.659258e-01 0.000000e+00
      outer loop
         vertex 1.931635e+01 2.656914e+00 2.550000e+00
         vertex 1.910588e+01 2.600520e+00 7.550000e+00
         vertex 1.910588e+01 2.600520e+00 2.550000e+00
      endloop
   endfacet
   facet normal 8.715571e-02 -9.961947e-01 0.000000e+00
      outer loop
         vertex 1.910588e+01 2.600520e+00 2.550000e+00
         vertex 1.910588e+01 2.600520e+00 7.550000e+00
         vertex 1.888882e+01 2.581530e+00 7.550000e+00
      endloop
   endfacet
   facet normal 8.715571e-02 -9.961947e-01 0.000000e+00
      outer loop
         vertex 1.910588e+01 2.600520e+00 2.550000e+00
         vertex 1.888882e+01 2.581530e+00 7.550000e+00
         vertex 1.888882e+01 2.581530e+00 2.550000e+00
      endloop
   endfacet
   facet normal -8.715534e-02 -9.961947e-01 0.000000e+00
      outer loop
         vertex 1.888882e+01 2.581530e+00 2.550000e+00
         vertex 1.888882e+01 2.581530e+00 7.550000e+00
         vertex 1.867176e+01 2.600520e+00 7.550000e+00
      endloop
   endfacet
   facet normal -8.715534e-02 -9.961947e-01 0.000000e+00
      outer loop
         vertex 1.888882e+01 2.581530e+00 2.550000e+00
         vertex 1.867176e+01 2.600520e+00 7.550000e+00
         vertex 1.867176e+01 2.600520e+00 2.550000e+00
      endloop
   endfacet
   facet normal -2.588191e-01 -9.659258e-01 0.000000e+00
      outer loop
         vertex 1.867176e+01 2.600520e+00 2.550000e+00
         vertex 1.867176e+01 2.600520e+00 7.550000e+00
         vertex 1.846130e+01 2.656914e+00 7.550000e+00
      endloop
   endfacet
   facet normal -2.588191e-01 -9.659258e-01 0.000000e+00
      outer loop
         vertex 1.867176e+01 2.600520e+00 2.550000e+00
         vertex 1.846130e+01 2.656914e+00 7.550000e+00
         vertex 1.846130e+01 2.656914e+00 2.550000e+00
      endloop
   endfacet
   facet normal -4.226183e-01 -9.063077e-01 0.000000e+00
      outer loop
         vertex 1.846130e+01 2.656914e+00 2.550000e+00
         vertex 1.846130e+01 2.656914e+00 7.550000e+00
         vertex 1.826382e+01 2.748998e+00 7.550000e+00
      endloop
   endfacet
   facet normal -4.226183e-01 -9.063077e-01 0.000000e+00
      outer loop
         vertex 1.846130e+01 2.656914e+00 2.550000e+00
         vertex 1.826382e+01 2.748998e+00 7.550000e+00
         vertex 1.826382e+01 2.748998e+00 2.550000e+00
      endloop
   endfacet
   facet normal -5.735770e-01 -8.191516e-01 0.000000e+00
      outer loop
         vertex 1.826382e+01 2.748998e+00 2.550000e+00
         vertex 1.826382e+01 2.748998e+00 7.550000e+00
         vertex 1.808534e+01 2.873974e+00 7.550000e+00
      endloop
   endfacet
   facet normal -5.735770e-01 -8.191516e-01 0.000000e+00
      outer loop
         vertex 1.826382e+01 2.748998e+00 2.550000e+00
         vertex 1.808534e+01 2.873974e+00 7.550000e+00
         vertex 1.808534e+01 2.873974e+00 2.550000e+00
      endloop
   endfacet
   facet normal -7.071078e-01 -7.071057e-01 0.000000e+00
      outer loop
         vertex 1.808534e+01 2.873974e+00 2.550000e+00
         vertex 1.808534e+01 2.873974e+00 7.550000e+00
         vertex 1.793127e+01 3.028045e+00 7.550000e+00
      endloop
   endfacet
   facet normal -7.071078e-01 -7.071057e-01 0.000000e+00
      outer loop
         vertex 1.808534e+01 2.873974e+00 2.550000e+00
         vertex 1.793127e+01 3.028045e+00 7.550000e+00
         vertex 1.793127e+01 3.028045e+00 2.550000e+00
      endloop
   endfacet
   facet normal -8.191524e-01 -5.735759e-01 0.000000e+00
      outer loop
         vertex 1.793127e+01 3.028045e+00 2.550000e+00
         vertex 1.793127e+01 3.028045e+00 7.550000e+00
         vertex 1.780629e+01 3.206530e+00 7.550000e+00
      endloop
   endfacet
   facet normal -8.191524e-01 -5.735759e-01 0.000000e+00
      outer loop
         vertex 1.793127e+01 3.028045e+00 2.550000e+00
         vertex 1.780629e+01 3.206530e+00 7.550000e+00
         vertex 1.780629e+01 3.206530e+00 2.550000e+00
      endloop
   endfacet
   facet normal -9.063053e-01 -4.226237e-01 0.000000e+00
      outer loop
         vertex 1.780629e+01 3.206530e+00 2.550000e+00
         vertex 1.780629e+01 3.206530e+00 7.550000e+00
         vertex 1.771421e+01 3.404005e+00 7.550000e+00
      endloop
   endfacet
   facet normal -9.063053e-01 -4.226237e-01 0.000000e+00
      outer loop
         vertex 1.780629e+01 3.206530e+00 2.550000e+00
         vertex 1.771421e+01 3.404005e+00 7.550000e+00
         vertex 1.771421e+01 3.404005e+00 2.550000e+00
      endloop
   endfacet
   facet normal -9.659264e-01 -2.588170e-01 0.000000e+00
      outer loop
         vertex 1.771421e+01 3.404005e+00 2.550000e+00
         vertex 1.771421e+01 3.404005e+00 7.550000e+00
         vertex 1.765781e+01 3.614470e+00 7.550000e+00
      endloop
   endfacet
   facet normal -9.659264e-01 -2.588170e-01 0.000000e+00
      outer loop
         vertex 1.771421e+01 3.404005e+00 2.550000e+00
         vertex 1.765781e+01 3.614470e+00 7.550000e+00
         vertex 1.765781e+01 3.614470e+00 2.550000e+00
      endloop
   endfacet
   facet normal -9.961950e-01 -8.715282e-02 0.000000e+00
      outer loop
         vertex 1.765781e+01 3.614470e+00 2.550000e+00
         vertex 1.765781e+01 3.614470e+00 7.550000e+00
         vertex 1.763882e+01 3.831530e+00 7.550000e+00
      endloop
   endfacet
   facet normal -9.961950e-01 -8.715282e-02 0.000000e+00
      outer loop
         vertex 1.765781e+01 3.614470e+00 2.550000e+00
         vertex 1.763882e+01 3.831530e+00 7.550000e+00
         vertex 1.763882e+01 3.831530e+00 2.550000e+00
      endloop
   endfacet
   facet normal -9.961950e-01 8.715282e-02 0.000000e+00
      outer loop
         vertex 1.763882e+01 3.831530e+00 2.550000e+00
         vertex 1.763882e+01 3.831530e+00 7.550000e+00
         vertex 1.765781e+01 4.048590e+00 7.550000e+00
      endloop
   endfacet
   facet normal -9.961946e-01 8.715706e-02 0.000000e+00
      outer loop
         vertex 4.763882e+01 3.831530e+00 2.550000e+00
         vertex 4.765781e+01 4.048590e+00 7.550000e+00
         vertex 4.765781e+01 4.048590e+00 2.550000e+00
      endloop
   endfacet
   facet normal -9.659264e-01 2.588170e-01 0.000000e+00
      outer loop
         vertex 4.765781e+01 4.048590e+00 2.550000e+00
         vertex 4.765781e+01 4.048590e+00 7.550000e+00
         vertex 4.771421e+01 4.259055e+00 7.550000e+00
      endloop
   endfacet
   facet normal -9.659264e-01 2.588170e-01 0.000000e+00
      outer loop
         vertex 4.765781e+01 4.048590e+00 2.550000e+00
         vertex 4.771421e+01 4.259055e+00 7.550000e+00
         vertex 4.771421e+01 4.259055e+00 2.550000e+00
      endloop
   endfacet
   facet normal -9.063069e-01 4.226201e-01 0.000000e+00
      outer loop
         vertex 4.771421e+01 4.259055e+00 2.550000e+00
         vertex 4.771421e+01 4.259055e+00 7.550000e+00
         vertex 4.780629e+01 4.456530e+00 7.550000e+00
      endloop
   endfacet
   facet normal -9.063069e-01 4.226201e-01 0.000000e+00
      outer loop
         vertex 4.771421e+01 4.259055e+00 2.550000e+00
         vertex 4.780629e+01 4.456530e+00 7.550000e+00
         vertex 4.780629e+01 4.456530e+00 2.550000e+00
      endloop
   endfacet
   facet normal -8.191524e-01 5.735759e-01 0.000000e+00
      outer loop
         vertex 4.780629e+01 4.456530e+00 2.550000e+00
         vertex 4.780629e+01 4.456530e+00 7.550000e+00
         vertex 4.793127e+01 4.635014e+00 7.550000e+00
      endloop
   endfacet
   facet normal -8.191524e-01 5.735759e-01 0.000000e+00
      outer loop
         vertex 4.780629e+01 4.456530e+00 2.550000e+00
         vertex 4.793127e+01 4.635014e+00 7.550000e+00
         vertex 4.793127e+01 4.635014e+00 2.550000e+00
      endloop
   endfacet
   facet normal -7.071078e-01 7.071057e-01 0.000000e+00
      outer loop
         vertex 4.793127e+01 4.635014e+00 2.550000e+00
         vertex 4.793127e+01 4.635014e+00 7.550000e+00
         vertex 4.808534e+01 4.789085e+00 7.550000e+00
      endloop
   endfacet
   facet normal -7.071078e-01 7.071057e-01 0.000000e+00
      outer loop
         vertex 4.793127e+01 4.635014e+00 2.550000e+00
         vertex 4.808534e+01 4.789085e+00 7.550000e+00
         vertex 4.808534e+01 4.789085e+00 2.550000e+00
      endloop
   endfacet
   facet normal -5.735750e-01 8.191530e-01 0.000000e+00
      outer loop
         vertex 4.808534e+01 4.789085e+00 2.550000e+00
         vertex 4.808534e+01 4.789085e+00 7.550000e+00
         vertex 4.826382e+01 4.914062e+00 7.550000e+00
      endloop
   endfacet
   facet normal -5.735750e-01 8.191530e-01 0.000000e+00
      outer loop
         vertex 4.808534e+01 4.789085e+00 2.550000e+00
         vertex 4.826382e+01 4.914062e+00 7.550000e+00
         vertex 4.826382e+01 4.914062e+00 2.550000e+00
      endloop
   endfacet
   facet normal -4.226183e-01 9.063077e-01 0.000000e+00
      outer loop
         vertex 4.826382e+01 4.914062e+00 2.550000e+00
         vertex 4.826382e+01 4.914062e+00 7.550000e+00
         vertex 4.846130e+01 5.006146e+00 7.550000e+00
      endloop
   endfacet
   facet normal -4.226183e-01 9.063077e-01 0.000000e+00
      outer loop
         vertex 4.826382e+01 4.914062e+00 2.550000e+00
         vertex 4.846130e+01 5.006146e+00 7.550000e+00
         vertex 4.846130e+01 5.006146e+00 2.550000e+00
      endloop
   endfacet
   facet normal -2.588191e-01 9.659258e-01 0.000000e+00
      outer loop
         vertex 4.846130e+01 5.006146e+00 2.550000e+00
         vertex 4.846130e+01 5.006146e+00 7.550000e+00
         vertex 4.867176e+01 5.062539e+00 7.550000e+00
      endloop
   endfacet
   facet normal -2.588191e-01 9.659258e-01 0.000000e+00
      outer loop
         vertex 4.846130e+01 5.006146e+00 2.550000e+00
         vertex 4.867176e+01 5.062539e+00 7.550000e+00
         vertex 4.867176e+01 5.062539e+00 2.550000e+00
      endloop
   endfacet
   facet normal -8.715571e-02 9.961947e-01 0.000000e+00
      outer loop
         vertex 4.867176e+01 5.062539e+00 2.550000e+00
         vertex 4.867176e+01 5.062539e+00 7.550000e+00
         vertex 4.888882e+01 5.081530e+00 7.550000e+00
      endloop
   endfacet
   facet normal -8.715571e-02 9.961947e-01 0.000000e+00
      outer loop
         vertex 4.867176e+01 5.062539e+00 2.550000e+00
         vertex 4.888882e+01 5.081530e+00 7.550000e+00
         vertex 4.888882e+01 5.081530e+00 2.550000e+00
      endloop
   endfacet
   facet normal 8.715534e-02 9.961947e-01 -0.000000e+00
      outer loop
         vertex 4.888882e+01 5.081530e+00 2.550000e+00
         vertex 4.888882e+01 5.081530e+00 7.550000e+00
         vertex 4.910588e+01 5.062539e+00 7.550000e+00
      endloop
   endfacet
   facet normal 8.715534e-02 9.961947e-01 0.000000e+00
      outer loop
         vertex 4.888882e+01 5.081530e+00 2.550000e+00
         vertex 4.910588e+01 5.062539e+00 7.550000e+00
         vertex 4.910588e+01 5.062539e+00 2.550000e+00
      endloop
   endfacet
   facet normal 2.588191e-01 9.659258e-01 -0.000000e+00
      outer loop
         vertex 4.910588e+01 5.062539e+00 2.550000e+00
         vertex 4.910588e+01 5.062539e+00 7.550000e+00
         vertex 4.931635e+01 5.006146e+00 7.550000e+00
      endloop
   endfacet
   facet normal 2.588191e-01 9.659258e-01 0.000000e+00
      outer loop
         vertex 4.910588e+01 5.062539e+00 2.550000e+00
         vertex 4.931635e+01 5.006146e+00 7.550000e+00
         vertex 4.931635e+01 5.006146e+00 2.550000e+00
      endloop
   endfacet
   facet normal 4.226183e-01 9.063077e-01 -0.000000e+00
      outer loop
         vertex 4.931635e+01 5.006146e+00 2.550000e+00
         vertex 4.931635e+01 5.006146e+00 7.550000e+00
         vertex 4.951382e+01 4.914062e+00 7.550000e+00
      endloop
   endfacet
   facet normal 4.226183e-01 9.063077e-01 0.000000e+00
      outer loop
         vertex 4.931635e+01 5.006146e+00 2.550000e+00
         vertex 4.951382e+01 4.914062e+00 7.550000e+00
         vertex 4.951382e+01 4.914062e+00 2.550000e+00
      endloop
   endfacet
   facet normal 5.735770e-01 8.191516e-01 -0.000000e+00
      outer loop
         vertex 4.951382e+01 4.914062e+00 2.550000e+00
         vertex 4.951382e+01 4.914062e+00 7.550000e+00
         vertex 4.969231e+01 4.789085e+00 7.550000e+00
      endloop
   endfacet
   facet normal 5.735770e-01 8.191516e-01 0.000000e+00
      outer loop
         vertex 4.951382e+01 4.914062e+00 2.550000e+00
         vertex 4.969231e+01 4.789085e+00 7.550000e+00
         vertex 4.969231e+01 4.789085e+00 2.550000e+00
      endloop
   endfacet
   facet normal 7.071078e-01 7.071057e-01 -0.000000e+00
      outer loop
         vertex 4.969231e+01 4.789085e+00 2.550000e+00
         vertex 4.969231e+01 4.789085e+00 7.550000e+00
         vertex 4.984638e+01 4.635014e+00 7.550000e+00
      endloop
   endfacet
   facet normal 7.071078e-01 7.071057e-01 0.000000e+00
      outer loop
         vertex 4.969231e+01 4.789085e+00 2.550000e+00
         vertex 4.984638e+01 4.635014e+00 7.550000e+00
         vertex 4.984638e+01 4.635014e+00 2.550000e+00
      endloop
   endfacet
   facet normal 8.191524e-01 5.735759e-01 -0.000000e+00
      outer loop
         vertex 4.984638e+01 4.635014e+00 2.550000e+00
         vertex 4.984638e+01 4.635014e+00 7.550000e+00
         vertex 4.997136e+01 4.456530e+00 7.550000e+00
      endloop
   endfacet
   facet normal 8.191524e-01 5.735759e-01 0.000000e+00
      outer loop
         vertex 4.984638e+01 4.635014e+00 2.550000e+00
         vertex 4.997136e+01 4.456530e+00 7.550000e+00
         vertex 4.997136e+01 4.456530e+00 2.550000e+00
      endloop
   endfacet
   facet normal 9.063053e-01 4.226237e-01 -0.000000e+00
      outer loop
         vertex 4.997136e+01 4.456530e+00 2.550000e+00
         vertex 4.997136e+01 4.456530e+00 7.550000e+00
         vertex 5.006344e+01 4.259055e+00 7.550000e+00
      endloop
   endfacet
   facet normal 9.063053e-01 4.226237e-01 0.000000e+00
      outer loop
         vertex 4.997136e+01 4.456530e+00 2.550000e+00
         vertex 5.006344e+01 4.259055e+00 7.550000e+00
         vertex 5.006344e+01 4.259055e+00 2.550000e+00
      endloop
   endfacet
   facet normal 9.659264e-01 2.588170e-01 -0.000000e+00
      outer loop
         vertex 5.006344e+01 4.259055e+00 2.550000e+00
         vertex 5.006344e+01 4.259055e+00 7.550000e+00
         vertex 5.011983e+01 4.048590e+00 7.550000e+00
      endloop
   endfacet
   facet normal 9.659264e-01 2.588170e-01 0.000000e+00
      outer loop
         vertex 5.006344e+01 4.259055e+00 2.550000e+00
         vertex 5.011983e+01 4.048590e+00 7.550000e+00
         vertex 5.011983e+01 4.048590e+00 2.550000e+00
      endloop
   endfacet
   facet normal 9.961950e-01 8.715282e-02 -0.000000e+00
      outer loop
         vertex 5.011983e+01 4.048590e+00 2.550000e+00
         vertex 5.011983e+01 4.048590e+00 7.550000e+00
         vertex 5.013882e+01 3.831530e+00 7.550000e+00
      endloop
   endfacet
   facet normal 9.961950e-01 8.715282e-02 0.000000e+00
      outer loop
         vertex 5.011983e+01 4.048590e+00 2.550000e+00
         vertex 5.013882e+01 3.831530e+00 7.550000e+00
         vertex 5.013882e+01 3.831530e+00 2.550000e+00
      endloop
   endfacet
   facet normal 9.961950e-01 -8.715282e-02 0.000000e+00
      outer loop
         vertex 5.013882e+01 3.831530e+00 2.550000e+00
         vertex 5.013882e+01 3.831530e+00 7.550000e+00
         vertex 5.011983e+01 3.614470e+00 7.550000e+00
      endloop
   endfacet
   facet normal 9.961950e-01 -8.715282e-02 0.000000e+00
      outer loop
         vertex 5.013882e+01 3.831530e+00 2.550000e+00
         vertex 5.011983e+01 3.614470e+00 7.550000e+00
         vertex 5.011983e+01 3.614470e+00 2.550000e+00
      endloop
   endfacet
   facet normal 9.659264e-01 -2.588170e-01 0.000000e+00
      outer loop
         vertex 5.011983e+01 3.614470e+00 2.550000e+00
         vertex 5.011983e+01 3.614470e+00 7.550000e+00
         vertex 5.006344e+01 3.404005e+00 7.550000e+00
      endloop
   endfacet
   facet normal 9.659264e-01 -2.588170e-01 0.000000e+00
      outer loop
         vertex 5.011983e+01 3.614470e+00 2.550000e+00
         vertex 5.006344e+01 3.404005e+00 7.550000e+00
         vertex 5.006344e+01 3.404005e+00 2.550000e+00
      endloop
   endfacet
   facet normal 9.063053e-01 -4.226237e-01 0.000000e+00
      outer loop
         vertex 5.006344e+01 3.404005e+00 2.550000e+00
         vertex 5.006344e+01 3.404005e+00 7.550000e+00
         vertex 4.997136e+01 3.206530e+00 7.550000e+00
      endloop
   endfacet
   facet normal 9.063053e-01 -4.226237e-01 0.000000e+00
      outer loop
         vertex 5.006344e+01 3.404005e+00 2.550000e+00
         vertex 4.997136e+01 3.206530e+00 7.550000e+00
         vertex 4.997136e+01 3.206530e+00 2.550000e+00
      endloop
   endfacet
   facet normal 8.191524e-01 -5.735759e-01 0.000000e+00
      outer loop
         vertex 4.997136e+01 3.206530e+00 2.550000e+00
         vertex 4.997136e+01 3.206530e+00 7.550000e+00
         vertex 4.984638e+01 3.028045e+00 7.550000e+00
      endloop
   endfacet
   facet normal 8.191524e-01 -5.735759e-01 0.000000e+00
      outer loop
         vertex 4.997136e+01 3.206530e+00 2.550000e+00
         vertex 4.984638e+01 3.028045e+00 7.550000e+00
         vertex 4.984638e+01 3.028045e+00 2.550000e+00
      endloop
   endfacet
   facet normal 7.071078e-01 -7.071057e-01 0.000000e+00
      outer loop
         vertex 4.984638e+01 3.028045e+00 2.550000e+00
         vertex 4.984638e+01 3.028045e+00 7.550000e+00
         vertex 4.969231e+01 2.873974e+00 7.550000e+00
      endloop
   endfacet
   facet normal 7.071078e-01 -7.071057e-01 0.000000e+00
      outer loop
         vertex 4.984638e+01 3.028045e+00 2.550000e+00
         vertex 4.969231e+01 2.873974e+00 7.550000e+00
         vertex 4.969231e+01 2.873974e+00 2.550000e+00
      endloop
   endfacet
   facet normal 5.735770e-01 -8.191516e-01 0.000000e+00
      outer loop
         vertex 4.969231e+01 2.873974e+00 2.550000e+00
         vertex 4.969231e+01 2.873974e+00 7.550000e+00
         vertex 4.951382e+01 2.748998e+00 7.550000e+00
      endloop
   endfacet
   facet normal 5.735770e-01 -8.191516e-01 0.000000e+00
      outer loop
         vertex 4.969231e+01 2.873974e+00 2.550000e+00
         vertex 4.951382e+01 2.748998e+00 7.550000e+00
         vertex 4.951382e+01 2.748998e+00 2.550000e+00
      endloop
   endfacet
   facet normal 4.226183e-01 -9.063077e-01 0.000000e+00
      outer loop
         vertex 4.951382e+01 2.748998e+00 2.550000e+00
         vertex 4.951382e+01 2.748998e+00 7.550000e+00
         vertex 4.931635e+01 2.656914e+00 7.550000e+00
      endloop
   endfacet
   facet normal 4.226183e-01 -9.063077e-01 0.000000e+00
      outer loop
         vertex 4.951382e+01 2.748998e+00 2.550000e+00
         vertex 4.931635e+01 2.656914e+00 7.550000e+00
         vertex 4.931635e+01 2.656914e+00 2.550000e+00
      endloop
   endfacet
   facet normal 2.588191e-01 -9.659258e-01 0.000000e+00
      outer loop
         vertex 4.931635e+01 2.656914e+00 2.550000e+00
         vertex 4.931635e+01 2.656914e+00 7.550000e+00
         vertex 4.910588e+01 2.600520e+00 7.550000e+00
      endloop
   endfacet
   facet normal 2.588191e-01 -9.659258e-01 0.000000e+00
      outer loop
         vertex 4.931635e+01 2.656914e+00 2.550000e+00
         vertex 4.910588e+01 2.600520e+00 7.550000e+00
         vertex 4.910588e+01 2.600520e+00 2.550000e+00
      endloop
   endfacet
   facet normal 8.715534e-02 -9.961947e-01 0.000000e+00
      outer loop
         vertex 4.910588e+01 2.600520e+00 2.550000e+00
         vertex 4.910588e+01 2.600520e+00 7.550000e+00
         vertex 4.888882e+01 2.581530e+00 7.550000e+00
      endloop
   endfacet
   facet normal 8.715534e-02 -9.961947e-01 0.000000e+00
      outer loop
         vertex 4.910588e+01 2.600520e+00 2.550000e+00
         vertex 4.888882e+01 2.581530e+00 7.550000e+00
         vertex 4.888882e+01 2.581530e+00 2.550000e+00
      endloop
   endfacet
   facet normal -8.715571e-02 -9.961947e-01 0.000000e+00
      outer loop
         vertex 4.888882e+01 2.581530e+00 2.550000e+00
         vertex 4.888882e+01 2.581530e+00 7.550000e+00
         vertex 4.867176e+01 2.600520e+00 7.550000e+00
      endloop
   endfacet
   facet normal -8.715571e-02 -9.961947e-01 0.000000e+00
      outer loop
         vertex 4.888882e+01 2.581530e+00 2.550000e+00
         vertex 4.867176e+01 2.600520e+00 7.550000e+00
         vertex 4.867176e+01 2.600520e+00 2.550000e+00
      endloop
   endfacet
   facet normal -2.588191e-01 -9.659258e-01 0.000000e+00
      outer loop
         vertex 4.867176e+01 2.600520e+00 2.550000e+00
         vertex 4.867176e+01 2.600520e+00 7.550000e+00
         vertex 4.846130e+01 2.656914e+00 7.550000e+00
      endloop
   endfacet
   facet normal -2.588191e-01 -9.659258e-01 0.000000e+00
      outer loop
         vertex 4.867176e+01 2.600520e+00 2.550000e+00
         vertex 4.846130e+01 2.656914e+00 7.550000e+00
         vertex 4.846130e+01 2.656914e+00 2.550000e+00
      endloop
   endfacet
   facet normal -4.226183e-01 -9.063077e-01 0.000000e+00
      outer loop
         vertex 4.846130e+01 2.656914e+00 2.550000e+00
         vertex 4.846130e+01 2.656914e+00 7.550000e+00
         vertex 4.826382e+01 2.748998e+00 7.550000e+00
      endloop
   endfacet
   facet normal -4.226183e-01 -9.063077e-01 0.000000e+00
      outer loop
         vertex 4.846130e+01 2.656914e+00 2.550000e+00
         vertex 4.826382e+01 2.748998e+00 7.550000e+00
         vertex 4.826382e+01 2.748998e+00 2.550000e+00
      endloop
   endfacet
   facet normal -5.735750e-01 -8.191530e-01 0.000000e+00
      outer loop
         vertex 4.826382e+01 2.748998e+00 2.550000e+00
         vertex 4.826382e+01 2.748998e+00 7.550000e+00
         vertex 4.808534e+01 2.873974e+00 7.550000e+00
      endloop
   endfacet
   facet normal -5.735750e-01 -8.191530e-01 0.000000e+00
      outer loop
         vertex 4.826382e+01 2.748998e+00 2.550000e+00
         vertex 4.808534e+01 2.873974e+00 7.550000e+00
         vertex 4.808534e+01 2.873974e+00 2.550000e+00
      endloop
   endfacet
   facet normal -7.071078e-01 -7.071057e-01 0.000000e+00
      outer loop
         vertex 4.808534e+01 2.873974e+00 2.550000e+00
         vertex 4.808534e+01 2.873974e+00 7.550000e+00
         vertex 4.793127e+01 3.028045e+00 7.550000e+00
      endloop
   endfacet
   facet normal -7.071078e-01 -7.071057e-01 0.000000e+00
      outer loop
         vertex 4.808534e+01 2.873974e+00 2.550000e+00
         vertex 4.793127e+01 3.028045e+00 7.550000e+00
         vertex 4.793127e+01 3.028045e+00 2.550000e+00
      endloop
   endfacet
   facet normal -8.191524e-01 -5.735759e-01 0.000000e+00
      outer loop
         vertex 4.793127e+01 3.028045e+00 2.550000e+00
         vertex 4.793127e+01 3.028045e+00 7.550000e+00
         vertex 4.780629e+01 3.206530e+00 7.550000e+00
      endloop
   endfacet
   facet normal -8.191524e-01 -5.735759e-01 0.000000e+00
      outer loop
         vertex 4.793127e+01 3.028045e+00 2.550000e+00
         vertex 4.780629e+01 3.206530e+00 7.550000e+00
         vertex 4.780629e+01 3.206530e+00 2.550000e+00
      endloop
   endfacet
   facet normal -9.063069e-01 -4.226201e-01 0.000000e+00
      outer loop
         vertex 4.780629e+01 3.206530e+00 2.550000e+00
         vertex 4.780629e+01 3.206530e+00 7.550000e+00
         vertex 4.771421e+01 3.404005e+00 7.550000e+00
      endloop
   endfacet
   facet normal -9.063069e-01 -4.226201e-01 0.000000e+00
      outer loop
         vertex 4.780629e+01 3.206530e+00 2.550000e+00
         vertex 4.771421e+01 3.404005e+00 7.550000e+00
         vertex 4.771421e+01 3.404005e+00 2.550000e+00
      endloop
   endfacet
   facet normal -9.659264e-01 -2.588170e-01 0.000000e+00
      outer loop
         vertex 4.771421e+01 3.404005e+00 2.550000e+00
         vertex 4.771421e+01 3.404005e+00 7.550000e+00
         vertex 4.765781e+01 3.614470e+00 7.550000e+00
      endloop
   endfacet
   facet normal -9.659264e-01 -2.588170e-01 0.000000e+00
      outer loop
         vertex 4.771421e+01 3.404005e+00 2.550000e+00
         vertex 4.765781e+01 3.614470e+00 7.550000e+00
         vertex 4.765781e+01 3.614470e+00 2.550000e+00
      endloop
   endfacet
   facet normal -9.961946e-01 -8.715706e-02 0.000000e+00
      outer loop
         vertex 4.765781e+01 3.614470e+00 2.550000e+00
         vertex 4.765781e+01 3.614470e+00 7.550000e+00
         vertex 4.763882e+01 3.831530e+00 7.550000e+00
      endloop
   endfacet
   facet normal -9.961946e-01 -8.715706e-02 0.000000e+00
      outer loop
         vertex 4.765781e+01 3.614470e+00 2.550000e+00
         vertex 4.763882e+01 3.831530e+00 7.550000e+00
         vertex 4.763882e+01 3.831530e+00 2.550000e+00
      endloop
   endfacet
   facet normal -9.961946e-01 8.715706e-02 0.000000e+00
      outer loop
         vertex 4.763882e+01 3.831530e+00 2.550000e+00
         vertex 4.763882e+01 3.831530e+00 7.550000e+00
         vertex 4.765781e+01 4.048590e+00 7.550000e+00
      endloop
   endfacet
endsolid print1 - CONT-1